


 *****************************************************************************
 *                                                                           *
 *                        FULL EQUATIONS FLOW ROUTING                        *
 *                                                                           *
 *                                                                           *
 *****************************************************************************

 Version: 9.98 21 April 2003    
 
 WARNING: This program is large and complex.  User is totally responsible for
 any consequences resulting from application of this program.  Read 
 disclaimer in the source code.  This program is not to be sold in any form.
 

 Master-input file name: ..\data\feqex2                                                  
 Master-output file name: feqex2.out                                                      

 The size limits set for this program are:
 Number of branches: 2200
 Number of exterior nodes: 8400
 Number of nodes on branches: 8400
 Number of operation blocks:  100
 Function table number:10002
 Length of the function table: 8000000
 Number of point flows:   10
 Length of Network-Matrix Control: 200000
 Number of rows in array of partial deriv.:24800
 Length of array of partial deriv. :1488000
 Number of matrix blocks: 4401
 Number of land uses for trib. area:   64
 Number of inflow time-series files:   60
 Number of outflow time-series files:   80
 Number of special outputs:   40
 Number of input time-series :   80
 Number of input time-series references=  160
 
 Unsteady Flow --Example 2                                                                                               
 THREE BRANCH SYSTEM                                                                                                     
 July 14, 1994                                                                                                           
 Version:   9.98 Version date: 21 April 2003              Date/time of run: 2005/05/31: 15.46.26.170                    

 Report on executable:
      Operating system is: MS Windows                              
      Compiler used was: Lahey F90-V 4.5i                        
      Solution precision: Single                                  
      Prefetch option used was: No prefetch. For Pentium II and greater and clones.         
 
RUN CONTROL BLOCK                                                                                                       

 Processing:NBRA=00003

 Processing:NEX=00006

 Processing:SOPER=NO

 Processing:POINT=NO

 Processing:DIFFUS=NO

 Processing:WIND=NO

 Processing:UNDERFLOW=NO

 Processing:ZL=0.0

 Processing:STIME=1990/01/01:0.00

 Processing:ETIME=1990/01/01:24.0

 Processing:GRAV=32.2

 Processing:NODEID=YES

 Processing:SSEPS=0.1

 Processing:PAGE=   22

 Processing:EPSSYS= 0.010

 Processing:ABSTOL= 0.010

 Processing:MKNT=    5

 Processing:NUMGT=    1

 Processing:PRTINT=    1

 Processing:GEQOPT=STDX

 Processing:EPSB=0.000005

 Processing:MAXIT=   30

 Processing:SFAC=5280.

 Processing:QSMALL=     1.000

 Processing:IFRZ=    1  1800.0

 Processing:MAXDT=   450.0  MINDT=     1.0  AUTO= 0.70  SITER=  2.8  HIGH= 3.20  LOW= 3.00  HFAC= 2.00  LFAC= 0.50

 Processing:MRE=    0.20

 Processing:FAC=    0.50

 Processing:DWT=0.1

 Processing:BWT=0.55

 Processing:CHKGEO=NO

 Processing:ISTYLE=NEW

 Processing:EXTTOL= 0.0

 Processing:SQREPS=1.E30

 Processing:BRANCH DESCRIPTION TABLES

 Run Control Block Summary

 NBRA is no longer used on input (since version 9.93).
  FEQ counts the number of branches and ignores any value of NBRA that you give.

 NEX is no longer used on input (since version 9.93).
  FEQ counts the number of exterior nodes and ignores any value of NEX that you give.

 Special operation block option = NO  

 Diffuse flow option = NO   MinPrt=0

 Wind loading option = NO  

 Zero inertia limit =       0.00 feet

 Start time =  1990/ 1/ 1: 0.000000000

 End time =  1990/ 1/ 1:24.000000000

 Gravity =      32.20

 Node id string present? YES 

 Convergence limit(surcharge storage)  =  1.000E-01

 Page=    22

 Convergence limits(system solution):
           Primary =  1.000E-02
           Secondary = 2.000E-02
           Absolute =  0.010

 Maximum no. of iterations in system solution  =     5 Max. NUMGT=    1

 Print out option is: OUTPUT =     0

 Print out will be given every     1 time steps

 Standard governing equations selected. WX variable

 Convergence criterion for backwater =  5.000E-06

 Max.no. iterations for backwater analysis =    30

 Stationing factor =  5.28000E+03

 Tributary area unit factor= 1.00000E+00

 Q small for relative error =    1.00 Q chop for output=  1.00E-03

 Summary of Extremes is in pre-version 9.5 format.

 Script file for schematic is not created.

 FEO format is old.

 Minimum time step to force detailed output=     0.0 seconds.

 Number of time steps with frozen time=    1  Frozen time steps are:
   1800.

 Time-step control parameters:
 Maximum time step=      450. secs. Minimum time step=  1.0 secs.
 Weight factor for sum of iterations= 0.70
 Initial weighted sum of iteration count=  2.8
 High value for sum of iterations=  3.2
 Low value for sum of iterations=  3.0
 Factor to increase time step=  2.0
 Factor to decrease time step=  0.5

 Maximum allowed relative correction=   0.20 Extrapolation factor for initial estimate=   0.50

 WT increment/decrement =  0.100
 Base value for WT =       0.55

 Steady-flow result file name=                                                                

 Geometry will not be checked

 Input style is: NEW.

 Extrapolation tolerance=     0.000

 Squared residual tolerance=1.0000E+30

 Get initial conditions file name=
                                                                     

 Put initial conditions file name=
                                                                     

 BRANCH DESCRIPTION TABLES                                                       

 Processing:BNUM=    1

 BRANCH NUMBER=    1 INERTIA=  1.0 CFRATE=   0.0 WINDFAC= 1.00 ADDNOD=    0 GEQOPT=STDX 
   Node  Node Identifier  TabId   Station Elevation   KA   KD HL Id  AZM   CF    YCUT    STDFLD      KADJ Delta Stn
    100 UPSTREAM           5000    0.0000   101.000 0.00 0.00         0.  0.0     0.0      0.00     1.000          
    101                    5000    0.1000   100.900 0.00 0.00         0.  0.0     0.0      0.00     1.000    0.1000
    102                    5000    0.2000   100.800 0.00 0.00         0.  0.0     0.0      0.00     1.000    0.1000
    103                    5000    0.3000   100.700 0.00 0.00         0.  0.0     0.0      0.00     1.000    0.1000
    104                    5000    0.4000   100.600 0.00 0.00         0.  0.0     0.0      0.00     1.000    0.1000
    105                    5000    0.5000   100.500 0.00 0.00         0.  0.0     0.0      0.00     1.000    0.1000
    106                    5000    0.6000   100.400 0.00 0.00         0.  0.0     0.0      0.00     1.000    0.1000
    107                    5000    0.7000   100.300 0.00 0.00         0.  0.0     0.0      0.00     1.000    0.1000
    108                    5000    0.8000   100.200 0.00 0.00         0.  0.0     0.0      0.00     1.000    0.1000
    109                    5000    0.9000   100.100 0.00 0.00         0.  0.0     0.0      0.00     1.000    0.1000
    110 DNSTREAM           5000    1.0000   100.000 0.00 0.00         0.  0.0     0.0      0.00     1.000    0.1000

 Processing:BNUM=    2

 BRANCH NUMBER=    2 INERTIA=  1.0 CFRATE=   0.0 WINDFAC= 1.00 ADDNOD=    0 GEQOPT=STDX 
   Node  Node Identifier  TabId   Station Elevation   KA   KD HL Id  AZM   CF    YCUT    STDFLD      KADJ Delta Stn
    200 UPSTREAM           5000    0.0000   101.000 0.00 0.00         0.  0.0     0.0      0.00     1.000          
    201                    5000    0.1000   100.900 0.00 0.00         0.  0.0     0.0      0.00     1.000    0.1000
    202                    5000    0.2000   100.800 0.00 0.00         0.  0.0     0.0      0.00     1.000    0.1000
    203                    5000    0.3000   100.700 0.00 0.00         0.  0.0     0.0      0.00     1.000    0.1000
    204                    5000    0.4000   100.600 0.00 0.00         0.  0.0     0.0      0.00     1.000    0.1000
    205                    5000    0.5000   100.500 0.00 0.00         0.  0.0     0.0      0.00     1.000    0.1000
    206                    5000    0.6000   100.400 0.00 0.00         0.  0.0     0.0      0.00     1.000    0.1000
    207                    5000    0.7000   100.300 0.00 0.00         0.  0.0     0.0      0.00     1.000    0.1000
    208                    5000    0.8000   100.200 0.00 0.00         0.  0.0     0.0      0.00     1.000    0.1000
    209                    5000    0.9000   100.100 0.00 0.00         0.  0.0     0.0      0.00     1.000    0.1000
    210 DNSTREAM           5000    1.0000   100.000 0.00 0.00         0.  0.0     0.0      0.00     1.000    0.1000

 Processing:BNUM=    3

 BRANCH NUMBER=    3 INERTIA=  1.0 CFRATE=   0.0 WINDFAC= 1.00 ADDNOD=    0 GEQOPT=STDX 
   Node  Node Identifier  TabId   Station Elevation   KA   KD HL Id  AZM   CF    YCUT    STDFLD      KADJ Delta Stn
    300 UPSTREAM           4990    0.0000   100.000 0.00 0.00         0.  0.0     0.0      0.00     1.000          
    301                       -    0.1000   100.100 0.00 0.00         0.  0.0     0.0      0.00     1.000    0.1000
    302                       -    0.2000   100.200 0.00 0.00         0.  0.0     0.0      0.00     1.000    0.1000
    303                       -    0.3000   100.300 0.00 0.00         0.  0.0     0.0      0.00     1.000    0.1000
    304                       -    0.4000   100.400 0.00 0.00         0.  0.0     0.0      0.00     1.000    0.1000
    305                       -    0.5000   100.500 0.00 0.00         0.  0.0     0.0      0.00     1.000    0.1000
    306                       -    0.6000   100.600 0.00 0.00         0.  0.0     0.0      0.00     1.000    0.1000
    307                       -    0.7000   100.700 0.00 0.00         0.  0.0     0.0      0.00     1.000    0.1000
    308                       -    0.8000   100.800 0.00 0.00         0.  0.0     0.0      0.00     1.000    0.1000
    309                       -    0.9000   100.900 0.00 0.00         0.  0.0     0.0      0.00     1.000    0.1000
    310 DNSTREAM           5000    1.0000   101.000 0.00 0.00         0.  0.0     0.0      0.00     1.000    0.1000

 End of Branch-Description Block detected.
 Number of branches found=    3

 Length of all branch flow paths=     3.000

 NEW NETWORK-MATRIX CONTROL INPUT                                                
  CODE  N1  N2  N3  N4  N5  N6  N7  N8  N9  N10    F1     F2     F3     F4     F5

 Current instruction line:
     6    1   U1    1  100                                        '

 Code=    6 Input order#=    1
    Forced value at boundary: 
  Type= Flow   Ups node=U1    Dir=1     Time-series Id= 100               Flow=      0.00
     Factor= 1.00

 Current instruction line:
     1    1                                                       '

 Code=    1 Input order#=    2
    Branch=    1

 Current instruction line:
     1    2                                                       '

 Code=    1 Input order#=    3
    Branch=    2

 Current instruction line:
     6    1   U2    1  102                                        '

 Code=    6 Input order#=    4
    Forced value at boundary: 
  Type= Flow   Ups node=U2    Dir=1     Time-series Id= 102               Flow=      0.00
     Factor= 1.00

 Current instruction line:
     3   D1   U3                                                  '

 Code=    3 Input order#=    5
    Elevation equality between nodes    D1 and    U3

 Current instruction line:
     2    3   D1   D2   U3                                        '

 Code=    2 Input order#=    6
    The    3 nodes for sum of Q are:    D1    D2    U3

 Current instruction line:
     3   D2   U3                                                  '

 Code=    3 Input order#=    7
    Elevation equality between nodes    D2 and    U3

 Current instruction line:
     1    3                                                       '

 Code=    1 Input order#=    8
    Branch=    3

 Current instruction line:
     4    1   D3   -1   D3  110                          103.0   32.0     '

 Code=    4 Input order#=    9
    Type=    1 Ups node=   D3 Dir=   -1 Q node=   D3
    Weir coef. Tab Id=110              Weir elev.=   103.000 Weir length=      32.0

 Current instruction line:
    -1                                                            '

 Number of exterior nodes found=    6
 
  BNODE=     
 

 Number of elements in matrix.
 Bdy Node  Length
       U1     296
       U2     296
       D3     299

 Boundary node used=   U1


 Order of equations in Network Matrix.
 
 Equation Input Summary of Input
   Number  VarId Order
        1             1  Code=  6    U1                                                
       21    D1Q      2  Code=  1 Bra=    1                                            
       22    D1Y      5  Code=  3    D1    U3                                          
       23             6  Code=  2    D1    D2    U3                                    
       43    D3Q      8  Code=  1 Bra=    3                                            
       44    D3Y      9  Code=  4 Hd Node=   D3 Qnode=   D3                            
       45             7  Code=  3    D2    U3                                          
       65    U2Q      3  Code=  1 Bra=   -2                                            
       66    U2Y      4  Code=  6    U2                                                
 
 Number of elements in network matrix=     296

 SPECIAL OUTPUT LOCATIONS                                                        

 This version of FEQ no longer uses I/O unit numbers in its input.  Any you supply
 will be ignored.  You may give a file name which can begin after
 the = in the input. The file name may be blank.
 Special output file name= feqex2.wsq                                                      
 Brnch Node/Name------- Head1-- Head2-- Main-Chan-Tabid-
     0 D1                              
     0 D2                              
     0 U3                              

 INPUT FILE SPECIFICATION                                                        

  UNIT NAME                                                                      
    -1                                                                                                           

 OUTPUT FILE SPECIFICATION

  UNIT  BRA NODE ITEM TYPE NAME------------------------------------------------------------

 FUNCTION TABLES                                                                 

 Table Id= 100  Internal number=     3  Type=   -7
 Function scale fac=  1.00000E+00 Arg scale fac= 1.00000E+00 Arg shift= 0.00000E+00
 YEAR MN DY      HOUR DISCHARGE  INFLOW HYDROGRAPH AT UPSTREAM END               

 Table Id= 102  Internal number=     4  Type=   -7
 Function scale fac=  2.00000E+00 Arg scale fac= 1.00000E+00 Arg shift= 0.00000E+00
 YEAR MN DY      HOUR DISCHARGE  INFLOW HYDROGRAPH AT UPSTREAM END               

 Table Id= 110  Internal number=     5  Type=   -2
 Function scale fac=  1.00000E+00 Arg scale fac= 1.00000E+00 Arg shift= 0.00000E+00
       HEAD WEIR COEF                                                            

 Table Id= 4990  Internal number=     2  Type=  -21

 Table Id= 5000  Internal number=     1  Type=  -21

 True sizes:
 Number of branches:    3
 Number of exterior nodes:    6
 Number of nodes on branches:   33
 Number of operation blocks:    0
 Function table number:    5
 Length of the function table:    396
 Number of point flows:    0
 Length of Network-Matrix Control:     77
 Number of rows in array of partial deriv.:   66
 Length of array of partial deriv. :    296
 Number of matrix blocks:    7
 Number of land uses for trib. area:    0
 Number of inflow time-series files:    0
 Number of outflow time-series files:    0
 Number of special outputs:    3
 Number of input time-series :    2
 Number of input time-series references=    2

 Legend for balance checking output:
 S1 = initial volume in level-pool reservoirs and branches
 S2 = current volume in level-pool reservoirs and branches
 BNI = inflow for boundary nodes
 BNQ = outflow from boundary nodes
 TAQ = flow from tributary areas into level-pool reservoirs and branches
      excluding boundary nodes
 WSI = rainfall on water surfaces
 WSQ = evaporation from water surfaces
 TAQBN = flow from tributary areas into boundary nodes
 TAI = flow to tributary areas
 D1 = initial volume in detention-delay reservoirs
 D2 = current volume in detention-delay reservoirs
 

 Adjustment of table argument for Level-Pool Reservoirs
      Elevation transformed to maximum depth
 LPR Node TableId_________  Base Elev
 No level-pool reservoirs found to adjust.

     9 X-sections interpolated between  stations     0.000 and     1.000
      Max. depth =     25.000 NUMBER OF DEPTH VALUES =    34
      Start internal Tabid#=     1 End internal Tabid#=     9
      There are now     14 function tables and  7997579 locations left in FTAB.

 SRLIM= 1.00000E+30
 BACKWATER ANALYSIS                                                              

 BRANCH NUMBER =     1
 Discharge =      9.000

 BRANCH NUMBER =     2
 Discharge =     18.000

 BRANCH NUMBER =     3
 Discharge =     27.000

   BRA CODE ELEVATION EXN#                                                       
 3        3    103.10     

 CODE 4 Inversion Head Node=   D3
    IT        Depth     Residual   Derivative    Discharge
     0  2.10000E+00 -2.37619E+01  4.85722E+01  2.70000E+01
     1  2.58921E+00  1.93128E+01  1.17903E+02  2.70000E+01
     2  2.42540E+00  1.41202E+00  1.00183E+02  2.70000E+01
     3  2.41131E+00  1.17683E-02  9.85089E+01  2.70000E+01

 Backwater analysis for branch#    3
  STATION IT     YL      QL      AL     TL     DZ     DX     ELEV      RES  FR Tabid-----------
   1.0000  0 2.4113 27.0000    65.7   34.5  0.000    0.0  103.411  0.0E+00 0.0 5000            
   0.9000  3 2.5212 27.0000    76.4   38.6  0.100  528.0  103.421 -7.0E-03 0.0 Internal:     9 
   0.8000  3 2.6284 27.0000    88.0   42.9  0.100  528.0  103.428 -6.5E-03 0.0 Internal:     8 
   0.7000  3 2.7337 27.0000   100.2   47.3  0.100  528.0  103.434 -6.1E-03 0.0 Internal:     7 
   0.6000  3 2.8376 27.0000   113.3   51.8  0.100  528.0  103.438 -6.0E-03 0.0 Internal:     6 
   0.5000  3 2.9406 27.0000   127.1   56.5  0.100  528.0  103.441 -6.0E-03 0.0 Internal:     5 
   0.4000  3 3.0429 27.0000   141.8   61.2  0.100  528.0  103.443 -6.2E-03 0.0 Internal:     4 
   0.3000  3 3.1446 27.0000   157.3   66.1  0.100  528.0  103.445 -6.3E-03 0.0 Internal:     3 
   0.2000  3 3.2460 27.0000   173.8   71.1  0.100  528.0  103.446 -5.6E-03 0.0 Internal:     2 
   0.1000  3 3.3471 27.0000   191.0   76.2  0.100  528.0  103.447 -5.5E-03 0.0 Internal:     1 
   0.0000  3 3.4479 27.0000   209.2   81.4  0.100  528.0  103.448 -5.5E-03 0.0 4990            
 1        0      0.00   U3

 Backwater analysis for branch#    1
  STATION IT     YL      QL      AL     TL     DZ     DX     ELEV      RES  FR Tabid-----------
   1.0000  0 3.4479 9.00000   104.6   40.7  0.000    0.0  103.448  0.0E+00 0.0 5000            
   0.9000  3 3.3482 9.00000   100.6   40.1 -0.100  528.0  103.448 -2.3E-03 0.0 5000            
   0.8000  3 3.2486 9.00000    96.6   39.5 -0.100  528.0  103.449 -2.3E-03 0.0 5000            
   0.7000  3 3.1490 9.00000    92.7   38.9 -0.100  528.0  103.449 -2.2E-03 0.0 5000            
   0.6000  3 3.0495 9.00000    88.9   38.3 -0.100  528.0  103.450 -2.9E-03 0.0 5000            
   0.5000  3 2.9500 9.00000    85.1   37.7 -0.100  528.0  103.450 -2.5E-03 0.0 5000            
   0.4000  3 2.8506 9.00000    81.4   37.1 -0.100  528.0  103.451 -2.5E-03 0.0 5000            
   0.3000  3 2.7513 9.00000    77.7   36.5 -0.100  528.0  103.451 -2.6E-03 0.0 5000            
   0.2000  3 2.6521 9.00000    74.1   35.9 -0.100  528.0  103.452 -2.7E-03 0.0 5000            
   0.1000  3 2.5530 9.00000    70.6   35.3 -0.100  528.0  103.453 -3.0E-03 0.0 5000            
   0.0000  3 2.4540 9.00000    67.1   34.7 -0.100  528.0  103.454 -3.4E-03 0.0 5000            
 2        0      0.00   U3

 Backwater analysis for branch#    2
  STATION IT     YL      QL      AL     TL     DZ     DX     ELEV      RES  FR Tabid-----------
   1.0000  0 3.4479 18.0000   104.6   40.7  0.000    0.0  103.448  0.0E+00 0.0 5000            
   0.9000  3 3.3492 18.0000   100.6   40.1 -0.100  528.0  103.449 -1.8E-03 0.0 5000            
   0.8000  3 3.2507 18.0000    96.7   39.5 -0.100  528.0  103.451 -2.3E-03 0.0 5000            
   0.7000  3 3.1524 18.0000    92.9   38.9 -0.100  528.0  103.452 -2.7E-03 0.0 5000            
   0.6000  3 3.0543 18.0000    89.1   38.3 -0.100  528.0  103.454 -2.6E-03 0.0 5000            
   0.5000  3 2.9564 18.0000    85.3   37.7 -0.100  528.0  103.456 -2.2E-03 0.0 5000            
   0.4000  3 2.8587 18.0000    81.7   37.2 -0.100  528.0  103.459 -2.8E-03 0.0 5000            
   0.3000  3 2.7615 18.0000    78.1   36.6 -0.100  528.0  103.461 -2.9E-03 0.0 5000            
   0.2000  3 2.6645 18.0000    74.6   36.0 -0.100  528.0  103.465 -2.5E-03 0.0 5000            
   0.1000  3 2.5681 18.0000    71.1   35.4 -0.100  528.0  103.468 -2.7E-03 0.0 5000            
   0.0000  3 2.4721 18.0000    67.8   34.8 -0.100  528.0  103.472 -2.6E-03 0.0 5000            


 Initializing EqZ connections to free nodes on dummy branches

 PASS=    1

 EqZ connections to free nodes on dummy branches completed

 Starting final check for unknown free nodes on dummy branches.

 Final check for unknown free nodes on dummy branches completed.

 Starting final check of Network Matrix Instructions

 End of final check of Network Matrix Instructions

 Initialization time=      0.16 secs or     0.0027 mins

 IFRZ =     1

 SIMULATION ending at  1990/ 1/ 1: 0.0000000.  Time step=  1800.00 sec
 ITER RCORECT  BRA   NODE   MXRES  LOC  SUMSQR NUMGT
    1 3.5E-04    3    310 1.2E-02   44 6.4E-04     0
 CSUR= 0.0E+00 AT ND=   0:     0 RLTQ= 0.0E+00 AT ND=   0:     0 DT/ITER=     0.0

 RESULTS at time              0. JTIME =     47892.0000000000

 BRANCH NUMBER =     1
  Node  Node Identifier     Stat    Flow    Area   Vel  Depth    Elev     Top  Fr Lat Inf
   100 UPSTREAM           0.0000 9.000+0 6.714+1  0.13   2.45  103.45 3.473+1 0.0 0.000+0
   101                    0.1000 9.000+0 7.061+1  0.13   2.55  103.45 3.532+1 0.0 0.000+0
   102                    0.2000 9.001+0 7.414+1  0.12   2.65  103.45 3.591+1 0.0 0.000+0
   103                    0.3000 9.001+0 7.773+1  0.12   2.75  103.45 3.651+1 0.0 0.000+0
   104                    0.4000 9.002+0 8.139+1  0.11   2.85  103.45 3.711+1 0.0 0.000+0
   105                    0.5000 9.002+0 8.511+1  0.11   2.95  103.45 3.770+1 0.0 0.000+0
   106                    0.6000 9.002+0 8.889+1  0.10   3.05  103.45 3.830+1 0.0 0.000+0
   107                    0.7000 9.003+0 9.273+1  0.10   3.15  103.45 3.890+1 0.0 0.000+0
   108                    0.8000 9.003+0 9.663+1  0.09   3.25  103.45 3.949+1 0.0 0.000+0
   109                    0.9000 9.003+0 1.006+2  0.09   3.35  103.45 4.009+1 0.0 0.000+0
   110 DNSTREAM           1.0000 9.004+0 1.046+2  0.09   3.45  103.45 4.069+1 0.0 0.000+0

 BRANCH NUMBER =     2
  Node  Node Identifier     Stat    Flow    Area   Vel  Depth    Elev     Top  Fr Lat Inf
   200 UPSTREAM           0.0000 1.800+1 6.777+1  0.27   2.47  103.47 3.483+1 0.0 0.000+0
   201                    0.1000 1.800+1 7.114+1  0.25   2.57  103.47 3.541+1 0.0 0.000+0
   202                    0.2000 1.800+1 7.459+1  0.24   2.66  103.46 3.599+1 0.0 0.000+0
   203                    0.3000 1.800+1 7.810+1  0.23   2.76  103.46 3.657+1 0.0 0.000+0
   204                    0.4000 1.800+1 8.169+1  0.22   2.86  103.46 3.716+1 0.0 0.000+0
   205                    0.5000 1.800+1 8.535+1  0.21   2.96  103.46 3.774+1 0.0 0.000+0
   206                    0.6000 1.800+1 8.907+1  0.20   3.05  103.45 3.833+1 0.0 0.000+0
   207                    0.7000 1.800+1 9.286+1  0.19   3.15  103.45 3.892+1 0.0 0.000+0
   208                    0.8000 1.800+1 9.672+1  0.19   3.25  103.45 3.951+1 0.0 0.000+0
   209                    0.9000 1.800+1 1.006+2  0.18   3.35  103.45 4.010+1 0.0 0.000+0
   210 DNSTREAM           1.0000 1.800+1 1.046+2  0.17   3.45  103.45 4.069+1 0.0 0.000+0

 BRANCH NUMBER =     3
  Node  Node Identifier     Stat    Flow    Area   Vel  Depth    Elev     Top  Fr Lat Inf
   300 UPSTREAM           0.0000 2.701+1 2.092+2  0.13   3.45  103.45 8.137+1 0.0 0.000+0
   301                    0.1000 2.701+1 1.910+2  0.14   3.35  103.45 7.616+1 0.0 0.000+0
   302                    0.2000 2.701+1 1.738+2  0.16   3.25  103.45 7.106+1 0.0 0.000+0
   303                    0.3000 2.701+1 1.573+2  0.17   3.14  103.44 6.608+1 0.0 0.000+0
   304                    0.4000 2.701+1 1.418+2  0.19   3.04  103.44 6.121+1 0.0 0.000+0
   305                    0.5000 2.701+1 1.271+2  0.21   2.94  103.44 5.647+1 0.0 0.000+0
   306                    0.6000 2.701+1 1.133+2  0.24   2.84  103.44 5.184+1 0.0 0.000+0
   307                    0.7000 2.701+1 1.002+2  0.27   2.73  103.43 4.732+1 0.0 0.000+0
   308                    0.8000 2.701+1 8.795+1  0.31   2.63  103.43 4.293+1 0.0 0.000+0
   309                    0.9000 2.701+1 7.644+1  0.35   2.52  103.42 3.864+1 0.0 0.000+0
   310 DNSTREAM           1.0000 2.701+1 6.567+1  0.41   2.41  103.41 3.447+1 0.0 0.000+0

 EXTERIOR NODES
  Node  Node Identifier        QE1     YE1    Elev    Storage    Storage
    U1 UPSTREAM          9.000E+00   2.454 103.454
    D1 DNSTREAM          9.004E+00   3.448 103.448
    U2 UPSTREAM          1.800E+01   2.472 103.472
    D2 DNSTREAM          1.800E+01   3.448 103.448
    U3 UPSTREAM          2.701E+01   3.448 103.448
    D3 DNSTREAM          2.701E+01   2.411 103.411

 IFRZ =     0

 SIMULATION ending at  1990/ 1/ 1: 0.1250000.  Time step=   450.00 sec
 ITER RCORECT  BRA   NODE   MXRES  LOC  SUMSQR NUMGT
    1 3.0E-01    2    200 5.8E+00   66 4.1E+01    26
    2 5.4E-04    2    203 1.4E-01   65 3.1E-02     0
 CSUR= 0.0E+00 AT ND=   0:     0 RLTQ= 0.0E+00 AT ND=   0:     0 DT/ITER=   225.0

 RESULTS at time            450. JTIME =     47892.0052083333

 BRANCH NUMBER =     1
  Node  Node Identifier     Stat    Flow    Area   Vel  Depth    Elev     Top  Fr Lat Inf
   100 UPSTREAM           0.0000 1.188+1 6.752+1  0.18   2.46  103.46 3.479+1 0.0 0.000+0
   101                    0.1000 1.117+1 7.089+1  0.16   2.56  103.46 3.537+1 0.0 0.000+0
   102                    0.2000 1.065+1 7.435+1  0.14   2.66  103.46 3.595+1 0.0 0.000+0
   103                    0.3000 1.026+1 7.789+1  0.13   2.76  103.46 3.654+1 0.0 0.000+0
   104                    0.4000 9.966+0 8.151+1  0.12   2.85  103.45 3.713+1 0.0 0.000+0
   105                    0.5000 9.737+0 8.520+1  0.11   2.95  103.45 3.772+1 0.0 0.000+0
   106                    0.6000 9.559+0 8.896+1  0.11   3.05  103.45 3.831+1 0.0 0.000+0
   107                    0.7000 9.418+0 9.279+1  0.10   3.15  103.45 3.891+1 0.0 0.000+0
   108                    0.8000 9.302+0 9.668+1  0.10   3.25  103.45 3.950+1 0.0 0.000+0
   109                    0.9000 9.203+0 1.006+2  0.09   3.35  103.45 4.010+1 0.0 0.000+0
   110 DNSTREAM           1.0000 9.116+0 1.047+2  0.09   3.45  103.45 4.069+1 0.0 0.000+0

 BRANCH NUMBER =     2
  Node  Node Identifier     Stat    Flow    Area   Vel  Depth    Elev     Top  Fr Lat Inf
   200 UPSTREAM           0.0000 2.375+1 6.858+1  0.35   2.50  103.50 3.497+1 0.0 0.000+0
   201                    0.1000 2.227+1 7.172+1  0.31   2.58  103.48 3.551+1 0.0 0.000+0
   202                    0.2000 2.120+1 7.501+1  0.28   2.68  103.48 3.606+1 0.0 0.000+0
   203                    0.3000 2.042+1 7.841+1  0.26   2.77  103.47 3.662+1 0.0 0.000+0
   204                    0.4000 1.984+1 8.192+1  0.24   2.86  103.46 3.719+1 0.0 0.000+0
   205                    0.5000 1.942+1 8.552+1  0.23   2.96  103.46 3.777+1 0.0 0.000+0
   206                    0.6000 1.910+1 8.920+1  0.21   3.06  103.46 3.835+1 0.0 0.000+0
   207                    0.7000 1.886+1 9.296+1  0.20   3.15  103.45 3.893+1 0.0 0.000+0
   208                    0.8000 1.868+1 9.679+1  0.19   3.25  103.45 3.952+1 0.0 0.000+0
   209                    0.9000 1.854+1 1.007+2  0.18   3.35  103.45 4.010+1 0.0 0.000+0
   210 DNSTREAM           1.0000 1.844+1 1.047+2  0.18   3.45  103.45 4.069+1 0.0 0.000+0

 BRANCH NUMBER =     3
  Node  Node Identifier     Stat    Flow    Area   Vel  Depth    Elev     Top  Fr Lat Inf
   300 UPSTREAM           0.0000 2.756+1 2.093+2  0.13   3.45  103.45 8.139+1 0.0 0.000+0
   301                    0.1000 2.741+1 1.911+2  0.14   3.35  103.45 7.617+1 0.0 0.000+0
   302                    0.2000 2.730+1 1.738+2  0.16   3.25  103.45 7.106+1 0.0 0.000+0
   303                    0.3000 2.722+1 1.574+2  0.17   3.15  103.45 6.608+1 0.0 0.000+0
   304                    0.4000 2.716+1 1.418+2  0.19   3.04  103.44 6.122+1 0.0 0.000+0
   305                    0.5000 2.712+1 1.271+2  0.21   2.94  103.44 5.647+1 0.0 0.000+0
   306                    0.6000 2.708+1 1.133+2  0.24   2.84  103.44 5.184+1 0.0 0.000+0
   307                    0.7000 2.706+1 1.002+2  0.27   2.73  103.43 4.733+1 0.0 0.000+0
   308                    0.8000 2.704+1 8.796+1  0.31   2.63  103.43 4.293+1 0.0 0.000+0
   309                    0.9000 2.703+1 7.645+1  0.35   2.52  103.42 3.864+1 0.0 0.000+0
   310 DNSTREAM           1.0000 2.702+1 6.567+1  0.41   2.41  103.41 3.447+1 0.0 0.000+0

 EXTERIOR NODES
  Node  Node Identifier        QE1     YE1    Elev    Storage    Storage
    U1 UPSTREAM          1.188E+01   2.465 103.465
    D1 DNSTREAM          9.116E+00   3.449 103.449
    U2 UPSTREAM          2.375E+01   2.495 103.495
    D2 DNSTREAM          1.844E+01   3.449 103.449
    U3 UPSTREAM          2.756E+01   3.449 103.449
    D3 DNSTREAM          2.702E+01   2.411 103.411
 Balance 1: S1=1.593E+06 S2=1.595E+06 BNI=1.428E+04 BNQ=1.216E+04 TAQ=0.000E+00 WSI=0.000E+00 WSQ=0.000E+00
 Bal diff=BAL=S2-S1-BNI-TAQ+BNQ-WSI+WSQ= 1.626E-03    Rel bal=BAL/(S2+BNQ)= 1.012E-09

 SIMULATION ending at  1990/ 1/ 1: 0.2500000.  Time step=   450.00 sec
 ITER RCORECT  BRA   NODE   MXRES  LOC  SUMSQR NUMGT
    1 2.1E-01    2    203 1.1E+01   65 3.5E+02    30
    2 2.1E-03    2    205 2.5E-01   63 2.6E-01     0
 CSUR= 0.0E+00 AT ND=   0:     0 RLTQ= 0.0E+00 AT ND=   0:     0 DT/ITER=   225.0

 RESULTS at time            900. JTIME =     47892.0104166667

 BRANCH NUMBER =     1
  Node  Node Identifier     Stat    Flow    Area   Vel  Depth    Elev     Top  Fr Lat Inf
   100 UPSTREAM           0.0000 1.475+1 6.795+1  0.22   2.48  103.48 3.487+1 0.0 0.000+0
   101                    0.1000 1.438+1 7.134+1  0.20   2.57  103.47 3.544+1 0.0 0.000+0
   102                    0.2000 1.385+1 7.479+1  0.19   2.67  103.47 3.602+1 0.0 0.000+0
   103                    0.3000 1.326+1 7.830+1  0.17   2.77  103.47 3.660+1 0.0 0.000+0
   104                    0.4000 1.266+1 8.188+1  0.15   2.86  103.46 3.719+1 0.0 0.000+0
   105                    0.5000 1.209+1 8.554+1  0.14   2.96  103.46 3.777+1 0.0 0.000+0
   106                    0.6000 1.155+1 8.927+1  0.13   3.06  103.46 3.836+1 0.0 0.000+0
   107                    0.7000 1.105+1 9.306+1  0.12   3.16  103.46 3.895+1 0.0 0.000+0
   108                    0.8000 1.058+1 9.693+1  0.11   3.26  103.46 3.954+1 0.0 0.000+0
   109                    0.9000 1.013+1 1.009+2  0.10   3.36  103.46 4.013+1 0.0 0.000+0
   110 DNSTREAM           1.0000 9.712+0 1.049+2  0.09   3.45  103.45 4.073+1 0.0 0.000+0

 BRANCH NUMBER =     2
  Node  Node Identifier     Stat    Flow    Area   Vel  Depth    Elev     Top  Fr Lat Inf
   200 UPSTREAM           0.0000 2.950+1 6.956+1  0.42   2.52  103.52 3.514+1 0.0 0.000+0
   201                    0.1000 2.861+1 7.270+1  0.39   2.61  103.51 3.567+1 0.0 0.000+0
   202                    0.2000 2.748+1 7.591+1  0.36   2.70  103.50 3.621+1 0.0 0.000+0
   203                    0.3000 2.630+1 7.922+1  0.33   2.79  103.49 3.675+1 0.0 0.000+0
   204                    0.4000 2.517+1 8.262+1  0.30   2.88  103.48 3.730+1 0.0 0.000+0
   205                    0.5000 2.415+1 8.611+1  0.28   2.98  103.48 3.786+1 0.0 0.000+0
   206                    0.6000 2.325+1 8.970+1  0.26   3.07  103.47 3.843+1 0.0 0.000+0
   207                    0.7000 2.247+1 9.337+1  0.24   3.17  103.47 3.899+1 0.0 0.000+0
   208                    0.8000 2.181+1 9.713+1  0.22   3.26  103.46 3.957+1 0.0 0.000+0
   209                    0.9000 2.126+1 1.010+2  0.21   3.36  103.46 4.015+1 0.0 0.000+0
   210 DNSTREAM           1.0000 2.080+1 1.049+2  0.20   3.45  103.45 4.073+1 0.0 0.000+0

 BRANCH NUMBER =     3
  Node  Node Identifier     Stat    Flow    Area   Vel  Depth    Elev     Top  Fr Lat Inf
   300 UPSTREAM           0.0000 3.051+1 2.098+2  0.15   3.45  103.45 8.145+1 0.0 0.000+0
   301                    0.1000 2.975+1 1.915+2  0.16   3.35  103.45 7.622+1 0.0 0.000+0
   302                    0.2000 2.913+1 1.741+2  0.17   3.25  103.45 7.111+1 0.0 0.000+0
   303                    0.3000 2.863+1 1.576+2  0.18   3.15  103.45 6.612+1 0.0 0.000+0
   304                    0.4000 2.823+1 1.420+2  0.20   3.05  103.45 6.125+1 0.0 0.000+0
   305                    0.5000 2.791+1 1.273+2  0.22   2.94  103.44 5.649+1 0.0 0.000+0
   306                    0.6000 2.767+1 1.134+2  0.24   2.84  103.44 5.186+1 0.0 0.000+0
   307                    0.7000 2.747+1 1.003+2  0.27   2.74  103.44 4.734+1 0.0 0.000+0
   308                    0.8000 2.733+1 8.802+1  0.31   2.63  103.43 4.294+1 0.0 0.000+0
   309                    0.9000 2.722+1 7.650+1  0.36   2.52  103.42 3.865+1 0.0 0.000+0
   310 DNSTREAM           1.0000 2.713+1 6.571+1  0.41   2.41  103.41 3.448+1 0.0 0.000+0

 EXTERIOR NODES
  Node  Node Identifier        QE1     YE1    Elev    Storage    Storage
    U1 UPSTREAM          1.475E+01   2.477 103.477
    D1 DNSTREAM          9.712E+00   3.454 103.454
    U2 UPSTREAM          2.950E+01   2.523 103.523
    D2 DNSTREAM          2.080E+01   3.454 103.454
    U3 UPSTREAM          3.051E+01   3.454 103.454
    D3 DNSTREAM          2.713E+01   2.413 103.412
 Balance 1: S1=1.593E+06 S2=1.601E+06 BNI=3.245E+04 BNQ=2.434E+04 TAQ=0.000E+00 WSI=0.000E+00 WSQ=0.000E+00
 Bal diff=BAL=S2-S1-BNI-TAQ+BNQ-WSI+WSQ=-3.155E-03    Rel bal=BAL/(S2+BNQ)=-1.941E-09

 SIMULATION ending at  1990/ 1/ 1: 0.3750000.  Time step=   450.00 sec
 ITER RCORECT  BRA   NODE   MXRES  LOC  SUMSQR NUMGT
    1 1.6E-01    2    209 6.0E+00   57 3.4E+02    33
    2 1.7E-03    2    208 1.2E-01   55 9.1E-02     0
 CSUR= 0.0E+00 AT ND=   0:     0 RLTQ= 0.0E+00 AT ND=   0:     0 DT/ITER=   225.0

 RESULTS at time           1350. JTIME =     47892.0156250000

 BRANCH NUMBER =     1
  Node  Node Identifier     Stat    Flow    Area   Vel  Depth    Elev     Top  Fr Lat Inf
   100 UPSTREAM           0.0000 1.763+1 6.848+1  0.26   2.49  103.49 3.496+1 0.0 0.000+0
   101                    0.1000 1.687+1 7.181+1  0.23   2.59  103.49 3.552+1 0.0 0.000+0
   102                    0.2000 1.630+1 7.526+1  0.22   2.68  103.48 3.610+1 0.0 0.000+0
   103                    0.3000 1.577+1 7.879+1  0.20   2.78  103.48 3.668+1 0.0 0.000+0
   104                    0.4000 1.520+1 8.239+1  0.18   2.88  103.48 3.727+1 0.0 0.000+0
   105                    0.5000 1.458+1 8.606+1  0.17   2.98  103.48 3.785+1 0.0 0.000+0
   106                    0.6000 1.391+1 8.979+1  0.15   3.07  103.47 3.844+1 0.0 0.000+0
   107                    0.7000 1.319+1 9.360+1  0.14   3.17  103.47 3.903+1 0.0 0.000+0
   108                    0.8000 1.243+1 9.747+1  0.13   3.27  103.47 3.962+1 0.0 0.000+0
   109                    0.9000 1.164+1 1.014+2  0.11   3.37  103.47 4.021+1 0.0 0.000+0
   110 DNSTREAM           1.0000 1.084+1 1.054+2  0.10   3.47  103.47 4.081+1 0.0 0.000+0

 BRANCH NUMBER =     2
  Node  Node Identifier     Stat    Flow    Area   Vel  Depth    Elev     Top  Fr Lat Inf
   200 UPSTREAM           0.0000 3.525+1 7.069+1  0.50   2.56  103.56 3.533+1 0.0 0.000+0
   201                    0.1000 3.375+1 7.367+1  0.46   2.64  103.54 3.584+1 0.0 0.000+0
   202                    0.2000 3.269+1 7.681+1  0.43   2.73  103.53 3.636+1 0.0 0.000+0
   203                    0.3000 3.177+1 8.008+1  0.40   2.82  103.52 3.689+1 0.0 0.000+0
   204                    0.4000 3.088+1 8.345+1  0.37   2.91  103.51 3.744+1 0.0 0.000+0
   205                    0.5000 2.998+1 8.691+1  0.34   3.00  103.50 3.799+1 0.0 0.000+0
   206                    0.6000 2.906+1 9.045+1  0.32   3.09  103.49 3.854+1 0.0 0.000+0
   207                    0.7000 2.815+1 9.407+1  0.30   3.18  103.48 3.910+1 0.0 0.000+0
   208                    0.8000 2.725+1 9.778+1  0.28   3.28  103.48 3.967+1 0.0 0.000+0
   209                    0.9000 2.638+1 1.016+2  0.26   3.37  103.47 4.023+1 0.0 0.000+0
   210 DNSTREAM           1.0000 2.555+1 1.054+2  0.24   3.47  103.47 4.081+1 0.0 0.000+0

 BRANCH NUMBER =     3
  Node  Node Identifier     Stat    Flow    Area   Vel  Depth    Elev     Top  Fr Lat Inf
   300 UPSTREAM           0.0000 3.639+1 2.109+2  0.17   3.47  103.47 8.161+1 0.0 0.000+0
   301                    0.1000 3.484+1 1.924+2  0.18   3.37  103.47 7.636+1 0.0 0.000+0
   302                    0.2000 3.345+1 1.749+2  0.19   3.26  103.46 7.123+1 0.0 0.000+0
   303                    0.3000 3.223+1 1.583+2  0.20   3.16  103.46 6.623+1 0.0 0.000+0
   304                    0.4000 3.117+1 1.426+2  0.22   3.06  103.46 6.134+1 0.0 0.000+0
   305                    0.5000 3.026+1 1.278+2  0.24   2.95  103.45 5.657+1 0.0 0.000+0
   306                    0.6000 2.950+1 1.138+2  0.26   2.85  103.45 5.192+1 0.0 0.000+0
   307                    0.7000 2.887+1 1.006+2  0.29   2.74  103.44 4.739+1 0.0 0.000+0
   308                    0.8000 2.836+1 8.829+1  0.32   2.64  103.44 4.298+1 0.0 0.000+0
   309                    0.9000 2.794+1 7.671+1  0.36   2.53  103.43 3.869+1 0.0 0.000+0
   310 DNSTREAM           1.0000 2.761+1 6.587+1  0.42   2.42  103.42 3.451+1 0.0 0.000+0

 EXTERIOR NODES
  Node  Node Identifier        QE1     YE1    Elev    Storage    Storage
    U1 UPSTREAM          1.763E+01   2.492 103.492
    D1 DNSTREAM          1.084E+01   3.468 103.468
    U2 UPSTREAM          3.525E+01   2.555 103.555
    D2 DNSTREAM          2.555E+01   3.468 103.468
    U3 UPSTREAM          3.639E+01   3.468 103.468
    D3 DNSTREAM          2.761E+01   2.417 103.417
 Balance 1: S1=1.593E+06 S2=1.611E+06 BNI=5.450E+04 BNQ=3.667E+04 TAQ=0.000E+00 WSI=0.000E+00 WSQ=0.000E+00
 Bal diff=BAL=S2-S1-BNI-TAQ+BNQ-WSI+WSQ=-4.864E-03    Rel bal=BAL/(S2+BNQ)=-2.953E-09

 SIMULATION ending at  1990/ 1/ 1: 0.5000000.  Time step=   450.00 sec
 ITER RCORECT  BRA   NODE   MXRES  LOC  SUMSQR NUMGT
    1 8.9E-02    2    201 6.0E+00   65 2.7E+02    31
    2 4.9E-04    2    210 9.5E-02   65 2.1E-02     0
 CSUR= 0.0E+00 AT ND=   0:     0 RLTQ= 0.0E+00 AT ND=   0:     0 DT/ITER=   225.0

 RESULTS at time           1800. JTIME =     47892.0208333333

 BRANCH NUMBER =     1
  Node  Node Identifier     Stat    Flow    Area   Vel  Depth    Elev     Top  Fr Lat Inf
   100 UPSTREAM           0.0000 2.050+1 6.917+1  0.30   2.51  103.51 3.507+1 0.0 0.000+0
   101                    0.1000 1.964+1 7.250+1  0.27   2.61  103.51 3.564+1 0.0 0.000+0
   102                    0.2000 1.867+1 7.591+1  0.25   2.70  103.50 3.621+1 0.0 0.000+0
   103                    0.3000 1.774+1 7.942+1  0.22   2.80  103.50 3.679+1 0.0 0.000+0
   104                    0.4000 1.686+1 8.301+1  0.20   2.89  103.49 3.737+1 0.0 0.000+0
   105                    0.5000 1.603+1 8.669+1  0.18   2.99  103.49 3.795+1 0.0 0.000+0
   106                    0.6000 1.521+1 9.044+1  0.17   3.09  103.49 3.854+1 0.0 0.000+0
   107                    0.7000 1.438+1 9.428+1  0.15   3.19  103.49 3.913+1 0.0 0.000+0
   108                    0.8000 1.353+1 9.818+1  0.14   3.29  103.49 3.973+1 0.0 0.000+0
   109                    0.9000 1.264+1 1.021+2  0.12   3.39  103.49 4.032+1 0.0 0.000+0
   110 DNSTREAM           1.0000 1.172+1 1.062+2  0.11   3.49  103.49 4.092+1 0.0 0.000+0

 BRANCH NUMBER =     2
  Node  Node Identifier     Stat    Flow    Area   Vel  Depth    Elev     Top  Fr Lat Inf
   200 UPSTREAM           0.0000 4.100+1 7.195+1  0.57   2.59  103.59 3.555+1 0.0 0.000+0
   201                    0.1000 3.963+1 7.484+1  0.53   2.67  103.57 3.603+1 0.0 0.000+0
   202                    0.2000 3.814+1 7.785+1  0.49   2.75  103.55 3.653+1 0.0 0.000+0
   203                    0.3000 3.680+1 8.101+1  0.45   2.84  103.54 3.704+1 0.0 0.000+0
   204                    0.4000 3.564+1 8.429+1  0.42   2.93  103.53 3.757+1 0.0 0.000+0
   205                    0.5000 3.464+1 8.770+1  0.39   3.02  103.52 3.811+1 0.0 0.000+0
   206                    0.6000 3.372+1 9.121+1  0.37   3.11  103.51 3.866+1 0.0 0.000+0
   207                    0.7000 3.285+1 9.482+1  0.35   3.20  103.50 3.922+1 0.0 0.000+0
   208                    0.8000 3.198+1 9.853+1  0.32   3.30  103.50 3.978+1 0.0 0.000+0
   209                    0.9000 3.110+1 1.023+2  0.30   3.39  103.49 4.035+1 0.0 0.000+0
   210 DNSTREAM           1.0000 3.018+1 1.062+2  0.28   3.49  103.49 4.092+1 0.0 0.000+0

 BRANCH NUMBER =     3
  Node  Node Identifier     Stat    Flow    Area   Vel  Depth    Elev     Top  Fr Lat Inf
   300 UPSTREAM           0.0000 4.190+1 2.124+2  0.20   3.49  103.49 8.183+1 0.0 0.000+0
   301                    0.1000 4.007+1 1.938+2  0.21   3.38  103.48 7.657+1 0.0 0.000+0
   302                    0.2000 3.832+1 1.762+2  0.22   3.28  103.48 7.143+1 0.0 0.000+0
   303                    0.3000 3.667+1 1.595+2  0.23   3.18  103.48 6.641+1 0.0 0.000+0
   304                    0.4000 3.513+1 1.437+2  0.24   3.07  103.47 6.151+1 0.0 0.000+0
   305                    0.5000 3.371+1 1.287+2  0.26   2.97  103.47 5.672+1 0.0 0.000+0
   306                    0.6000 3.244+1 1.146+2  0.28   2.86  103.46 5.206+1 0.0 0.000+0
   307                    0.7000 3.131+1 1.014+2  0.31   2.76  103.46 4.751+1 0.0 0.000+0
   308                    0.8000 3.032+1 8.889+1  0.34   2.65  103.45 4.308+1 0.0 0.000+0
   309                    0.9000 2.948+1 7.721+1  0.38   2.54  103.44 3.877+1 0.0 0.000+0
   310 DNSTREAM           1.0000 2.879+1 6.628+1  0.43   2.43  103.43 3.458+1 0.0 0.000+0

 EXTERIOR NODES
  Node  Node Identifier        QE1     YE1    Elev    Storage    Storage
    U1 UPSTREAM          2.050E+01   2.512 103.512
    D1 DNSTREAM          1.172E+01   3.486 103.486
    U2 UPSTREAM          4.100E+01   2.591 103.591
    D2 DNSTREAM          3.018E+01   3.486 103.486
    U3 UPSTREAM          4.190E+01   3.486 103.486
    D3 DNSTREAM          2.879E+01   2.429 103.429
 Balance 1: S1=1.593E+06 S2=1.624E+06 BNI=8.043E+04 BNQ=4.938E+04 TAQ=0.000E+00 WSI=0.000E+00 WSQ=0.000E+00
 Bal diff=BAL=S2-S1-BNI-TAQ+BNQ-WSI+WSQ= 1.753E-02    Rel bal=BAL/(S2+BNQ)= 1.048E-08

 SIMULATION ending at  1990/ 1/ 1: 0.6250000.  Time step=   450.00 sec
 ITER RCORECT  BRA   NODE   MXRES  LOC  SUMSQR NUMGT
    1 7.0E-02    2    203 4.9E+00   63 1.4E+02    32
    2 2.0E-04    2    204 5.0E-02   61 7.2E-03     0
 CSUR= 0.0E+00 AT ND=   0:     0 RLTQ= 0.0E+00 AT ND=   0:     0 DT/ITER=   225.0

 RESULTS at time           2250. JTIME =     47892.0260416667

 BRANCH NUMBER =     1
  Node  Node Identifier     Stat    Flow    Area   Vel  Depth    Elev     Top  Fr Lat Inf
   100 UPSTREAM           0.0000 2.338+1 7.008+1  0.33   2.54  103.54 3.523+1 0.0 0.000+0
   101                    0.1000 2.216+1 7.338+1  0.30   2.63  103.53 3.579+1 0.0 0.000+0
   102                    0.2000 2.108+1 7.680+1  0.27   2.73  103.53 3.636+1 0.0 0.000+0
   103                    0.3000 1.997+1 8.030+1  0.25   2.82  103.52 3.693+1 0.0 0.000+0
   104                    0.4000 1.882+1 8.388+1  0.22   2.92  103.52 3.751+1 0.0 0.000+0
   105                    0.5000 1.766+1 8.755+1  0.20   3.01  103.51 3.809+1 0.0 0.000+0
   106                    0.6000 1.651+1 9.129+1  0.18   3.11  103.51 3.867+1 0.0 0.000+0
   107                    0.7000 1.538+1 9.512+1  0.16   3.21  103.51 3.926+1 0.0 0.000+0
   108                    0.8000 1.428+1 9.902+1  0.14   3.31  103.51 3.985+1 0.0 0.000+0
   109                    0.9000 1.320+1 1.030+2  0.13   3.41  103.51 4.045+1 0.0 0.000+0
   110 DNSTREAM           1.0000 1.213+1 1.070+2  0.11   3.51  103.51 4.104+1 0.0 0.000+0

 BRANCH NUMBER =     2
  Node  Node Identifier     Stat    Flow    Area   Vel  Depth    Elev     Top  Fr Lat Inf
   200 UPSTREAM           0.0000 4.675+1 7.336+1  0.64   2.63  103.63 3.579+1 0.0 0.000+0
   201                    0.1000 4.499+1 7.612+1  0.59   2.71  103.61 3.624+1 0.0 0.000+0
   202                    0.2000 4.355+1 7.907+1  0.55   2.79  103.59 3.673+1 0.0 0.000+0
   203                    0.3000 4.213+1 8.215+1  0.51   2.87  103.57 3.723+1 0.0 0.000+0
   204                    0.4000 4.070+1 8.537+1  0.48   2.96  103.56 3.774+1 0.0 0.000+0
   205                    0.5000 3.931+1 8.870+1  0.44   3.04  103.54 3.827+1 0.0 0.000+0
   206                    0.6000 3.798+1 9.216+1  0.41   3.13  103.53 3.881+1 0.0 0.000+0
   207                    0.7000 3.672+1 9.573+1  0.38   3.23  103.53 3.936+1 0.0 0.000+0
   208                    0.8000 3.554+1 9.940+1  0.36   3.32  103.52 3.991+1 0.0 0.000+0
   209                    0.9000 3.441+1 1.032+2  0.33   3.41  103.51 4.047+1 0.0 0.000+0
   210 DNSTREAM           1.0000 3.332+1 1.070+2  0.31   3.51  103.51 4.104+1 0.0 0.000+0

 BRANCH NUMBER =     3
  Node  Node Identifier     Stat    Flow    Area   Vel  Depth    Elev     Top  Fr Lat Inf
   300 UPSTREAM           0.0000 4.545+1 2.141+2  0.21   3.51  103.51 8.208+1 0.0 0.000+0
   301                    0.1000 4.339+1 1.954+2  0.22   3.40  103.50 7.681+1 0.0 0.000+0
   302                    0.2000 4.148+1 1.777+2  0.23   3.30  103.50 7.166+1 0.0 0.000+0
   303                    0.3000 3.970+1 1.609+2  0.25   3.20  103.50 6.663+1 0.0 0.000+0
   304                    0.4000 3.805+1 1.450+2  0.26   3.09  103.49 6.171+1 0.0 0.000+0
   305                    0.5000 3.650+1 1.300+2  0.28   2.99  103.49 5.692+1 0.0 0.000+0
   306                    0.6000 3.507+1 1.157+2  0.30   2.89  103.49 5.224+1 0.0 0.000+0
   307                    0.7000 3.375+1 1.024+2  0.33   2.78  103.48 4.768+1 0.0 0.000+0
   308                    0.8000 3.256+1 8.977+1  0.36   2.67  103.47 4.323+1 0.0 0.000+0
   309                    0.9000 3.152+1 7.796+1  0.40   2.56  103.46 3.890+1 0.0 0.000+0
   310 DNSTREAM           1.0000 3.062+1 6.691+1  0.46   2.45  103.45 3.468+1 0.0 0.000+0

 EXTERIOR NODES
  Node  Node Identifier        QE1     YE1    Elev    Storage    Storage
    U1 UPSTREAM          2.338E+01   2.538 103.538
    D1 DNSTREAM          1.213E+01   3.507 103.507
    U2 UPSTREAM          4.675E+01   2.630 103.630
    D2 DNSTREAM          3.332E+01   3.507 103.507
    U3 UPSTREAM          4.545E+01   3.507 103.507
    D3 DNSTREAM          3.062E+01   2.447 103.447
 Balance 1: S1=1.593E+06 S2=1.640E+06 BNI=1.102E+05 BNQ=6.279E+04 TAQ=0.000E+00 WSI=0.000E+00 WSQ=0.000E+00
 Bal diff=BAL=S2-S1-BNI-TAQ+BNQ-WSI+WSQ=-1.213E-02    Rel bal=BAL/(S2+BNQ)=-7.122E-09

 SIMULATION ending at  1990/ 1/ 1: 0.7500000.  Time step=   450.00 sec
 ITER RCORECT  BRA   NODE   MXRES  LOC  SUMSQR NUMGT
    1 6.6E-02    1    107 4.3E+00   65 1.2E+02    35
    2 1.3E-04    2    206 2.3E-02   63 3.1E-03     0
 CSUR= 0.0E+00 AT ND=   0:     0 RLTQ= 0.0E+00 AT ND=   0:     0 DT/ITER=   225.0

 RESULTS at time           2700. JTIME =     47892.0312500000

 BRANCH NUMBER =     1
  Node  Node Identifier     Stat    Flow    Area   Vel  Depth    Elev     Top  Fr Lat Inf
   100 UPSTREAM           0.0000 2.625+1 7.119+1  0.37   2.57  103.57 3.542+1 0.0 0.000+0
   101                    0.1000 2.491+1 7.447+1  0.33   2.66  103.56 3.597+1 0.0 0.000+0
   102                    0.2000 2.351+1 7.785+1  0.30   2.75  103.55 3.653+1 0.0 0.000+0
   103                    0.3000 2.218+1 8.134+1  0.27   2.85  103.55 3.710+1 0.0 0.000+0
   104                    0.4000 2.090+1 8.492+1  0.25   2.95  103.55 3.767+1 0.0 0.000+0
   105                    0.5000 1.963+1 8.859+1  0.22   3.04  103.54 3.825+1 0.0 0.000+0
   106                    0.6000 1.833+1 9.235+1  0.20   3.14  103.54 3.884+1 0.0 0.000+0
   107                    0.7000 1.700+1 9.617+1  0.18   3.24  103.54 3.942+1 0.0 0.000+0
   108                    0.8000 1.565+1 1.001+2  0.16   3.34  103.54 4.001+1 0.0 0.000+0
   109                    0.9000 1.427+1 1.041+2  0.14   3.43  103.53 4.060+1 0.0 0.000+0
   110 DNSTREAM           1.0000 1.289+1 1.081+2  0.12   3.53  103.53 4.120+1 0.0 0.000+0

 BRANCH NUMBER =     2
  Node  Node Identifier     Stat    Flow    Area   Vel  Depth    Elev     Top  Fr Lat Inf
   200 UPSTREAM           0.0000 5.250+1 7.499+1  0.70   2.68  103.68 3.606+1 0.0 0.000+0
   201                    0.1000 5.058+1 7.764+1  0.65   2.75  103.65 3.650+1 0.0 0.000+0
   202                    0.2000 4.865+1 8.046+1  0.60   2.83  103.63 3.696+1 0.0 0.000+0
   203                    0.3000 4.691+1 8.347+1  0.56   2.91  103.61 3.744+1 0.0 0.000+0
   204                    0.4000 4.533+1 8.663+1  0.52   2.99  103.59 3.794+1 0.0 0.000+0
   205                    0.5000 4.382+1 8.993+1  0.49   3.08  103.58 3.846+1 0.0 0.000+0
   206                    0.6000 4.233+1 9.335+1  0.45   3.16  103.56 3.899+1 0.0 0.000+0
   207                    0.7000 4.086+1 9.688+1  0.42   3.25  103.55 3.953+1 0.0 0.000+0
   208                    0.8000 3.940+1 1.005+2  0.39   3.35  103.55 4.008+1 0.0 0.000+0
   209                    0.9000 3.797+1 1.043+2  0.36   3.44  103.54 4.064+1 0.0 0.000+0
   210 DNSTREAM           1.0000 3.656+1 1.081+2  0.34   3.53  103.53 4.120+1 0.0 0.000+0

 BRANCH NUMBER =     3
  Node  Node Identifier     Stat    Flow    Area   Vel  Depth    Elev     Top  Fr Lat Inf
   300 UPSTREAM           0.0000 4.945+1 2.162+2  0.23   3.53  103.53 8.239+1 0.0 0.000+0
   301                    0.1000 4.681+1 1.974+2  0.24   3.43  103.53 7.710+1 0.0 0.000+0
   302                    0.2000 4.442+1 1.795+2  0.25   3.33  103.53 7.193+1 0.0 0.000+0
   303                    0.3000 4.226+1 1.625+2  0.26   3.22  103.52 6.687+1 0.0 0.000+0
   304                    0.4000 4.034+1 1.465+2  0.28   3.12  103.52 6.194+1 0.0 0.000+0
   305                    0.5000 3.863+1 1.313+2  0.29   3.01  103.51 5.712+1 0.0 0.000+0
   306                    0.6000 3.711+1 1.169+2  0.32   2.91  103.51 5.243+1 0.0 0.000+0
   307                    0.7000 3.576+1 1.034+2  0.35   2.80  103.50 4.785+1 0.0 0.000+0
   308                    0.8000 3.458+1 9.071+1  0.38   2.69  103.49 4.339+1 0.0 0.000+0
   309                    0.9000 3.355+1 7.878+1  0.43   2.58  103.48 3.904+1 0.0 0.000+0
   310 DNSTREAM           1.0000 3.268+1 6.760+1  0.48   2.47  103.47 3.480+1 0.0 0.000+0

 EXTERIOR NODES
  Node  Node Identifier        QE1     YE1    Elev    Storage    Storage
    U1 UPSTREAM          2.625E+01   2.569 103.569
    D1 DNSTREAM          1.289E+01   3.533 103.533
    U2 UPSTREAM          5.250E+01   2.676 103.676
    D2 DNSTREAM          3.656E+01   3.533 103.533
    U3 UPSTREAM          4.945E+01   3.533 103.533
    D3 DNSTREAM          3.268E+01   2.467 103.467
 Balance 1: S1=1.593E+06 S2=1.660E+06 BNI=1.439E+05 BNQ=7.708E+04 TAQ=0.000E+00 WSI=0.000E+00 WSQ=0.000E+00
 Bal diff=BAL=S2-S1-BNI-TAQ+BNQ-WSI+WSQ=-7.646E-03    Rel bal=BAL/(S2+BNQ)=-4.402E-09

 SIMULATION ending at  1990/ 1/ 1: 0.8750000.  Time step=   450.00 sec
 ITER RCORECT  BRA   NODE   MXRES  LOC  SUMSQR NUMGT
    1 6.0E-02    1    110 4.5E+00   63 1.8E+02    37
    2 1.4E-04    2    210 2.2E-02   65 2.5E-03     0
 CSUR= 0.0E+00 AT ND=   0:     0 RLTQ= 0.0E+00 AT ND=   0:     0 DT/ITER=   225.0

 RESULTS at time           3150. JTIME =     47892.0364583334

 BRANCH NUMBER =     1
  Node  Node Identifier     Stat    Flow    Area   Vel  Depth    Elev     Top  Fr Lat Inf
   100 UPSTREAM           0.0000 2.913+1 7.243+1  0.40   2.60  103.60 3.563+1 0.0 0.000+0
   101                    0.1000 2.760+1 7.569+1  0.36   2.69  103.59 3.617+1 0.0 0.000+0
   102                    0.2000 2.614+1 7.907+1  0.33   2.79  103.59 3.673+1 0.0 0.000+0
   103                    0.3000 2.465+1 8.254+1  0.30   2.88  103.58 3.729+1 0.0 0.000+0
   104                    0.4000 2.313+1 8.612+1  0.27   2.98  103.58 3.786+1 0.0 0.000+0
   105                    0.5000 2.163+1 8.979+1  0.24   3.07  103.57 3.844+1 0.0 0.000+0
   106                    0.6000 2.014+1 9.354+1  0.22   3.17  103.57 3.902+1 0.0 0.000+0
   107                    0.7000 1.866+1 9.738+1  0.19   3.27  103.57 3.961+1 0.0 0.000+0
   108                    0.8000 1.717+1 1.013+2  0.17   3.37  103.57 4.020+1 0.0 0.000+0
   109                    0.9000 1.566+1 1.053+2  0.15   3.46  103.56 4.079+1 0.0 0.000+0
   110 DNSTREAM           1.0000 1.413+1 1.094+2  0.13   3.56  103.56 4.138+1 0.0 0.000+0

 BRANCH NUMBER =     2
  Node  Node Identifier     Stat    Flow    Area   Vel  Depth    Elev     Top  Fr Lat Inf
   200 UPSTREAM           0.0000 5.825+1 7.683+1  0.76   2.73  103.73 3.636+1 0.0 0.000+0
   201                    0.1000 5.603+1 7.936+1  0.71   2.80  103.70 3.678+1 0.0 0.000+0
   202                    0.2000 5.403+1 8.210+1  0.66   2.87  103.67 3.722+1 0.0 0.000+0
   203                    0.3000 5.205+1 8.502+1  0.61   2.95  103.65 3.769+1 0.0 0.000+0
   204                    0.4000 5.012+1 8.810+1  0.57   3.03  103.63 3.817+1 0.0 0.000+0
   205                    0.5000 4.830+1 9.132+1  0.53   3.11  103.61 3.868+1 0.0 0.000+0
   206                    0.6000 4.659+1 9.469+1  0.49   3.20  103.60 3.920+1 0.0 0.000+0
   207                    0.7000 4.496+1 9.819+1  0.46   3.29  103.59 3.973+1 0.0 0.000+0
   208                    0.8000 4.338+1 1.018+2  0.43   3.38  103.58 4.027+1 0.0 0.000+0
   209                    0.9000 4.183+1 1.055+2  0.40   3.47  103.57 4.082+1 0.0 0.000+0
   210 DNSTREAM           1.0000 4.028+1 1.094+2  0.37   3.56  103.56 4.138+1 0.0 0.000+0

 BRANCH NUMBER =     3
  Node  Node Identifier     Stat    Flow    Area   Vel  Depth    Elev     Top  Fr Lat Inf
   300 UPSTREAM           0.0000 5.441+1 2.187+2  0.25   3.56  103.56 8.276+1 0.0 0.000+0
   301                    0.1000 5.143+1 1.997+2  0.26   3.46  103.56 7.744+1 0.0 0.000+0
   302                    0.2000 4.866+1 1.816+2  0.27   3.36  103.56 7.224+1 0.0 0.000+0
   303                    0.3000 4.612+1 1.645+2  0.28   3.25  103.55 6.716+1 0.0 0.000+0
   304                    0.4000 4.381+1 1.482+2  0.30   3.15  103.55 6.221+1 0.0 0.000+0
   305                    0.5000 4.174+1 1.328+2  0.31   3.04  103.54 5.737+1 0.0 0.000+0
   306                    0.6000 3.991+1 1.183+2  0.34   2.93  103.53 5.264+1 0.0 0.000+0
   307                    0.7000 3.832+1 1.046+2  0.37   2.83  103.53 4.804+1 0.0 0.000+0
   308                    0.8000 3.696+1 9.173+1  0.40   2.72  103.52 4.356+1 0.0 0.000+0
   309                    0.9000 3.580+1 7.964+1  0.45   2.60  103.50 3.918+1 0.0 0.000+0
   310 DNSTREAM           1.0000 3.484+1 6.831+1  0.51   2.49  103.49 3.493+1 0.0 0.000+0

 EXTERIOR NODES
  Node  Node Identifier        QE1     YE1    Elev    Storage    Storage
    U1 UPSTREAM          2.913E+01   2.604 103.604
    D1 DNSTREAM          1.413E+01   3.563 103.563
    U2 UPSTREAM          5.825E+01   2.726 103.726
    D2 DNSTREAM          4.028E+01   3.563 103.563
    U3 UPSTREAM          5.441E+01   3.563 103.563
    D3 DNSTREAM          3.484E+01   2.487 103.487
 Balance 1: S1=1.593E+06 S2=1.682E+06 BNI=1.815E+05 BNQ=9.232E+04 TAQ=0.000E+00 WSI=0.000E+00 WSQ=0.000E+00
 Bal diff=BAL=S2-S1-BNI-TAQ+BNQ-WSI+WSQ=-1.378E-02    Rel bal=BAL/(S2+BNQ)=-7.766E-09

 SIMULATION ending at  1990/ 1/ 1: 1.0000000.  Time step=   450.00 sec
 ITER RCORECT  BRA   NODE   MXRES  LOC  SUMSQR NUMGT
    1 5.4E-02    3    305 3.9E+00   59 2.3E+02    39
    2 1.1E-04    3    304 2.8E-02   63 3.1E-03     0
 CSUR= 0.0E+00 AT ND=   0:     0 RLTQ= 0.0E+00 AT ND=   0:     0 DT/ITER=   225.0

 RESULTS at time           3600. JTIME =     47892.0416666667

 BRANCH NUMBER =     1
  Node  Node Identifier     Stat    Flow    Area   Vel  Depth    Elev     Top  Fr Lat Inf
   100 UPSTREAM           0.0000 3.200+1 7.380+1  0.43   2.64  103.64 3.586+1 0.0 0.000+0
   101                    0.1000 3.034+1 7.704+1  0.39   2.73  103.63 3.640+1 0.0 0.000+0
   102                    0.2000 2.865+1 8.040+1  0.36   2.82  103.62 3.695+1 0.0 0.000+0
   103                    0.3000 2.703+1 8.388+1  0.32   2.92  103.62 3.751+1 0.0 0.000+0
   104                    0.4000 2.541+1 8.746+1  0.29   3.01  103.61 3.807+1 0.0 0.000+0
   105                    0.5000 2.378+1 9.113+1  0.26   3.11  103.61 3.865+1 0.0 0.000+0
   106                    0.6000 2.212+1 9.489+1  0.23   3.20  103.60 3.923+1 0.0 0.000+0
   107                    0.7000 2.045+1 9.874+1  0.21   3.30  103.60 3.981+1 0.0 0.000+0
   108                    0.8000 1.877+1 1.027+2  0.18   3.40  103.60 4.040+1 0.0 0.000+0
   109                    0.9000 1.709+1 1.067+2  0.16   3.50  103.60 4.099+1 0.0 0.000+0
   110 DNSTREAM           1.0000 1.540+1 1.107+2  0.14   3.60  103.60 4.158+1 0.0 0.000+0

 BRANCH NUMBER =     2
  Node  Node Identifier     Stat    Flow    Area   Vel  Depth    Elev     Top  Fr Lat Inf
   200 UPSTREAM           0.0000 6.400+1 7.883+1  0.81   2.78  103.78 3.669+1 0.0 0.000+0
   201                    0.1000 6.165+1 8.126+1  0.76   2.85  103.75 3.709+1 0.0 0.000+0
   202                    0.2000 5.935+1 8.389+1  0.71   2.92  103.72 3.751+1 0.0 0.000+0
   203                    0.3000 5.724+1 8.673+1  0.66   2.99  103.69 3.796+1 0.0 0.000+0
   204                    0.4000 5.523+1 8.975+1  0.62   3.07  103.67 3.843+1 0.0 0.000+0
   205                    0.5000 5.326+1 9.292+1  0.57   3.15  103.65 3.892+1 0.0 0.000+0
   206                    0.6000 5.133+1 9.623+1  0.53   3.24  103.64 3.943+1 0.0 0.000+0
   207                    0.7000 4.944+1 9.968+1  0.50   3.33  103.63 3.995+1 0.0 0.000+0
   208                    0.8000 4.761+1 1.033+2  0.46   3.41  103.61 4.049+1 0.0 0.000+0
   209                    0.9000 4.584+1 1.069+2  0.43   3.50  103.60 4.103+1 0.0 0.000+0
   210 DNSTREAM           1.0000 4.412+1 1.107+2  0.40   3.60  103.60 4.158+1 0.0 0.000+0

 BRANCH NUMBER =     3
  Node  Node Identifier     Stat    Flow    Area   Vel  Depth    Elev     Top  Fr Lat Inf
   300 UPSTREAM           0.0000 5.952+1 2.215+2  0.27   3.60  103.60 8.316+1 0.0 0.000+0
   301                    0.1000 5.626+1 2.023+2  0.28   3.49  103.59 7.782+1 0.0 0.000+0
   302                    0.2000 5.327+1 1.840+2  0.29   3.39  103.59 7.260+1 0.0 0.000+0
   303                    0.3000 5.052+1 1.666+2  0.30   3.28  103.58 6.749+1 0.0 0.000+0
   304                    0.4000 4.799+1 1.502+2  0.32   3.18  103.58 6.251+1 0.0 0.000+0
   305                    0.5000 4.568+1 1.346+2  0.34   3.07  103.57 5.764+1 0.0 0.000+0
   306                    0.6000 4.359+1 1.199+2  0.36   2.96  103.56 5.290+1 0.0 0.000+0
   307                    0.7000 4.171+1 1.060+2  0.39   2.85  103.55 4.827+1 0.0 0.000+0
   308                    0.8000 4.006+1 9.293+1  0.43   2.74  103.54 4.375+1 0.0 0.000+0
   309                    0.9000 3.864+1 8.066+1  0.48   2.63  103.53 3.936+1 0.0 0.000+0
   310 DNSTREAM           1.0000 3.744+1 6.914+1  0.54   2.51  103.51 3.507+1 0.0 0.000+0

 EXTERIOR NODES
  Node  Node Identifier        QE1     YE1    Elev    Storage    Storage
    U1 UPSTREAM          3.200E+01   2.643 103.643
    D1 DNSTREAM          1.540E+01   3.597 103.597
    U2 UPSTREAM          6.400E+01   2.781 103.781
    D2 DNSTREAM          4.412E+01   3.597 103.597
    U3 UPSTREAM          5.952E+01   3.597 103.597
    D3 DNSTREAM          3.744E+01   2.511 103.511
 Balance 1: S1=1.593E+06 S2=1.707E+06 BNI=2.230E+05 BNQ=1.086E+05 TAQ=0.000E+00 WSI=0.000E+00 WSQ=0.000E+00
 Bal diff=BAL=S2-S1-BNI-TAQ+BNQ-WSI+WSQ= 7.905E-03    Rel bal=BAL/(S2+BNQ)= 4.354E-09

 SIMULATION ending at  1990/ 1/ 1: 1.1250000.  Time step=   450.00 sec
 ITER RCORECT  BRA   NODE   MXRES  LOC  SUMSQR NUMGT
    1 2.1E-01    2    200 1.4E+01   66 4.6E+02    47
    2 2.1E-04    1    103 3.6E-01   65 1.6E-01     0
 CSUR= 0.0E+00 AT ND=   0:     0 RLTQ= 0.0E+00 AT ND=   0:     0 DT/ITER=   225.0

 RESULTS at time           4050. JTIME =     47892.0468750000

 BRANCH NUMBER =     1
  Node  Node Identifier     Stat    Flow    Area   Vel  Depth    Elev     Top  Fr Lat Inf
   100 UPSTREAM           0.0000 4.050+1 7.610+1  0.53   2.71  103.71 3.624+1 0.0 0.000+0
   101                    0.1000 3.722+1 7.910+1  0.47   2.79  103.69 3.673+1 0.0 0.000+0
   102                    0.2000 3.439+1 8.229+1  0.42   2.87  103.67 3.725+1 0.0 0.000+0
   103                    0.3000 3.181+1 8.565+1  0.37   2.96  103.66 3.779+1 0.0 0.000+0
   104                    0.4000 2.944+1 8.915+1  0.33   3.06  103.66 3.834+1 0.0 0.000+0
   105                    0.5000 2.723+1 9.277+1  0.29   3.15  103.65 3.890+1 0.0 0.000+0
   106                    0.6000 2.512+1 9.651+1  0.26   3.25  103.65 3.947+1 0.0 0.000+0
   107                    0.7000 2.306+1 1.003+2  0.23   3.34  103.64 4.005+1 0.0 0.000+0
   108                    0.8000 2.102+1 1.043+2  0.20   3.44  103.64 4.064+1 0.0 0.000+0
   109                    0.9000 1.898+1 1.083+2  0.18   3.54  103.64 4.122+1 0.0 0.000+0
   110 DNSTREAM           1.0000 1.694+1 1.124+2  0.15   3.64  103.64 4.181+1 0.0 0.000+0

 BRANCH NUMBER =     2
  Node  Node Identifier     Stat    Flow    Area   Vel  Depth    Elev     Top  Fr Lat Inf
   200 UPSTREAM           0.0000 8.100+1 8.269+1  0.98   2.89  103.89 3.732+1 0.0 0.000+0
   201                    0.1000 7.535+1 8.450+1  0.89   2.93  103.83 3.761+1 0.0 0.000+0
   202                    0.2000 7.079+1 8.670+1  0.82   2.99  103.79 3.795+1 0.0 0.000+0
   203                    0.3000 6.689+1 8.920+1  0.75   3.06  103.76 3.835+1 0.0 0.000+0
   204                    0.4000 6.354+1 9.197+1  0.69   3.13  103.73 3.878+1 0.0 0.000+0
   205                    0.5000 6.060+1 9.496+1  0.64   3.21  103.71 3.924+1 0.0 0.000+0
   206                    0.6000 5.797+1 9.814+1  0.59   3.29  103.69 3.972+1 0.0 0.000+0
   207                    0.7000 5.556+1 1.015+2  0.55   3.37  103.67 4.022+1 0.0 0.000+0
   208                    0.8000 5.328+1 1.050+2  0.51   3.46  103.66 4.074+1 0.0 0.000+0
   209                    0.9000 5.111+1 1.086+2  0.47   3.55  103.65 4.127+1 0.0 0.000+0
   210 DNSTREAM           1.0000 4.902+1 1.124+2  0.44   3.64  103.64 4.181+1 0.0 0.000+0

 BRANCH NUMBER =     3
  Node  Node Identifier     Stat    Flow    Area   Vel  Depth    Elev     Top  Fr Lat Inf
   300 UPSTREAM           0.0000 6.596+1 2.247+2  0.29   3.64  103.64 8.362+1 0.0 0.000+0
   301                    0.1000 6.203+1 2.052+2  0.30   3.53  103.63 7.825+1 0.0 0.000+0
   302                    0.2000 5.846+1 1.867+2  0.31   3.43  103.63 7.300+1 0.0 0.000+0
   303                    0.3000 5.522+1 1.691+2  0.33   3.32  103.62 6.786+1 0.0 0.000+0
   304                    0.4000 5.230+1 1.524+2  0.34   3.21  103.61 6.285+1 0.0 0.000+0
   305                    0.5000 4.969+1 1.366+2  0.36   3.11  103.61 5.796+1 0.0 0.000+0
   306                    0.6000 4.735+1 1.217+2  0.39   3.00  103.60 5.318+1 0.0 0.000+0
   307                    0.7000 4.527+1 1.076+2  0.42   2.89  103.59 4.852+1 0.0 0.000+0
   308                    0.8000 4.344+1 9.432+1  0.46   2.77  103.57 4.398+1 0.0 0.000+0
   309                    0.9000 4.187+1 8.184+1  0.51   2.66  103.56 3.955+1 0.0 0.000+0
   310 DNSTREAM           1.0000 4.054+1 7.012+1  0.58   2.54  103.54 3.524+1 0.0 0.000+0

 EXTERIOR NODES
  Node  Node Identifier        QE1     YE1    Elev    Storage    Storage
    U1 UPSTREAM          4.050E+01   2.706 103.706
    D1 DNSTREAM          1.694E+01   3.635 103.635
    U2 UPSTREAM          8.100E+01   2.886 103.886
    D2 DNSTREAM          4.902E+01   3.635 103.635
    U3 UPSTREAM          6.596E+01   3.635 103.635
    D3 DNSTREAM          4.054E+01   2.539 103.539
 Balance 1: S1=1.593E+06 S2=1.739E+06 BNI=2.725E+05 BNQ=1.263E+05 TAQ=0.000E+00 WSI=0.000E+00 WSQ=0.000E+00
 Bal diff=BAL=S2-S1-BNI-TAQ+BNQ-WSI+WSQ= 3.733E-03    Rel bal=BAL/(S2+BNQ)= 2.002E-09

 SIMULATION ending at  1990/ 1/ 1: 1.2500000.  Time step=   450.00 sec
 ITER RCORECT  BRA   NODE   MXRES  LOC  SUMSQR NUMGT
    1 1.6E-01    1    104 2.5E+01   65 2.2E+03    61
    2 8.9E-04    1    104 3.6E-01   65 3.9E-01     0
 CSUR= 0.0E+00 AT ND=   0:     0 RLTQ= 0.0E+00 AT ND=   0:     0 DT/ITER=   225.0

 RESULTS at time           4500. JTIME =     47892.0520833334

 BRANCH NUMBER =     1
  Node  Node Identifier     Stat    Flow    Area   Vel  Depth    Elev     Top  Fr Lat Inf
   100 UPSTREAM           0.0000 4.900+1 7.876+1  0.62   2.78  103.78 3.668+1 0.0 0.000+0
   101                    0.1000 4.607+1 8.170+1  0.56   2.86  103.76 3.716+1 0.0 0.000+0
   102                    0.2000 4.293+1 8.480+1  0.51   2.94  103.74 3.765+1 0.0 0.000+0
   103                    0.3000 3.980+1 8.806+1  0.45   3.03  103.73 3.817+1 0.0 0.000+0
   104                    0.4000 3.670+1 9.146+1  0.40   3.12  103.72 3.870+1 0.0 0.000+0
   105                    0.5000 3.366+1 9.500+1  0.35   3.21  103.71 3.925+1 0.0 0.000+0
   106                    0.6000 3.069+1 9.867+1  0.31   3.30  103.70 3.980+1 0.0 0.000+0
   107                    0.7000 2.780+1 1.025+2  0.27   3.39  103.69 4.037+1 0.0 0.000+0
   108                    0.8000 2.498+1 1.064+2  0.23   3.49  103.69 4.094+1 0.0 0.000+0
   109                    0.9000 2.221+1 1.103+2  0.20   3.59  103.69 4.152+1 0.0 0.000+0
   110 DNSTREAM           1.0000 1.945+1 1.144+2  0.17   3.68  103.68 4.211+1 0.0 0.000+0

 BRANCH NUMBER =     2
  Node  Node Identifier     Stat    Flow    Area   Vel  Depth    Elev     Top  Fr Lat Inf
   200 UPSTREAM           0.0000 9.800+1 8.736+1  1.12   3.01  104.01 3.806+1 0.0 0.000+0
   201                    0.1000 9.294+1 8.891+1  1.05   3.05  103.95 3.830+1 0.0 0.000+0
   202                    0.2000 8.766+1 9.073+1  0.97   3.10  103.90 3.859+1 0.0 0.000+0
   203                    0.3000 8.264+1 9.286+1  0.89   3.15  103.85 3.892+1 0.0 0.000+0
   204                    0.4000 7.794+1 9.528+1  0.82   3.21  103.81 3.929+1 0.0 0.000+0
   205                    0.5000 7.360+1 9.796+1  0.75   3.28  103.78 3.969+1 0.0 0.000+0
   206                    0.6000 6.963+1 1.009+2  0.69   3.36  103.76 4.013+1 0.0 0.000+0
   207                    0.7000 6.601+1 1.040+2  0.63   3.43  103.73 4.060+1 0.0 0.000+0
   208                    0.8000 6.270+1 1.073+2  0.58   3.51  103.71 4.108+1 0.0 0.000+0
   209                    0.9000 5.965+1 1.108+2  0.54   3.60  103.70 4.159+1 0.0 0.000+0
   210 DNSTREAM           1.0000 5.680+1 1.144+2  0.50   3.68  103.68 4.211+1 0.0 0.000+0

 BRANCH NUMBER =     3
  Node  Node Identifier     Stat    Flow    Area   Vel  Depth    Elev     Top  Fr Lat Inf
   300 UPSTREAM           0.0000 7.625+1 2.289+2  0.33   3.68  103.68 8.422+1 0.0 0.000+0
   301                    0.1000 7.102+1 2.090+2  0.34   3.58  103.68 7.879+1 0.0 0.000+0
   302                    0.2000 6.632+1 1.901+2  0.35   3.47  103.67 7.350+1 0.0 0.000+0
   303                    0.3000 6.211+1 1.721+2  0.36   3.36  103.66 6.832+1 0.0 0.000+0
   304                    0.4000 5.835+1 1.551+2  0.38   3.26  103.66 6.326+1 0.0 0.000+0
   305                    0.5000 5.503+1 1.390+2  0.40   3.15  103.65 5.833+1 0.0 0.000+0
   306                    0.6000 5.211+1 1.238+2  0.42   3.04  103.64 5.351+1 0.0 0.000+0
   307                    0.7000 4.959+1 1.094+2  0.45   2.93  103.63 4.882+1 0.0 0.000+0
   308                    0.8000 4.742+1 9.590+1  0.49   2.81  103.61 4.424+1 0.0 0.000+0
   309                    0.9000 4.559+1 8.318+1  0.55   2.69  103.59 3.978+1 0.0 0.000+0
   310 DNSTREAM           1.0000 4.408+1 7.122+1  0.62   2.57  103.57 3.542+1 0.0 0.000+0

 EXTERIOR NODES
  Node  Node Identifier        QE1     YE1    Elev    Storage    Storage
    U1 UPSTREAM          4.900E+01   2.779 103.779
    D1 DNSTREAM          1.945E+01   3.685 103.685
    U2 UPSTREAM          9.800E+01   3.010 104.010
    D2 DNSTREAM          5.680E+01   3.685 103.685
    U3 UPSTREAM          7.625E+01   3.685 103.685
    D3 DNSTREAM          4.408E+01   2.570 103.570
 Balance 1: S1=1.593E+06 S2=1.781E+06 BNI=3.335E+05 BNQ=1.454E+05 TAQ=0.000E+00 WSI=0.000E+00 WSQ=0.000E+00
 Bal diff=BAL=S2-S1-BNI-TAQ+BNQ-WSI+WSQ=-1.689E-02    Rel bal=BAL/(S2+BNQ)=-8.771E-09

 SIMULATION ending at  1990/ 1/ 1: 1.3750000.  Time step=   450.00 sec
 ITER RCORECT  BRA   NODE   MXRES  LOC  SUMSQR NUMGT
    1 1.3E-01    2    209 1.3E+01   57 2.0E+03    66
    2 8.1E-04    2    209 5.0E-01   65 4.4E-01     0
 CSUR= 0.0E+00 AT ND=   0:     0 RLTQ= 0.0E+00 AT ND=   0:     0 DT/ITER=   225.0

 RESULTS at time           4950. JTIME =     47892.0572916667

 BRANCH NUMBER =     1
  Node  Node Identifier     Stat    Flow    Area   Vel  Depth    Elev     Top  Fr Lat Inf
   100 UPSTREAM           0.0000 5.750+1 8.173+1  0.70   2.86  103.86 3.716+1 0.0 0.000+0
   101                    0.1000 5.371+1 8.452+1  0.64   2.93  103.83 3.761+1 0.0 0.000+0
   102                    0.2000 5.034+1 8.755+1  0.57   3.01  103.81 3.809+1 0.0 0.000+0
   103                    0.3000 4.707+1 9.078+1  0.52   3.10  103.80 3.859+1 0.0 0.000+0
   104                    0.4000 4.380+1 9.418+1  0.47   3.19  103.79 3.912+1 0.0 0.000+0
   105                    0.5000 4.051+1 9.772+1  0.41   3.28  103.78 3.966+1 0.0 0.000+0
   106                    0.6000 3.714+1 1.014+2  0.37   3.37  103.77 4.021+1 0.0 0.000+0
   107                    0.7000 3.371+1 1.052+2  0.32   3.46  103.76 4.077+1 0.0 0.000+0
   108                    0.8000 3.021+1 1.091+2  0.28   3.56  103.76 4.134+1 0.0 0.000+0
   109                    0.9000 2.665+1 1.131+2  0.24   3.65  103.75 4.192+1 0.0 0.000+0
   110 DNSTREAM           1.0000 2.306+1 1.172+2  0.20   3.75  103.75 4.250+1 0.0 0.000+0

 BRANCH NUMBER =     2
  Node  Node Identifier     Stat    Flow    Area   Vel  Depth    Elev     Top  Fr Lat Inf
   200 UPSTREAM           0.0000 1.150+2 9.252+1  1.24   3.14  104.14 3.886+1 0.0 0.000+0
   201                    0.1000 1.086+2 9.363+1  1.16   3.17  104.07 3.903+1 0.0 0.000+0
   202                    0.2000 1.031+2 9.517+1  1.08   3.21  104.01 3.927+1 0.0 0.000+0
   203                    0.3000 9.807+1 9.704+1  1.01   3.26  103.96 3.956+1 0.0 0.000+0
   204                    0.4000 9.326+1 9.922+1  0.94   3.31  103.91 3.988+1 0.0 0.000+0
   205                    0.5000 8.866+1 1.017+2  0.87   3.37  103.87 4.025+1 0.0 0.000+0
   206                    0.6000 8.424+1 1.044+2  0.81   3.44  103.84 4.065+1 0.0 0.000+0
   207                    0.7000 7.999+1 1.073+2  0.75   3.51  103.81 4.108+1 0.0 0.000+0
   208                    0.8000 7.592+1 1.104+2  0.69   3.59  103.79 4.153+1 0.0 0.000+0
   209                    0.9000 7.203+1 1.137+2  0.63   3.67  103.77 4.201+1 0.0 0.000+0
   210 DNSTREAM           1.0000 6.832+1 1.172+2  0.58   3.75  103.75 4.250+1 0.0 0.000+0

 BRANCH NUMBER =     3
  Node  Node Identifier     Stat    Flow    Area   Vel  Depth    Elev     Top  Fr Lat Inf
   300 UPSTREAM           0.0000 9.138+1 2.344+2  0.39   3.75  103.75 8.500+1 0.0 0.000+0
   301                    0.1000 8.447+1 2.140+2  0.39   3.64  103.74 7.951+1 0.0 0.000+0
   302                    0.2000 7.823+1 1.946+2  0.40   3.53  103.73 7.415+1 0.0 0.000+0
   303                    0.3000 7.261+1 1.761+2  0.41   3.42  103.72 6.891+1 0.0 0.000+0
   304                    0.4000 6.761+1 1.587+2  0.43   3.31  103.71 6.380+1 0.0 0.000+0
   305                    0.5000 6.318+1 1.421+2  0.44   3.20  103.70 5.881+1 0.0 0.000+0
   306                    0.6000 5.928+1 1.265+2  0.47   3.09  103.69 5.394+1 0.0 0.000+0
   307                    0.7000 5.591+1 1.118+2  0.50   2.97  103.67 4.920+1 0.0 0.000+0
   308                    0.8000 5.301+1 9.791+1  0.54   2.86  103.66 4.457+1 0.0 0.000+0
   309                    0.9000 5.058+1 8.485+1  0.60   2.73  103.63 4.005+1 0.0 0.000+0
   310 DNSTREAM           1.0000 4.858+1 7.257+1  0.67   2.61  103.61 3.565+1 0.0 0.000+0

 EXTERIOR NODES
  Node  Node Identifier        QE1     YE1    Elev    Storage    Storage
    U1 UPSTREAM          5.750E+01   2.860 103.860
    D1 DNSTREAM          2.306E+01   3.750 103.750
    U2 UPSTREAM          1.150E+02   3.144 104.144
    D2 DNSTREAM          6.832E+01   3.750 103.750
    U3 UPSTREAM          9.138E+01   3.750 103.750
    D3 DNSTREAM          4.858E+01   2.608 103.608
 Balance 1: S1=1.593E+06 S2=1.832E+06 BNI=4.059E+05 BNQ=1.663E+05 TAQ=0.000E+00 WSI=0.000E+00 WSQ=0.000E+00
 Bal diff=BAL=S2-S1-BNI-TAQ+BNQ-WSI+WSQ=-4.502E-02    Rel bal=BAL/(S2+BNQ)=-2.253E-08

 SIMULATION ending at  1990/ 1/ 1: 1.5000000.  Time step=   450.00 sec
 ITER RCORECT  BRA   NODE   MXRES  LOC  SUMSQR NUMGT
    1 9.3E-02    3    304 1.7E+01   65 2.0E+03    66
    2 3.2E-04    3    310 3.3E-01   63 3.0E-01     0
 CSUR= 0.0E+00 AT ND=   0:     0 RLTQ= 0.0E+00 AT ND=   0:     0 DT/ITER=   225.0

 RESULTS at time           5400. JTIME =     47892.0625000000

 BRANCH NUMBER =     1
  Node  Node Identifier     Stat    Flow    Area   Vel  Depth    Elev     Top  Fr Lat Inf
   100 UPSTREAM           0.0000 6.600+1 8.510+1  0.78   2.95  103.95 3.770+1 0.0 0.000+0
   101                    0.1000 6.199+1 8.782+1  0.71   3.02  103.92 3.813+1 0.0 0.000+0
   102                    0.2000 5.782+1 9.075+1  0.64   3.10  103.90 3.859+1 0.0 0.000+0
   103                    0.3000 5.377+1 9.390+1  0.57   3.18  103.88 3.908+1 0.0 0.000+0
   104                    0.4000 4.982+1 9.726+1  0.51   3.26  103.86 3.959+1 0.0 0.000+0
   105                    0.5000 4.594+1 1.008+2  0.46   3.35  103.85 4.012+1 0.0 0.000+0
   106                    0.6000 4.210+1 1.045+2  0.40   3.44  103.84 4.067+1 0.0 0.000+0
   107                    0.7000 3.825+1 1.083+2  0.35   3.54  103.84 4.123+1 0.0 0.000+0
   108                    0.8000 3.435+1 1.123+2  0.31   3.63  103.83 4.180+1 0.0 0.000+0
   109                    0.9000 3.038+1 1.163+2  0.26   3.73  103.83 4.238+1 0.0 0.000+0
   110 DNSTREAM           1.0000 2.632+1 1.205+2  0.22   3.83  103.83 4.296+1 0.0 0.000+0

 BRANCH NUMBER =     2
  Node  Node Identifier     Stat    Flow    Area   Vel  Depth    Elev     Top  Fr Lat Inf
   200 UPSTREAM           0.0000 1.320+2 9.803+1  1.35   3.28  104.28 3.970+1 0.0 0.000+0
   201                    0.1000 1.258+2 9.888+1  1.27   3.31  104.21 3.983+1 0.0 0.000+0
   202                    0.2000 1.194+2 1.001+2  1.19   3.33  104.13 4.001+1 0.0 0.000+0
   203                    0.3000 1.135+2 1.016+2  1.12   3.37  104.07 4.024+1 0.0 0.000+0
   204                    0.4000 1.080+2 1.035+2  1.04   3.42  104.02 4.052+1 0.0 0.000+0
   205                    0.5000 1.028+2 1.057+2  0.97   3.47  103.97 4.085+1 0.0 0.000+0
   206                    0.6000 9.806+1 1.082+2  0.91   3.54  103.94 4.121+1 0.0 0.000+0
   207                    0.7000 9.352+1 1.109+2  0.84   3.60  103.90 4.161+1 0.0 0.000+0
   208                    0.8000 8.917+1 1.139+2  0.78   3.67  103.87 4.204+1 0.0 0.000+0
   209                    0.9000 8.494+1 1.171+2  0.73   3.75  103.85 4.249+1 0.0 0.000+0
   210 DNSTREAM           1.0000 8.081+1 1.205+2  0.67   3.83  103.83 4.296+1 0.0 0.000+0

 BRANCH NUMBER =     3
  Node  Node Identifier     Stat    Flow    Area   Vel  Depth    Elev     Top  Fr Lat Inf
   300 UPSTREAM           0.0000 1.071+2 2.410+2  0.44   3.83  103.83 8.593+1 0.0 0.000+0
   301                    0.1000 9.921+1 2.201+2  0.45   3.72  103.82 8.038+1 0.0 0.000+0
   302                    0.2000 9.188+1 2.001+2  0.46   3.61  103.81 7.496+1 0.0 0.000+0
   303                    0.3000 8.513+1 1.812+2  0.47   3.50  103.80 6.966+1 0.0 0.000+0
   304                    0.4000 7.900+1 1.632+2  0.48   3.38  103.78 6.448+1 0.0 0.000+0
   305                    0.5000 7.347+1 1.462+2  0.50   3.27  103.77 5.943+1 0.0 0.000+0
   306                    0.6000 6.854+1 1.301+2  0.53   3.15  103.75 5.449+1 0.0 0.000+0
   307                    0.7000 6.421+1 1.149+2  0.56   3.04  103.74 4.968+1 0.0 0.000+0
   308                    0.8000 6.046+1 1.006+2  0.60   2.92  103.72 4.499+1 0.0 0.000+0
   309                    0.9000 5.728+1 8.706+1  0.66   2.79  103.69 4.042+1 0.0 0.000+0
   310 DNSTREAM           1.0000 5.466+1 7.435+1  0.74   2.66  103.66 3.595+1 0.0 0.000+0

 EXTERIOR NODES
  Node  Node Identifier        QE1     YE1    Elev    Storage    Storage
    U1 UPSTREAM          6.600E+01   2.950 103.950
    D1 DNSTREAM          2.632E+01   3.827 103.827
    U2 UPSTREAM          1.320E+02   3.284 104.284
    D2 DNSTREAM          8.081E+01   3.827 103.827
    U3 UPSTREAM          1.071E+02   3.827 103.827
    D3 DNSTREAM          5.466E+01   2.658 103.658
 Balance 1: S1=1.593E+06 S2=1.893E+06 BNI=4.898E+05 BNQ=1.897E+05 TAQ=0.000E+00 WSI=0.000E+00 WSQ=0.000E+00
 Bal diff=BAL=S2-S1-BNI-TAQ+BNQ-WSI+WSQ=-7.575E-02    Rel bal=BAL/(S2+BNQ)=-3.637E-08

 SIMULATION ending at  1990/ 1/ 1: 1.6250000.  Time step=   450.00 sec
 ITER RCORECT  BRA   NODE   MXRES  LOC  SUMSQR NUMGT
    1 7.9E-02    3    310 1.4E+01   63 1.7E+03    66
    2 4.0E-04    3    310 3.5E-01   65 2.8E-01     0
 CSUR= 0.0E+00 AT ND=   0:     0 RLTQ= 0.0E+00 AT ND=   0:     0 DT/ITER=   225.0

 RESULTS at time           5850. JTIME =     47892.0677083334

 BRANCH NUMBER =     1
  Node  Node Identifier     Stat    Flow    Area   Vel  Depth    Elev     Top  Fr Lat Inf
   100 UPSTREAM           0.0000 7.450+1 8.890+1  0.84   3.05  104.05 3.830+1 0.0 0.000+0
   101                    0.1000 6.978+1 9.152+1  0.76   3.12  104.02 3.871+1 0.0 0.000+0
   102                    0.2000 6.531+1 9.443+1  0.69   3.19  103.99 3.916+1 0.0 0.000+0
   103                    0.3000 6.081+1 9.756+1  0.62   3.27  103.97 3.963+1 0.0 0.000+0
   104                    0.4000 5.626+1 1.009+2  0.56   3.36  103.96 4.014+1 0.0 0.000+0
   105                    0.5000 5.168+1 1.044+2  0.49   3.44  103.94 4.066+1 0.0 0.000+0
   106                    0.6000 4.709+1 1.081+2  0.44   3.53  103.93 4.120+1 0.0 0.000+0
   107                    0.7000 4.251+1 1.119+2  0.38   3.63  103.93 4.175+1 0.0 0.000+0
   108                    0.8000 3.794+1 1.159+2  0.33   3.72  103.92 4.232+1 0.0 0.000+0
   109                    0.9000 3.337+1 1.200+2  0.28   3.82  103.92 4.290+1 0.0 0.000+0
   110 DNSTREAM           1.0000 2.878+1 1.242+2  0.23   3.91  103.91 4.348+1 0.0 0.000+0

 BRANCH NUMBER =     2
  Node  Node Identifier     Stat    Flow    Area   Vel  Depth    Elev     Top  Fr Lat Inf
   200 UPSTREAM           0.0000 1.490+2 1.038+2  1.44   3.43  104.43 4.057+1 0.0 0.000+0
   201                    0.1000 1.421+2 1.044+2  1.36   3.44  104.34 4.065+1 0.0 0.000+0
   202                    0.2000 1.358+2 1.053+2  1.29   3.47  104.27 4.079+1 0.0 0.000+0
   203                    0.3000 1.297+2 1.066+2  1.22   3.50  104.20 4.099+1 0.0 0.000+0
   204                    0.4000 1.237+2 1.083+2  1.14   3.54  104.14 4.123+1 0.0 0.000+0
   205                    0.5000 1.179+2 1.103+2  1.07   3.58  104.08 4.151+1 0.0 0.000+0
   206                    0.6000 1.124+2 1.125+2  1.00   3.64  104.04 4.184+1 0.0 0.000+0
   207                    0.7000 1.071+2 1.151+2  0.93   3.70  104.00 4.220+1 0.0 0.000+0
   208                    0.8000 1.020+2 1.179+2  0.87   3.77  103.97 4.260+1 0.0 0.000+0
   209                    0.9000 9.717+1 1.209+2  0.80   3.84  103.94 4.303+1 0.0 0.000+0
   210 DNSTREAM           1.0000 9.249+1 1.242+2  0.74   3.91  103.91 4.348+1 0.0 0.000+0

 BRANCH NUMBER =     3
  Node  Node Identifier     Stat    Flow    Area   Vel  Depth    Elev     Top  Fr Lat Inf
   300 UPSTREAM           0.0000 1.213+2 2.484+2  0.49   3.91  103.91 8.696+1 0.0 0.000+0
   301                    0.1000 1.125+2 2.269+2  0.50   3.80  103.90 8.135+1 0.0 0.000+0
   302                    0.2000 1.043+2 2.065+2  0.51   3.69  103.89 7.587+1 0.0 0.000+0
   303                    0.3000 9.689+1 1.870+2  0.52   3.58  103.88 7.050+1 0.0 0.000+0
   304                    0.4000 9.009+1 1.685+2  0.53   3.46  103.86 6.526+1 0.0 0.000+0
   305                    0.5000 8.391+1 1.509+2  0.56   3.35  103.85 6.014+1 0.0 0.000+0
   306                    0.6000 7.835+1 1.343+2  0.58   3.23  103.83 5.514+1 0.0 0.000+0
   307                    0.7000 7.340+1 1.186+2  0.62   3.11  103.81 5.026+1 0.0 0.000+0
   308                    0.8000 6.908+1 1.038+2  0.67   2.99  103.79 4.550+1 0.0 0.000+0
   309                    0.9000 6.539+1 8.975+1  0.73   2.86  103.76 4.085+1 0.0 0.000+0
   310 DNSTREAM           1.0000 6.233+1 7.653+1  0.81   2.72  103.72 3.631+1 0.0 0.000+0

 EXTERIOR NODES
  Node  Node Identifier        QE1     YE1    Elev    Storage    Storage
    U1 UPSTREAM          7.450E+01   3.050 104.050
    D1 DNSTREAM          2.878E+01   3.914 103.914
    U2 UPSTREAM          1.490E+02   3.428 104.428
    D2 DNSTREAM          9.249E+01   3.914 103.914
    U3 UPSTREAM          1.213E+02   3.914 103.914
    D3 DNSTREAM          6.233E+01   2.718 103.718
 Balance 1: S1=1.593E+06 S2=1.962E+06 BNI=5.853E+05 BNQ=2.162E+05 TAQ=0.000E+00 WSI=0.000E+00 WSQ=0.000E+00
 Bal diff=BAL=S2-S1-BNI-TAQ+BNQ-WSI+WSQ=-4.063E-02    Rel bal=BAL/(S2+BNQ)=-1.865E-08

 SIMULATION ending at  1990/ 1/ 1: 1.7500000.  Time step=   450.00 sec
 ITER RCORECT  BRA   NODE   MXRES  LOC  SUMSQR NUMGT
    1 7.4E-02    3    310 1.3E+01   65 1.8E+03    66
    2 3.7E-04    3    310 3.3E-01   63 3.7E-01     0
 CSUR= 0.0E+00 AT ND=   0:     0 RLTQ= 0.0E+00 AT ND=   0:     0 DT/ITER=   225.0

 RESULTS at time           6300. JTIME =     47892.0729166667

 BRANCH NUMBER =     1
  Node  Node Identifier     Stat    Flow    Area   Vel  Depth    Elev     Top  Fr Lat Inf
   100 UPSTREAM           0.0000 8.300+1 9.311+1  0.89   3.16  104.16 3.896+1 0.0 0.000+0
   101                    0.1000 7.792+1 9.569+1  0.81   3.22  104.12 3.935+1 0.0 0.000+0
   102                    0.2000 7.274+1 9.854+1  0.74   3.30  104.10 3.978+1 0.0 0.000+0
   103                    0.3000 6.767+1 1.016+2  0.67   3.37  104.07 4.025+1 0.0 0.000+0
   104                    0.4000 6.268+1 1.050+2  0.60   3.46  104.06 4.074+1 0.0 0.000+0
   105                    0.5000 5.768+1 1.085+2  0.53   3.54  104.04 4.126+1 0.0 0.000+0
   106                    0.6000 5.266+1 1.122+2  0.47   3.63  104.03 4.180+1 0.0 0.000+0
   107                    0.7000 4.758+1 1.161+2  0.41   3.72  104.02 4.235+1 0.0 0.000+0
   108                    0.8000 4.243+1 1.201+2  0.35   3.82  104.02 4.291+1 0.0 0.000+0
   109                    0.9000 3.722+1 1.242+2  0.30   3.91  104.01 4.348+1 0.0 0.000+0
   110 DNSTREAM           1.0000 3.195+1 1.285+2  0.25   4.01  104.01 4.406+1 0.0 0.000+0

 BRANCH NUMBER =     2
  Node  Node Identifier     Stat    Flow    Area   Vel  Depth    Elev     Top  Fr Lat Inf
   200 UPSTREAM           0.0000 1.660+2 1.098+2  1.51   3.57  104.57 4.145+1 0.0 0.000+0
   201                    0.1000 1.590+2 1.102+2  1.44   3.58  104.48 4.150+1 0.0 0.000+0
   202                    0.2000 1.520+2 1.109+2  1.37   3.60  104.40 4.160+1 0.0 0.000+0
   203                    0.3000 1.454+2 1.120+2  1.30   3.63  104.33 4.176+1 0.0 0.000+0
   204                    0.4000 1.391+2 1.134+2  1.23   3.66  104.26 4.197+1 0.0 0.000+0
   205                    0.5000 1.330+2 1.152+2  1.15   3.70  104.20 4.222+1 0.0 0.000+0
   206                    0.6000 1.271+2 1.173+2  1.08   3.75  104.15 4.252+1 0.0 0.000+0
   207                    0.7000 1.213+2 1.197+2  1.01   3.81  104.11 4.286+1 0.0 0.000+0
   208                    0.8000 1.157+2 1.224+2  0.95   3.87  104.07 4.323+1 0.0 0.000+0
   209                    0.9000 1.103+2 1.253+2  0.88   3.94  104.04 4.363+1 0.0 0.000+0
   210 DNSTREAM           1.0000 1.049+2 1.285+2  0.82   4.01  104.01 4.406+1 0.0 0.000+0

 BRANCH NUMBER =     3
  Node  Node Identifier     Stat    Flow    Area   Vel  Depth    Elev     Top  Fr Lat Inf
   300 UPSTREAM           0.0000 1.369+2 2.569+2  0.53   4.01  104.01 8.813+1 0.0 0.000+0
   301                    0.1000 1.267+2 2.347+2  0.54   3.90  104.00 8.244+1 0.0 0.000+0
   302                    0.2000 1.174+2 2.136+2  0.55   3.78  103.98 7.687+1 0.0 0.000+0
   303                    0.3000 1.090+2 1.935+2  0.56   3.67  103.97 7.144+1 0.0 0.000+0
   304                    0.4000 1.014+2 1.744+2  0.58   3.55  103.95 6.612+1 0.0 0.000+0
   305                    0.5000 9.453+1 1.562+2  0.61   3.44  103.94 6.093+1 0.0 0.000+0
   306                    0.6000 8.844+1 1.390+2  0.64   3.32  103.92 5.585+1 0.0 0.000+0
   307                    0.7000 8.307+1 1.227+2  0.68   3.19  103.89 5.090+1 0.0 0.000+0
   308                    0.8000 7.840+1 1.073+2  0.73   3.06  103.86 4.606+1 0.0 0.000+0
   309                    0.9000 7.442+1 9.275+1  0.80   2.93  103.83 4.133+1 0.0 0.000+0
   310 DNSTREAM           1.0000 7.114+1 7.895+1  0.90   2.78  103.78 3.671+1 0.0 0.000+0

 EXTERIOR NODES
  Node  Node Identifier        QE1     YE1    Elev    Storage    Storage
    U1 UPSTREAM          8.300E+01   3.159 104.159
    D1 DNSTREAM          3.195E+01   4.010 104.010
    U2 UPSTREAM          1.660E+02   3.574 104.574
    D2 DNSTREAM          1.049E+02   4.010 104.010
    U3 UPSTREAM          1.369E+02   4.010 104.010
    D3 DNSTREAM          7.114E+01   2.784 103.784
 Balance 1: S1=1.593E+06 S2=2.038E+06 BNI=6.921E+05 BNQ=2.464E+05 TAQ=0.000E+00 WSI=0.000E+00 WSQ=0.000E+00
 Bal diff=BAL=S2-S1-BNI-TAQ+BNQ-WSI+WSQ=-6.047E-02    Rel bal=BAL/(S2+BNQ)=-2.646E-08

 SIMULATION ending at  1990/ 1/ 1: 1.8750000.  Time step=   450.00 sec
 ITER RCORECT  BRA   NODE   MXRES  LOC  SUMSQR NUMGT
    1 7.1E-02    3    304 1.3E+01   63 2.2E+03    66
    2 3.4E-04    3    310 2.9E-01   59 4.2E-01     0
 CSUR= 0.0E+00 AT ND=   0:     0 RLTQ= 0.0E+00 AT ND=   0:     0 DT/ITER=   225.0

 RESULTS at time           6750. JTIME =     47892.0781250000

 BRANCH NUMBER =     1
  Node  Node Identifier     Stat    Flow    Area   Vel  Depth    Elev     Top  Fr Lat Inf
   100 UPSTREAM           0.0000 9.150+1 9.768+1  0.94   3.28  104.28 3.965+1 0.0 0.000+0
   101                    0.1000 8.595+1 1.002+2  0.86   3.34  104.24 4.004+1 0.0 0.000+0
   102                    0.2000 8.052+1 1.031+2  0.78   3.41  104.21 4.046+1 0.0 0.000+0
   103                    0.3000 7.500+1 1.062+2  0.71   3.49  104.19 4.092+1 0.0 0.000+0
   104                    0.4000 6.945+1 1.095+2  0.63   3.57  104.17 4.140+1 0.0 0.000+0
   105                    0.5000 6.390+1 1.130+2  0.57   3.65  104.15 4.191+1 0.0 0.000+0
   106                    0.6000 5.835+1 1.168+2  0.50   3.74  104.14 4.244+1 0.0 0.000+0
   107                    0.7000 5.279+1 1.207+2  0.44   3.83  104.13 4.299+1 0.0 0.000+0
   108                    0.8000 4.721+1 1.247+2  0.38   3.92  104.12 4.355+1 0.0 0.000+0
   109                    0.9000 4.158+1 1.289+2  0.32   4.02  104.12 4.412+1 0.0 0.000+0
   110 DNSTREAM           1.0000 3.589+1 1.332+2  0.27   4.12  104.12 4.470+1 0.0 0.000+0

 BRANCH NUMBER =     2
  Node  Node Identifier     Stat    Flow    Area   Vel  Depth    Elev     Top  Fr Lat Inf
   200 UPSTREAM           0.0000 1.830+2 1.160+2  1.58   3.72  104.72 4.234+1 0.0 0.000+0
   201                    0.1000 1.756+2 1.162+2  1.51   3.73  104.63 4.236+1 0.0 0.000+0
   202                    0.2000 1.686+2 1.168+2  1.44   3.74  104.54 4.245+1 0.0 0.000+0
   203                    0.3000 1.617+2 1.177+2  1.37   3.76  104.46 4.257+1 0.0 0.000+0
   204                    0.4000 1.548+2 1.190+2  1.30   3.79  104.39 4.275+1 0.0 0.000+0
   205                    0.5000 1.482+2 1.206+2  1.23   3.83  104.33 4.298+1 0.0 0.000+0
   206                    0.6000 1.418+2 1.225+2  1.16   3.87  104.27 4.324+1 0.0 0.000+0
   207                    0.7000 1.356+2 1.248+2  1.09   3.93  104.23 4.355+1 0.0 0.000+0
   208                    0.8000 1.296+2 1.273+2  1.02   3.98  104.18 4.390+1 0.0 0.000+0
   209                    0.9000 1.237+2 1.301+2  0.95   4.05  104.15 4.429+1 0.0 0.000+0
   210 DNSTREAM           1.0000 1.179+2 1.332+2  0.89   4.12  104.12 4.470+1 0.0 0.000+0

 BRANCH NUMBER =     3
  Node  Node Identifier     Stat    Flow    Area   Vel  Depth    Elev     Top  Fr Lat Inf
   300 UPSTREAM           0.0000 1.538+2 2.664+2  0.58   4.12  104.12 8.940+1 0.0 0.000+0
   301                    0.1000 1.428+2 2.434+2  0.59   4.00  104.10 8.363+1 0.0 0.000+0
   302                    0.2000 1.326+2 2.216+2  0.60   3.89  104.09 7.799+1 0.0 0.000+0
   303                    0.3000 1.232+2 2.008+2  0.61   3.77  104.07 7.247+1 0.0 0.000+0
   304                    0.4000 1.147+2 1.809+2  0.63   3.65  104.05 6.707+1 0.0 0.000+0
   305                    0.5000 1.070+2 1.621+2  0.66   3.53  104.03 6.179+1 0.0 0.000+0
   306                    0.6000 1.001+2 1.442+2  0.69   3.41  104.01 5.663+1 0.0 0.000+0
   307                    0.7000 9.414+1 1.273+2  0.74   3.28  103.98 5.159+1 0.0 0.000+0
   308                    0.8000 8.895+1 1.112+2  0.80   3.15  103.95 4.667+1 0.0 0.000+0
   309                    0.9000 8.456+1 9.601+1  0.88   3.01  103.91 4.185+1 0.0 0.000+0
   310 DNSTREAM           1.0000 8.098+1 8.156+1  0.99   2.86  103.86 3.713+1 0.0 0.000+0

 EXTERIOR NODES
  Node  Node Identifier        QE1     YE1    Elev    Storage    Storage
    U1 UPSTREAM          9.150E+01   3.275 104.275
    D1 DNSTREAM          3.589E+01   4.117 104.117
    U2 UPSTREAM          1.830E+02   3.723 104.723
    D2 DNSTREAM          1.179E+02   4.117 104.117
    U3 UPSTREAM          1.538E+02   4.117 104.117
    D3 DNSTREAM          8.098E+01   2.855 103.855
 Balance 1: S1=1.593E+06 S2=2.122E+06 BNI=8.105E+05 BNQ=2.809E+05 TAQ=0.000E+00 WSI=0.000E+00 WSQ=0.000E+00
 Bal diff=BAL=S2-S1-BNI-TAQ+BNQ-WSI+WSQ=-4.855E-02    Rel bal=BAL/(S2+BNQ)=-2.020E-08

 SIMULATION ending at  1990/ 1/ 1: 2.0000000.  Time step=   450.00 sec
 ITER RCORECT  BRA   NODE   MXRES  LOC  SUMSQR NUMGT
    1 7.2E-02    3    310 1.2E+01   65 2.4E+03    66
    2 3.5E-04    3    310 2.6E-01   63 3.5E-01     0
 CSUR= 0.0E+00 AT ND=   0:     0 RLTQ= 0.0E+00 AT ND=   0:     0 DT/ITER=   225.0

 RESULTS at time           7200. JTIME =     47892.0833333334

 BRANCH NUMBER =     1
  Node  Node Identifier     Stat    Flow    Area   Vel  Depth    Elev     Top  Fr Lat Inf
   100 UPSTREAM           0.0000 1.000+2 1.026+2  0.98   3.40  104.40 4.038+1 0.0 0.000+0
   101                    0.1000 9.414+1 1.051+2  0.90   3.46  104.36 4.076+1 0.0 0.000+0
   102                    0.2000 8.820+1 1.079+2  0.82   3.53  104.33 4.117+1 0.0 0.000+0
   103                    0.3000 8.232+1 1.110+2  0.74   3.60  104.30 4.162+1 0.0 0.000+0
   104                    0.4000 7.644+1 1.144+2  0.67   3.68  104.28 4.210+1 0.0 0.000+0
   105                    0.5000 7.051+1 1.180+2  0.60   3.77  104.27 4.261+1 0.0 0.000+0
   106                    0.6000 6.452+1 1.217+2  0.53   3.86  104.26 4.314+1 0.0 0.000+0
   107                    0.7000 5.848+1 1.257+2  0.47   3.95  104.25 4.368+1 0.0 0.000+0
   108                    0.8000 5.238+1 1.297+2  0.40   4.04  104.24 4.423+1 0.0 0.000+0
   109                    0.9000 4.625+1 1.339+2  0.35   4.13  104.23 4.480+1 0.0 0.000+0
   110 DNSTREAM           1.0000 4.007+1 1.383+2  0.29   4.23  104.23 4.538+1 0.0 0.000+0

 BRANCH NUMBER =     2
  Node  Node Identifier     Stat    Flow    Area   Vel  Depth    Elev     Top  Fr Lat Inf
   200 UPSTREAM           0.0000 2.000+2 1.224+2  1.63   3.87  104.87 4.323+1 0.0 0.000+0
   201                    0.1000 1.926+2 1.225+2  1.57   3.87  104.77 4.324+1 0.0 0.000+0
   202                    0.2000 1.851+2 1.229+2  1.51   3.88  104.68 4.330+1 0.0 0.000+0
   203                    0.3000 1.779+2 1.237+2  1.44   3.90  104.60 4.341+1 0.0 0.000+0
   204                    0.4000 1.709+2 1.248+2  1.37   3.93  104.53 4.356+1 0.0 0.000+0
   205                    0.5000 1.640+2 1.263+2  1.30   3.96  104.46 4.377+1 0.0 0.000+0
   206                    0.6000 1.572+2 1.281+2  1.23   4.00  104.40 4.401+1 0.0 0.000+0
   207                    0.7000 1.505+2 1.302+2  1.16   4.05  104.35 4.430+1 0.0 0.000+0
   208                    0.8000 1.439+2 1.326+2  1.09   4.10  104.30 4.462+1 0.0 0.000+0
   209                    0.9000 1.375+2 1.353+2  1.02   4.16  104.26 4.498+1 0.0 0.000+0
   210 DNSTREAM           1.0000 1.313+2 1.383+2  0.95   4.23  104.23 4.538+1 0.0 0.000+0

 BRANCH NUMBER =     3
  Node  Node Identifier     Stat    Flow    Area   Vel  Depth    Elev     Top  Fr Lat Inf
   300 UPSTREAM           0.0000 1.713+2 2.766+2  0.62   4.23  104.23 9.076+1 0.0 0.000+0
   301                    0.1000 1.594+2 2.529+2  0.63   4.11  104.21 8.491+1 0.0 0.000+0
   302                    0.2000 1.484+2 2.303+2  0.64   4.00  104.20 7.918+1 0.0 0.000+0
   303                    0.3000 1.384+2 2.087+2  0.66   3.88  104.18 7.357+1 0.0 0.000+0
   304                    0.4000 1.292+2 1.881+2  0.69   3.76  104.16 6.809+1 0.0 0.000+0
   305                    0.5000 1.209+2 1.686+2  0.72   3.64  104.14 6.273+1 0.0 0.000+0
   306                    0.6000 1.134+2 1.500+2  0.76   3.51  104.11 5.748+1 0.0 0.000+0
   307                    0.7000 1.068+2 1.323+2  0.81   3.38  104.08 5.235+1 0.0 0.000+0
   308                    0.8000 1.010+2 1.156+2  0.87   3.24  104.04 4.733+1 0.0 0.000+0
   309                    0.9000 9.616+1 9.962+1  0.97   3.09  103.99 4.242+1 0.0 0.000+0
   310 DNSTREAM           1.0000 9.217+1 8.444+1  1.09   2.93  103.93 3.760+1 0.0 0.000+0

 EXTERIOR NODES
  Node  Node Identifier        QE1     YE1    Elev    Storage    Storage
    U1 UPSTREAM          1.000E+02   3.397 104.397
    D1 DNSTREAM          4.007E+01   4.230 104.230
    U2 UPSTREAM          2.000E+02   3.872 104.871
    D2 DNSTREAM          1.313E+02   4.230 104.230
    U3 UPSTREAM          1.713E+02   4.230 104.230
    D3 DNSTREAM          9.217E+01   2.932 103.932
 Balance 1: S1=1.593E+06 S2=2.213E+06 BNI=9.403E+05 BNQ=3.201E+05 TAQ=0.000E+00 WSI=0.000E+00 WSQ=0.000E+00
 Bal diff=BAL=S2-S1-BNI-TAQ+BNQ-WSI+WSQ=-1.126E-02    Rel bal=BAL/(S2+BNQ)=-4.444E-09

 SIMULATION ending at  1990/ 1/ 1: 2.1250000.  Time step=   450.00 sec
 ITER RCORECT  BRA   NODE   MXRES  LOC  SUMSQR NUMGT
    1 7.0E-02    3    310 1.3E+01   63 2.5E+03    66
    2 3.3E-04    3    310 1.0E-01   41 1.8E-01     0
 CSUR= 0.0E+00 AT ND=   0:     0 RLTQ= 0.0E+00 AT ND=   0:     0 DT/ITER=   225.0

 RESULTS at time           7650. JTIME =     47892.0885416667

 BRANCH NUMBER =     1
  Node  Node Identifier     Stat    Flow    Area   Vel  Depth    Elev     Top  Fr Lat Inf
   100 UPSTREAM           0.0000 1.064+2 1.074+2  0.99   3.52  104.52 4.110+1 0.0 0.000+0
   101                    0.1000 1.007+2 1.101+2  0.91   3.58  104.48 4.148+1 0.0 0.000+0
   102                    0.2000 9.489+1 1.130+2  0.84   3.65  104.45 4.190+1 0.0 0.000+0
   103                    0.3000 8.888+1 1.161+2  0.77   3.73  104.43 4.235+1 0.0 0.000+0
   104                    0.4000 8.278+1 1.195+2  0.69   3.81  104.41 4.283+1 0.0 0.000+0
   105                    0.5000 7.661+1 1.232+2  0.62   3.89  104.39 4.333+1 0.0 0.000+0
   106                    0.6000 7.038+1 1.270+2  0.55   3.98  104.38 4.386+1 0.0 0.000+0
   107                    0.7000 6.407+1 1.310+2  0.49   4.07  104.37 4.440+1 0.0 0.000+0
   108                    0.8000 5.767+1 1.351+2  0.43   4.16  104.36 4.496+1 0.0 0.000+0
   109                    0.9000 5.119+1 1.394+2  0.37   4.25  104.35 4.552+1 0.0 0.000+0
   110 DNSTREAM           1.0000 4.461+1 1.438+2  0.31   4.35  104.35 4.610+1 0.0 0.000+0

 BRANCH NUMBER =     2
  Node  Node Identifier     Stat    Flow    Area   Vel  Depth    Elev     Top  Fr Lat Inf
   200 UPSTREAM           0.0000 2.128+2 1.283+2  1.66   4.01  105.01 4.404+1 0.0 0.000+0
   201                    0.1000 2.062+2 1.285+2  1.60   4.01  104.91 4.406+1 0.0 0.000+0
   202                    0.2000 1.995+2 1.289+2  1.55   4.02  104.82 4.413+1 0.0 0.000+0
   203                    0.3000 1.926+2 1.297+2  1.49   4.04  104.74 4.423+1 0.0 0.000+0
   204                    0.4000 1.856+2 1.308+2  1.42   4.06  104.66 4.437+1 0.0 0.000+0
   205                    0.5000 1.787+2 1.321+2  1.35   4.09  104.59 4.456+1 0.0 0.000+0
   206                    0.6000 1.718+2 1.339+2  1.28   4.13  104.53 4.479+1 0.0 0.000+0
   207                    0.7000 1.650+2 1.359+2  1.21   4.18  104.48 4.506+1 0.0 0.000+0
   208                    0.8000 1.583+2 1.382+2  1.15   4.23  104.43 4.537+1 0.0 0.000+0
   209                    0.9000 1.516+2 1.409+2  1.08   4.29  104.39 4.572+1 0.0 0.000+0
   210 DNSTREAM           1.0000 1.450+2 1.438+2  1.01   4.35  104.35 4.610+1 0.0 0.000+0

 BRANCH NUMBER =     3
  Node  Node Identifier     Stat    Flow    Area   Vel  Depth    Elev     Top  Fr Lat Inf
   300 UPSTREAM           0.0000 1.896+2 2.875+2  0.66   4.35  104.35 9.220+1 0.0 0.000+0
   301                    0.1000 1.768+2 2.630+2  0.67   4.23  104.33 8.626+1 0.0 0.000+0
   302                    0.2000 1.650+2 2.396+2  0.69   4.12  104.32 8.044+1 0.0 0.000+0
   303                    0.3000 1.542+2 2.172+2  0.71   4.00  104.30 7.475+1 0.0 0.000+0
   304                    0.4000 1.443+2 1.959+2  0.74   3.87  104.27 6.918+1 0.0 0.000+0
   305                    0.5000 1.354+2 1.756+2  0.77   3.75  104.25 6.372+1 0.0 0.000+0
   306                    0.6000 1.274+2 1.562+2  0.82   3.62  104.22 5.838+1 0.0 0.000+0
   307                    0.7000 1.204+2 1.378+2  0.87   3.48  104.18 5.316+1 0.0 0.000+0
   308                    0.8000 1.142+2 1.203+2  0.95   3.34  104.14 4.804+1 0.0 0.000+0
   309                    0.9000 1.090+2 1.036+2  1.05   3.19  104.09 4.303+1 0.0 0.000+0
   310 DNSTREAM           1.0000 1.047+2 8.757+1  1.20   3.01  104.01 3.809+1 0.0 0.000+0

 EXTERIOR NODES
  Node  Node Identifier        QE1     YE1    Elev    Storage    Storage
    U1 UPSTREAM          1.064E+02   3.517 104.517
    D1 DNSTREAM          4.461E+01   4.350 104.350
    U2 UPSTREAM          2.128E+02   4.007 105.007
    D2 DNSTREAM          1.450E+02   4.350 104.350
    U3 UPSTREAM          1.896E+02   4.350 104.350
    D3 DNSTREAM          1.047E+02   3.015 104.015
 Balance 1: S1=1.593E+06 S2=2.308E+06 BNI=1.080E+06 BNQ=3.647E+05 TAQ=0.000E+00 WSI=0.000E+00 WSQ=0.000E+00
 Bal diff=BAL=S2-S1-BNI-TAQ+BNQ-WSI+WSQ=-1.881E-02    Rel bal=BAL/(S2+BNQ)=-7.038E-09

 SIMULATION ending at  1990/ 1/ 1: 2.2500000.  Time step=   450.00 sec
 ITER RCORECT  BRA   NODE   MXRES  LOC  SUMSQR NUMGT
    1 6.5E-02    3    310 1.1E+01   25 2.0E+03    66
    2 3.0E-04    3    310 1.4E-01   65 1.7E-01     0
 CSUR= 0.0E+00 AT ND=   0:     0 RLTQ= 0.0E+00 AT ND=   0:     0 DT/ITER=   225.0

 RESULTS at time           8100. JTIME =     47892.0937500000

 BRANCH NUMBER =     1
  Node  Node Identifier     Stat    Flow    Area   Vel  Depth    Elev     Top  Fr Lat Inf
   100 UPSTREAM           0.0000 1.128+2 1.125+2  1.00   3.64  104.64 4.183+1 0.0 0.000+0
   101                    0.1000 1.066+2 1.151+2  0.93   3.70  104.60 4.221+1 0.0 0.000+0
   102                    0.2000 1.005+2 1.181+2  0.85   3.77  104.57 4.263+1 0.0 0.000+0
   103                    0.3000 9.434+1 1.213+2  0.78   3.85  104.55 4.308+1 0.0 0.000+0
   104                    0.4000 8.814+1 1.248+2  0.71   3.93  104.53 4.356+1 0.0 0.000+0
   105                    0.5000 8.182+1 1.285+2  0.64   4.01  104.51 4.407+1 0.0 0.000+0
   106                    0.6000 7.541+1 1.324+2  0.57   4.10  104.50 4.459+1 0.0 0.000+0
   107                    0.7000 6.892+1 1.365+2  0.51   4.19  104.49 4.514+1 0.0 0.000+0
   108                    0.8000 6.236+1 1.407+2  0.44   4.28  104.48 4.569+1 0.0 0.000+0
   109                    0.9000 5.572+1 1.450+2  0.38   4.38  104.48 4.626+1 0.0 0.000+0
   110 DNSTREAM           1.0000 4.901+1 1.495+2  0.33   4.47  104.47 4.683+1 0.0 0.000+0

 BRANCH NUMBER =     2
  Node  Node Identifier     Stat    Flow    Area   Vel  Depth    Elev     Top  Fr Lat Inf
   200 UPSTREAM           0.0000 2.255+2 1.341+2  1.68   4.14  105.14 4.482+1 0.0 0.000+0
   201                    0.1000 2.186+2 1.342+2  1.63   4.14  105.04 4.484+1 0.0 0.000+0
   202                    0.2000 2.117+2 1.347+2  1.57   4.15  104.95 4.490+1 0.0 0.000+0
   203                    0.3000 2.050+2 1.355+2  1.51   4.17  104.87 4.501+1 0.0 0.000+0
   204                    0.4000 1.983+2 1.366+2  1.45   4.19  104.79 4.515+1 0.0 0.000+0
   205                    0.5000 1.916+2 1.380+2  1.39   4.22  104.72 4.534+1 0.0 0.000+0
   206                    0.6000 1.848+2 1.397+2  1.32   4.26  104.66 4.556+1 0.0 0.000+0
   207                    0.7000 1.781+2 1.417+2  1.26   4.30  104.60 4.583+1 0.0 0.000+0
   208                    0.8000 1.713+2 1.440+2  1.19   4.35  104.55 4.613+1 0.0 0.000+0
   209                    0.9000 1.645+2 1.466+2  1.12   4.41  104.51 4.646+1 0.0 0.000+0
   210 DNSTREAM           1.0000 1.578+2 1.495+2  1.06   4.47  104.47 4.683+1 0.0 0.000+0

 BRANCH NUMBER =     3
  Node  Node Identifier     Stat    Flow    Area   Vel  Depth    Elev     Top  Fr Lat Inf
   300 UPSTREAM           0.0000 2.068+2 2.989+2  0.69   4.47  104.47 9.367+1 0.0 0.000+0
   301                    0.1000 1.937+2 2.736+2  0.71   4.36  104.46 8.765+1 0.0 0.000+0
   302                    0.2000 1.816+2 2.494+2  0.73   4.24  104.44 8.175+1 0.0 0.000+0
   303                    0.3000 1.704+2 2.262+2  0.75   4.11  104.41 7.597+1 0.0 0.000+0
   304                    0.4000 1.601+2 2.041+2  0.78   3.99  104.39 7.031+1 0.0 0.000+0
   305                    0.5000 1.507+2 1.830+2  0.82   3.86  104.36 6.476+1 0.0 0.000+0
   306                    0.6000 1.423+2 1.628+2  0.87   3.73  104.33 5.933+1 0.0 0.000+0
   307                    0.7000 1.348+2 1.436+2  0.94   3.59  104.29 5.400+1 0.0 0.000+0
   308                    0.8000 1.283+2 1.253+2  1.02   3.44  104.24 4.879+1 0.0 0.000+0
   309                    0.9000 1.228+2 1.077+2  1.14   3.28  104.18 4.366+1 0.0 0.000+0
   310 DNSTREAM           1.0000 1.183+2 9.088+1  1.30   3.10  104.10 3.861+1 0.0 0.000+0

 EXTERIOR NODES
  Node  Node Identifier        QE1     YE1    Elev    Storage    Storage
    U1 UPSTREAM          1.128E+02   3.638 104.638
    D1 DNSTREAM          4.901E+01   4.473 104.473
    U2 UPSTREAM          2.255E+02   4.137 105.137
    D2 DNSTREAM          1.578E+02   4.473 104.473
    U3 UPSTREAM          2.068E+02   4.473 104.473
    D3 DNSTREAM          1.183E+02   3.101 104.101
 Balance 1: S1=1.593E+06 S2=2.406E+06 BNI=1.228E+06 BNQ=4.152E+05 TAQ=0.000E+00 WSI=0.000E+00 WSQ=0.000E+00
 Bal diff=BAL=S2-S1-BNI-TAQ+BNQ-WSI+WSQ=-1.039E-02    Rel bal=BAL/(S2+BNQ)=-3.683E-09

 SIMULATION ending at  1990/ 1/ 1: 2.3750000.  Time step=   450.00 sec
 ITER RCORECT  BRA   NODE   MXRES  LOC  SUMSQR NUMGT
    1 6.1E-02    3    310 1.1E+01   65 2.0E+03    66
    2 2.6E-04    3    310 1.4E-01   43 1.9E-01     0
 CSUR= 0.0E+00 AT ND=   0:     0 RLTQ= 0.0E+00 AT ND=   0:     0 DT/ITER=   225.0

 RESULTS at time           8550. JTIME =     47892.0989583334

 BRANCH NUMBER =     1
  Node  Node Identifier     Stat    Flow    Area   Vel  Depth    Elev     Top  Fr Lat Inf
   100 UPSTREAM           0.0000 1.191+2 1.177+2  1.01   3.76  104.76 4.257+1 0.0 0.000+0
   101                    0.1000 1.129+2 1.204+2  0.94   3.83  104.73 4.296+1 0.0 0.000+0
   102                    0.2000 1.066+2 1.235+2  0.86   3.90  104.70 4.338+1 0.0 0.000+0
   103                    0.3000 1.001+2 1.268+2  0.79   3.97  104.67 4.383+1 0.0 0.000+0
   104                    0.4000 9.356+1 1.303+2  0.72   4.05  104.65 4.431+1 0.0 0.000+0
   105                    0.5000 8.699+1 1.340+2  0.65   4.14  104.64 4.482+1 0.0 0.000+0
   106                    0.6000 8.039+1 1.380+2  0.58   4.22  104.62 4.534+1 0.0 0.000+0
   107                    0.7000 7.373+1 1.421+2  0.52   4.31  104.61 4.588+1 0.0 0.000+0
   108                    0.8000 6.702+1 1.464+2  0.46   4.41  104.61 4.643+1 0.0 0.000+0
   109                    0.9000 6.024+1 1.508+2  0.40   4.50  104.60 4.700+1 0.0 0.000+0
   110 DNSTREAM           1.0000 5.340+1 1.553+2  0.34   4.60  104.60 4.757+1 0.0 0.000+0

 BRANCH NUMBER =     2
  Node  Node Identifier     Stat    Flow    Area   Vel  Depth    Elev     Top  Fr Lat Inf
   200 UPSTREAM           0.0000 2.383+2 1.399+2  1.70   4.26  105.26 4.559+1 0.0 0.000+0
   201                    0.1000 2.316+2 1.401+2  1.65   4.27  105.17 4.561+1 0.0 0.000+0
   202                    0.2000 2.247+2 1.405+2  1.60   4.28  105.08 4.568+1 0.0 0.000+0
   203                    0.3000 2.177+2 1.413+2  1.54   4.30  105.00 4.578+1 0.0 0.000+0
   204                    0.4000 2.108+2 1.424+2  1.48   4.32  104.92 4.592+1 0.0 0.000+0
   205                    0.5000 2.038+2 1.438+2  1.42   4.35  104.85 4.610+1 0.0 0.000+0
   206                    0.6000 1.970+2 1.455+2  1.35   4.39  104.79 4.632+1 0.0 0.000+0
   207                    0.7000 1.901+2 1.475+2  1.29   4.43  104.73 4.658+1 0.0 0.000+0
   208                    0.8000 1.832+2 1.498+2  1.22   4.48  104.68 4.688+1 0.0 0.000+0
   209                    0.9000 1.763+2 1.524+2  1.16   4.54  104.64 4.721+1 0.0 0.000+0
   210 DNSTREAM           1.0000 1.695+2 1.553+2  1.09   4.60  104.60 4.757+1 0.0 0.000+0

 BRANCH NUMBER =     3
  Node  Node Identifier     Stat    Flow    Area   Vel  Depth    Elev     Top  Fr Lat Inf
   300 UPSTREAM           0.0000 2.229+2 3.105+2  0.72   4.60  104.60 9.515+1 0.0 0.000+0
   301                    0.1000 2.096+2 2.844+2  0.74   4.48  104.58 8.904+1 0.0 0.000+0
   302                    0.2000 1.973+2 2.594+2  0.76   4.36  104.56 8.306+1 0.0 0.000+0
   303                    0.3000 1.860+2 2.355+2  0.79   4.23  104.53 7.720+1 0.0 0.000+0
   304                    0.4000 1.756+2 2.125+2  0.83   4.11  104.51 7.145+1 0.0 0.000+0
   305                    0.5000 1.661+2 1.906+2  0.87   3.98  104.48 6.581+1 0.0 0.000+0
   306                    0.6000 1.576+2 1.697+2  0.93   3.84  104.44 6.029+1 0.0 0.000+0
   307                    0.7000 1.499+2 1.496+2  1.00   3.70  104.40 5.487+1 0.0 0.000+0
   308                    0.8000 1.433+2 1.305+2  1.10   3.55  104.35 4.955+1 0.0 0.000+0
   309                    0.9000 1.376+2 1.121+2  1.23   3.38  104.28 4.431+1 0.0 0.000+0
   310 DNSTREAM           1.0000 1.329+2 9.433+1  1.41   3.19  104.19 3.914+1 0.0 0.000+0

 EXTERIOR NODES
  Node  Node Identifier        QE1     YE1    Elev    Storage    Storage
    U1 UPSTREAM          1.191E+02   3.761 104.761
    D1 DNSTREAM          5.340E+01   4.596 104.596
    U2 UPSTREAM          2.383E+02   4.265 105.265
    D2 DNSTREAM          1.695E+02   4.596 104.596
    U3 UPSTREAM          2.229E+02   4.596 104.596
    D3 DNSTREAM          1.329E+02   3.190 104.190
 Balance 1: S1=1.593E+06 S2=2.506E+06 BNI=1.385E+06 BNQ=4.720E+05 TAQ=0.000E+00 WSI=0.000E+00 WSQ=0.000E+00
 Bal diff=BAL=S2-S1-BNI-TAQ+BNQ-WSI+WSQ=-5.136E-02    Rel bal=BAL/(S2+BNQ)=-1.725E-08

 SIMULATION ending at  1990/ 1/ 1: 2.5000000.  Time step=   450.00 sec
 ITER RCORECT  BRA   NODE   MXRES  LOC  SUMSQR NUMGT
    1 5.6E-02    3    310 9.7E+00   43 2.1E+03    66
    2 2.2E-04    3    310 1.5E-01   43 2.1E-01     0
 CSUR= 0.0E+00 AT ND=   0:     0 RLTQ= 0.0E+00 AT ND=   0:     0 DT/ITER=   225.0

 RESULTS at time           9000. JTIME =     47892.1041666667

 BRANCH NUMBER =     1
  Node  Node Identifier     Stat    Flow    Area   Vel  Depth    Elev     Top  Fr Lat Inf
   100 UPSTREAM           0.0000 1.255+2 1.230+2  1.02   3.89  104.89 4.331+1 0.0 0.000+0
   101                    0.1000 1.191+2 1.259+2  0.95   3.95  104.85 4.371+1 0.0 0.000+0
   102                    0.2000 1.126+2 1.290+2  0.87   4.02  104.82 4.413+1 0.0 0.000+0
   103                    0.3000 1.062+2 1.323+2  0.80   4.10  104.80 4.459+1 0.0 0.000+0
   104                    0.4000 9.957+1 1.359+2  0.73   4.18  104.78 4.507+1 0.0 0.000+0
   105                    0.5000 9.287+1 1.397+2  0.66   4.26  104.76 4.557+1 0.0 0.000+0
   106                    0.6000 8.609+1 1.437+2  0.60   4.35  104.75 4.609+1 0.0 0.000+0
   107                    0.7000 7.926+1 1.479+2  0.54   4.44  104.74 4.663+1 0.0 0.000+0
   108                    0.8000 7.238+1 1.522+2  0.48   4.53  104.73 4.718+1 0.0 0.000+0
   109                    0.9000 6.545+1 1.566+2  0.42   4.62  104.72 4.774+1 0.0 0.000+0
   110 DNSTREAM           1.0000 5.846+1 1.612+2  0.36   4.72  104.72 4.831+1 0.0 0.000+0

 BRANCH NUMBER =     2
  Node  Node Identifier     Stat    Flow    Area   Vel  Depth    Elev     Top  Fr Lat Inf
   200 UPSTREAM           0.0000 2.510+2 1.457+2  1.72   4.39  105.39 4.634+1 0.0 0.000+0
   201                    0.1000 2.441+2 1.459+2  1.67   4.40  105.30 4.637+1 0.0 0.000+0
   202                    0.2000 2.372+2 1.464+2  1.62   4.41  105.21 4.644+1 0.0 0.000+0
   203                    0.3000 2.304+2 1.472+2  1.56   4.42  105.12 4.655+1 0.0 0.000+0
   204                    0.4000 2.234+2 1.483+2  1.51   4.45  105.05 4.669+1 0.0 0.000+0
   205                    0.5000 2.164+2 1.497+2  1.45   4.48  104.98 4.687+1 0.0 0.000+0
   206                    0.6000 2.093+2 1.514+2  1.38   4.51  104.91 4.709+1 0.0 0.000+0
   207                    0.7000 2.023+2 1.535+2  1.32   4.56  104.86 4.734+1 0.0 0.000+0
   208                    0.8000 1.952+2 1.558+2  1.25   4.61  104.81 4.763+1 0.0 0.000+0
   209                    0.9000 1.882+2 1.583+2  1.19   4.66  104.76 4.796+1 0.0 0.000+0
   210 DNSTREAM           1.0000 1.812+2 1.612+2  1.12   4.72  104.72 4.831+1 0.0 0.000+0

 BRANCH NUMBER =     3
  Node  Node Identifier     Stat    Flow    Area   Vel  Depth    Elev     Top  Fr Lat Inf
   300 UPSTREAM           0.0000 2.396+2 3.224+2  0.74   4.72  104.72 9.663+1 0.0 0.000+0
   301                    0.1000 2.261+2 2.954+2  0.77   4.60  104.70 9.044+1 0.0 0.000+0
   302                    0.2000 2.135+2 2.696+2  0.79   4.48  104.68 8.437+1 0.0 0.000+0
   303                    0.3000 2.019+2 2.448+2  0.82   4.36  104.66 7.842+1 0.0 0.000+0
   304                    0.4000 1.913+2 2.211+2  0.87   4.23  104.63 7.259+1 0.0 0.000+0
   305                    0.5000 1.817+2 1.984+2  0.92   4.10  104.60 6.686+1 0.0 0.000+0
   306                    0.6000 1.730+2 1.766+2  0.98   3.96  104.56 6.125+1 0.0 0.000+0
   307                    0.7000 1.653+2 1.558+2  1.06   3.81  104.51 5.573+1 0.0 0.000+0
   308                    0.8000 1.585+2 1.358+2  1.17   3.65  104.45 5.031+1 0.0 0.000+0
   309                    0.9000 1.528+2 1.165+2  1.31   3.48  104.38 4.497+1 0.0 0.000+0
   310 DNSTREAM           1.0000 1.481+2 9.784+1  1.51   3.28  104.28 3.968+1 0.0 0.000+0

 EXTERIOR NODES
  Node  Node Identifier        QE1     YE1    Elev    Storage    Storage
    U1 UPSTREAM          1.255E+02   3.886 104.886
    D1 DNSTREAM          5.846E+01   4.719 104.719
    U2 UPSTREAM          2.510E+02   4.391 105.391
    D2 DNSTREAM          1.812E+02   4.719 104.719
    U3 UPSTREAM          2.396E+02   4.719 104.719
    D3 DNSTREAM          1.481E+02   3.279 104.279
 Balance 1: S1=1.593E+06 S2=2.608E+06 BNI=1.551E+06 BNQ=5.356E+05 TAQ=0.000E+00 WSI=0.000E+00 WSQ=0.000E+00
 Bal diff=BAL=S2-S1-BNI-TAQ+BNQ-WSI+WSQ= 3.295E-03    Rel bal=BAL/(S2+BNQ)= 1.048E-09

 SIMULATION ending at  1990/ 1/ 1: 2.6250000.  Time step=   450.00 sec
 ITER RCORECT  BRA   NODE   MXRES  LOC  SUMSQR NUMGT
    1 5.2E-02    3    310 1.1E+01   25 2.3E+03    66
    2 2.0E-04    3    310 1.9E-01   41 2.5E-01     0
 CSUR= 0.0E+00 AT ND=   0:     0 RLTQ= 0.0E+00 AT ND=   0:     0 DT/ITER=   225.0

 RESULTS at time           9450. JTIME =     47892.1093750001

 BRANCH NUMBER =     1
  Node  Node Identifier     Stat    Flow    Area   Vel  Depth    Elev     Top  Fr Lat Inf
   100 UPSTREAM           0.0000 1.319+2 1.284+2  1.03   4.01  105.01 4.406+1 0.0 0.000+0
   101                    0.1000 1.255+2 1.314+2  0.96   4.08  104.98 4.446+1 0.0 0.000+0
   102                    0.2000 1.189+2 1.345+2  0.88   4.15  104.95 4.488+1 0.0 0.000+0
   103                    0.3000 1.122+2 1.380+2  0.81   4.22  104.92 4.534+1 0.0 0.000+0
   104                    0.4000 1.056+2 1.416+2  0.75   4.30  104.90 4.582+1 0.0 0.000+0
   105                    0.5000 9.883+1 1.455+2  0.68   4.39  104.89 4.632+1 0.0 0.000+0
   106                    0.6000 9.202+1 1.495+2  0.62   4.47  104.87 4.684+1 0.0 0.000+0
   107                    0.7000 8.514+1 1.537+2  0.55   4.56  104.86 4.738+1 0.0 0.000+0
   108                    0.8000 7.817+1 1.581+2  0.49   4.66  104.86 4.793+1 0.0 0.000+0
   109                    0.9000 7.113+1 1.626+2  0.44   4.75  104.85 4.849+1 0.0 0.000+0
   110 DNSTREAM           1.0000 6.402+1 1.672+2  0.38   4.84  104.84 4.906+1 0.0 0.000+0

 BRANCH NUMBER =     2
  Node  Node Identifier     Stat    Flow    Area   Vel  Depth    Elev     Top  Fr Lat Inf
   200 UPSTREAM           0.0000 2.638+2 1.515+2  1.74   4.52  105.52 4.709+1 0.0 0.000+0
   201                    0.1000 2.569+2 1.518+2  1.69   4.52  105.42 4.713+1 0.0 0.000+0
   202                    0.2000 2.499+2 1.523+2  1.64   4.53  105.33 4.720+1 0.0 0.000+0
   203                    0.3000 2.428+2 1.532+2  1.59   4.55  105.25 4.731+1 0.0 0.000+0
   204                    0.4000 2.358+2 1.543+2  1.53   4.58  105.18 4.745+1 0.0 0.000+0
   205                    0.5000 2.287+2 1.557+2  1.47   4.61  105.11 4.763+1 0.0 0.000+0
   206                    0.6000 2.217+2 1.575+2  1.41   4.64  105.04 4.785+1 0.0 0.000+0
   207                    0.7000 2.146+2 1.595+2  1.35   4.68  104.98 4.810+1 0.0 0.000+0
   208                    0.8000 2.075+2 1.618+2  1.28   4.73  104.93 4.839+1 0.0 0.000+0
   209                    0.9000 2.004+2 1.644+2  1.22   4.78  104.88 4.871+1 0.0 0.000+0
   210 DNSTREAM           1.0000 1.932+2 1.672+2  1.16   4.84  104.84 4.906+1 0.0 0.000+0

 BRANCH NUMBER =     3
  Node  Node Identifier     Stat    Flow    Area   Vel  Depth    Elev     Top  Fr Lat Inf
   300 UPSTREAM           0.0000 2.572+2 3.345+2  0.77   4.84  104.84 9.812+1 0.0 0.000+0
   301                    0.1000 2.434+2 3.067+2  0.79   4.72  104.82 9.185+1 0.0 0.000+0
   302                    0.2000 2.306+2 2.800+2  0.82   4.60  104.80 8.570+1 0.0 0.000+0
   303                    0.3000 2.188+2 2.544+2  0.86   4.48  104.78 7.966+1 0.0 0.000+0
   304                    0.4000 2.080+2 2.298+2  0.91   4.35  104.75 7.373+1 0.0 0.000+0
   305                    0.5000 1.981+2 2.063+2  0.96   4.21  104.71 6.792+1 0.0 0.000+0
   306                    0.6000 1.893+2 1.837+2  1.03   4.07  104.67 6.221+1 0.0 0.000+0
   307                    0.7000 1.814+2 1.620+2  1.12   3.92  104.62 5.660+1 0.0 0.000+0
   308                    0.8000 1.745+2 1.412+2  1.24   3.76  104.56 5.108+1 0.0 0.000+0
   309                    0.9000 1.686+2 1.210+2  1.39   3.58  104.48 4.563+1 0.0 0.000+0
   310 DNSTREAM           1.0000 1.639+2 1.014+2  1.62   3.37  104.37 4.021+1 0.0 0.000+0

 EXTERIOR NODES
  Node  Node Identifier        QE1     YE1    Elev    Storage    Storage
    U1 UPSTREAM          1.319E+02   4.010 105.010
    D1 DNSTREAM          6.402E+01   4.843 104.843
    U2 UPSTREAM          2.638E+02   4.516 105.516
    D2 DNSTREAM          1.932E+02   4.843 104.843
    U3 UPSTREAM          2.572E+02   4.843 104.843
    D3 DNSTREAM          1.639E+02   3.368 104.368
 Balance 1: S1=1.593E+06 S2=2.712E+06 BNI=1.725E+06 BNQ=6.061E+05 TAQ=0.000E+00 WSI=0.000E+00 WSQ=0.000E+00
 Bal diff=BAL=S2-S1-BNI-TAQ+BNQ-WSI+WSQ= 4.828E-02    Rel bal=BAL/(S2+BNQ)= 1.455E-08

 SIMULATION ending at  1990/ 1/ 1: 2.7500000.  Time step=   450.00 sec
 ITER RCORECT  BRA   NODE   MXRES  LOC  SUMSQR NUMGT
    1 4.9E-02    3    310 1.1E+01   25 2.4E+03    66
    2 1.8E-04    3    310 1.9E-01   43 2.7E-01     0
 CSUR= 0.0E+00 AT ND=   0:     0 RLTQ= 0.0E+00 AT ND=   0:     0 DT/ITER=   225.0

 RESULTS at time           9900. JTIME =     47892.1145833334

 BRANCH NUMBER =     1
  Node  Node Identifier     Stat    Flow    Area   Vel  Depth    Elev     Top  Fr Lat Inf
   100 UPSTREAM           0.0000 1.383+2 1.339+2  1.03   4.13  105.13 4.480+1 0.0 0.000+0
   101                    0.1000 1.317+2 1.369+2  0.96   4.20  105.10 4.520+1 0.0 0.000+0
   102                    0.2000 1.251+2 1.402+2  0.89   4.27  105.07 4.563+1 0.0 0.000+0
   103                    0.3000 1.185+2 1.437+2  0.82   4.35  105.05 4.609+1 0.0 0.000+0
   104                    0.4000 1.117+2 1.474+2  0.76   4.43  105.03 4.657+1 0.0 0.000+0
   105                    0.5000 1.048+2 1.513+2  0.69   4.51  105.01 4.707+1 0.0 0.000+0
   106                    0.6000 9.792+1 1.554+2  0.63   4.60  105.00 4.759+1 0.0 0.000+0
   107                    0.7000 9.094+1 1.597+2  0.57   4.69  104.99 4.812+1 0.0 0.000+0
   108                    0.8000 8.391+1 1.641+2  0.51   4.78  104.98 4.867+1 0.0 0.000+0
   109                    0.9000 7.681+1 1.687+2  0.46   4.87  104.97 4.923+1 0.0 0.000+0
   110 DNSTREAM           1.0000 6.964+1 1.734+2  0.40   4.97  104.97 4.980+1 0.0 0.000+0

 BRANCH NUMBER =     2
  Node  Node Identifier     Stat    Flow    Area   Vel  Depth    Elev     Top  Fr Lat Inf
   200 UPSTREAM           0.0000 2.765+2 1.574+2  1.76   4.64  105.64 4.784+1 0.0 0.000+0
   201                    0.1000 2.695+2 1.577+2  1.71   4.65  105.55 4.788+1 0.0 0.000+0
   202                    0.2000 2.626+2 1.583+2  1.66   4.66  105.46 4.795+1 0.0 0.000+0
   203                    0.3000 2.556+2 1.592+2  1.61   4.68  105.38 4.806+1 0.0 0.000+0
   204                    0.4000 2.485+2 1.604+2  1.55   4.70  105.30 4.821+1 0.0 0.000+0
   205                    0.5000 2.413+2 1.618+2  1.49   4.73  105.23 4.839+1 0.0 0.000+0
   206                    0.6000 2.341+2 1.635+2  1.43   4.77  105.17 4.860+1 0.0 0.000+0
   207                    0.7000 2.270+2 1.656+2  1.37   4.81  105.11 4.885+1 0.0 0.000+0
   208                    0.8000 2.198+2 1.679+2  1.31   4.86  105.06 4.914+1 0.0 0.000+0
   209                    0.9000 2.126+2 1.705+2  1.25   4.91  105.01 4.945+1 0.0 0.000+0
   210 DNSTREAM           1.0000 2.054+2 1.734+2  1.18   4.97  104.97 4.980+1 0.0 0.000+0

 BRANCH NUMBER =     3
  Node  Node Identifier     Stat    Flow    Area   Vel  Depth    Elev     Top  Fr Lat Inf
   300 UPSTREAM           0.0000 2.750+2 3.467+2  0.79   4.97  104.97 9.960+1 0.0 0.000+0
   301                    0.1000 2.611+2 3.181+2  0.82   4.85  104.95 9.325+1 0.0 0.000+0
   302                    0.2000 2.482+2 2.905+2  0.85   4.72  104.92 8.701+1 0.0 0.000+0
   303                    0.3000 2.362+2 2.641+2  0.89   4.60  104.90 8.089+1 0.0 0.000+0
   304                    0.4000 2.253+2 2.387+2  0.94   4.47  104.87 7.488+1 0.0 0.000+0
   305                    0.5000 2.153+2 2.143+2  1.00   4.33  104.83 6.898+1 0.0 0.000+0
   306                    0.6000 2.062+2 1.909+2  1.08   4.19  104.79 6.318+1 0.0 0.000+0
   307                    0.7000 1.982+2 1.684+2  1.18   4.03  104.73 5.747+1 0.0 0.000+0
   308                    0.8000 1.912+2 1.467+2  1.30   3.87  104.67 5.185+1 0.0 0.000+0
   309                    0.9000 1.852+2 1.256+2  1.47   3.68  104.58 4.629+1 0.0 0.000+0
   310 DNSTREAM           1.0000 1.803+2 1.050+2  1.72   3.46  104.46 4.075+1 0.0 0.000+0

 EXTERIOR NODES
  Node  Node Identifier        QE1     YE1    Elev    Storage    Storage
    U1 UPSTREAM          1.383E+02   4.133 105.133
    D1 DNSTREAM          6.964E+01   4.967 104.967
    U2 UPSTREAM          2.765E+02   4.640 105.640
    D2 DNSTREAM          2.054E+02   4.967 104.967
    U3 UPSTREAM          2.750E+02   4.967 104.967
    D3 DNSTREAM          1.803E+02   3.458 104.458
 Balance 1: S1=1.593E+06 S2=2.817E+06 BNI=1.908E+06 BNQ=6.839E+05 TAQ=0.000E+00 WSI=0.000E+00 WSQ=0.000E+00
 Bal diff=BAL=S2-S1-BNI-TAQ+BNQ-WSI+WSQ= 4.687E-02    Rel bal=BAL/(S2+BNQ)= 1.339E-08

 SIMULATION ending at  1990/ 1/ 1: 2.8750000.  Time step=   450.00 sec
 ITER RCORECT  BRA   NODE   MXRES  LOC  SUMSQR NUMGT
    1 4.6E-02    3    310 1.1E+01   43 2.4E+03    66
    2 1.8E-04    3    310 2.8E-01   43 2.8E-01     0
 CSUR= 0.0E+00 AT ND=   0:     0 RLTQ= 0.0E+00 AT ND=   0:     0 DT/ITER=   225.0

 RESULTS at time          10350. JTIME =     47892.1197916667

 BRANCH NUMBER =     1
  Node  Node Identifier     Stat    Flow    Area   Vel  Depth    Elev     Top  Fr Lat Inf
   100 UPSTREAM           0.0000 1.446+2 1.395+2  1.04   4.26  105.26 4.553+1 0.0 0.000+0
   101                    0.1000 1.381+2 1.425+2  0.97   4.32  105.22 4.594+1 0.0 0.000+0
   102                    0.2000 1.314+2 1.459+2  0.90   4.40  105.20 4.637+1 0.0 0.000+0
   103                    0.3000 1.246+2 1.494+2  0.83   4.47  105.17 4.683+1 0.0 0.000+0
   104                    0.4000 1.178+2 1.532+2  0.77   4.55  105.15 4.731+1 0.0 0.000+0
   105                    0.5000 1.109+2 1.572+2  0.71   4.64  105.14 4.781+1 0.0 0.000+0
   106                    0.6000 1.039+2 1.614+2  0.64   4.72  105.12 4.833+1 0.0 0.000+0
   107                    0.7000 9.688+1 1.657+2  0.58   4.81  105.11 4.887+1 0.0 0.000+0
   108                    0.8000 8.975+1 1.702+2  0.53   4.90  105.10 4.942+1 0.0 0.000+0
   109                    0.9000 8.256+1 1.748+2  0.47   5.00  105.10 4.997+1 0.0 0.000+0
   110 DNSTREAM           1.0000 7.531+1 1.795+2  0.42   5.09  105.09 5.054+1 0.0 0.000+0

 BRANCH NUMBER =     2
  Node  Node Identifier     Stat    Flow    Area   Vel  Depth    Elev     Top  Fr Lat Inf
   200 UPSTREAM           0.0000 2.893+2 1.633+2  1.77   4.76  105.76 4.857+1 0.0 0.000+0
   201                    0.1000 2.823+2 1.637+2  1.73   4.77  105.67 4.862+1 0.0 0.000+0
   202                    0.2000 2.753+2 1.643+2  1.68   4.78  105.58 4.870+1 0.0 0.000+0
   203                    0.3000 2.682+2 1.652+2  1.62   4.80  105.50 4.881+1 0.0 0.000+0
   204                    0.4000 2.611+2 1.664+2  1.57   4.83  105.43 4.896+1 0.0 0.000+0
   205                    0.5000 2.540+2 1.679+2  1.51   4.86  105.36 4.914+1 0.0 0.000+0
   206                    0.6000 2.468+2 1.697+2  1.45   4.89  105.29 4.936+1 0.0 0.000+0
   207                    0.7000 2.396+2 1.717+2  1.40   4.93  105.23 4.960+1 0.0 0.000+0
   208                    0.8000 2.323+2 1.741+2  1.33   4.98  105.18 4.989+1 0.0 0.000+0
   209                    0.9000 2.250+2 1.767+2  1.27   5.03  105.13 5.020+1 0.0 0.000+0
   210 DNSTREAM           1.0000 2.178+2 1.795+2  1.21   5.09  105.09 5.054+1 0.0 0.000+0

 BRANCH NUMBER =     3
  Node  Node Identifier     Stat    Flow    Area   Vel  Depth    Elev     Top  Fr Lat Inf
   300 UPSTREAM           0.0000 2.931+2 3.591+2  0.82   5.09  105.09 1.011+2 0.0 0.000+0
   301                    0.1000 2.790+2 3.296+2  0.85   4.97  105.07 9.465+1 0.0 0.000+0
   302                    0.2000 2.659+2 3.012+2  0.88   4.85  105.05 8.833+1 0.0 0.000+0
   303                    0.3000 2.539+2 2.739+2  0.93   4.72  105.02 8.212+1 0.0 0.000+0
   304                    0.4000 2.428+2 2.477+2  0.98   4.59  104.99 7.602+1 0.0 0.000+0
   305                    0.5000 2.327+2 2.225+2  1.05   4.45  104.95 7.003+1 0.0 0.000+0
   306                    0.6000 2.236+2 1.982+2  1.13   4.30  104.90 6.414+1 0.0 0.000+0
   307                    0.7000 2.154+2 1.749+2  1.23   4.15  104.85 5.834+1 0.0 0.000+0
   308                    0.8000 2.083+2 1.523+2  1.37   3.98  104.78 5.262+1 0.0 0.000+0
   309                    0.9000 2.023+2 1.303+2  1.55   3.78  104.68 4.695+1 0.0 0.000+0
   310 DNSTREAM           1.0000 1.973+2 1.087+2  1.81   3.55  104.55 4.129+1 0.0 0.000+0

 EXTERIOR NODES
  Node  Node Identifier        QE1     YE1    Elev    Storage    Storage
    U1 UPSTREAM          1.446E+02   4.256 105.256
    D1 DNSTREAM          7.531E+01   5.090 105.090
    U2 UPSTREAM          2.893E+02   4.762 105.762
    D2 DNSTREAM          2.178E+02   5.090 105.090
    U3 UPSTREAM          2.931E+02   5.090 105.090
    D3 DNSTREAM          1.973E+02   3.548 104.548
 Balance 1: S1=1.593E+06 S2=2.923E+06 BNI=2.099E+06 BNQ=7.693E+05 TAQ=0.000E+00 WSI=0.000E+00 WSQ=0.000E+00
 Bal diff=BAL=S2-S1-BNI-TAQ+BNQ-WSI+WSQ= 4.329E-02    Rel bal=BAL/(S2+BNQ)= 1.172E-08

 SIMULATION ending at  1990/ 1/ 1: 3.0000000.  Time step=   450.00 sec
 ITER RCORECT  BRA   NODE   MXRES  LOC  SUMSQR NUMGT
    1 4.3E-02    3    310 1.1E+01   25 2.5E+03    66
    2 1.4E-04    3    310 2.1E-01   43 2.3E-01     0
 CSUR= 0.0E+00 AT ND=   0:     0 RLTQ= 0.0E+00 AT ND=   0:     0 DT/ITER=   225.0

 RESULTS at time          10800. JTIME =     47892.1250000001

 BRANCH NUMBER =     1
  Node  Node Identifier     Stat    Flow    Area   Vel  Depth    Elev     Top  Fr Lat Inf
   100 UPSTREAM           0.0000 1.510+2 1.451+2  1.04   4.38  105.38 4.627+1 0.0 0.000+0
   101                    0.1000 1.444+2 1.482+2  0.97   4.45  105.35 4.667+1 0.0 0.000+0
   102                    0.2000 1.377+2 1.516+2  0.91   4.52  105.32 4.711+1 0.0 0.000+0
   103                    0.3000 1.308+2 1.553+2  0.84   4.60  105.30 4.757+1 0.0 0.000+0
   104                    0.4000 1.239+2 1.591+2  0.78   4.68  105.28 4.805+1 0.0 0.000+0
   105                    0.5000 1.170+2 1.631+2  0.72   4.76  105.26 4.855+1 0.0 0.000+0
   106                    0.6000 1.099+2 1.674+2  0.66   4.85  105.25 4.907+1 0.0 0.000+0
   107                    0.7000 1.028+2 1.718+2  0.60   4.93  105.23 4.961+1 0.0 0.000+0
   108                    0.8000 9.569+1 1.763+2  0.54   5.03  105.23 5.015+1 0.0 0.000+0
   109                    0.9000 8.847+1 1.810+2  0.49   5.12  105.22 5.071+1 0.0 0.000+0
   110 DNSTREAM           1.0000 8.117+1 1.858+2  0.44   5.21  105.21 5.127+1 0.0 0.000+0

 BRANCH NUMBER =     2
  Node  Node Identifier     Stat    Flow    Area   Vel  Depth    Elev     Top  Fr Lat Inf
   200 UPSTREAM           0.0000 3.020+2 1.691+2  1.79   4.88  105.88 4.929+1 0.0 0.000+0
   201                    0.1000 2.950+2 1.696+2  1.74   4.89  105.79 4.934+1 0.0 0.000+0
   202                    0.2000 2.881+2 1.703+2  1.69   4.91  105.71 4.943+1 0.0 0.000+0
   203                    0.3000 2.810+2 1.713+2  1.64   4.93  105.63 4.955+1 0.0 0.000+0
   204                    0.4000 2.738+2 1.725+2  1.59   4.95  105.55 4.970+1 0.0 0.000+0
   205                    0.5000 2.666+2 1.740+2  1.53   4.98  105.48 4.988+1 0.0 0.000+0
   206                    0.6000 2.594+2 1.758+2  1.48   5.02  105.42 5.010+1 0.0 0.000+0
   207                    0.7000 2.522+2 1.779+2  1.42   5.06  105.36 5.035+1 0.0 0.000+0
   208                    0.8000 2.449+2 1.803+2  1.36   5.10  105.30 5.063+1 0.0 0.000+0
   209                    0.9000 2.376+2 1.829+2  1.30   5.16  105.26 5.094+1 0.0 0.000+0
   210 DNSTREAM           1.0000 2.303+2 1.858+2  1.24   5.21  105.21 5.127+1 0.0 0.000+0

 BRANCH NUMBER =     3
  Node  Node Identifier     Stat    Flow    Area   Vel  Depth    Elev     Top  Fr Lat Inf
   300 UPSTREAM           0.0000 3.115+2 3.715+2  0.84   5.21  105.21 1.026+2 0.0 0.000+0
   301                    0.1000 2.973+2 3.412+2  0.87   5.09  105.19 9.604+1 0.0 0.000+0
   302                    0.2000 2.841+2 3.120+2  0.91   4.97  105.17 8.963+1 0.0 0.000+0
   303                    0.3000 2.719+2 2.838+2  0.96   4.84  105.14 8.334+1 0.0 0.000+0
   304                    0.4000 2.608+2 2.568+2  1.02   4.70  105.10 7.716+1 0.0 0.000+0
   305                    0.5000 2.506+2 2.307+2  1.09   4.56  105.06 7.108+1 0.0 0.000+0
   306                    0.6000 2.414+2 2.056+2  1.17   4.42  105.02 6.510+1 0.0 0.000+0
   307                    0.7000 2.332+2 1.814+2  1.29   4.26  104.96 5.921+1 0.0 0.000+0
   308                    0.8000 2.260+2 1.579+2  1.43   4.08  104.88 5.339+1 0.0 0.000+0
   309                    0.9000 2.198+2 1.351+2  1.63   3.88  104.78 4.761+1 0.0 0.000+0
   310 DNSTREAM           1.0000 2.148+2 1.125+2  1.91   3.64  104.64 4.183+1 0.0 0.000+0

 EXTERIOR NODES
  Node  Node Identifier        QE1     YE1    Elev    Storage    Storage
    U1 UPSTREAM          1.510E+02   4.378 105.378
    D1 DNSTREAM          8.117E+01   5.213 105.213
    U2 UPSTREAM          3.020E+02   4.882 105.882
    D2 DNSTREAM          2.303E+02   5.213 105.213
    U3 UPSTREAM          3.115E+02   5.213 105.213
    D3 DNSTREAM          2.148E+02   3.639 104.639
 Balance 1: S1=1.593E+06 S2=3.029E+06 BNI=2.299E+06 BNQ=8.624E+05 TAQ=0.000E+00 WSI=0.000E+00 WSQ=0.000E+00
 Bal diff=BAL=S2-S1-BNI-TAQ+BNQ-WSI+WSQ= 4.513E-02    Rel bal=BAL/(S2+BNQ)= 1.160E-08

 SIMULATION ending at  1990/ 1/ 1: 3.1250000.  Time step=   450.00 sec
 ITER RCORECT  BRA   NODE   MXRES  LOC  SUMSQR NUMGT
    1 6.7E-02    2    200 2.1E+01   66 3.0E+03    55
    2 2.7E-04    1    104 4.9E-01    3 1.5E+00     0
 CSUR= 0.0E+00 AT ND=   0:     0 RLTQ= 0.0E+00 AT ND=   0:     0 DT/ITER=   225.0

 RESULTS at time          11250. JTIME =     47892.1302083334

 BRANCH NUMBER =     1
  Node  Node Identifier     Stat    Flow    Area   Vel  Depth    Elev     Top  Fr Lat Inf
   100 UPSTREAM           0.0000 1.439+2 1.491+2  0.96   4.46  105.46 4.679+1 0.0 0.000+0
   101                    0.1000 1.402+2 1.527+2  0.92   4.54  105.44 4.725+1 0.0 0.000+0
   102                    0.2000 1.357+2 1.565+2  0.87   4.62  105.42 4.772+1 0.0 0.000+0
   103                    0.3000 1.306+2 1.604+2  0.81   4.70  105.40 4.821+1 0.0 0.000+0
   104                    0.4000 1.251+2 1.645+2  0.76   4.79  105.39 4.872+1 0.0 0.000+0
   105                    0.5000 1.192+2 1.687+2  0.71   4.87  105.37 4.923+1 0.0 0.000+0
   106                    0.6000 1.130+2 1.730+2  0.65   4.96  105.36 4.976+1 0.0 0.000+0
   107                    0.7000 1.066+2 1.775+2  0.60   5.05  105.35 5.030+1 0.0 0.000+0
   108                    0.8000 1.000+2 1.822+2  0.55   5.14  105.34 5.085+1 0.0 0.000+0
   109                    0.9000 9.326+1 1.869+2  0.50   5.24  105.34 5.141+1 0.0 0.000+0
   110 DNSTREAM           1.0000 8.641+1 1.918+2  0.45   5.33  105.33 5.198+1 0.0 0.000+0

 BRANCH NUMBER =     2
  Node  Node Identifier     Stat    Flow    Area   Vel  Depth    Elev     Top  Fr Lat Inf
   200 UPSTREAM           0.0000 2.878+2 1.718+2  1.68   4.93  105.93 4.961+1 0.0 0.000+0
   201                    0.1000 2.870+2 1.730+2  1.66   4.96  105.86 4.976+1 0.0 0.000+0
   202                    0.2000 2.846+2 1.744+2  1.63   4.99  105.79 4.992+1 0.0 0.000+0
   203                    0.3000 2.812+2 1.759+2  1.60   5.02  105.72 5.010+1 0.0 0.000+0
   204                    0.4000 2.768+2 1.775+2  1.56   5.05  105.65 5.030+1 0.0 0.000+0
   205                    0.5000 2.718+2 1.793+2  1.52   5.09  105.59 5.051+1 0.0 0.000+0
   206                    0.6000 2.662+2 1.813+2  1.47   5.13  105.53 5.075+1 0.0 0.000+0
   207                    0.7000 2.601+2 1.836+2  1.42   5.17  105.47 5.102+1 0.0 0.000+0
   208                    0.8000 2.538+2 1.861+2  1.36   5.22  105.42 5.131+1 0.0 0.000+0
   209                    0.9000 2.472+2 1.888+2  1.31   5.27  105.37 5.163+1 0.0 0.000+0
   210 DNSTREAM           1.0000 2.404+2 1.918+2  1.25   5.33  105.33 5.198+1 0.0 0.000+0

 BRANCH NUMBER =     3
  Node  Node Identifier     Stat    Flow    Area   Vel  Depth    Elev     Top  Fr Lat Inf
   300 UPSTREAM           0.0000 3.268+2 3.836+2  0.85   5.33  105.33 1.040+2 0.0 0.000+0
   301                    0.1000 3.134+2 3.525+2  0.89   5.21  105.31 9.737+1 0.0 0.000+0
   302                    0.2000 3.008+2 3.225+2  0.93   5.08  105.28 9.090+1 0.0 0.000+0
   303                    0.3000 2.890+2 2.936+2  0.98   4.95  105.25 8.453+1 0.0 0.000+0
   304                    0.4000 2.782+2 2.658+2  1.05   4.82  105.22 7.827+1 0.0 0.000+0
   305                    0.5000 2.682+2 2.389+2  1.12   4.68  105.18 7.211+1 0.0 0.000+0
   306                    0.6000 2.591+2 2.130+2  1.22   4.53  105.13 6.604+1 0.0 0.000+0
   307                    0.7000 2.510+2 1.879+2  1.34   4.37  105.07 6.006+1 0.0 0.000+0
   308                    0.8000 2.438+2 1.636+2  1.49   4.19  104.99 5.415+1 0.0 0.000+0
   309                    0.9000 2.377+2 1.399+2  1.70   3.98  104.88 4.827+1 0.0 0.000+0
   310 DNSTREAM           1.0000 2.327+2 1.163+2  2.00   3.73  104.73 4.237+1 0.0 0.000+0

 EXTERIOR NODES
  Node  Node Identifier        QE1     YE1    Elev    Storage    Storage
    U1 UPSTREAM          1.439E+02   4.465 105.465
    D1 DNSTREAM          8.641E+01   5.330 105.330
    U2 UPSTREAM          2.878E+02   4.935 105.935
    D2 DNSTREAM          2.404E+02   5.330 105.330
    U3 UPSTREAM          3.268E+02   5.330 105.330
    D3 DNSTREAM          2.327E+02   3.729 104.729
 Balance 1: S1=1.593E+06 S2=3.127E+06 BNI=2.498E+06 BNQ=9.635E+05 TAQ=0.000E+00 WSI=0.000E+00 WSQ=0.000E+00
 Bal diff=BAL=S2-S1-BNI-TAQ+BNQ-WSI+WSQ= 9.544E-02    Rel bal=BAL/(S2+BNQ)= 2.333E-08

 SIMULATION ending at  1990/ 1/ 1: 3.2500000.  Time step=   450.00 sec
 ITER RCORECT  BRA   NODE   MXRES  LOC  SUMSQR NUMGT
    1 5.4E-02    1    103 4.5E+01   65 6.5E+03    47
    2 4.3E-04    2    206 5.7E-01   63 2.6E+00     0
 CSUR= 0.0E+00 AT ND=   0:     0 RLTQ= 0.0E+00 AT ND=   0:     0 DT/ITER=   225.0

 RESULTS at time          11700. JTIME =     47892.1354166667

 BRANCH NUMBER =     1
  Node  Node Identifier     Stat    Flow    Area   Vel  Depth    Elev     Top  Fr Lat Inf
   100 UPSTREAM           0.0000 1.368+2 1.527+2  0.90   4.54  105.54 4.724+1 0.0 0.000+0
   101                    0.1000 1.320+2 1.564+2  0.84   4.62  105.52 4.771+1 0.0 0.000+0
   102                    0.2000 1.277+2 1.603+2  0.80   4.70  105.50 4.820+1 0.0 0.000+0
   103                    0.3000 1.234+2 1.644+2  0.75   4.79  105.49 4.871+1 0.0 0.000+0
   104                    0.4000 1.190+2 1.687+2  0.71   4.87  105.47 4.924+1 0.0 0.000+0
   105                    0.5000 1.145+2 1.732+2  0.66   4.96  105.46 4.978+1 0.0 0.000+0
   106                    0.6000 1.098+2 1.777+2  0.62   5.05  105.45 5.032+1 0.0 0.000+0
   107                    0.7000 1.049+2 1.824+2  0.57   5.15  105.45 5.088+1 0.0 0.000+0
   108                    0.8000 9.980+1 1.872+2  0.53   5.24  105.44 5.144+1 0.0 0.000+0
   109                    0.9000 9.456+1 1.920+2  0.49   5.33  105.43 5.200+1 0.0 0.000+0
   110 DNSTREAM           1.0000 8.919+1 1.970+2  0.45   5.43  105.43 5.257+1 0.0 0.000+0

 BRANCH NUMBER =     2
  Node  Node Identifier     Stat    Flow    Area   Vel  Depth    Elev     Top  Fr Lat Inf
   200 UPSTREAM           0.0000 2.735+2 1.730+2  1.58   4.96  105.96 4.976+1 0.0 0.000+0
   201                    0.1000 2.711+2 1.746+2  1.55   4.99  105.89 4.995+1 0.0 0.000+0
   202                    0.2000 2.693+2 1.763+2  1.53   5.03  105.83 5.016+1 0.0 0.000+0
   203                    0.3000 2.675+2 1.783+2  1.50   5.07  105.77 5.039+1 0.0 0.000+0
   204                    0.4000 2.654+2 1.804+2  1.47   5.11  105.71 5.064+1 0.0 0.000+0
   205                    0.5000 2.628+2 1.827+2  1.44   5.15  105.65 5.092+1 0.0 0.000+0
   206                    0.6000 2.596+2 1.852+2  1.40   5.20  105.60 5.121+1 0.0 0.000+0
   207                    0.7000 2.560+2 1.879+2  1.36   5.25  105.55 5.152+1 0.0 0.000+0
   208                    0.8000 2.517+2 1.907+2  1.32   5.31  105.51 5.185+1 0.0 0.000+0
   209                    0.9000 2.470+2 1.938+2  1.27   5.37  105.47 5.220+1 0.0 0.000+0
   210 DNSTREAM           1.0000 2.418+2 1.970+2  1.23   5.43  105.43 5.257+1 0.0 0.000+0

 BRANCH NUMBER =     3
  Node  Node Identifier     Stat    Flow    Area   Vel  Depth    Elev     Top  Fr Lat Inf
   300 UPSTREAM           0.0000 3.310+2 3.940+2  0.84   5.43  105.43 1.051+2 0.0 0.000+0
   301                    0.1000 3.203+2 3.624+2  0.88   5.31  105.41 9.853+1 0.0 0.000+0
   302                    0.2000 3.100+2 3.319+2  0.93   5.19  105.39 9.201+1 0.0 0.000+0
   303                    0.3000 3.002+2 3.024+2  0.99   5.06  105.36 8.559+1 0.0 0.000+0
   304                    0.4000 2.910+2 2.740+2  1.06   4.92  105.32 7.927+1 0.0 0.000+0
   305                    0.5000 2.823+2 2.465+2  1.15   4.78  105.28 7.305+1 0.0 0.000+0
   306                    0.6000 2.743+2 2.199+2  1.25   4.63  105.23 6.691+1 0.0 0.000+0
   307                    0.7000 2.670+2 1.941+2  1.38   4.47  105.17 6.086+1 0.0 0.000+0
   308                    0.8000 2.605+2 1.690+2  1.54   4.29  105.09 5.486+1 0.0 0.000+0
   309                    0.9000 2.548+2 1.444+2  1.76   4.07  104.97 4.889+1 0.0 0.000+0
   310 DNSTREAM           1.0000 2.502+2 1.199+2  2.09   3.81  104.81 4.288+1 0.0 0.000+0

 EXTERIOR NODES
  Node  Node Identifier        QE1     YE1    Elev    Storage    Storage
    U1 UPSTREAM          1.368E+02   4.541 105.541
    D1 DNSTREAM          8.919E+01   5.429 105.429
    U2 UPSTREAM          2.735E+02   4.961 105.961
    D2 DNSTREAM          2.418E+02   5.429 105.429
    U3 UPSTREAM          3.310E+02   5.429 105.429
    D3 DNSTREAM          2.502E+02   3.814 104.814
 Balance 1: S1=1.593E+06 S2=3.207E+06 BNI=2.687E+06 BNQ=1.073E+06 TAQ=0.000E+00 WSI=0.000E+00 WSQ=0.000E+00
 Bal diff=BAL=S2-S1-BNI-TAQ+BNQ-WSI+WSQ= 8.687E-02    Rel bal=BAL/(S2+BNQ)= 2.030E-08

 SIMULATION ending at  1990/ 1/ 1: 3.3750000.  Time step=   450.00 sec
 ITER RCORECT  BRA   NODE   MXRES  LOC  SUMSQR NUMGT
    1 3.5E-02    2    208 1.8E+01   55 3.1E+03    30
    2 3.7E-04    2    209 3.5E-01   51 7.6E-01     0
 CSUR= 0.0E+00 AT ND=   0:     0 RLTQ= 0.0E+00 AT ND=   0:     0 DT/ITER=   225.0

 RESULTS at time          12150. JTIME =     47892.1406250001

 BRANCH NUMBER =     1
  Node  Node Identifier     Stat    Flow    Area   Vel  Depth    Elev     Top  Fr Lat Inf
   100 UPSTREAM           0.0000 1.296+2 1.558+2  0.83   4.61  105.61 4.764+1 0.0 0.000+0
   101                    0.1000 1.265+2 1.598+2  0.79   4.69  105.59 4.814+1 0.0 0.000+0
   102                    0.2000 1.227+2 1.639+2  0.75   4.77  105.57 4.864+1 0.0 0.000+0
   103                    0.3000 1.186+2 1.681+2  0.71   4.86  105.56 4.916+1 0.0 0.000+0
   104                    0.4000 1.144+2 1.724+2  0.66   4.95  105.55 4.969+1 0.0 0.000+0
   105                    0.5000 1.102+2 1.769+2  0.62   5.04  105.54 5.022+1 0.0 0.000+0
   106                    0.6000 1.061+2 1.815+2  0.58   5.13  105.53 5.077+1 0.0 0.000+0
   107                    0.7000 1.021+2 1.862+2  0.55   5.22  105.52 5.132+1 0.0 0.000+0
   108                    0.8000 9.811+1 1.910+2  0.51   5.31  105.51 5.188+1 0.0 0.000+0
   109                    0.9000 9.418+1 1.959+2  0.48   5.41  105.51 5.245+1 0.0 0.000+0
   110 DNSTREAM           1.0000 9.027+1 2.009+2  0.45   5.50  105.50 5.302+1 0.0 0.000+0

 BRANCH NUMBER =     2
  Node  Node Identifier     Stat    Flow    Area   Vel  Depth    Elev     Top  Fr Lat Inf
   200 UPSTREAM           0.0000 2.593+2 1.737+2  1.49   4.97  105.97 4.984+1 0.0 0.000+0
   201                    0.1000 2.593+2 1.757+2  1.48   5.01  105.91 5.008+1 0.0 0.000+0
   202                    0.2000 2.579+2 1.778+2  1.45   5.06  105.86 5.034+1 0.0 0.000+0
   203                    0.3000 2.559+2 1.801+2  1.42   5.10  105.80 5.060+1 0.0 0.000+0
   204                    0.4000 2.535+2 1.825+2  1.39   5.15  105.75 5.089+1 0.0 0.000+0
   205                    0.5000 2.508+2 1.851+2  1.36   5.20  105.70 5.120+1 0.0 0.000+0
   206                    0.6000 2.480+2 1.879+2  1.32   5.25  105.65 5.152+1 0.0 0.000+0
   207                    0.7000 2.450+2 1.909+2  1.28   5.31  105.61 5.187+1 0.0 0.000+0
   208                    0.8000 2.417+2 1.940+2  1.25   5.37  105.57 5.223+1 0.0 0.000+0
   209                    0.9000 2.382+2 1.974+2  1.21   5.44  105.54 5.262+1 0.0 0.000+0
   210 DNSTREAM           1.0000 2.344+2 2.009+2  1.17   5.50  105.50 5.302+1 0.0 0.000+0

 BRANCH NUMBER =     3
  Node  Node Identifier     Stat    Flow    Area   Vel  Depth    Elev     Top  Fr Lat Inf
   300 UPSTREAM           0.0000 3.247+2 4.018+2  0.81   5.50  105.50 1.060+2 0.0 0.000+0
   301                    0.1000 3.170+2 3.699+2  0.86   5.39  105.49 9.939+1 0.0 0.000+0
   302                    0.2000 3.097+2 3.391+2  0.91   5.26  105.46 9.285+1 0.0 0.000+0
   303                    0.3000 3.027+2 3.093+2  0.98   5.14  105.44 8.640+1 0.0 0.000+0
   304                    0.4000 2.961+2 2.805+2  1.06   5.01  105.41 8.005+1 0.0 0.000+0
   305                    0.5000 2.898+2 2.525+2  1.15   4.87  105.37 7.379+1 0.0 0.000+0
   306                    0.6000 2.838+2 2.255+2  1.26   4.72  105.32 6.762+1 0.0 0.000+0
   307                    0.7000 2.783+2 1.992+2  1.40   4.55  105.25 6.151+1 0.0 0.000+0
   308                    0.8000 2.734+2 1.736+2  1.58   4.37  105.17 5.545+1 0.0 0.000+0
   309                    0.9000 2.690+2 1.483+2  1.81   4.15  105.05 4.941+1 0.0 0.000+0
   310 DNSTREAM           1.0000 2.653+2 1.230+2  2.16   3.89  104.89 4.332+1 0.1 0.000+0

 EXTERIOR NODES
  Node  Node Identifier        QE1     YE1    Elev    Storage    Storage
    U1 UPSTREAM          1.296E+02   4.607 105.607
    D1 DNSTREAM          9.027E+01   5.503 105.503
    U2 UPSTREAM          2.593E+02   4.973 105.973
    D2 DNSTREAM          2.344E+02   5.503 105.503
    U3 UPSTREAM          3.247E+02   5.503 105.503
    D3 DNSTREAM          2.653E+02   3.886 104.886
 Balance 1: S1=1.593E+06 S2=3.270E+06 BNI=2.866E+06 BNQ=1.189E+06 TAQ=0.000E+00 WSI=0.000E+00 WSQ=0.000E+00
 Bal diff=BAL=S2-S1-BNI-TAQ+BNQ-WSI+WSQ= 7.954E-02    Rel bal=BAL/(S2+BNQ)= 1.784E-08

 SIMULATION ending at  1990/ 1/ 1: 3.5000000.  Time step=   450.00 sec
 ITER RCORECT  BRA   NODE   MXRES  LOC  SUMSQR NUMGT
    1 3.6E-02    2    201 2.5E+01   65 1.6E+03    22
    2 1.3E-04    2    207 2.8E-01   65 2.2E-01     0
 CSUR= 0.0E+00 AT ND=   0:     0 RLTQ= 0.0E+00 AT ND=   0:     0 DT/ITER=   225.0

 RESULTS at time          12600. JTIME =     47892.1458333334

 BRANCH NUMBER =     1
  Node  Node Identifier     Stat    Flow    Area   Vel  Depth    Elev     Top  Fr Lat Inf
   100 UPSTREAM           0.0000 1.225+2 1.582+2  0.77   4.66  105.66 4.794+1 0.0 0.000+0
   101                    0.1000 1.197+2 1.623+2  0.74   4.74  105.64 4.845+1 0.0 0.000+0
   102                    0.2000 1.173+2 1.665+2  0.70   4.83  105.63 4.897+1 0.0 0.000+0
   103                    0.3000 1.148+2 1.709+2  0.67   4.92  105.62 4.950+1 0.0 0.000+0
   104                    0.4000 1.121+2 1.753+2  0.64   5.01  105.61 5.004+1 0.0 0.000+0
   105                    0.5000 1.092+2 1.799+2  0.61   5.10  105.60 5.058+1 0.0 0.000+0
   106                    0.6000 1.061+2 1.845+2  0.58   5.19  105.59 5.113+1 0.0 0.000+0
   107                    0.7000 1.029+2 1.892+2  0.54   5.28  105.58 5.168+1 0.0 0.000+0
   108                    0.8000 9.970+1 1.940+2  0.51   5.37  105.57 5.223+1 0.0 0.000+0
   109                    0.9000 9.645+1 1.989+2  0.48   5.47  105.57 5.279+1 0.0 0.000+0
   110 DNSTREAM           1.0000 9.322+1 2.039+2  0.46   5.56  105.56 5.336+1 0.0 0.000+0

 BRANCH NUMBER =     2
  Node  Node Identifier     Stat    Flow    Area   Vel  Depth    Elev     Top  Fr Lat Inf
   200 UPSTREAM           0.0000 2.450+2 1.739+2  1.41   4.98  105.98 4.986+1 0.0 0.000+0
   201                    0.1000 2.442+2 1.762+2  1.39   5.02  105.92 5.014+1 0.0 0.000+0
   202                    0.2000 2.439+2 1.787+2  1.37   5.07  105.87 5.044+1 0.0 0.000+0
   203                    0.3000 2.433+2 1.814+2  1.34   5.13  105.83 5.076+1 0.0 0.000+0
   204                    0.4000 2.422+2 1.841+2  1.32   5.18  105.78 5.108+1 0.0 0.000+0
   205                    0.5000 2.405+2 1.871+2  1.29   5.24  105.74 5.142+1 0.0 0.000+0
   206                    0.6000 2.383+2 1.901+2  1.25   5.30  105.70 5.178+1 0.0 0.000+0
   207                    0.7000 2.358+2 1.933+2  1.22   5.36  105.66 5.215+1 0.0 0.000+0
   208                    0.8000 2.330+2 1.967+2  1.18   5.42  105.62 5.254+1 0.0 0.000+0
   209                    0.9000 2.300+2 2.002+2  1.15   5.49  105.59 5.294+1 0.0 0.000+0
   210 DNSTREAM           1.0000 2.268+2 2.039+2  1.11   5.56  105.56 5.336+1 0.0 0.000+0

 BRANCH NUMBER =     3
  Node  Node Identifier     Stat    Flow    Area   Vel  Depth    Elev     Top  Fr Lat Inf
   300 UPSTREAM           0.0000 3.200+2 4.078+2  0.78   5.56  105.56 1.067+2 0.0 0.000+0
   301                    0.1000 3.138+2 3.756+2  0.84   5.44  105.54 1.000+2 0.0 0.000+0
   302                    0.2000 3.081+2 3.444+2  0.89   5.32  105.52 9.347+1 0.0 0.000+0
   303                    0.3000 3.027+2 3.143+2  0.96   5.20  105.50 8.699+1 0.0 0.000+0
   304                    0.4000 2.978+2 2.852+2  1.04   5.06  105.46 8.062+1 0.0 0.000+0
   305                    0.5000 2.933+2 2.569+2  1.14   4.93  105.43 7.433+1 0.0 0.000+0
   306                    0.6000 2.891+2 2.295+2  1.26   4.78  105.38 6.812+1 0.0 0.000+0
   307                    0.7000 2.854+2 2.029+2  1.41   4.61  105.31 6.198+1 0.0 0.000+0
   308                    0.8000 2.820+2 1.769+2  1.59   4.43  105.23 5.588+1 0.0 0.000+0
   309                    0.9000 2.790+2 1.512+2  1.85   4.21  105.11 4.979+1 0.0 0.000+0
   310 DNSTREAM           1.0000 2.765+2 1.253+2  2.21   3.94  104.94 4.363+1 0.1 0.000+0

 EXTERIOR NODES
  Node  Node Identifier        QE1     YE1    Elev    Storage    Storage
    U1 UPSTREAM          1.225E+02   4.658 105.658
    D1 DNSTREAM          9.322E+01   5.560 105.560
    U2 UPSTREAM          2.450E+02   4.978 105.978
    D2 DNSTREAM          2.268E+02   5.560 105.560
    U3 UPSTREAM          3.200E+02   5.560 105.560
    D3 DNSTREAM          2.765E+02   3.939 104.939
 Balance 1: S1=1.593E+06 S2=3.317E+06 BNI=3.036E+06 BNQ=1.311E+06 TAQ=0.000E+00 WSI=0.000E+00 WSQ=0.000E+00
 Bal diff=BAL=S2-S1-BNI-TAQ+BNQ-WSI+WSQ= 1.338E-01    Rel bal=BAL/(S2+BNQ)= 2.890E-08

 SIMULATION ending at  1990/ 1/ 1: 3.6250000.  Time step=   450.00 sec
 ITER RCORECT  BRA   NODE   MXRES  LOC  SUMSQR NUMGT
    1 3.0E-02    2    204 1.6E+01   61 1.2E+03    20
    2 1.3E-04    2    205 1.6E-01   59 1.2E-01     0
 CSUR= 0.0E+00 AT ND=   0:     0 RLTQ= 0.0E+00 AT ND=   0:     0 DT/ITER=   225.0

 RESULTS at time          13050. JTIME =     47892.1510416667

 BRANCH NUMBER =     1
  Node  Node Identifier     Stat    Flow    Area   Vel  Depth    Elev     Top  Fr Lat Inf
   100 UPSTREAM           0.0000 1.154+2 1.599+2  0.72   4.69  105.69 4.815+1 0.0 0.000+0
   101                    0.1000 1.141+2 1.641+2  0.70   4.78  105.68 4.867+1 0.0 0.000+0
   102                    0.2000 1.122+2 1.684+2  0.67   4.87  105.67 4.919+1 0.0 0.000+0
   103                    0.3000 1.104+2 1.728+2  0.64   4.95  105.65 4.973+1 0.0 0.000+0
   104                    0.4000 1.085+2 1.773+2  0.61   5.05  105.65 5.027+1 0.0 0.000+0
   105                    0.5000 1.067+2 1.819+2  0.59   5.14  105.64 5.082+1 0.0 0.000+0
   106                    0.6000 1.049+2 1.866+2  0.56   5.23  105.63 5.137+1 0.0 0.000+0
   107                    0.7000 1.030+2 1.914+2  0.54   5.32  105.62 5.192+1 0.0 0.000+0
   108                    0.8000 1.010+2 1.962+2  0.51   5.41  105.61 5.248+1 0.0 0.000+0
   109                    0.9000 9.897+1 2.012+2  0.49   5.51  105.61 5.305+1 0.0 0.000+0
   110 DNSTREAM           1.0000 9.680+1 2.062+2  0.47   5.60  105.60 5.361+1 0.0 0.000+0

 BRANCH NUMBER =     2
  Node  Node Identifier     Stat    Flow    Area   Vel  Depth    Elev     Top  Fr Lat Inf
   200 UPSTREAM           0.0000 2.308+2 1.737+2  1.33   4.97  105.97 4.985+1 0.0 0.000+0
   201                    0.1000 2.313+2 1.764+2  1.31   5.03  105.93 5.017+1 0.0 0.000+0
   202                    0.2000 2.308+2 1.792+2  1.29   5.08  105.88 5.050+1 0.0 0.000+0
   203                    0.3000 2.301+2 1.820+2  1.26   5.14  105.84 5.084+1 0.0 0.000+0
   204                    0.4000 2.293+2 1.851+2  1.24   5.20  105.80 5.119+1 0.0 0.000+0
   205                    0.5000 2.284+2 1.882+2  1.21   5.26  105.76 5.156+1 0.0 0.000+0
   206                    0.6000 2.273+2 1.916+2  1.19   5.33  105.73 5.195+1 0.0 0.000+0
   207                    0.7000 2.261+2 1.950+2  1.16   5.39  105.69 5.235+1 0.0 0.000+0
   208                    0.8000 2.245+2 1.986+2  1.13   5.46  105.66 5.276+1 0.0 0.000+0
   209                    0.9000 2.227+2 2.023+2  1.10   5.53  105.63 5.318+1 0.0 0.000+0
   210 DNSTREAM           1.0000 2.206+2 2.062+2  1.07   5.60  105.60 5.361+1 0.0 0.000+0

 BRANCH NUMBER =     3
  Node  Node Identifier     Stat    Flow    Area   Vel  Depth    Elev     Top  Fr Lat Inf
   300 UPSTREAM           0.0000 3.174+2 4.124+2  0.77   5.60  105.60 1.072+2 0.0 0.000+0
   301                    0.1000 3.130+2 3.799+2  0.82   5.49  105.59 1.005+2 0.0 0.000+0
   302                    0.2000 3.088+2 3.485+2  0.89   5.36  105.56 9.394+1 0.0 0.000+0
   303                    0.3000 3.047+2 3.181+2  0.96   5.24  105.54 8.744+1 0.0 0.000+0
   304                    0.4000 3.009+2 2.887+2  1.04   5.11  105.51 8.104+1 0.0 0.000+0
   305                    0.5000 2.973+2 2.602+2  1.14   4.97  105.47 7.472+1 0.0 0.000+0
   306                    0.6000 2.940+2 2.325+2  1.26   4.82  105.42 6.849+1 0.0 0.000+0
   307                    0.7000 2.911+2 2.056+2  1.42   4.66  105.36 6.231+1 0.0 0.000+0
   308                    0.8000 2.885+2 1.792+2  1.61   4.47  105.27 5.618+1 0.0 0.000+0
   309                    0.9000 2.863+2 1.532+2  1.87   4.25  105.15 5.006+1 0.0 0.000+0
   310 DNSTREAM           1.0000 2.844+2 1.269+2  2.24   3.98  104.98 4.386+1 0.1 0.000+0

 EXTERIOR NODES
  Node  Node Identifier        QE1     YE1    Elev    Storage    Storage
    U1 UPSTREAM          1.154E+02   4.691 105.691
    D1 DNSTREAM          9.680E+01   5.602 105.602
    U2 UPSTREAM          2.308E+02   4.975 105.975
    D2 DNSTREAM          2.206E+02   5.602 105.602
    U3 UPSTREAM          3.174E+02   5.602 105.602
    D3 DNSTREAM          2.844E+02   3.976 104.976
 Balance 1: S1=1.593E+06 S2=3.351E+06 BNI=3.196E+06 BNQ=1.437E+06 TAQ=0.000E+00 WSI=0.000E+00 WSQ=0.000E+00
 Bal diff=BAL=S2-S1-BNI-TAQ+BNQ-WSI+WSQ= 1.152E-01    Rel bal=BAL/(S2+BNQ)= 2.405E-08

 SIMULATION ending at  1990/ 1/ 1: 3.7500000.  Time step=   450.00 sec
 ITER RCORECT  BRA   NODE   MXRES  LOC  SUMSQR NUMGT
    1 3.4E-02    2    201 1.6E+01   65 9.6E+02    23
    2 9.0E-05    2    208 1.4E-01   65 5.3E-02     0
 CSUR= 0.0E+00 AT ND=   0:     0 RLTQ= 0.0E+00 AT ND=   0:     0 DT/ITER=   225.0

 RESULTS at time          13500. JTIME =     47892.1562500001

 BRANCH NUMBER =     1
  Node  Node Identifier     Stat    Flow    Area   Vel  Depth    Elev     Top  Fr Lat Inf
   100 UPSTREAM           0.0000 1.083+2 1.607+2  0.67   4.71  105.71 4.825+1 0.0 0.000+0
   101                    0.1000 1.074+2 1.650+2  0.65   4.80  105.70 4.878+1 0.0 0.000+0
   102                    0.2000 1.068+2 1.694+2  0.63   4.89  105.69 4.932+1 0.0 0.000+0
   103                    0.3000 1.059+2 1.739+2  0.61   4.98  105.68 4.987+1 0.0 0.000+0
   104                    0.4000 1.049+2 1.785+2  0.59   5.07  105.67 5.041+1 0.0 0.000+0
   105                    0.5000 1.037+2 1.831+2  0.57   5.16  105.66 5.096+1 0.0 0.000+0
   106                    0.6000 1.025+2 1.878+2  0.55   5.25  105.65 5.152+1 0.0 0.000+0
   107                    0.7000 1.013+2 1.927+2  0.53   5.35  105.65 5.207+1 0.0 0.000+0
   108                    0.8000 1.001+2 1.976+2  0.51   5.44  105.64 5.264+1 0.0 0.000+0
   109                    0.9000 9.897+1 2.025+2  0.49   5.53  105.63 5.320+1 0.0 0.000+0
   110 DNSTREAM           1.0000 9.781+1 2.076+2  0.47   5.63  105.63 5.377+1 0.0 0.000+0

 BRANCH NUMBER =     2
  Node  Node Identifier     Stat    Flow    Area   Vel  Depth    Elev     Top  Fr Lat Inf
   200 UPSTREAM           0.0000 2.165+2 1.732+2  1.25   4.96  105.96 4.978+1 0.0 0.000+0
   201                    0.1000 2.170+2 1.761+2  1.23   5.02  105.92 5.013+1 0.0 0.000+0
   202                    0.2000 2.178+2 1.791+2  1.22   5.08  105.88 5.049+1 0.0 0.000+0
   203                    0.3000 2.182+2 1.823+2  1.20   5.14  105.84 5.086+1 0.0 0.000+0
   204                    0.4000 2.181+2 1.855+2  1.18   5.21  105.81 5.125+1 0.0 0.000+0
   205                    0.5000 2.177+2 1.889+2  1.15   5.27  105.77 5.164+1 0.0 0.000+0
   206                    0.6000 2.170+2 1.924+2  1.13   5.34  105.74 5.204+1 0.0 0.000+0
   207                    0.7000 2.162+2 1.960+2  1.10   5.41  105.71 5.246+1 0.0 0.000+0
   208                    0.8000 2.152+2 1.997+2  1.08   5.48  105.68 5.288+1 0.0 0.000+0
   209                    0.9000 2.142+2 2.036+2  1.05   5.55  105.65 5.332+1 0.0 0.000+0
   210 DNSTREAM           1.0000 2.131+2 2.076+2  1.03   5.63  105.63 5.377+1 0.0 0.000+0

 BRANCH NUMBER =     3
  Node  Node Identifier     Stat    Flow    Area   Vel  Depth    Elev     Top  Fr Lat Inf
   300 UPSTREAM           0.0000 3.109+2 4.152+2  0.75   5.63  105.63 1.075+2 0.0 0.000+0
   301                    0.1000 3.086+2 3.827+2  0.81   5.51  105.61 1.008+2 0.0 0.000+0
   302                    0.2000 3.063+2 3.512+2  0.87   5.39  105.59 9.424+1 0.0 0.000+0
   303                    0.3000 3.041+2 3.207+2  0.95   5.27  105.57 8.774+1 0.0 0.000+0
   304                    0.4000 3.018+2 2.912+2  1.04   5.14  105.54 8.133+1 0.0 0.000+0
   305                    0.5000 2.996+2 2.625+2  1.14   5.00  105.50 7.500+1 0.0 0.000+0
   306                    0.6000 2.975+2 2.347+2  1.27   4.85  105.45 6.875+1 0.0 0.000+0
   307                    0.7000 2.954+2 2.076+2  1.42   4.69  105.39 6.256+1 0.0 0.000+0
   308                    0.8000 2.936+2 1.810+2  1.62   4.50  105.30 5.641+1 0.0 0.000+0
   309                    0.9000 2.919+2 1.547+2  1.89   4.28  105.18 5.026+1 0.0 0.000+0
   310 DNSTREAM           1.0000 2.905+2 1.282+2  2.27   4.00  105.00 4.402+1 0.1 0.000+0

 EXTERIOR NODES
  Node  Node Identifier        QE1     YE1    Elev    Storage    Storage
    U1 UPSTREAM          1.083E+02   4.709 105.709
    D1 DNSTREAM          9.781E+01   5.628 105.628
    U2 UPSTREAM          2.165E+02   4.963 105.963
    D2 DNSTREAM          2.131E+02   5.628 105.628
    U3 UPSTREAM          3.109E+02   5.628 105.628
    D3 DNSTREAM          2.905E+02   4.004 105.004
 Balance 1: S1=1.593E+06 S2=3.372E+06 BNI=3.346E+06 BNQ=1.567E+06 TAQ=0.000E+00 WSI=0.000E+00 WSQ=0.000E+00
 Bal diff=BAL=S2-S1-BNI-TAQ+BNQ-WSI+WSQ= 1.077E-01    Rel bal=BAL/(S2+BNQ)= 2.181E-08

 SIMULATION ending at  1990/ 1/ 1: 3.8750000.  Time step=   450.00 sec
 ITER RCORECT  BRA   NODE   MXRES  LOC  SUMSQR NUMGT
    1 3.4E-02    2    200 1.4E+01   63 8.8E+02    23
    2 6.7E-05    2    204 9.7E-02   63 3.0E-02     0
 CSUR= 0.0E+00 AT ND=   0:     0 RLTQ= 0.0E+00 AT ND=   0:     0 DT/ITER=   225.0

 RESULTS at time          13950. JTIME =     47892.1614583334

 BRANCH NUMBER =     1
  Node  Node Identifier     Stat    Flow    Area   Vel  Depth    Elev     Top  Fr Lat Inf
   100 UPSTREAM           0.0000 1.011+2 1.610+2  0.63   4.72  105.72 4.829+1 0.0 0.000+0
   101                    0.1000 1.011+2 1.654+2  0.61   4.81  105.71 4.883+1 0.0 0.000+0
   102                    0.2000 1.008+2 1.698+2  0.59   4.90  105.70 4.937+1 0.0 0.000+0
   103                    0.3000 1.005+2 1.744+2  0.58   4.99  105.69 4.992+1 0.0 0.000+0
   104                    0.4000 1.003+2 1.790+2  0.56   5.08  105.68 5.048+1 0.0 0.000+0
   105                    0.5000 1.000+2 1.837+2  0.54   5.17  105.67 5.103+1 0.0 0.000+0
   106                    0.6000 9.969+1 1.885+2  0.53   5.27  105.67 5.159+1 0.0 0.000+0
   107                    0.7000 9.927+1 1.933+2  0.51   5.36  105.66 5.215+1 0.0 0.000+0
   108                    0.8000 9.878+1 1.982+2  0.50   5.45  105.65 5.272+1 0.0 0.000+0
   109                    0.9000 9.824+1 2.032+2  0.48   5.55  105.65 5.328+1 0.0 0.000+0
   110 DNSTREAM           1.0000 9.769+1 2.083+2  0.47   5.64  105.64 5.385+1 0.0 0.000+0

 BRANCH NUMBER =     2
  Node  Node Identifier     Stat    Flow    Area   Vel  Depth    Elev     Top  Fr Lat Inf
   200 UPSTREAM           0.0000 2.023+2 1.721+2  1.17   4.94  105.94 4.965+1 0.0 0.000+0
   201                    0.1000 2.037+2 1.753+2  1.16   5.01  105.91 5.004+1 0.0 0.000+0
   202                    0.2000 2.045+2 1.785+2  1.15   5.07  105.87 5.042+1 0.0 0.000+0
   203                    0.3000 2.053+2 1.819+2  1.13   5.14  105.84 5.082+1 0.0 0.000+0
   204                    0.4000 2.060+2 1.853+2  1.11   5.20  105.80 5.122+1 0.0 0.000+0
   205                    0.5000 2.065+2 1.889+2  1.09   5.27  105.77 5.164+1 0.0 0.000+0
   206                    0.6000 2.069+2 1.926+2  1.07   5.34  105.74 5.207+1 0.0 0.000+0
   207                    0.7000 2.069+2 1.963+2  1.05   5.42  105.72 5.250+1 0.0 0.000+0
   208                    0.8000 2.067+2 2.002+2  1.03   5.49  105.69 5.294+1 0.0 0.000+0
   209                    0.9000 2.064+2 2.042+2  1.01   5.57  105.67 5.339+1 0.0 0.000+0
   210 DNSTREAM           1.0000 2.059+2 2.083+2  0.99   5.64  105.64 5.385+1 0.0 0.000+0

 BRANCH NUMBER =     3
  Node  Node Identifier     Stat    Flow    Area   Vel  Depth    Elev     Top  Fr Lat Inf
   300 UPSTREAM           0.0000 3.036+2 4.166+2  0.73   5.64  105.64 1.077+2 0.0 0.000+0
   301                    0.1000 3.025+2 3.840+2  0.79   5.53  105.63 1.010+2 0.0 0.000+0
   302                    0.2000 3.014+2 3.525+2  0.85   5.41  105.61 9.440+1 0.0 0.000+0
   303                    0.3000 3.004+2 3.220+2  0.93   5.28  105.58 8.789+1 0.0 0.000+0
   304                    0.4000 2.994+2 2.925+2  1.02   5.15  105.55 8.148+1 0.0 0.000+0
   305                    0.5000 2.985+2 2.638+2  1.13   5.02  105.52 7.516+1 0.0 0.000+0
   306                    0.6000 2.976+2 2.359+2  1.26   4.87  105.47 6.890+1 0.0 0.000+0
   307                    0.7000 2.967+2 2.087+2  1.42   4.71  105.41 6.271+1 0.0 0.000+0
   308                    0.8000 2.958+2 1.821+2  1.62   4.52  105.32 5.655+1 0.0 0.000+0
   309                    0.9000 2.950+2 1.557+2  1.90   4.30  105.20 5.038+1 0.0 0.000+0
   310 DNSTREAM           1.0000 2.943+2 1.290+2  2.28   4.02  105.02 4.413+1 0.1 0.000+0

 EXTERIOR NODES
  Node  Node Identifier        QE1     YE1    Elev    Storage    Storage
    U1 UPSTREAM          1.011E+02   4.716 105.716
    D1 DNSTREAM          9.769E+01   5.641 105.641
    U2 UPSTREAM          2.023E+02   4.943 105.943
    D2 DNSTREAM          2.059E+02   5.641 105.641
    U3 UPSTREAM          3.036E+02   5.641 105.641
    D3 DNSTREAM          2.943E+02   4.022 105.022
 Balance 1: S1=1.593E+06 S2=3.381E+06 BNI=3.487E+06 BNQ=1.699E+06 TAQ=0.000E+00 WSI=0.000E+00 WSQ=0.000E+00
 Bal diff=BAL=S2-S1-BNI-TAQ+BNQ-WSI+WSQ= 1.501E-01    Rel bal=BAL/(S2+BNQ)= 2.954E-08

 SIMULATION ending at  1990/ 1/ 1: 4.0000000.  Time step=   450.00 sec
 ITER RCORECT  BRA   NODE   MXRES  LOC  SUMSQR NUMGT
    1 3.7E-02    2    201 1.2E+01   65 7.8E+02    22
    2 6.8E-05    2    206 7.2E-02   65 1.8E-02     0
 CSUR= 0.0E+00 AT ND=   0:     0 RLTQ= 0.0E+00 AT ND=   0:     0 DT/ITER=   225.0

 RESULTS at time          14400. JTIME =     47892.1666666667

 BRANCH NUMBER =     1
  Node  Node Identifier     Stat    Flow    Area   Vel  Depth    Elev     Top  Fr Lat Inf
   100 UPSTREAM           0.0000 9.400+1 1.608+2  0.58   4.71  105.71 4.826+1 0.0 0.000+0
   101                    0.1000 9.445+1 1.652+2  0.57   4.80  105.70 4.881+1 0.0 0.000+0
   102                    0.2000 9.501+1 1.697+2  0.56   4.89  105.69 4.936+1 0.0 0.000+0
   103                    0.3000 9.538+1 1.743+2  0.55   4.99  105.69 4.992+1 0.0 0.000+0
   104                    0.4000 9.563+1 1.790+2  0.53   5.08  105.68 5.047+1 0.0 0.000+0
   105                    0.5000 9.587+1 1.837+2  0.52   5.17  105.67 5.103+1 0.0 0.000+0
   106                    0.6000 9.612+1 1.885+2  0.51   5.27  105.67 5.159+1 0.0 0.000+0
   107                    0.7000 9.641+1 1.934+2  0.50   5.36  105.66 5.216+1 0.0 0.000+0
   108                    0.8000 9.671+1 1.983+2  0.49   5.45  105.65 5.272+1 0.0 0.000+0
   109                    0.9000 9.701+1 2.033+2  0.48   5.55  105.65 5.329+1 0.0 0.000+0
   110 DNSTREAM           1.0000 9.730+1 2.084+2  0.47   5.64  105.64 5.386+1 0.0 0.000+0

 BRANCH NUMBER =     2
  Node  Node Identifier     Stat    Flow    Area   Vel  Depth    Elev     Top  Fr Lat Inf
   200 UPSTREAM           0.0000 1.880+2 1.707+2  1.10   4.91  105.91 4.948+1 0.0 0.000+0
   201                    0.1000 1.897+2 1.740+2  1.09   4.98  105.88 4.988+1 0.0 0.000+0
   202                    0.2000 1.916+2 1.775+2  1.08   5.05  105.85 5.029+1 0.0 0.000+0
   203                    0.3000 1.930+2 1.810+2  1.07   5.12  105.82 5.071+1 0.0 0.000+0
   204                    0.4000 1.941+2 1.846+2  1.05   5.19  105.79 5.114+1 0.0 0.000+0
   205                    0.5000 1.950+2 1.883+2  1.04   5.26  105.76 5.157+1 0.0 0.000+0
   206                    0.6000 1.958+2 1.921+2  1.02   5.34  105.74 5.202+1 0.0 0.000+0
   207                    0.7000 1.966+2 1.961+2  1.00   5.41  105.71 5.246+1 0.0 0.000+0
   208                    0.8000 1.972+2 2.001+2  0.99   5.49  105.69 5.292+1 0.0 0.000+0
   209                    0.9000 1.977+2 2.042+2  0.97   5.56  105.66 5.339+1 0.0 0.000+0
   210 DNSTREAM           1.0000 1.981+2 2.084+2  0.95   5.64  105.64 5.386+1 0.0 0.000+0

 BRANCH NUMBER =     3
  Node  Node Identifier     Stat    Flow    Area   Vel  Depth    Elev     Top  Fr Lat Inf
   300 UPSTREAM           0.0000 2.954+2 4.168+2  0.71   5.64  105.64 1.077+2 0.0 0.000+0
   301                    0.1000 2.958+2 3.843+2  0.77   5.53  105.63 1.010+2 0.0 0.000+0
   302                    0.2000 2.961+2 3.528+2  0.84   5.41  105.61 9.443+1 0.0 0.000+0
   303                    0.3000 2.962+2 3.224+2  0.92   5.29  105.59 8.794+1 0.0 0.000+0
   304                    0.4000 2.963+2 2.929+2  1.01   5.16  105.56 8.153+1 0.0 0.000+0
   305                    0.5000 2.962+2 2.642+2  1.12   5.02  105.52 7.520+1 0.0 0.000+0
   306                    0.6000 2.961+2 2.363+2  1.25   4.88  105.48 6.895+1 0.0 0.000+0
   307                    0.7000 2.960+2 2.091+2  1.42   4.71  105.41 6.275+1 0.0 0.000+0
   308                    0.8000 2.959+2 1.824+2  1.62   4.53  105.33 5.659+1 0.0 0.000+0
   309                    0.9000 2.958+2 1.560+2  1.90   4.31  105.21 5.043+1 0.0 0.000+0
   310 DNSTREAM           1.0000 2.957+2 1.292+2  2.29   4.03  105.03 4.417+1 0.1 0.000+0

 EXTERIOR NODES
  Node  Node Identifier        QE1     YE1    Elev    Storage    Storage
    U1 UPSTREAM          9.400E+01   4.711 105.711
    D1 DNSTREAM          9.730E+01   5.643 105.643
    U2 UPSTREAM          1.880E+02   4.913 105.913
    D2 DNSTREAM          1.981E+02   5.643 105.643
    U3 UPSTREAM          2.954E+02   5.643 105.643
    D3 DNSTREAM          2.957E+02   4.028 105.028
 Balance 1: S1=1.593E+06 S2=3.380E+06 BNI=3.618E+06 BNQ=1.831E+06 TAQ=0.000E+00 WSI=0.000E+00 WSQ=0.000E+00
 Bal diff=BAL=S2-S1-BNI-TAQ+BNQ-WSI+WSQ= 1.710E-01    Rel bal=BAL/(S2+BNQ)= 3.282E-08

 SIMULATION ending at  1990/ 1/ 1: 4.1250000.  Time step=   450.00 sec
 ITER RCORECT  BRA   NODE   MXRES  LOC  SUMSQR NUMGT
    1 1.1E-01    2    200 2.0E+01   66 1.2E+03    15
    2 3.8E-05    2    202 2.3E-01   65 1.1E-01     0
 CSUR= 0.0E+00 AT ND=   0:     0 RLTQ= 0.0E+00 AT ND=   0:     0 DT/ITER=   225.0

 RESULTS at time          14850. JTIME =     47892.1718750001

 BRANCH NUMBER =     1
  Node  Node Identifier     Stat    Flow    Area   Vel  Depth    Elev     Top  Fr Lat Inf
   100 UPSTREAM           0.0000 1.004+2 1.615+2  0.62   4.73  105.73 4.835+1 0.0 0.000+0
   101                    0.1000 9.870+1 1.657+2  0.60   4.81  105.71 4.887+1 0.0 0.000+0
   102                    0.2000 9.744+1 1.700+2  0.57   4.90  105.70 4.940+1 0.0 0.000+0
   103                    0.3000 9.671+1 1.745+2  0.55   4.99  105.69 4.993+1 0.0 0.000+0
   104                    0.4000 9.634+1 1.790+2  0.54   5.08  105.68 5.048+1 0.0 0.000+0
   105                    0.5000 9.619+1 1.836+2  0.52   5.17  105.67 5.103+1 0.0 0.000+0
   106                    0.6000 9.617+1 1.884+2  0.51   5.26  105.66 5.158+1 0.0 0.000+0
   107                    0.7000 9.627+1 1.932+2  0.50   5.36  105.66 5.214+1 0.0 0.000+0
   108                    0.8000 9.648+1 1.981+2  0.49   5.45  105.65 5.270+1 0.0 0.000+0
   109                    0.9000 9.678+1 2.030+2  0.48   5.54  105.64 5.326+1 0.0 0.000+0
   110 DNSTREAM           1.0000 9.715+1 2.081+2  0.47   5.64  105.64 5.382+1 0.0 0.000+0

 BRANCH NUMBER =     2
  Node  Node Identifier     Stat    Flow    Area   Vel  Depth    Elev     Top  Fr Lat Inf
   200 UPSTREAM           0.0000 2.008+2 1.719+2  1.17   4.94  105.94 4.962+1 0.0 0.000+0
   201                    0.1000 1.973+2 1.747+2  1.13   4.99  105.89 4.996+1 0.0 0.000+0
   202                    0.2000 1.947+2 1.778+2  1.10   5.06  105.86 5.033+1 0.0 0.000+0
   203                    0.3000 1.932+2 1.811+2  1.07   5.12  105.82 5.072+1 0.0 0.000+0
   204                    0.4000 1.923+2 1.845+2  1.04   5.19  105.79 5.113+1 0.0 0.000+0
   205                    0.5000 1.919+2 1.882+2  1.02   5.26  105.76 5.155+1 0.0 0.000+0
   206                    0.6000 1.916+2 1.919+2  1.00   5.33  105.73 5.199+1 0.0 0.000+0
   207                    0.7000 1.916+2 1.958+2  0.98   5.41  105.71 5.243+1 0.0 0.000+0
   208                    0.8000 1.916+2 1.998+2  0.96   5.48  105.68 5.289+1 0.0 0.000+0
   209                    0.9000 1.919+2 2.039+2  0.94   5.56  105.66 5.335+1 0.0 0.000+0
   210 DNSTREAM           1.0000 1.922+2 2.081+2  0.92   5.64  105.64 5.382+1 0.0 0.000+0

 BRANCH NUMBER =     3
  Node  Node Identifier     Stat    Flow    Area   Vel  Depth    Elev     Top  Fr Lat Inf
   300 UPSTREAM           0.0000 2.894+2 4.162+2  0.70   5.64  105.64 1.076+2 0.0 0.000+0
   301                    0.1000 2.902+2 3.837+2  0.76   5.52  105.62 1.010+2 0.0 0.000+0
   302                    0.2000 2.911+2 3.524+2  0.83   5.41  105.61 9.438+1 0.0 0.000+0
   303                    0.3000 2.920+2 3.220+2  0.91   5.28  105.58 8.789+1 0.0 0.000+0
   304                    0.4000 2.928+2 2.925+2  1.00   5.15  105.55 8.149+1 0.0 0.000+0
   305                    0.5000 2.935+2 2.639+2  1.11   5.02  105.52 7.517+1 0.0 0.000+0
   306                    0.6000 2.941+2 2.361+2  1.25   4.87  105.47 6.892+1 0.0 0.000+0
   307                    0.7000 2.946+2 2.090+2  1.41   4.71  105.41 6.273+1 0.0 0.000+0
   308                    0.8000 2.950+2 1.823+2  1.62   4.53  105.33 5.658+1 0.0 0.000+0
   309                    0.9000 2.952+2 1.559+2  1.89   4.31  105.21 5.042+1 0.0 0.000+0
   310 DNSTREAM           1.0000 2.955+2 1.292+2  2.29   4.03  105.03 4.416+1 0.1 0.000+0

 EXTERIOR NODES
  Node  Node Identifier        QE1     YE1    Elev    Storage    Storage
    U1 UPSTREAM          1.004E+02   4.726 105.726
    D1 DNSTREAM          9.715E+01   5.637 105.637
    U2 UPSTREAM          2.008E+02   4.937 105.937
    D2 DNSTREAM          1.922E+02   5.637 105.637
    U3 UPSTREAM          2.894E+02   5.637 105.637
    D3 DNSTREAM          2.955E+02   4.027 105.027
 Balance 1: S1=1.593E+06 S2=3.378E+06 BNI=3.750E+06 BNQ=1.964E+06 TAQ=0.000E+00 WSI=0.000E+00 WSQ=0.000E+00
 Bal diff=BAL=S2-S1-BNI-TAQ+BNQ-WSI+WSQ= 2.540E-01    Rel bal=BAL/(S2+BNQ)= 4.755E-08

 SIMULATION ending at  1990/ 1/ 1: 4.2500000.  Time step=   450.00 sec
 ITER RCORECT  BRA   NODE   MXRES  LOC  SUMSQR NUMGT
    1 7.9E-02    1    103 4.2E+01   65 5.4E+03    26
    2 2.6E-04    2    204 4.8E-01   63 7.1E-01     0
 CSUR= 0.0E+00 AT ND=   0:     0 RLTQ= 0.0E+00 AT ND=   0:     0 DT/ITER=   225.0

 RESULTS at time          15300. JTIME =     47892.1770833334

 BRANCH NUMBER =     1
  Node  Node Identifier     Stat    Flow    Area   Vel  Depth    Elev     Top  Fr Lat Inf
   100 UPSTREAM           0.0000 1.068+2 1.622+2  0.66   4.74  105.74 4.844+1 0.0 0.000+0
   101                    0.1000 1.066+2 1.665+2  0.64   4.83  105.73 4.896+1 0.0 0.000+0
   102                    0.2000 1.060+2 1.708+2  0.62   4.92  105.72 4.949+1 0.0 0.000+0
   103                    0.3000 1.051+2 1.751+2  0.60   5.00  105.70 5.001+1 0.0 0.000+0
   104                    0.4000 1.040+2 1.796+2  0.58   5.09  105.69 5.054+1 0.0 0.000+0
   105                    0.5000 1.031+2 1.841+2  0.56   5.18  105.68 5.108+1 0.0 0.000+0
   106                    0.6000 1.022+2 1.887+2  0.54   5.27  105.67 5.162+1 0.0 0.000+0
   107                    0.7000 1.014+2 1.935+2  0.52   5.36  105.66 5.217+1 0.0 0.000+0
   108                    0.8000 1.007+2 1.983+2  0.51   5.45  105.65 5.272+1 0.0 0.000+0
   109                    0.9000 9.998+1 2.032+2  0.49   5.55  105.65 5.328+1 0.0 0.000+0
   110 DNSTREAM           1.0000 9.935+1 2.082+2  0.48   5.64  105.64 5.384+1 0.0 0.000+0

 BRANCH NUMBER =     2
  Node  Node Identifier     Stat    Flow    Area   Vel  Depth    Elev     Top  Fr Lat Inf
   200 UPSTREAM           0.0000 2.135+2 1.738+2  1.23   4.98  105.98 4.985+1 0.0 0.000+0
   201                    0.1000 2.122+2 1.767+2  1.20   5.03  105.93 5.020+1 0.0 0.000+0
   202                    0.2000 2.103+2 1.796+2  1.17   5.09  105.89 5.055+1 0.0 0.000+0
   203                    0.3000 2.078+2 1.827+2  1.14   5.15  105.85 5.092+1 0.0 0.000+0
   204                    0.4000 2.052+2 1.859+2  1.10   5.22  105.82 5.129+1 0.0 0.000+0
   205                    0.5000 2.029+2 1.893+2  1.07   5.28  105.78 5.169+1 0.0 0.000+0
   206                    0.6000 2.009+2 1.928+2  1.04   5.35  105.75 5.209+1 0.0 0.000+0
   207                    0.7000 1.993+2 1.965+2  1.01   5.42  105.72 5.251+1 0.0 0.000+0
   208                    0.8000 1.980+2 2.002+2  0.99   5.49  105.69 5.294+1 0.0 0.000+0
   209                    0.9000 1.970+2 2.042+2  0.96   5.56  105.66 5.339+1 0.0 0.000+0
   210 DNSTREAM           1.0000 1.962+2 2.082+2  0.94   5.64  105.64 5.384+1 0.0 0.000+0

 BRANCH NUMBER =     3
  Node  Node Identifier     Stat    Flow    Area   Vel  Depth    Elev     Top  Fr Lat Inf
   300 UPSTREAM           0.0000 2.956+2 4.164+2  0.71   5.64  105.64 1.077+2 0.0 0.000+0
   301                    0.1000 2.945+2 3.838+2  0.77   5.52  105.62 1.010+2 0.0 0.000+0
   302                    0.2000 2.938+2 3.523+2  0.83   5.40  105.60 9.437+1 0.0 0.000+0
   303                    0.3000 2.933+2 3.218+2  0.91   5.28  105.58 8.786+1 0.0 0.000+0
   304                    0.4000 2.932+2 2.922+2  1.00   5.15  105.55 8.145+1 0.0 0.000+0
   305                    0.5000 2.932+2 2.636+2  1.11   5.01  105.51 7.513+1 0.0 0.000+0
   306                    0.6000 2.934+2 2.358+2  1.24   4.87  105.47 6.888+1 0.0 0.000+0
   307                    0.7000 2.937+2 2.087+2  1.41   4.71  105.41 6.270+1 0.0 0.000+0
   308                    0.8000 2.940+2 1.821+2  1.61   4.52  105.32 5.655+1 0.0 0.000+0
   309                    0.9000 2.943+2 1.557+2  1.89   4.30  105.20 5.039+1 0.0 0.000+0
   310 DNSTREAM           1.0000 2.945+2 1.290+2  2.28   4.02  105.02 4.413+1 0.1 0.000+0

 EXTERIOR NODES
  Node  Node Identifier        QE1     YE1    Elev    Storage    Storage
    U1 UPSTREAM          1.068E+02   4.740 105.740
    D1 DNSTREAM          9.935E+01   5.640 105.640
    U2 UPSTREAM          2.135E+02   4.975 105.975
    D2 DNSTREAM          1.962E+02   5.640 105.640
    U3 UPSTREAM          2.956E+02   5.640 105.640
    D3 DNSTREAM          2.945E+02   4.023 105.023
 Balance 1: S1=1.593E+06 S2=3.386E+06 BNI=3.890E+06 BNQ=2.097E+06 TAQ=0.000E+00 WSI=0.000E+00 WSQ=0.000E+00
 Bal diff=BAL=S2-S1-BNI-TAQ+BNQ-WSI+WSQ= 2.977E-01    Rel bal=BAL/(S2+BNQ)= 5.430E-08

 SIMULATION ending at  1990/ 1/ 1: 4.3750000.  Time step=   450.00 sec
 ITER RCORECT  BRA   NODE   MXRES  LOC  SUMSQR NUMGT
    1 5.0E-02    2    209 1.9E+01   57 3.7E+03    28
    2 2.1E-04    2    208 1.8E-01   65 1.8E-01     0
 CSUR= 0.0E+00 AT ND=   0:     0 RLTQ= 0.0E+00 AT ND=   0:     0 DT/ITER=   225.0

 RESULTS at time          15750. JTIME =     47892.1822916668

 BRANCH NUMBER =     1
  Node  Node Identifier     Stat    Flow    Area   Vel  Depth    Elev     Top  Fr Lat Inf
   100 UPSTREAM           0.0000 1.131+2 1.630+2  0.69   4.76  105.76 4.854+1 0.0 0.000+0
   101                    0.1000 1.117+2 1.672+2  0.67   4.84  105.74 4.905+1 0.0 0.000+0
   102                    0.2000 1.107+2 1.714+2  0.65   4.93  105.73 4.957+1 0.0 0.000+0
   103                    0.3000 1.100+2 1.758+2  0.63   5.02  105.72 5.010+1 0.0 0.000+0
   104                    0.4000 1.093+2 1.803+2  0.61   5.11  105.71 5.063+1 0.0 0.000+0
   105                    0.5000 1.085+2 1.849+2  0.59   5.20  105.70 5.117+1 0.0 0.000+0
   106                    0.6000 1.075+2 1.896+2  0.57   5.29  105.69 5.172+1 0.0 0.000+0
   107                    0.7000 1.063+2 1.943+2  0.55   5.38  105.68 5.227+1 0.0 0.000+0
   108                    0.8000 1.051+2 1.992+2  0.53   5.47  105.67 5.282+1 0.0 0.000+0
   109                    0.9000 1.037+2 2.041+2  0.51   5.56  105.66 5.338+1 0.0 0.000+0
   110 DNSTREAM           1.0000 1.023+2 2.091+2  0.49   5.66  105.66 5.394+1 0.0 0.000+0

 BRANCH NUMBER =     2
  Node  Node Identifier     Stat    Flow    Area   Vel  Depth    Elev     Top  Fr Lat Inf
   200 UPSTREAM           0.0000 2.263+2 1.760+2  1.29   5.02  106.02 5.011+1 0.0 0.000+0
   201                    0.1000 2.229+2 1.786+2  1.25   5.07  105.97 5.042+1 0.0 0.000+0
   202                    0.2000 2.207+2 1.814+2  1.22   5.13  105.93 5.076+1 0.0 0.000+0
   203                    0.3000 2.191+2 1.844+2  1.19   5.19  105.89 5.112+1 0.0 0.000+0
   204                    0.4000 2.176+2 1.876+2  1.16   5.25  105.85 5.149+1 0.0 0.000+0
   205                    0.5000 2.160+2 1.909+2  1.13   5.31  105.81 5.187+1 0.0 0.000+0
   206                    0.6000 2.144+2 1.943+2  1.10   5.38  105.78 5.226+1 0.0 0.000+0
   207                    0.7000 2.127+2 1.978+2  1.08   5.44  105.74 5.267+1 0.0 0.000+0
   208                    0.8000 2.111+2 2.015+2  1.05   5.51  105.71 5.308+1 0.0 0.000+0
   209                    0.9000 2.095+2 2.052+2  1.02   5.58  105.68 5.351+1 0.0 0.000+0
   210 DNSTREAM           1.0000 2.080+2 2.091+2  0.99   5.66  105.66 5.394+1 0.0 0.000+0

 BRANCH NUMBER =     3
  Node  Node Identifier     Stat    Flow    Area   Vel  Depth    Elev     Top  Fr Lat Inf
   300 UPSTREAM           0.0000 3.103+2 4.183+2  0.74   5.66  105.66 1.079+2 0.0 0.000+0
   301                    0.1000 3.075+2 3.854+2  0.80   5.54  105.64 1.011+2 0.0 0.000+0
   302                    0.2000 3.049+2 3.536+2  0.86   5.42  105.62 9.452+1 0.0 0.000+0
   303                    0.3000 3.027+2 3.229+2  0.94   5.29  105.59 8.799+1 0.0 0.000+0
   304                    0.4000 3.007+2 2.931+2  1.03   5.16  105.56 8.156+1 0.0 0.000+0
   305                    0.5000 2.991+2 2.643+2  1.13   5.02  105.52 7.521+1 0.0 0.000+0
   306                    0.6000 2.977+2 2.363+2  1.26   4.87  105.47 6.894+1 0.0 0.000+0
   307                    0.7000 2.967+2 2.090+2  1.42   4.71  105.41 6.274+1 0.0 0.000+0
   308                    0.8000 2.959+2 1.823+2  1.62   4.52  105.32 5.657+1 0.0 0.000+0
   309                    0.9000 2.953+2 1.558+2  1.90   4.30  105.20 5.040+1 0.0 0.000+0
   310 DNSTREAM           1.0000 2.949+2 1.291+2  2.28   4.02  105.02 4.414+1 0.1 0.000+0

 EXTERIOR NODES
  Node  Node Identifier        QE1     YE1    Elev    Storage    Storage
    U1 UPSTREAM          1.131E+02   4.757 105.757
    D1 DNSTREAM          1.023E+02   5.657 105.657
    U2 UPSTREAM          2.263E+02   5.019 106.019
    D2 DNSTREAM          2.080E+02   5.657 105.657
    U3 UPSTREAM          3.103E+02   5.657 105.657
    D3 DNSTREAM          2.949E+02   4.024 105.024
 Balance 1: S1=1.593E+06 S2=3.402E+06 BNI=4.039E+06 BNQ=2.230E+06 TAQ=0.000E+00 WSI=0.000E+00 WSQ=0.000E+00
 Bal diff=BAL=S2-S1-BNI-TAQ+BNQ-WSI+WSQ= 2.977E-01    Rel bal=BAL/(S2+BNQ)= 5.285E-08

 SIMULATION ending at  1990/ 1/ 1: 4.5000000.  Time step=   450.00 sec
 ITER RCORECT  BRA   NODE   MXRES  LOC  SUMSQR NUMGT
    1 3.7E-02    2    201 2.3E+01   65 1.9E+03    27
    2 2.5E-05    1    109 1.5E-01   65 4.9E-02     0
 CSUR= 0.0E+00 AT ND=   0:     0 RLTQ= 0.0E+00 AT ND=   0:     0 DT/ITER=   225.0

 RESULTS at time          16200. JTIME =     47892.1875000001

 BRANCH NUMBER =     1
  Node  Node Identifier     Stat    Flow    Area   Vel  Depth    Elev     Top  Fr Lat Inf
   100 UPSTREAM           0.0000 1.195+2 1.643+2  0.73   4.78  105.78 4.870+1 0.0 0.000+0
   101                    0.1000 1.180+2 1.684+2  0.70   4.87  105.77 4.920+1 0.0 0.000+0
   102                    0.2000 1.161+2 1.727+2  0.67   4.95  105.75 4.972+1 0.0 0.000+0
   103                    0.3000 1.141+2 1.770+2  0.64   5.04  105.74 5.024+1 0.0 0.000+0
   104                    0.4000 1.122+2 1.814+2  0.62   5.13  105.73 5.076+1 0.0 0.000+0
   105                    0.5000 1.106+2 1.860+2  0.59   5.22  105.72 5.130+1 0.0 0.000+0
   106                    0.6000 1.090+2 1.907+2  0.57   5.31  105.71 5.185+1 0.0 0.000+0
   107                    0.7000 1.075+2 1.955+2  0.55   5.40  105.70 5.240+1 0.0 0.000+0
   108                    0.8000 1.061+2 2.004+2  0.53   5.49  105.69 5.296+1 0.0 0.000+0
   109                    0.9000 1.046+2 2.054+2  0.51   5.59  105.69 5.352+1 0.0 0.000+0
   110 DNSTREAM           1.0000 1.030+2 2.104+2  0.49   5.68  105.68 5.408+1 0.0 0.000+0

 BRANCH NUMBER =     2
  Node  Node Identifier     Stat    Flow    Area   Vel  Depth    Elev     Top  Fr Lat Inf
   200 UPSTREAM           0.0000 2.390+2 1.783+2  1.34   5.07  106.07 5.040+1 0.0 0.000+0
   201                    0.1000 2.367+2 1.809+2  1.31   5.12  106.02 5.070+1 0.0 0.000+0
   202                    0.2000 2.338+2 1.835+2  1.27   5.17  105.97 5.101+1 0.0 0.000+0
   203                    0.3000 2.308+2 1.863+2  1.24   5.22  105.92 5.134+1 0.0 0.000+0
   204                    0.4000 2.282+2 1.893+2  1.21   5.28  105.88 5.168+1 0.0 0.000+0
   205                    0.5000 2.259+2 1.924+2  1.17   5.34  105.84 5.205+1 0.0 0.000+0
   206                    0.6000 2.241+2 1.957+2  1.14   5.40  105.80 5.243+1 0.0 0.000+0
   207                    0.7000 2.224+2 1.992+2  1.12   5.47  105.77 5.282+1 0.0 0.000+0
   208                    0.8000 2.208+2 2.028+2  1.09   5.54  105.74 5.323+1 0.0 0.000+0
   209                    0.9000 2.192+2 2.066+2  1.06   5.61  105.71 5.365+1 0.0 0.000+0
   210 DNSTREAM           1.0000 2.177+2 2.104+2  1.03   5.68  105.68 5.408+1 0.0 0.000+0

 BRANCH NUMBER =     3
  Node  Node Identifier     Stat    Flow    Area   Vel  Depth    Elev     Top  Fr Lat Inf
   300 UPSTREAM           0.0000 3.207+2 4.209+2  0.76   5.68  105.68 1.082+2 0.0 0.000+0
   301                    0.1000 3.176+2 3.878+2  0.82   5.56  105.66 1.014+2 0.0 0.000+0
   302                    0.2000 3.147+2 3.559+2  0.88   5.44  105.64 9.478+1 0.0 0.000+0
   303                    0.3000 3.119+2 3.249+2  0.96   5.32  105.62 8.823+1 0.0 0.000+0
   304                    0.4000 3.093+2 2.950+2  1.05   5.19  105.59 8.178+1 0.0 0.000+0
   305                    0.5000 3.068+2 2.659+2  1.15   5.05  105.55 7.541+1 0.0 0.000+0
   306                    0.6000 3.046+2 2.377+2  1.28   4.90  105.50 6.912+1 0.0 0.000+0
   307                    0.7000 3.026+2 2.102+2  1.44   4.73  105.43 6.289+1 0.0 0.000+0
   308                    0.8000 3.008+2 1.833+2  1.64   4.54  105.34 5.670+1 0.0 0.000+0
   309                    0.9000 2.993+2 1.566+2  1.91   4.32  105.22 5.051+1 0.0 0.000+0
   310 DNSTREAM           1.0000 2.981+2 1.297+2  2.30   4.04  105.04 4.423+1 0.1 0.000+0

 EXTERIOR NODES
  Node  Node Identifier        QE1     YE1    Elev    Storage    Storage
    U1 UPSTREAM          1.195E+02   4.783 105.783
    D1 DNSTREAM          1.030E+02   5.681 105.681
    U2 UPSTREAM          2.390E+02   5.067 106.067
    D2 DNSTREAM          2.177E+02   5.681 105.681
    U3 UPSTREAM          3.207E+02   5.681 105.681
    D3 DNSTREAM          2.981E+02   4.039 105.039
 Balance 1: S1=1.593E+06 S2=3.426E+06 BNI=4.197E+06 BNQ=2.363E+06 TAQ=0.000E+00 WSI=0.000E+00 WSQ=0.000E+00
 Bal diff=BAL=S2-S1-BNI-TAQ+BNQ-WSI+WSQ= 3.225E-01    Rel bal=BAL/(S2+BNQ)= 5.570E-08

 SIMULATION ending at  1990/ 1/ 1: 4.6250000.  Time step=   450.00 sec
 ITER RCORECT  BRA   NODE   MXRES  LOC  SUMSQR NUMGT
    1 3.0E-02    2    204 1.6E+01   61 1.1E+03    21
    2 2.2E-05    1    108 1.1E-01   65 3.5E-02     0
 CSUR= 0.0E+00 AT ND=   0:     0 RLTQ= 0.0E+00 AT ND=   0:     0 DT/ITER=   225.0

 RESULTS at time          16650. JTIME =     47892.1927083334

 BRANCH NUMBER =     1
  Node  Node Identifier     Stat    Flow    Area   Vel  Depth    Elev     Top  Fr Lat Inf
   100 UPSTREAM           0.0000 1.259+2 1.661+2  0.76   4.82  105.82 4.891+1 0.0 0.000+0
   101                    0.1000 1.234+2 1.701+2  0.73   4.90  105.80 4.941+1 0.0 0.000+0
   102                    0.2000 1.213+2 1.744+2  0.70   4.99  105.79 4.992+1 0.0 0.000+0
   103                    0.3000 1.193+2 1.787+2  0.67   5.07  105.77 5.044+1 0.0 0.000+0
   104                    0.4000 1.171+2 1.832+2  0.64   5.16  105.76 5.097+1 0.0 0.000+0
   105                    0.5000 1.148+2 1.877+2  0.61   5.25  105.75 5.150+1 0.0 0.000+0
   106                    0.6000 1.124+2 1.924+2  0.58   5.34  105.74 5.204+1 0.0 0.000+0
   107                    0.7000 1.101+2 1.971+2  0.56   5.43  105.73 5.259+1 0.0 0.000+0
   108                    0.8000 1.079+2 2.020+2  0.53   5.52  105.72 5.314+1 0.0 0.000+0
   109                    0.9000 1.057+2 2.070+2  0.51   5.62  105.72 5.370+1 0.0 0.000+0
   110 DNSTREAM           1.0000 1.036+2 2.120+2  0.49   5.71  105.71 5.426+1 0.0 0.000+0

 BRANCH NUMBER =     2
  Node  Node Identifier     Stat    Flow    Area   Vel  Depth    Elev     Top  Fr Lat Inf
   200 UPSTREAM           0.0000 2.518+2 1.810+2  1.39   5.12  106.12 5.071+1 0.0 0.000+0
   201                    0.1000 2.483+2 1.833+2  1.35   5.16  106.06 5.099+1 0.0 0.000+0
   202                    0.2000 2.455+2 1.859+2  1.32   5.21  106.01 5.129+1 0.0 0.000+0
   203                    0.3000 2.430+2 1.886+2  1.29   5.27  105.97 5.161+1 0.0 0.000+0
   204                    0.4000 2.404+2 1.915+2  1.26   5.32  105.92 5.194+1 0.0 0.000+0
   205                    0.5000 2.376+2 1.945+2  1.22   5.38  105.88 5.229+1 0.0 0.000+0
   206                    0.6000 2.348+2 1.977+2  1.19   5.44  105.84 5.265+1 0.0 0.000+0
   207                    0.7000 2.321+2 2.010+2  1.15   5.51  105.81 5.303+1 0.0 0.000+0
   208                    0.8000 2.296+2 2.045+2  1.12   5.57  105.77 5.343+1 0.0 0.000+0
   209                    0.9000 2.272+2 2.082+2  1.09   5.64  105.74 5.384+1 0.0 0.000+0
   210 DNSTREAM           1.0000 2.251+2 2.120+2  1.06   5.71  105.71 5.426+1 0.0 0.000+0

 BRANCH NUMBER =     3
  Node  Node Identifier     Stat    Flow    Area   Vel  Depth    Elev     Top  Fr Lat Inf
   300 UPSTREAM           0.0000 3.286+2 4.240+2  0.78   5.71  105.71 1.085+2 0.0 0.000+0
   301                    0.1000 3.247+2 3.908+2  0.83   5.59  105.69 1.018+2 0.0 0.000+0
   302                    0.2000 3.211+2 3.586+2  0.90   5.47  105.67 9.508+1 0.0 0.000+0
   303                    0.3000 3.179+2 3.274+2  0.97   5.34  105.64 8.852+1 0.0 0.000+0
   304                    0.4000 3.150+2 2.972+2  1.06   5.21  105.61 8.204+1 0.0 0.000+0
   305                    0.5000 3.123+2 2.680+2  1.17   5.07  105.57 7.566+1 0.0 0.000+0
   306                    0.6000 3.100+2 2.396+2  1.29   4.92  105.52 6.935+1 0.0 0.000+0
   307                    0.7000 3.078+2 2.119+2  1.45   4.76  105.46 6.310+1 0.0 0.000+0
   308                    0.8000 3.059+2 1.847+2  1.66   4.57  105.37 5.689+1 0.0 0.000+0
   309                    0.9000 3.043+2 1.579+2  1.93   4.34  105.24 5.067+1 0.0 0.000+0
   310 DNSTREAM           1.0000 3.030+2 1.307+2  2.32   4.06  105.06 4.436+1 0.1 0.000+0

 EXTERIOR NODES
  Node  Node Identifier        QE1     YE1    Elev    Storage    Storage
    U1 UPSTREAM          1.259E+02   4.819 105.819
    D1 DNSTREAM          1.036E+02   5.710 105.710
    U2 UPSTREAM          2.518E+02   5.119 106.119
    D2 DNSTREAM          2.251E+02   5.710 105.710
    U3 UPSTREAM          3.286E+02   5.710 105.710
    D3 DNSTREAM          3.030E+02   4.061 105.061
 Balance 1: S1=1.593E+06 S2=3.457E+06 BNI=4.363E+06 BNQ=2.499E+06 TAQ=0.000E+00 WSI=0.000E+00 WSQ=0.000E+00
 Bal diff=BAL=S2-S1-BNI-TAQ+BNQ-WSI+WSQ= 3.159E-01    Rel bal=BAL/(S2+BNQ)= 5.305E-08

 SIMULATION ending at  1990/ 1/ 1: 4.7500000.  Time step=   450.00 sec
 ITER RCORECT  BRA   NODE   MXRES  LOC  SUMSQR NUMGT
    1 2.9E-02    1    101 1.4E+01   65 1.1E+03    30
    2 2.0E-05    1    110 9.3E-02   63 3.5E-02     0
 CSUR= 0.0E+00 AT ND=   0:     0 RLTQ= 0.0E+00 AT ND=   0:     0 DT/ITER=   225.0

 RESULTS at time          17100. JTIME =     47892.1979166668

 BRANCH NUMBER =     1
  Node  Node Identifier     Stat    Flow    Area   Vel  Depth    Elev     Top  Fr Lat Inf
   100 UPSTREAM           0.0000 1.323+2 1.682+2  0.79   4.86  105.86 4.917+1 0.0 0.000+0
   101                    0.1000 1.297+2 1.723+2  0.75   4.95  105.85 4.967+1 0.0 0.000+0
   102                    0.2000 1.270+2 1.764+2  0.72   5.03  105.83 5.017+1 0.0 0.000+0
   103                    0.3000 1.243+2 1.807+2  0.69   5.11  105.81 5.068+1 0.0 0.000+0
   104                    0.4000 1.218+2 1.852+2  0.66   5.20  105.80 5.121+1 0.0 0.000+0
   105                    0.5000 1.193+2 1.897+2  0.63   5.29  105.79 5.174+1 0.0 0.000+0
   106                    0.6000 1.169+2 1.944+2  0.60   5.38  105.78 5.228+1 0.0 0.000+0
   107                    0.7000 1.144+2 1.992+2  0.57   5.47  105.77 5.282+1 0.0 0.000+0
   108                    0.8000 1.118+2 2.041+2  0.55   5.56  105.76 5.337+1 0.0 0.000+0
   109                    0.9000 1.092+2 2.090+2  0.52   5.65  105.75 5.393+1 0.0 0.000+0
   110 DNSTREAM           1.0000 1.065+2 2.141+2  0.50   5.75  105.75 5.449+1 0.0 0.000+0

 BRANCH NUMBER =     2
  Node  Node Identifier     Stat    Flow    Area   Vel  Depth    Elev     Top  Fr Lat Inf
   200 UPSTREAM           0.0000 2.645+2 1.839+2  1.44   5.18  106.18 5.106+1 0.0 0.000+0
   201                    0.1000 2.611+2 1.862+2  1.40   5.22  106.12 5.132+1 0.0 0.000+0
   202                    0.2000 2.574+2 1.886+2  1.37   5.27  106.07 5.160+1 0.0 0.000+0
   203                    0.3000 2.539+2 1.912+2  1.33   5.32  106.02 5.190+1 0.0 0.000+0
   204                    0.4000 2.507+2 1.939+2  1.29   5.37  105.97 5.222+1 0.0 0.000+0
   205                    0.5000 2.478+2 1.969+2  1.26   5.43  105.93 5.256+1 0.0 0.000+0
   206                    0.6000 2.451+2 2.000+2  1.23   5.49  105.89 5.292+1 0.0 0.000+0
   207                    0.7000 2.424+2 2.033+2  1.19   5.55  105.85 5.329+1 0.0 0.000+0
   208                    0.8000 2.396+2 2.068+2  1.16   5.61  105.81 5.368+1 0.0 0.000+0
   209                    0.9000 2.369+2 2.104+2  1.13   5.68  105.78 5.408+1 0.0 0.000+0
   210 DNSTREAM           1.0000 2.342+2 2.141+2  1.09   5.75  105.75 5.449+1 0.0 0.000+0

 BRANCH NUMBER =     3
  Node  Node Identifier     Stat    Flow    Area   Vel  Depth    Elev     Top  Fr Lat Inf
   300 UPSTREAM           0.0000 3.406+2 4.282+2  0.80   5.75  105.75 1.090+2 0.0 0.000+0
   301                    0.1000 3.354+2 3.945+2  0.85   5.63  105.73 1.022+2 0.0 0.000+0
   302                    0.2000 3.307+2 3.620+2  0.91   5.51  105.71 9.547+1 0.0 0.000+0
   303                    0.3000 3.264+2 3.305+2  0.99   5.38  105.68 8.887+1 0.0 0.000+0
   304                    0.4000 3.226+2 3.000+2  1.08   5.25  105.65 8.236+1 0.0 0.000+0
   305                    0.5000 3.192+2 2.704+2  1.18   5.11  105.61 7.595+1 0.0 0.000+0
   306                    0.6000 3.162+2 2.417+2  1.31   4.95  105.55 6.961+1 0.0 0.000+0
   307                    0.7000 3.137+2 2.138+2  1.47   4.79  105.49 6.333+1 0.0 0.000+0
   308                    0.8000 3.115+2 1.863+2  1.67   4.60  105.40 5.709+1 0.0 0.000+0
   309                    0.9000 3.097+2 1.592+2  1.95   4.37  105.27 5.085+1 0.0 0.000+0
   310 DNSTREAM           1.0000 3.083+2 1.318+2  2.34   4.08  105.08 4.451+1 0.1 0.000+0

 EXTERIOR NODES
  Node  Node Identifier        QE1     YE1    Elev    Storage    Storage
    U1 UPSTREAM          1.323E+02   4.863 105.863
    D1 DNSTREAM          1.065E+02   5.748 105.748
    U2 UPSTREAM          2.645E+02   5.177 106.177
    D2 DNSTREAM          2.342E+02   5.748 105.748
    U3 UPSTREAM          3.406E+02   5.748 105.748
    D3 DNSTREAM          3.083E+02   4.085 105.085
 Balance 1: S1=1.593E+06 S2=3.494E+06 BNI=4.537E+06 BNQ=2.636E+06 TAQ=0.000E+00 WSI=0.000E+00 WSQ=0.000E+00
 Bal diff=BAL=S2-S1-BNI-TAQ+BNQ-WSI+WSQ= 2.958E-01    Rel bal=BAL/(S2+BNQ)= 4.825E-08

 SIMULATION ending at  1990/ 1/ 1: 4.8750000.  Time step=   450.00 sec
 ITER RCORECT  BRA   NODE   MXRES  LOC  SUMSQR NUMGT
    1 2.6E-02    2    203 1.2E+01   61 1.4E+03    33
    2 1.6E-05    2    206 8.5E-02   65 2.9E-02     0
 CSUR= 0.0E+00 AT ND=   0:     0 RLTQ= 0.0E+00 AT ND=   0:     0 DT/ITER=   225.0

 RESULTS at time          17550. JTIME =     47892.2031250001

 BRANCH NUMBER =     1
  Node  Node Identifier     Stat    Flow    Area   Vel  Depth    Elev     Top  Fr Lat Inf
   100 UPSTREAM           0.0000 1.386+2 1.706+2  0.81   4.91  105.91 4.946+1 0.0 0.000+0
   101                    0.1000 1.357+2 1.746+2  0.78   4.99  105.89 4.995+1 0.0 0.000+0
   102                    0.2000 1.329+2 1.788+2  0.74   5.08  105.88 5.045+1 0.0 0.000+0
   103                    0.3000 1.301+2 1.831+2  0.71   5.16  105.86 5.096+1 0.0 0.000+0
   104                    0.4000 1.271+2 1.875+2  0.68   5.25  105.85 5.148+1 0.0 0.000+0
   105                    0.5000 1.241+2 1.921+2  0.65   5.33  105.83 5.201+1 0.0 0.000+0
   106                    0.6000 1.212+2 1.967+2  0.62   5.42  105.82 5.254+1 0.0 0.000+0
   107                    0.7000 1.183+2 2.015+2  0.59   5.51  105.81 5.309+1 0.0 0.000+0
   108                    0.8000 1.154+2 2.064+2  0.56   5.61  105.81 5.364+1 0.0 0.000+0
   109                    0.9000 1.126+2 2.114+2  0.53   5.70  105.80 5.419+1 0.0 0.000+0
   110 DNSTREAM           1.0000 1.097+2 2.165+2  0.51   5.79  105.79 5.475+1 0.0 0.000+0

 BRANCH NUMBER =     2
  Node  Node Identifier     Stat    Flow    Area   Vel  Depth    Elev     Top  Fr Lat Inf
   200 UPSTREAM           0.0000 2.773+2 1.872+2  1.48   5.24  106.24 5.144+1 0.0 0.000+0
   201                    0.1000 2.732+2 1.893+2  1.44   5.28  106.18 5.169+1 0.0 0.000+0
   202                    0.2000 2.697+2 1.916+2  1.41   5.33  106.13 5.196+1 0.0 0.000+0
   203                    0.3000 2.662+2 1.941+2  1.37   5.37  106.07 5.225+1 0.0 0.000+0
   204                    0.4000 2.625+2 1.968+2  1.33   5.43  106.03 5.255+1 0.0 0.000+0
   205                    0.5000 2.589+2 1.996+2  1.30   5.48  105.98 5.287+1 0.0 0.000+0
   206                    0.6000 2.554+2 2.027+2  1.26   5.54  105.94 5.322+1 0.0 0.000+0
   207                    0.7000 2.521+2 2.059+2  1.22   5.60  105.90 5.358+1 0.0 0.000+0
   208                    0.8000 2.490+2 2.092+2  1.19   5.66  105.86 5.395+1 0.0 0.000+0
   209                    0.9000 2.461+2 2.128+2  1.16   5.72  105.82 5.434+1 0.0 0.000+0
   210 DNSTREAM           1.0000 2.432+2 2.165+2  1.12   5.79  105.79 5.475+1 0.0 0.000+0

 BRANCH NUMBER =     3
  Node  Node Identifier     Stat    Flow    Area   Vel  Depth    Elev     Top  Fr Lat Inf
   300 UPSTREAM           0.0000 3.529+2 4.330+2  0.82   5.79  105.79 1.095+2 0.0 0.000+0
   301                    0.1000 3.473+2 3.990+2  0.87   5.67  105.77 1.027+2 0.0 0.000+0
   302                    0.2000 3.421+2 3.661+2  0.93   5.55  105.75 9.593+1 0.0 0.000+0
   303                    0.3000 3.373+2 3.342+2  1.01   5.42  105.72 8.930+1 0.0 0.000+0
   304                    0.4000 3.328+2 3.034+2  1.10   5.29  105.69 8.276+1 0.0 0.000+0
   305                    0.5000 3.287+2 2.735+2  1.20   5.14  105.64 7.630+1 0.0 0.000+0
   306                    0.6000 3.251+2 2.444+2  1.33   4.99  105.59 6.993+1 0.0 0.000+0
   307                    0.7000 3.218+2 2.161+2  1.49   4.82  105.52 6.361+1 0.0 0.000+0
   308                    0.8000 3.190+2 1.883+2  1.69   4.63  105.43 5.734+1 0.0 0.000+0
   309                    0.9000 3.167+2 1.608+2  1.97   4.40  105.30 5.106+1 0.0 0.000+0
   310 DNSTREAM           1.0000 3.147+2 1.330+2  2.37   4.11  105.11 4.468+1 0.1 0.000+0

 EXTERIOR NODES
  Node  Node Identifier        QE1     YE1    Elev    Storage    Storage
    U1 UPSTREAM          1.386E+02   4.911 105.911
    D1 DNSTREAM          1.097E+02   5.792 105.792
    U2 UPSTREAM          2.773E+02   5.240 106.240
    D2 DNSTREAM          2.432E+02   5.792 105.792
    U3 UPSTREAM          3.529E+02   5.792 105.792
    D3 DNSTREAM          3.147E+02   4.114 105.114
 Balance 1: S1=1.593E+06 S2=3.537E+06 BNI=4.721E+06 BNQ=2.777E+06 TAQ=0.000E+00 WSI=0.000E+00 WSQ=0.000E+00
 Bal diff=BAL=S2-S1-BNI-TAQ+BNQ-WSI+WSQ= 3.664E-01    Rel bal=BAL/(S2+BNQ)= 5.804E-08

 SIMULATION ending at  1990/ 1/ 1: 5.0000000.  Time step=   450.00 sec
 ITER RCORECT  BRA   NODE   MXRES  LOC  SUMSQR NUMGT
    1 2.4E-02    2    201 1.1E+01   65 1.2E+03    33
    2 2.6E-05    2    210 9.0E-02   63 3.3E-02     0
 CSUR= 0.0E+00 AT ND=   0:     0 RLTQ= 0.0E+00 AT ND=   0:     0 DT/ITER=   225.0

 RESULTS at time          18000. JTIME =     47892.2083333334

 BRANCH NUMBER =     1
  Node  Node Identifier     Stat    Flow    Area   Vel  Depth    Elev     Top  Fr Lat Inf
   100 UPSTREAM           0.0000 1.450+2 1.732+2  0.84   4.96  105.96 4.978+1 0.0 0.000+0
   101                    0.1000 1.418+2 1.772+2  0.80   5.04  105.94 5.026+1 0.0 0.000+0
   102                    0.2000 1.385+2 1.814+2  0.76   5.13  105.93 5.076+1 0.0 0.000+0
   103                    0.3000 1.353+2 1.857+2  0.73   5.21  105.91 5.126+1 0.0 0.000+0
   104                    0.4000 1.322+2 1.901+2  0.70   5.30  105.90 5.178+1 0.0 0.000+0
   105                    0.5000 1.291+2 1.947+2  0.66   5.39  105.89 5.231+1 0.0 0.000+0
   106                    0.6000 1.259+2 1.994+2  0.63   5.47  105.87 5.284+1 0.0 0.000+0
   107                    0.7000 1.227+2 2.042+2  0.60   5.56  105.86 5.338+1 0.0 0.000+0
   108                    0.8000 1.193+2 2.091+2  0.57   5.66  105.86 5.393+1 0.0 0.000+0
   109                    0.9000 1.160+2 2.140+2  0.54   5.75  105.85 5.448+1 0.0 0.000+0
   110 DNSTREAM           1.0000 1.126+2 2.192+2  0.51   5.84  105.84 5.504+1 0.0 0.000+0

 BRANCH NUMBER =     2
  Node  Node Identifier     Stat    Flow    Area   Vel  Depth    Elev     Top  Fr Lat Inf
   200 UPSTREAM           0.0000 2.900+2 1.907+2  1.52   5.31  106.31 5.185+1 0.0 0.000+0
   201                    0.1000 2.859+2 1.927+2  1.48   5.35  106.25 5.208+1 0.0 0.000+0
   202                    0.2000 2.817+2 1.949+2  1.45   5.39  106.19 5.233+1 0.0 0.000+0
   203                    0.3000 2.777+2 1.973+2  1.41   5.43  106.13 5.261+1 0.0 0.000+0
   204                    0.4000 2.740+2 1.999+2  1.37   5.48  106.08 5.290+1 0.0 0.000+0
   205                    0.5000 2.704+2 2.027+2  1.33   5.54  106.04 5.322+1 0.0 0.000+0
   206                    0.6000 2.668+2 2.057+2  1.30   5.59  105.99 5.355+1 0.0 0.000+0
   207                    0.7000 2.632+2 2.088+2  1.26   5.65  105.95 5.390+1 0.0 0.000+0
   208                    0.8000 2.596+2 2.121+2  1.22   5.71  105.91 5.427+1 0.0 0.000+0
   209                    0.9000 2.561+2 2.155+2  1.19   5.77  105.87 5.465+1 0.0 0.000+0
   210 DNSTREAM           1.0000 2.527+2 2.192+2  1.15   5.84  105.84 5.504+1 0.0 0.000+0

 BRANCH NUMBER =     3
  Node  Node Identifier     Stat    Flow    Area   Vel  Depth    Elev     Top  Fr Lat Inf
   300 UPSTREAM           0.0000 3.653+2 4.383+2  0.83   5.84  105.84 1.101+2 0.0 0.000+0
   301                    0.1000 3.589+2 4.039+2  0.89   5.72  105.82 1.032+2 0.0 0.000+0
   302                    0.2000 3.530+2 3.706+2  0.95   5.60  105.80 9.644+1 0.0 0.000+0
   303                    0.3000 3.477+2 3.384+2  1.03   5.47  105.77 8.977+1 0.0 0.000+0
   304                    0.4000 3.428+2 3.072+2  1.12   5.33  105.73 8.320+1 0.0 0.000+0
   305                    0.5000 3.383+2 2.769+2  1.22   5.19  105.69 7.671+1 0.0 0.000+0
   306                    0.6000 3.343+2 2.475+2  1.35   5.04  105.64 7.030+1 0.0 0.000+0
   307                    0.7000 3.308+2 2.188+2  1.51   4.87  105.57 6.395+1 0.0 0.000+0
   308                    0.8000 3.276+2 1.907+2  1.72   4.67  105.47 5.764+1 0.0 0.000+0
   309                    0.9000 3.249+2 1.628+2  2.00   4.44  105.34 5.132+1 0.0 0.000+0
   310 DNSTREAM           1.0000 3.227+2 1.346+2  2.40   4.15  105.15 4.489+1 0.1 0.000+0

 EXTERIOR NODES
  Node  Node Identifier        QE1     YE1    Elev    Storage    Storage
    U1 UPSTREAM          1.450E+02   4.963 105.964
    D1 DNSTREAM          1.126E+02   5.841 105.841
    U2 UPSTREAM          2.900E+02   5.308 106.308
    D2 DNSTREAM          2.527E+02   5.841 105.841
    U3 UPSTREAM          3.653E+02   5.841 105.841
    D3 DNSTREAM          3.227E+02   4.149 105.149
 Balance 1: S1=1.593E+06 S2=3.585E+06 BNI=4.912E+06 BNQ=2.920E+06 TAQ=0.000E+00 WSI=0.000E+00 WSQ=0.000E+00
 Bal diff=BAL=S2-S1-BNI-TAQ+BNQ-WSI+WSQ= 3.341E-01    Rel bal=BAL/(S2+BNQ)= 5.136E-08

 SIMULATION ending at  1990/ 1/ 1: 5.1250000.  Time step=   450.00 sec
 ITER RCORECT  BRA   NODE   MXRES  LOC  SUMSQR NUMGT
    1 4.2E-02    2    200 1.2E+01   66 1.3E+03    40
    2 5.1E-05    3    302 2.2E-01   65 1.6E-01     0
 CSUR= 0.0E+00 AT ND=   0:     0 RLTQ= 0.0E+00 AT ND=   0:     0 DT/ITER=   225.0

 RESULTS at time          18450. JTIME =     47892.2135416668

 BRANCH NUMBER =     1
  Node  Node Identifier     Stat    Flow    Area   Vel  Depth    Elev     Top  Fr Lat Inf
   100 UPSTREAM           0.0000 1.544+2 1.764+2  0.88   5.03  106.03 5.016+1 0.0 0.000+0
   101                    0.1000 1.502+2 1.803+2  0.83   5.11  106.01 5.063+1 0.0 0.000+0
   102                    0.2000 1.463+2 1.845+2  0.79   5.19  105.99 5.112+1 0.0 0.000+0
   103                    0.3000 1.424+2 1.887+2  0.75   5.27  105.97 5.162+1 0.0 0.000+0
   104                    0.4000 1.385+2 1.931+2  0.72   5.36  105.96 5.213+1 0.0 0.000+0
   105                    0.5000 1.347+2 1.977+2  0.68   5.44  105.94 5.265+1 0.0 0.000+0
   106                    0.6000 1.310+2 2.023+2  0.65   5.53  105.93 5.318+1 0.0 0.000+0
   107                    0.7000 1.273+2 2.071+2  0.61   5.62  105.92 5.372+1 0.0 0.000+0
   108                    0.8000 1.236+2 2.121+2  0.58   5.71  105.91 5.427+1 0.0 0.000+0
   109                    0.9000 1.199+2 2.171+2  0.55   5.80  105.90 5.482+1 0.0 0.000+0
   110 DNSTREAM           1.0000 1.161+2 2.222+2  0.52   5.90  105.90 5.538+1 0.0 0.000+0

 BRANCH NUMBER =     2
  Node  Node Identifier     Stat    Flow    Area   Vel  Depth    Elev     Top  Fr Lat Inf
   200 UPSTREAM           0.0000 3.088+2 1.950+2  1.58   5.39  106.39 5.235+1 0.0 0.000+0
   201                    0.1000 3.030+2 1.968+2  1.54   5.43  106.33 5.255+1 0.0 0.000+0
   202                    0.2000 2.979+2 1.988+2  1.50   5.46  106.26 5.278+1 0.0 0.000+0
   203                    0.3000 2.929+2 2.011+2  1.46   5.51  106.21 5.304+1 0.0 0.000+0
   204                    0.4000 2.881+2 2.035+2  1.42   5.55  106.15 5.331+1 0.0 0.000+0
   205                    0.5000 2.835+2 2.062+2  1.38   5.60  106.10 5.361+1 0.0 0.000+0
   206                    0.6000 2.792+2 2.090+2  1.34   5.65  106.05 5.393+1 0.0 0.000+0
   207                    0.7000 2.751+2 2.120+2  1.30   5.71  106.01 5.426+1 0.0 0.000+0
   208                    0.8000 2.712+2 2.152+2  1.26   5.77  105.97 5.462+1 0.0 0.000+0
   209                    0.9000 2.674+2 2.186+2  1.22   5.83  105.93 5.499+1 0.0 0.000+0
   210 DNSTREAM           1.0000 2.636+2 2.222+2  1.19   5.90  105.90 5.538+1 0.0 0.000+0

 BRANCH NUMBER =     3
  Node  Node Identifier     Stat    Flow    Area   Vel  Depth    Elev     Top  Fr Lat Inf
   300 UPSTREAM           0.0000 3.797+2 4.444+2  0.85   5.90  105.90 1.108+2 0.0 0.000+0
   301                    0.1000 3.724+2 4.096+2  0.91   5.78  105.88 1.038+2 0.0 0.000+0
   302                    0.2000 3.657+2 3.758+2  0.97   5.65  105.85 9.702+1 0.0 0.000+0
   303                    0.3000 3.595+2 3.431+2  1.05   5.52  105.82 9.031+1 0.0 0.000+0
   304                    0.4000 3.538+2 3.115+2  1.14   5.38  105.78 8.369+1 0.0 0.000+0
   305                    0.5000 3.488+2 2.808+2  1.24   5.24  105.74 7.716+1 0.0 0.000+0
   306                    0.6000 3.443+2 2.509+2  1.37   5.08  105.68 7.071+1 0.0 0.000+0
   307                    0.7000 3.403+2 2.219+2  1.53   4.91  105.61 6.432+1 0.0 0.000+0
   308                    0.8000 3.368+2 1.933+2  1.74   4.72  105.52 5.796+1 0.0 0.000+0
   309                    0.9000 3.339+2 1.650+2  2.02   4.48  105.38 5.160+1 0.0 0.000+0
   310 DNSTREAM           1.0000 3.315+2 1.364+2  2.43   4.19  105.19 4.513+1 0.1 0.000+0

 EXTERIOR NODES
  Node  Node Identifier        QE1     YE1    Elev    Storage    Storage
    U1 UPSTREAM          1.544E+02   5.027 106.027
    D1 DNSTREAM          1.161E+02   5.896 105.896
    U2 UPSTREAM          3.088E+02   5.392 106.392
    D2 DNSTREAM          2.636E+02   5.896 105.896
    U3 UPSTREAM          3.797E+02   5.896 105.896
    D3 DNSTREAM          3.315E+02   4.188 105.188
 Balance 1: S1=1.593E+06 S2=3.640E+06 BNI=5.115E+06 BNQ=3.067E+06 TAQ=0.000E+00 WSI=0.000E+00 WSQ=0.000E+00
 Bal diff=BAL=S2-S1-BNI-TAQ+BNQ-WSI+WSQ= 3.906E-01    Rel bal=BAL/(S2+BNQ)= 5.823E-08

 SIMULATION ending at  1990/ 1/ 1: 5.2500000.  Time step=   450.00 sec
 ITER RCORECT  BRA   NODE   MXRES  LOC  SUMSQR NUMGT
    1 3.6E-02    2    205 2.1E+01   65 2.9E+03    47
    2 3.3E-05    2    210 8.4E-02   53 8.2E-02     0
 CSUR= 0.0E+00 AT ND=   0:     0 RLTQ= 0.0E+00 AT ND=   0:     0 DT/ITER=   225.0

 RESULTS at time          18900. JTIME =     47892.2187500001

 BRANCH NUMBER =     1
  Node  Node Identifier     Stat    Flow    Area   Vel  Depth    Elev     Top  Fr Lat Inf
   100 UPSTREAM           0.0000 1.638+2 1.799+2  0.91   5.10  106.10 5.058+1 0.0 0.000+0
   101                    0.1000 1.596+2 1.839+2  0.87   5.18  106.08 5.105+1 0.0 0.000+0
   102                    0.2000 1.552+2 1.880+2  0.83   5.26  106.06 5.153+1 0.0 0.000+0
   103                    0.3000 1.509+2 1.922+2  0.79   5.34  106.04 5.203+1 0.0 0.000+0
   104                    0.4000 1.466+2 1.966+2  0.75   5.42  106.02 5.253+1 0.0 0.000+0
   105                    0.5000 1.423+2 2.012+2  0.71   5.51  106.01 5.305+1 0.0 0.000+0
   106                    0.6000 1.379+2 2.058+2  0.67   5.60  106.00 5.357+1 0.0 0.000+0
   107                    0.7000 1.335+2 2.106+2  0.63   5.68  105.98 5.411+1 0.0 0.000+0
   108                    0.8000 1.291+2 2.155+2  0.60   5.77  105.97 5.465+1 0.0 0.000+0
   109                    0.9000 1.247+2 2.206+2  0.57   5.87  105.97 5.520+1 0.0 0.000+0
   110 DNSTREAM           1.0000 1.204+2 2.257+2  0.53   5.96  105.96 5.575+1 0.0 0.000+0

 BRANCH NUMBER =     2
  Node  Node Identifier     Stat    Flow    Area   Vel  Depth    Elev     Top  Fr Lat Inf
   200 UPSTREAM           0.0000 3.275+2 1.998+2  1.64   5.48  106.48 5.290+1 0.0 0.000+0
   201                    0.1000 3.220+2 2.015+2  1.60   5.51  106.41 5.309+1 0.0 0.000+0
   202                    0.2000 3.164+2 2.034+2  1.56   5.55  106.35 5.330+1 0.0 0.000+0
   203                    0.3000 3.109+2 2.055+2  1.51   5.59  106.29 5.353+1 0.0 0.000+0
   204                    0.4000 3.056+2 2.078+2  1.47   5.63  106.23 5.379+1 0.0 0.000+0
   205                    0.5000 3.004+2 2.103+2  1.43   5.68  106.18 5.407+1 0.0 0.000+0
   206                    0.6000 2.953+2 2.130+2  1.39   5.73  106.13 5.437+1 0.0 0.000+0
   207                    0.7000 2.903+2 2.159+2  1.34   5.78  106.08 5.468+1 0.0 0.000+0
   208                    0.8000 2.854+2 2.190+2  1.30   5.84  106.04 5.502+1 0.0 0.000+0
   209                    0.9000 2.808+2 2.222+2  1.26   5.90  106.00 5.538+1 0.0 0.000+0
   210 DNSTREAM           1.0000 2.764+2 2.257+2  1.22   5.96  105.96 5.575+1 0.0 0.000+0

 BRANCH NUMBER =     3
  Node  Node Identifier     Stat    Flow    Area   Vel  Depth    Elev     Top  Fr Lat Inf
   300 UPSTREAM           0.0000 3.967+2 4.514+2  0.88   5.96  105.96 1.115+2 0.0 0.000+0
   301                    0.1000 3.883+2 4.160+2  0.93   5.84  105.94 1.045+2 0.0 0.000+0
   302                    0.2000 3.807+2 3.817+2  1.00   5.71  105.91 9.768+1 0.0 0.000+0
   303                    0.3000 3.737+2 3.486+2  1.07   5.58  105.88 9.092+1 0.0 0.000+0
   304                    0.4000 3.673+2 3.164+2  1.16   5.44  105.84 8.425+1 0.0 0.000+0
   305                    0.5000 3.615+2 2.852+2  1.27   5.30  105.80 7.767+1 0.0 0.000+0
   306                    0.6000 3.563+2 2.549+2  1.40   5.14  105.74 7.117+1 0.0 0.000+0
   307                    0.7000 3.517+2 2.253+2  1.56   4.97  105.67 6.473+1 0.0 0.000+0
   308                    0.8000 3.477+2 1.963+2  1.77   4.77  105.57 5.833+1 0.0 0.000+0
   309                    0.9000 3.443+2 1.675+2  2.05   4.53  105.43 5.191+1 0.0 0.000+0
   310 DNSTREAM           1.0000 3.415+2 1.384+2  2.47   4.23  105.23 4.539+1 0.1 0.000+0

 EXTERIOR NODES
  Node  Node Identifier        QE1     YE1    Elev    Storage    Storage
    U1 UPSTREAM          1.638E+02   5.098 106.098
    D1 DNSTREAM          1.204E+02   5.959 105.959
    U2 UPSTREAM          3.275E+02   5.483 106.483
    D2 DNSTREAM          2.764E+02   5.959 105.959
    U3 UPSTREAM          3.967E+02   5.959 105.959
    D3 DNSTREAM          3.415E+02   4.232 105.232
 Balance 1: S1=1.593E+06 S2=3.704E+06 BNI=5.330E+06 BNQ=3.219E+06 TAQ=0.000E+00 WSI=0.000E+00 WSQ=0.000E+00
 Bal diff=BAL=S2-S1-BNI-TAQ+BNQ-WSI+WSQ= 3.577E-01    Rel bal=BAL/(S2+BNQ)= 5.167E-08

 SIMULATION ending at  1990/ 1/ 1: 5.3750000.  Time step=   450.00 sec
 ITER RCORECT  BRA   NODE   MXRES  LOC  SUMSQR NUMGT
    1 3.2E-02    2    209 1.4E+01   53 2.8E+03    53
    2 4.9E-05    3    304 1.7E-01   65 1.5E-01     0
 CSUR= 0.0E+00 AT ND=   0:     0 RLTQ= 0.0E+00 AT ND=   0:     0 DT/ITER=   225.0

 RESULTS at time          19350. JTIME =     47892.2239583334

 BRANCH NUMBER =     1
  Node  Node Identifier     Stat    Flow    Area   Vel  Depth    Elev     Top  Fr Lat Inf
   100 UPSTREAM           0.0000 1.731+2 1.838+2  0.94   5.17  106.17 5.104+1 0.0 0.000+0
   101                    0.1000 1.683+2 1.877+2  0.90   5.25  106.15 5.150+1 0.0 0.000+0
   102                    0.2000 1.637+2 1.918+2  0.85   5.33  106.13 5.198+1 0.0 0.000+0
   103                    0.3000 1.590+2 1.961+2  0.81   5.41  106.11 5.247+1 0.0 0.000+0
   104                    0.4000 1.543+2 2.005+2  0.77   5.50  106.10 5.297+1 0.0 0.000+0
   105                    0.5000 1.496+2 2.050+2  0.73   5.58  106.08 5.348+1 0.0 0.000+0
   106                    0.6000 1.449+2 2.097+2  0.69   5.67  106.07 5.401+1 0.0 0.000+0
   107                    0.7000 1.402+2 2.146+2  0.65   5.76  106.06 5.454+1 0.0 0.000+0
   108                    0.8000 1.353+2 2.195+2  0.62   5.85  106.05 5.508+1 0.0 0.000+0
   109                    0.9000 1.304+2 2.246+2  0.58   5.94  106.04 5.563+1 0.0 0.000+0
   110 DNSTREAM           1.0000 1.254+2 2.297+2  0.55   6.03  106.03 5.618+1 0.0 0.000+0

 BRANCH NUMBER =     2
  Node  Node Identifier     Stat    Flow    Area   Vel  Depth    Elev     Top  Fr Lat Inf
   200 UPSTREAM           0.0000 3.463+2 2.050+2  1.69   5.58  106.58 5.348+1 0.0 0.000+0
   201                    0.1000 3.400+2 2.065+2  1.65   5.61  106.51 5.364+1 0.0 0.000+0
   202                    0.2000 3.342+2 2.082+2  1.60   5.64  106.44 5.384+1 0.0 0.000+0
   203                    0.3000 3.285+2 2.102+2  1.56   5.68  106.38 5.406+1 0.0 0.000+0
   204                    0.4000 3.229+2 2.124+2  1.52   5.72  106.32 5.430+1 0.0 0.000+0
   205                    0.5000 3.174+2 2.148+2  1.48   5.76  106.26 5.456+1 0.0 0.000+0
   206                    0.6000 3.121+2 2.174+2  1.44   5.81  106.21 5.485+1 0.0 0.000+0
   207                    0.7000 3.069+2 2.202+2  1.39   5.86  106.16 5.515+1 0.0 0.000+0
   208                    0.8000 3.017+2 2.232+2  1.35   5.91  106.11 5.548+1 0.0 0.000+0
   209                    0.9000 2.966+2 2.264+2  1.31   5.97  106.07 5.582+1 0.0 0.000+0
   210 DNSTREAM           1.0000 2.916+2 2.297+2  1.27   6.03  106.03 5.618+1 0.0 0.000+0

 BRANCH NUMBER =     3
  Node  Node Identifier     Stat    Flow    Area   Vel  Depth    Elev     Top  Fr Lat Inf
   300 UPSTREAM           0.0000 4.170+2 4.595+2  0.91   6.03  106.03 1.124+2 0.0 0.000+0
   301                    0.1000 4.073+2 4.234+2  0.96   5.91  106.01 1.053+2 0.0 0.000+0
   302                    0.2000 3.984+2 3.886+2  1.03   5.78  105.98 9.843+1 0.0 0.000+0
   303                    0.3000 3.903+2 3.548+2  1.10   5.65  105.95 9.161+1 0.0 0.000+0
   304                    0.4000 3.829+2 3.220+2  1.19   5.51  105.91 8.489+1 0.0 0.000+0
   305                    0.5000 3.762+2 2.903+2  1.30   5.36  105.86 7.826+1 0.0 0.000+0
   306                    0.6000 3.702+2 2.594+2  1.43   5.20  105.80 7.170+1 0.0 0.000+0
   307                    0.7000 3.649+2 2.293+2  1.59   5.03  105.73 6.521+1 0.0 0.000+0
   308                    0.8000 3.603+2 1.997+2  1.80   4.83  105.63 5.875+1 0.0 0.000+0
   309                    0.9000 3.564+2 1.704+2  2.09   4.59  105.49 5.228+1 0.0 0.000+0
   310 DNSTREAM           1.0000 3.531+2 1.407+2  2.51   4.28  105.28 4.569+1 0.1 0.000+0

 EXTERIOR NODES
  Node  Node Identifier        QE1     YE1    Elev    Storage    Storage
    U1 UPSTREAM          1.731E+02   5.174 106.174
    D1 DNSTREAM          1.254E+02   6.031 106.031
    U2 UPSTREAM          3.463E+02   5.579 106.579
    D2 DNSTREAM          2.916E+02   6.031 106.031
    U3 UPSTREAM          4.170E+02   6.031 106.031
    D3 DNSTREAM          3.531E+02   4.283 105.283
 Balance 1: S1=1.593E+06 S2=3.776E+06 BNI=5.558E+06 BNQ=3.376E+06 TAQ=0.000E+00 WSI=0.000E+00 WSQ=0.000E+00
 Bal diff=BAL=S2-S1-BNI-TAQ+BNQ-WSI+WSQ= 3.912E-01    Rel bal=BAL/(S2+BNQ)= 5.470E-08

 SIMULATION ending at  1990/ 1/ 1: 5.5000000.  Time step=   450.00 sec
 ITER RCORECT  BRA   NODE   MXRES  LOC  SUMSQR NUMGT
    1 2.8E-02    2    201 1.6E+01   65 2.9E+03    66
    2 4.1E-05    3    308 1.4E-01   43 1.4E-01     0
 CSUR= 0.0E+00 AT ND=   0:     0 RLTQ= 0.0E+00 AT ND=   0:     0 DT/ITER=   225.0

 RESULTS at time          19800. JTIME =     47892.2291666668

 BRANCH NUMBER =     1
  Node  Node Identifier     Stat    Flow    Area   Vel  Depth    Elev     Top  Fr Lat Inf
   100 UPSTREAM           0.0000 1.825+2 1.880+2  0.97   5.26  106.26 5.154+1 0.0 0.000+0
   101                    0.1000 1.774+2 1.919+2  0.92   5.33  106.23 5.199+1 0.0 0.000+0
   102                    0.2000 1.722+2 1.960+2  0.88   5.41  106.21 5.246+1 0.0 0.000+0
   103                    0.3000 1.670+2 2.003+2  0.83   5.49  106.19 5.295+1 0.0 0.000+0
   104                    0.4000 1.618+2 2.047+2  0.79   5.57  106.17 5.345+1 0.0 0.000+0
   105                    0.5000 1.566+2 2.093+2  0.75   5.66  106.16 5.396+1 0.0 0.000+0
   106                    0.6000 1.514+2 2.140+2  0.71   5.75  106.15 5.448+1 0.0 0.000+0
   107                    0.7000 1.461+2 2.188+2  0.67   5.84  106.14 5.501+1 0.0 0.000+0
   108                    0.8000 1.409+2 2.238+2  0.63   5.93  106.13 5.555+1 0.0 0.000+0
   109                    0.9000 1.356+2 2.289+2  0.59   6.02  106.12 5.610+1 0.0 0.000+0
   110 DNSTREAM           1.0000 1.303+2 2.341+2  0.56   6.11  106.11 5.665+1 0.0 0.000+0

 BRANCH NUMBER =     2
  Node  Node Identifier     Stat    Flow    Area   Vel  Depth    Elev     Top  Fr Lat Inf
   200 UPSTREAM           0.0000 3.650+2 2.103+2  1.74   5.68  106.68 5.407+1 0.0 0.000+0
   201                    0.1000 3.588+2 2.117+2  1.69   5.71  106.61 5.423+1 0.0 0.000+0
   202                    0.2000 3.524+2 2.134+2  1.65   5.74  106.54 5.441+1 0.0 0.000+0
   203                    0.3000 3.463+2 2.152+2  1.61   5.77  106.47 5.461+1 0.0 0.000+0
   204                    0.4000 3.403+2 2.173+2  1.57   5.81  106.41 5.484+1 0.0 0.000+0
   205                    0.5000 3.344+2 2.196+2  1.52   5.85  106.35 5.509+1 0.0 0.000+0
   206                    0.6000 3.286+2 2.221+2  1.48   5.89  106.29 5.536+1 0.0 0.000+0
   207                    0.7000 3.229+2 2.248+2  1.44   5.94  106.24 5.565+1 0.0 0.000+0
   208                    0.8000 3.174+2 2.277+2  1.39   5.99  106.19 5.597+1 0.0 0.000+0
   209                    0.9000 3.119+2 2.308+2  1.35   6.05  106.15 5.630+1 0.0 0.000+0
   210 DNSTREAM           1.0000 3.066+2 2.341+2  1.31   6.11  106.11 5.665+1 0.0 0.000+0

 BRANCH NUMBER =     3
  Node  Node Identifier     Stat    Flow    Area   Vel  Depth    Elev     Top  Fr Lat Inf
   300 UPSTREAM           0.0000 4.369+2 4.683+2  0.93   6.11  106.11 1.133+2 0.0 0.000+0
   301                    0.1000 4.267+2 4.317+2  0.99   5.99  106.09 1.062+2 0.0 0.000+0
   302                    0.2000 4.171+2 3.962+2  1.05   5.86  106.06 9.926+1 0.0 0.000+0
   303                    0.3000 4.082+2 3.618+2  1.13   5.72  106.02 9.239+1 0.0 0.000+0
   304                    0.4000 4.000+2 3.284+2  1.22   5.58  105.98 8.561+1 0.0 0.000+0
   305                    0.5000 3.925+2 2.960+2  1.33   5.44  105.94 7.892+1 0.0 0.000+0
   306                    0.6000 3.858+2 2.645+2  1.46   5.27  105.87 7.230+1 0.0 0.000+0
   307                    0.7000 3.799+2 2.338+2  1.62   5.10  105.80 6.575+1 0.0 0.000+0
   308                    0.8000 3.746+2 2.036+2  1.84   4.89  105.69 5.923+1 0.0 0.000+0
   309                    0.9000 3.702+2 1.737+2  2.13   4.65  105.55 5.269+1 0.0 0.000+0
   310 DNSTREAM           1.0000 3.665+2 1.433+2  2.56   4.34  105.34 4.604+1 0.1 0.000+0

 EXTERIOR NODES
  Node  Node Identifier        QE1     YE1    Elev    Storage    Storage
    U1 UPSTREAM          1.825E+02   5.256 106.256
    D1 DNSTREAM          1.303E+02   6.109 106.109
    U2 UPSTREAM          3.650E+02   5.679 106.679
    D2 DNSTREAM          3.066E+02   6.109 106.109
    U3 UPSTREAM          4.369E+02   6.109 106.109
    D3 DNSTREAM          3.665E+02   4.340 105.340
 Balance 1: S1=1.593E+06 S2=3.854E+06 BNI=5.799E+06 BNQ=3.538E+06 TAQ=0.000E+00 WSI=0.000E+00 WSQ=0.000E+00
 Bal diff=BAL=S2-S1-BNI-TAQ+BNQ-WSI+WSQ= 4.701E-01    Rel bal=BAL/(S2+BNQ)= 6.360E-08

 SIMULATION ending at  1990/ 1/ 1: 5.6250000.  Time step=   450.00 sec
 ITER RCORECT  BRA   NODE   MXRES  LOC  SUMSQR NUMGT
    1 2.6E-02    2    206 1.4E+01   63 2.8E+03    66
    2 7.4E-05    3    309 3.0E-01   43 3.1E-01     0
 CSUR= 0.0E+00 AT ND=   0:     0 RLTQ= 0.0E+00 AT ND=   0:     0 DT/ITER=   225.0

 RESULTS at time          20250. JTIME =     47892.2343750001

 BRANCH NUMBER =     1
  Node  Node Identifier     Stat    Flow    Area   Vel  Depth    Elev     Top  Fr Lat Inf
   100 UPSTREAM           0.0000 1.919+2 1.926+2  1.00   5.34  106.34 5.207+1 0.0 0.000+0
   101                    0.1000 1.863+2 1.965+2  0.95   5.42  106.32 5.252+1 0.0 0.000+0
   102                    0.2000 1.808+2 2.006+2  0.90   5.50  106.30 5.299+1 0.0 0.000+0
   103                    0.3000 1.753+2 2.049+2  0.86   5.58  106.28 5.347+1 0.0 0.000+0
   104                    0.4000 1.697+2 2.093+2  0.81   5.66  106.26 5.396+1 0.0 0.000+0
   105                    0.5000 1.641+2 2.139+2  0.77   5.75  106.25 5.447+1 0.0 0.000+0
   106                    0.6000 1.584+2 2.187+2  0.72   5.83  106.23 5.499+1 0.0 0.000+0
   107                    0.7000 1.528+2 2.235+2  0.68   5.92  106.22 5.552+1 0.0 0.000+0
   108                    0.8000 1.470+2 2.285+2  0.64   6.01  106.21 5.606+1 0.0 0.000+0
   109                    0.9000 1.413+2 2.337+2  0.60   6.10  106.20 5.660+1 0.0 0.000+0
   110 DNSTREAM           1.0000 1.354+2 2.389+2  0.57   6.19  106.19 5.716+1 0.0 0.000+0

 BRANCH NUMBER =     2
  Node  Node Identifier     Stat    Flow    Area   Vel  Depth    Elev     Top  Fr Lat Inf
   200 UPSTREAM           0.0000 3.838+2 2.159+2  1.78   5.78  106.78 5.469+1 0.0 0.000+0
   201                    0.1000 3.771+2 2.172+2  1.74   5.81  106.71 5.483+1 0.0 0.000+0
   202                    0.2000 3.707+2 2.188+2  1.69   5.83  106.63 5.500+1 0.0 0.000+0
   203                    0.3000 3.643+2 2.205+2  1.65   5.87  106.57 5.519+1 0.0 0.000+0
   204                    0.4000 3.579+2 2.225+2  1.61   5.90  106.50 5.541+1 0.0 0.000+0
   205                    0.5000 3.517+2 2.247+2  1.57   5.94  106.44 5.565+1 0.0 0.000+0
   206                    0.6000 3.456+2 2.271+2  1.52   5.98  106.38 5.591+1 0.0 0.000+0
   207                    0.7000 3.395+2 2.298+2  1.48   6.03  106.33 5.619+1 0.0 0.000+0
   208                    0.8000 3.334+2 2.326+2  1.43   6.08  106.28 5.649+1 0.0 0.000+0
   209                    0.9000 3.275+2 2.357+2  1.39   6.14  106.24 5.681+1 0.0 0.000+0
   210 DNSTREAM           1.0000 3.216+2 2.389+2  1.35   6.19  106.19 5.716+1 0.0 0.000+0

 BRANCH NUMBER =     3
  Node  Node Identifier     Stat    Flow    Area   Vel  Depth    Elev     Top  Fr Lat Inf
   300 UPSTREAM           0.0000 4.571+2 4.778+2  0.96   6.19  106.19 1.143+2 0.0 0.000+0
   301                    0.1000 4.459+2 4.405+2  1.01   6.07  106.17 1.072+2 0.0 0.000+0
   302                    0.2000 4.356+2 4.043+2  1.08   5.94  106.14 1.001+2 0.0 0.000+0
   303                    0.3000 4.261+2 3.693+2  1.15   5.81  106.11 9.322+1 0.0 0.000+0
   304                    0.4000 4.174+2 3.353+2  1.24   5.66  106.06 8.638+1 0.0 0.000+0
   305                    0.5000 4.095+2 3.023+2  1.35   5.51  106.01 7.963+1 0.0 0.000+0
   306                    0.6000 4.023+2 2.701+2  1.49   5.35  105.95 7.295+1 0.0 0.000+0
   307                    0.7000 3.960+2 2.388+2  1.66   5.17  105.87 6.634+1 0.0 0.000+0
   308                    0.8000 3.903+2 2.079+2  1.88   4.97  105.77 5.975+1 0.0 0.000+0
   309                    0.9000 3.855+2 1.773+2  2.17   4.72  105.62 5.315+1 0.0 0.000+0
   310 DNSTREAM           1.0000 3.815+2 1.462+2  2.61   4.40  105.40 4.642+1 0.1 0.000+0

 EXTERIOR NODES
  Node  Node Identifier        QE1     YE1    Elev    Storage    Storage
    U1 UPSTREAM          1.919E+02   5.345 106.345
    D1 DNSTREAM          1.354E+02   6.193 106.193
    U2 UPSTREAM          3.838E+02   5.781 106.781
    D2 DNSTREAM          3.216E+02   6.193 106.193
    U3 UPSTREAM          4.571E+02   6.193 106.193
    D3 DNSTREAM          3.815E+02   4.403 105.403
 Balance 1: S1=1.593E+06 S2=3.939E+06 BNI=6.052E+06 BNQ=3.707E+06 TAQ=0.000E+00 WSI=0.000E+00 WSQ=0.000E+00
 Bal diff=BAL=S2-S1-BNI-TAQ+BNQ-WSI+WSQ= 4.266E-01    Rel bal=BAL/(S2+BNQ)= 5.580E-08

 SIMULATION ending at  1990/ 1/ 1: 5.7500000.  Time step=   450.00 sec
 ITER RCORECT  BRA   NODE   MXRES  LOC  SUMSQR NUMGT
    1 2.5E-02    2    210 1.4E+01   25 3.0E+03    66
    2 4.6E-05    3    307 1.7E-01   43 1.8E-01     0
 CSUR= 0.0E+00 AT ND=   0:     0 RLTQ= 0.0E+00 AT ND=   0:     0 DT/ITER=   225.0

 RESULTS at time          20700. JTIME =     47892.2395833334

 BRANCH NUMBER =     1
  Node  Node Identifier     Stat    Flow    Area   Vel  Depth    Elev     Top  Fr Lat Inf
   100 UPSTREAM           0.0000 2.013+2 1.974+2  1.02   5.44  106.44 5.262+1 0.0 0.000+0
   101                    0.1000 1.954+2 2.014+2  0.97   5.51  106.41 5.307+1 0.0 0.000+0
   102                    0.2000 1.895+2 2.055+2  0.92   5.59  106.39 5.354+1 0.0 0.000+0
   103                    0.3000 1.836+2 2.098+2  0.88   5.67  106.37 5.402+1 0.0 0.000+0
   104                    0.4000 1.777+2 2.143+2  0.83   5.75  106.35 5.451+1 0.0 0.000+0
   105                    0.5000 1.717+2 2.189+2  0.78   5.84  106.34 5.501+1 0.0 0.000+0
   106                    0.6000 1.658+2 2.236+2  0.74   5.92  106.32 5.553+1 0.0 0.000+0
   107                    0.7000 1.597+2 2.285+2  0.70   6.01  106.31 5.606+1 0.0 0.000+0
   108                    0.8000 1.537+2 2.336+2  0.66   6.10  106.30 5.659+1 0.0 0.000+0
   109                    0.9000 1.476+2 2.388+2  0.62   6.19  106.29 5.714+1 0.0 0.000+0
   110 DNSTREAM           1.0000 1.414+2 2.440+2  0.58   6.28  106.28 5.769+1 0.0 0.000+0

 BRANCH NUMBER =     2
  Node  Node Identifier     Stat    Flow    Area   Vel  Depth    Elev     Top  Fr Lat Inf
   200 UPSTREAM           0.0000 4.025+2 2.217+2  1.82   5.89  106.89 5.532+1 0.0 0.000+0
   201                    0.1000 3.957+2 2.229+2  1.77   5.91  106.81 5.546+1 0.0 0.000+0
   202                    0.2000 3.888+2 2.244+2  1.73   5.94  106.74 5.561+1 0.0 0.000+0
   203                    0.3000 3.821+2 2.261+2  1.69   5.97  106.67 5.579+1 0.0 0.000+0
   204                    0.4000 3.755+2 2.280+2  1.65   6.00  106.60 5.600+1 0.0 0.000+0
   205                    0.5000 3.689+2 2.301+2  1.60   6.04  106.54 5.623+1 0.0 0.000+0
   206                    0.6000 3.625+2 2.325+2  1.56   6.08  106.48 5.648+1 0.0 0.000+0
   207                    0.7000 3.561+2 2.351+2  1.51   6.13  106.43 5.675+1 0.0 0.000+0
   208                    0.8000 3.498+2 2.378+2  1.47   6.17  106.37 5.704+1 0.0 0.000+0
   209                    0.9000 3.436+2 2.408+2  1.43   6.23  106.33 5.736+1 0.0 0.000+0
   210 DNSTREAM           1.0000 3.374+2 2.440+2  1.38   6.28  106.28 5.769+1 0.0 0.000+0

 BRANCH NUMBER =     3
  Node  Node Identifier     Stat    Flow    Area   Vel  Depth    Elev     Top  Fr Lat Inf
   300 UPSTREAM           0.0000 4.788+2 4.881+2  0.98   6.28  106.28 1.154+2 0.0 0.000+0
   301                    0.1000 4.669+2 4.500+2  1.04   6.16  106.26 1.082+2 0.0 0.000+0
   302                    0.2000 4.557+2 4.131+2  1.10   6.03  106.23 1.011+2 0.0 0.000+0
   303                    0.3000 4.455+2 3.774+2  1.18   5.89  106.19 9.410+1 0.0 0.000+0
   304                    0.4000 4.361+2 3.427+2  1.27   5.75  106.15 8.720+1 0.0 0.000+0
   305                    0.5000 4.275+2 3.089+2  1.38   5.60  106.10 8.038+1 0.0 0.000+0
   306                    0.6000 4.199+2 2.761+2  1.52   5.43  106.03 7.364+1 0.0 0.000+0
   307                    0.7000 4.130+2 2.441+2  1.69   5.25  105.95 6.696+1 0.0 0.000+0
   308                    0.8000 4.070+2 2.126+2  1.91   5.04  105.84 6.031+1 0.0 0.000+0
   309                    0.9000 4.019+2 1.813+2  2.22   4.79  105.69 5.363+1 0.0 0.000+0
   310 DNSTREAM           1.0000 3.977+2 1.494+2  2.66   4.47  105.47 4.682+1 0.1 0.000+0

 EXTERIOR NODES
  Node  Node Identifier        QE1     YE1    Elev    Storage    Storage
    U1 UPSTREAM          2.013E+02   5.437 106.437
    D1 DNSTREAM          1.414E+02   6.282 106.282
    U2 UPSTREAM          4.025E+02   5.887 106.887
    D2 DNSTREAM          3.374E+02   6.282 106.282
    U3 UPSTREAM          4.788E+02   6.282 106.282
    D3 DNSTREAM          3.977E+02   4.471 105.471
 Balance 1: S1=1.593E+06 S2=4.029E+06 BNI=6.318E+06 BNQ=3.882E+06 TAQ=0.000E+00 WSI=0.000E+00 WSQ=0.000E+00
 Bal diff=BAL=S2-S1-BNI-TAQ+BNQ-WSI+WSQ= 5.246E-01    Rel bal=BAL/(S2+BNQ)= 6.631E-08

 SIMULATION ending at  1990/ 1/ 1: 5.8750000.  Time step=   450.00 sec
 ITER RCORECT  BRA   NODE   MXRES  LOC  SUMSQR NUMGT
    1 2.4E-02    3    305 1.4E+01   27 3.4E+03    66
    2 4.8E-05    3    308 1.9E-01   43 2.0E-01     0
 CSUR= 0.0E+00 AT ND=   0:     0 RLTQ= 0.0E+00 AT ND=   0:     0 DT/ITER=   225.0

 RESULTS at time          21150. JTIME =     47892.2447916668

 BRANCH NUMBER =     1
  Node  Node Identifier     Stat    Flow    Area   Vel  Depth    Elev     Top  Fr Lat Inf
   100 UPSTREAM           0.0000 2.106+2 2.026+2  1.04   5.53  106.53 5.320+1 0.0 0.000+0
   101                    0.1000 2.045+2 2.065+2  0.99   5.61  106.51 5.365+1 0.0 0.000+0
   102                    0.2000 1.984+2 2.107+2  0.94   5.69  106.49 5.411+1 0.0 0.000+0
   103                    0.3000 1.922+2 2.150+2  0.89   5.76  106.46 5.459+1 0.0 0.000+0
   104                    0.4000 1.859+2 2.195+2  0.85   5.85  106.45 5.508+1 0.0 0.000+0
   105                    0.5000 1.797+2 2.241+2  0.80   5.93  106.43 5.558+1 0.0 0.000+0
   106                    0.6000 1.733+2 2.289+2  0.76   6.02  106.42 5.610+1 0.0 0.000+0
   107                    0.7000 1.670+2 2.339+2  0.71   6.10  106.40 5.662+1 0.0 0.000+0
   108                    0.8000 1.606+2 2.389+2  0.67   6.19  106.39 5.716+1 0.0 0.000+0
   109                    0.9000 1.542+2 2.441+2  0.63   6.28  106.38 5.770+1 0.0 0.000+0
   110 DNSTREAM           1.0000 1.477+2 2.495+2  0.59   6.38  106.38 5.825+1 0.0 0.000+0

 BRANCH NUMBER =     2
  Node  Node Identifier     Stat    Flow    Area   Vel  Depth    Elev     Top  Fr Lat Inf
   200 UPSTREAM           0.0000 4.213+2 2.277+2  1.85   5.99  106.99 5.596+1 0.0 0.000+0
   201                    0.1000 4.141+2 2.289+2  1.81   6.02  106.92 5.609+1 0.0 0.000+0
   202                    0.2000 4.072+2 2.303+2  1.77   6.04  106.84 5.624+1 0.0 0.000+0
   203                    0.3000 4.002+2 2.319+2  1.73   6.07  106.77 5.642+1 0.0 0.000+0
   204                    0.4000 3.933+2 2.337+2  1.68   6.10  106.70 5.661+1 0.0 0.000+0
   205                    0.5000 3.865+2 2.358+2  1.64   6.14  106.64 5.683+1 0.0 0.000+0
   206                    0.6000 3.797+2 2.381+2  1.59   6.18  106.58 5.707+1 0.0 0.000+0
   207                    0.7000 3.730+2 2.406+2  1.55   6.22  106.52 5.733+1 0.0 0.000+0
   208                    0.8000 3.663+2 2.434+2  1.51   6.27  106.47 5.762+1 0.0 0.000+0
   209                    0.9000 3.597+2 2.463+2  1.46   6.32  106.42 5.793+1 0.0 0.000+0
   210 DNSTREAM           1.0000 3.532+2 2.495+2  1.42   6.38  106.38 5.825+1 0.0 0.000+0

 BRANCH NUMBER =     3
  Node  Node Identifier     Stat    Flow    Area   Vel  Depth    Elev     Top  Fr Lat Inf
   300 UPSTREAM           0.0000 5.009+2 4.989+2  1.00   6.38  106.38 1.165+2 0.0 0.000+0
   301                    0.1000 4.884+2 4.601+2  1.06   6.25  106.35 1.092+2 0.0 0.000+0
   302                    0.2000 4.768+2 4.225+2  1.13   6.12  106.32 1.021+2 0.0 0.000+0
   303                    0.3000 4.661+2 3.860+2  1.21   5.98  106.28 9.503+1 0.0 0.000+0
   304                    0.4000 4.562+2 3.505+2  1.30   5.84  106.24 8.806+1 0.0 0.000+0
   305                    0.5000 4.471+2 3.161+2  1.41   5.69  106.19 8.118+1 0.0 0.000+0
   306                    0.6000 4.389+2 2.825+2  1.55   5.52  106.12 7.437+1 0.0 0.000+0
   307                    0.7000 4.316+2 2.497+2  1.73   5.34  106.04 6.762+1 0.0 0.000+0
   308                    0.8000 4.252+2 2.175+2  1.95   5.12  105.92 6.089+1 0.0 0.000+0
   309                    0.9000 4.197+2 1.854+2  2.26   4.87  105.77 5.414+1 0.0 0.000+0
   310 DNSTREAM           1.0000 4.151+2 1.527+2  2.72   4.54  105.54 4.725+1 0.1 0.000+0

 EXTERIOR NODES
  Node  Node Identifier        QE1     YE1    Elev    Storage    Storage
    U1 UPSTREAM          2.106E+02   5.534 106.534
    D1 DNSTREAM          1.477E+02   6.376 106.376
    U2 UPSTREAM          4.213E+02   5.994 106.994
    D2 DNSTREAM          3.532E+02   6.376 106.376
    U3 UPSTREAM          5.009E+02   6.376 106.376
    D3 DNSTREAM          4.151E+02   4.542 105.542
 Balance 1: S1=1.593E+06 S2=4.124E+06 BNI=6.597E+06 BNQ=4.065E+06 TAQ=0.000E+00 WSI=0.000E+00 WSQ=0.000E+00
 Bal diff=BAL=S2-S1-BNI-TAQ+BNQ-WSI+WSQ= 5.330E-01    Rel bal=BAL/(S2+BNQ)= 6.508E-08

 SIMULATION ending at  1990/ 1/ 1: 6.0000000.  Time step=   450.00 sec
 ITER RCORECT  BRA   NODE   MXRES  LOC  SUMSQR NUMGT
    1 2.3E-02    3    310 1.3E+01   25 3.5E+03    66
    2 4.6E-05    3    308 2.1E-01   43 2.0E-01     0
 CSUR= 0.0E+00 AT ND=   0:     0 RLTQ= 0.0E+00 AT ND=   0:     0 DT/ITER=   225.0

 RESULTS at time          21600. JTIME =     47892.2500000001

 BRANCH NUMBER =     1
  Node  Node Identifier     Stat    Flow    Area   Vel  Depth    Elev     Top  Fr Lat Inf
   100 UPSTREAM           0.0000 2.200+2 2.079+2  1.06   5.63  106.63 5.380+1 0.0 0.000+0
   101                    0.1000 2.136+2 2.119+2  1.01   5.71  106.61 5.424+1 0.0 0.000+0
   102                    0.2000 2.072+2 2.160+2  0.96   5.78  106.58 5.470+1 0.0 0.000+0
   103                    0.3000 2.007+2 2.204+2  0.91   5.86  106.56 5.518+1 0.0 0.000+0
   104                    0.4000 1.942+2 2.249+2  0.86   5.94  106.54 5.567+1 0.0 0.000+0
   105                    0.5000 1.877+2 2.296+2  0.82   6.03  106.53 5.617+1 0.0 0.000+0
   106                    0.6000 1.811+2 2.344+2  0.77   6.11  106.51 5.668+1 0.0 0.000+0
   107                    0.7000 1.745+2 2.394+2  0.73   6.20  106.50 5.721+1 0.0 0.000+0
   108                    0.8000 1.678+2 2.445+2  0.69   6.29  106.49 5.774+1 0.0 0.000+0
   109                    0.9000 1.611+2 2.498+2  0.65   6.38  106.48 5.828+1 0.0 0.000+0
   110 DNSTREAM           1.0000 1.543+2 2.551+2  0.60   6.47  106.47 5.883+1 0.0 0.000+0

 BRANCH NUMBER =     2
  Node  Node Identifier     Stat    Flow    Area   Vel  Depth    Elev     Top  Fr Lat Inf
   200 UPSTREAM           0.0000 4.400+2 2.338+2  1.88   6.10  107.10 5.662+1 0.0 0.000+0
   201                    0.1000 4.328+2 2.350+2  1.84   6.12  107.02 5.674+1 0.0 0.000+0
   202                    0.2000 4.255+2 2.363+2  1.80   6.15  106.95 5.688+1 0.0 0.000+0
   203                    0.3000 4.183+2 2.379+2  1.76   6.18  106.88 5.705+1 0.0 0.000+0
   204                    0.4000 4.112+2 2.397+2  1.72   6.21  106.81 5.724+1 0.0 0.000+0
   205                    0.5000 4.042+2 2.417+2  1.67   6.24  106.74 5.745+1 0.0 0.000+0
   206                    0.6000 3.971+2 2.440+2  1.63   6.28  106.68 5.768+1 0.0 0.000+0
   207                    0.7000 3.902+2 2.464+2  1.58   6.32  106.62 5.794+1 0.0 0.000+0
   208                    0.8000 3.833+2 2.491+2  1.54   6.37  106.57 5.822+1 0.0 0.000+0
   209                    0.9000 3.764+2 2.520+2  1.49   6.42  106.52 5.852+1 0.0 0.000+0
   210 DNSTREAM           1.0000 3.696+2 2.551+2  1.45   6.47  106.47 5.883+1 0.0 0.000+0

 BRANCH NUMBER =     3
  Node  Node Identifier     Stat    Flow    Area   Vel  Depth    Elev     Top  Fr Lat Inf
   300 UPSTREAM           0.0000 5.239+2 5.103+2  1.03   6.47  106.47 1.177+2 0.0 0.000+0
   301                    0.1000 5.107+2 4.707+2  1.09   6.35  106.45 1.103+2 0.0 0.000+0
   302                    0.2000 4.985+2 4.323+2  1.15   6.21  106.41 1.031+2 0.0 0.000+0
   303                    0.3000 4.872+2 3.950+2  1.23   6.08  106.38 9.599+1 0.0 0.000+0
   304                    0.4000 4.768+2 3.588+2  1.33   5.93  106.33 8.896+1 0.0 0.000+0
   305                    0.5000 4.674+2 3.236+2  1.44   5.78  106.28 8.201+1 0.0 0.000+0
   306                    0.6000 4.588+2 2.893+2  1.59   5.61  106.21 7.513+1 0.0 0.000+0
   307                    0.7000 4.512+2 2.558+2  1.76   5.42  106.12 6.831+1 0.0 0.000+0
   308                    0.8000 4.444+2 2.227+2  2.00   5.21  106.01 6.151+1 0.0 0.000+0
   309                    0.9000 4.386+2 1.899+2  2.31   4.95  105.85 5.468+1 0.0 0.000+0
   310 DNSTREAM           1.0000 4.338+2 1.563+2  2.77   4.62  105.62 4.771+1 0.1 0.000+0

 EXTERIOR NODES
  Node  Node Identifier        QE1     YE1    Elev    Storage    Storage
    U1 UPSTREAM          2.200E+02   5.634 106.634
    D1 DNSTREAM          1.543E+02   6.473 106.473
    U2 UPSTREAM          4.400E+02   6.104 107.104
    D2 DNSTREAM          3.696E+02   6.473 106.473
    U3 UPSTREAM          5.239E+02   6.473 106.473
    D3 DNSTREAM          4.338E+02   4.618 105.618
 Balance 1: S1=1.593E+06 S2=4.224E+06 BNI=6.888E+06 BNQ=4.257E+06 TAQ=0.000E+00 WSI=0.000E+00 WSQ=0.000E+00
 Bal diff=BAL=S2-S1-BNI-TAQ+BNQ-WSI+WSQ= 5.044E-01    Rel bal=BAL/(S2+BNQ)= 5.947E-08

 SIMULATION ending at  1990/ 1/ 1: 6.1250000.  Time step=   450.00 sec
 ITER RCORECT  BRA   NODE   MXRES  LOC  SUMSQR NUMGT
    1 4.4E-02    2    200 2.0E+01   66 4.1E+03    44
    2 9.5E-05    1    104 2.8E-01    3 6.5E-01     0
 CSUR= 0.0E+00 AT ND=   0:     0 RLTQ= 0.0E+00 AT ND=   0:     0 DT/ITER=   225.0

 RESULTS at time          22050. JTIME =     47892.2552083335

 BRANCH NUMBER =     1
  Node  Node Identifier     Stat    Flow    Area   Vel  Depth    Elev     Top  Fr Lat Inf
   100 UPSTREAM           0.0000 2.148+2 2.119+2  1.01   5.71  106.71 5.425+1 0.0 0.000+0
   101                    0.1000 2.110+2 2.162+2  0.98   5.79  106.69 5.472+1 0.0 0.000+0
   102                    0.2000 2.067+2 2.207+2  0.94   5.87  106.67 5.521+1 0.0 0.000+0
   103                    0.3000 2.018+2 2.253+2  0.90   5.95  106.65 5.570+1 0.0 0.000+0
   104                    0.4000 1.966+2 2.300+2  0.85   6.03  106.63 5.621+1 0.0 0.000+0
   105                    0.5000 1.910+2 2.348+2  0.81   6.12  106.62 5.672+1 0.0 0.000+0
   106                    0.6000 1.852+2 2.397+2  0.77   6.21  106.61 5.724+1 0.0 0.000+0
   107                    0.7000 1.791+2 2.448+2  0.73   6.30  106.60 5.777+1 0.0 0.000+0
   108                    0.8000 1.729+2 2.500+2  0.69   6.39  106.59 5.831+1 0.0 0.000+0
   109                    0.9000 1.666+2 2.554+2  0.65   6.48  106.58 5.886+1 0.0 0.000+0
   110 DNSTREAM           1.0000 1.602+2 2.608+2  0.61   6.57  106.57 5.941+1 0.0 0.000+0

 BRANCH NUMBER =     2
  Node  Node Identifier     Stat    Flow    Area   Vel  Depth    Elev     Top  Fr Lat Inf
   200 UPSTREAM           0.0000 4.295+2 2.370+2  1.81   6.16  107.16 5.696+1 0.0 0.000+0
   201                    0.1000 4.280+2 2.388+2  1.79   6.19  107.09 5.714+1 0.0 0.000+0
   202                    0.2000 4.253+2 2.406+2  1.77   6.22  107.02 5.733+1 0.0 0.000+0
   203                    0.3000 4.217+2 2.425+2  1.74   6.26  106.96 5.753+1 0.0 0.000+0
   204                    0.4000 4.173+2 2.446+2  1.71   6.29  106.89 5.775+1 0.0 0.000+0
   205                    0.5000 4.124+2 2.469+2  1.67   6.33  106.83 5.798+1 0.0 0.000+0
   206                    0.6000 4.070+2 2.493+2  1.63   6.37  106.77 5.823+1 0.0 0.000+0
   207                    0.7000 4.013+2 2.519+2  1.59   6.42  106.72 5.850+1 0.0 0.000+0
   208                    0.8000 3.953+2 2.546+2  1.55   6.46  106.66 5.878+1 0.0 0.000+0
   209                    0.9000 3.890+2 2.576+2  1.51   6.51  106.61 5.908+1 0.0 0.000+0
   210 DNSTREAM           1.0000 3.826+2 2.608+2  1.47   6.57  106.57 5.941+1 0.0 0.000+0

 BRANCH NUMBER =     3
  Node  Node Identifier     Stat    Flow    Area   Vel  Depth    Elev     Top  Fr Lat Inf
   300 UPSTREAM           0.0000 5.429+2 5.216+2  1.04   6.57  106.57 1.188+2 0.0 0.000+0
   301                    0.1000 5.303+2 4.813+2  1.10   6.44  106.54 1.114+2 0.0 0.000+0
   302                    0.2000 5.184+2 4.422+2  1.17   6.31  106.51 1.041+2 0.0 0.000+0
   303                    0.3000 5.073+2 4.042+2  1.26   6.17  106.47 9.696+1 0.0 0.000+0
   304                    0.4000 4.970+2 3.673+2  1.35   6.03  106.43 8.986+1 0.0 0.000+0
   305                    0.5000 4.875+2 3.313+2  1.47   5.87  106.37 8.285+1 0.0 0.000+0
   306                    0.6000 4.788+2 2.963+2  1.62   5.70  106.30 7.590+1 0.0 0.000+0
   307                    0.7000 4.711+2 2.620+2  1.80   5.51  106.21 6.901+1 0.0 0.000+0
   308                    0.8000 4.642+2 2.282+2  2.03   5.30  106.10 6.214+1 0.0 0.000+0
   309                    0.9000 4.583+2 1.945+2  2.36   5.04  105.94 5.524+1 0.0 0.000+0
   310 DNSTREAM           1.0000 4.533+2 1.601+2  2.83   4.70  105.70 4.817+1 0.1 0.000+0

 EXTERIOR NODES
  Node  Node Identifier        QE1     YE1    Elev    Storage    Storage
    U1 UPSTREAM          2.148E+02   5.708 106.708
    D1 DNSTREAM          1.602E+02   6.568 106.568
    U2 UPSTREAM          4.295E+02   6.160 107.160
    D2 DNSTREAM          3.826E+02   6.568 106.568
    U3 UPSTREAM          5.429E+02   6.568 106.568
    D3 DNSTREAM          4.533E+02   4.696 105.696
 Balance 1: S1=1.593E+06 S2=4.317E+06 BNI=7.182E+06 BNQ=4.457E+06 TAQ=0.000E+00 WSI=0.000E+00 WSQ=0.000E+00
 Bal diff=BAL=S2-S1-BNI-TAQ+BNQ-WSI+WSQ= 4.964E-01    Rel bal=BAL/(S2+BNQ)= 5.658E-08

 SIMULATION ending at  1990/ 1/ 1: 6.2500000.  Time step=   450.00 sec
 ITER RCORECT  BRA   NODE   MXRES  LOC  SUMSQR NUMGT
    1 3.3E-02    1    103 4.5E+01   65 7.2E+03    31
    2 1.7E-04    2    206 3.6E-01   63 9.9E-01     0
 CSUR= 0.0E+00 AT ND=   0:     0 RLTQ= 0.0E+00 AT ND=   0:     0 DT/ITER=   225.0

 RESULTS at time          22500. JTIME =     47892.2604166668

 BRANCH NUMBER =     1
  Node  Node Identifier     Stat    Flow    Area   Vel  Depth    Elev     Top  Fr Lat Inf
   100 UPSTREAM           0.0000 2.095+2 2.156+2  0.97   5.78  106.78 5.466+1 0.0 0.000+0
   101                    0.1000 2.046+2 2.200+2  0.93   5.86  106.76 5.513+1 0.0 0.000+0
   102                    0.2000 2.001+2 2.245+2  0.89   5.94  106.74 5.562+1 0.0 0.000+0
   103                    0.3000 1.957+2 2.292+2  0.85   6.02  106.72 5.613+1 0.0 0.000+0
   104                    0.4000 1.914+2 2.341+2  0.82   6.11  106.71 5.665+1 0.0 0.000+0
   105                    0.5000 1.870+2 2.391+2  0.78   6.20  106.70 5.717+1 0.0 0.000+0
   106                    0.6000 1.825+2 2.442+2  0.75   6.28  106.68 5.770+1 0.0 0.000+0
   107                    0.7000 1.779+2 2.494+2  0.71   6.37  106.67 5.824+1 0.0 0.000+0
   108                    0.8000 1.731+2 2.547+2  0.68   6.47  106.67 5.879+1 0.0 0.000+0
   109                    0.9000 1.683+2 2.601+2  0.65   6.56  106.66 5.934+1 0.0 0.000+0
   110 DNSTREAM           1.0000 1.633+2 2.656+2  0.61   6.65  106.65 5.989+1 0.0 0.000+0

 BRANCH NUMBER =     2
  Node  Node Identifier     Stat    Flow    Area   Vel  Depth    Elev     Top  Fr Lat Inf
   200 UPSTREAM           0.0000 4.190+2 2.391+2  1.75   6.20  107.20 5.718+1 0.0 0.000+0
   201                    0.1000 4.157+2 2.409+2  1.73   6.23  107.13 5.737+1 0.0 0.000+0
   202                    0.2000 4.129+2 2.430+2  1.70   6.26  107.06 5.758+1 0.0 0.000+0
   203                    0.3000 4.104+2 2.453+2  1.67   6.30  107.00 5.782+1 0.0 0.000+0
   204                    0.4000 4.079+2 2.477+2  1.65   6.35  106.95 5.807+1 0.0 0.000+0
   205                    0.5000 4.050+2 2.503+2  1.62   6.39  106.89 5.833+1 0.0 0.000+0
   206                    0.6000 4.018+2 2.530+2  1.59   6.44  106.84 5.862+1 0.0 0.000+0
   207                    0.7000 3.982+2 2.559+2  1.56   6.49  106.79 5.891+1 0.0 0.000+0
   208                    0.8000 3.941+2 2.590+2  1.52   6.54  106.74 5.922+1 0.0 0.000+0
   209                    0.9000 3.897+2 2.622+2  1.49   6.59  106.69 5.955+1 0.0 0.000+0
   210 DNSTREAM           1.0000 3.849+2 2.656+2  1.45   6.65  106.65 5.989+1 0.0 0.000+0

 BRANCH NUMBER =     3
  Node  Node Identifier     Stat    Flow    Area   Vel  Depth    Elev     Top  Fr Lat Inf
   300 UPSTREAM           0.0000 5.482+2 5.312+2  1.03   6.65  106.65 1.198+2 0.0 0.000+0
   301                    0.1000 5.384+2 4.905+2  1.10   6.52  106.62 1.124+2 0.0 0.000+0
   302                    0.2000 5.289+2 4.509+2  1.17   6.39  106.59 1.051+2 0.0 0.000+0
   303                    0.3000 5.198+2 4.124+2  1.26   6.26  106.56 9.782+1 0.0 0.000+0
   304                    0.4000 5.112+2 3.750+2  1.36   6.11  106.51 9.068+1 0.0 0.000+0
   305                    0.5000 5.032+2 3.385+2  1.49   5.96  106.46 8.362+1 0.0 0.000+0
   306                    0.6000 4.956+2 3.028+2  1.64   5.79  106.39 7.662+1 0.0 0.000+0
   307                    0.7000 4.887+2 2.679+2  1.82   5.60  106.30 6.967+1 0.0 0.000+0
   308                    0.8000 4.825+2 2.334+2  2.07   5.38  106.18 6.274+1 0.0 0.000+0
   309                    0.9000 4.770+2 1.990+2  2.40   5.12  106.02 5.577+1 0.1 0.000+0
   310 DNSTREAM           1.0000 4.724+2 1.637+2  2.89   4.77  105.77 4.863+1 0.1 0.000+0

 EXTERIOR NODES
  Node  Node Identifier        QE1     YE1    Elev    Storage    Storage
    U1 UPSTREAM          2.095E+02   5.776 106.776
    D1 DNSTREAM          1.633E+02   6.649 106.649
    U2 UPSTREAM          4.190E+02   6.196 107.196
    D2 DNSTREAM          3.849E+02   6.649 106.649
    U3 UPSTREAM          5.482E+02   6.649 106.649
    D3 DNSTREAM          4.724E+02   4.771 105.771
 Balance 1: S1=1.593E+06 S2=4.395E+06 BNI=7.468E+06 BNQ=4.666E+06 TAQ=0.000E+00 WSI=0.000E+00 WSQ=0.000E+00
 Bal diff=BAL=S2-S1-BNI-TAQ+BNQ-WSI+WSQ= 4.976E-01    Rel bal=BAL/(S2+BNQ)= 5.493E-08

 SIMULATION ending at  1990/ 1/ 1: 6.3750000.  Time step=   450.00 sec
 ITER RCORECT  BRA   NODE   MXRES  LOC  SUMSQR NUMGT
    1 1.9E-02    2    209 2.0E+01   65 3.1E+03    12
    2 1.2E-04    2    209 1.8E-01   49 2.0E-01     0
 CSUR= 0.0E+00 AT ND=   0:     0 RLTQ= 0.0E+00 AT ND=   0:     0 DT/ITER=   225.0

 RESULTS at time          22950. JTIME =     47892.2656250001

 BRANCH NUMBER =     1
  Node  Node Identifier     Stat    Flow    Area   Vel  Depth    Elev     Top  Fr Lat Inf
   100 UPSTREAM           0.0000 2.043+2 2.189+2  0.93   5.84  106.84 5.502+1 0.0 0.000+0
   101                    0.1000 2.011+2 2.234+2  0.90   5.92  106.82 5.551+1 0.0 0.000+0
   102                    0.2000 1.973+2 2.281+2  0.86   6.00  106.80 5.601+1 0.0 0.000+0
   103                    0.3000 1.932+2 2.328+2  0.83   6.09  106.79 5.651+1 0.0 0.000+0
   104                    0.4000 1.890+2 2.377+2  0.80   6.17  106.77 5.703+1 0.0 0.000+0
   105                    0.5000 1.849+2 2.427+2  0.76   6.26  106.76 5.755+1 0.0 0.000+0
   106                    0.6000 1.808+2 2.478+2  0.73   6.35  106.75 5.808+1 0.0 0.000+0
   107                    0.7000 1.768+2 2.530+2  0.70   6.44  106.74 5.862+1 0.0 0.000+0
   108                    0.8000 1.729+2 2.583+2  0.67   6.53  106.73 5.916+1 0.0 0.000+0
   109                    0.9000 1.691+2 2.638+2  0.64   6.62  106.72 5.971+1 0.0 0.000+0
   110 DNSTREAM           1.0000 1.653+2 2.693+2  0.61   6.71  106.71 6.026+1 0.0 0.000+0

 BRANCH NUMBER =     2
  Node  Node Identifier     Stat    Flow    Area   Vel  Depth    Elev     Top  Fr Lat Inf
   200 UPSTREAM           0.0000 4.085+2 2.406+2  1.70   6.22  107.22 5.734+1 0.0 0.000+0
   201                    0.1000 4.075+2 2.429+2  1.68   6.26  107.16 5.757+1 0.0 0.000+0
   202                    0.2000 4.054+2 2.452+2  1.65   6.30  107.10 5.781+1 0.0 0.000+0
   203                    0.3000 4.026+2 2.476+2  1.63   6.34  107.04 5.806+1 0.0 0.000+0
   204                    0.4000 3.995+2 2.502+2  1.60   6.39  106.99 5.833+1 0.0 0.000+0
   205                    0.5000 3.963+2 2.530+2  1.57   6.44  106.94 5.861+1 0.0 0.000+0
   206                    0.6000 3.930+2 2.559+2  1.54   6.49  106.89 5.891+1 0.0 0.000+0
   207                    0.7000 3.896+2 2.590+2  1.50   6.54  106.84 5.922+1 0.0 0.000+0
   208                    0.8000 3.861+2 2.622+2  1.47   6.59  106.79 5.955+1 0.0 0.000+0
   209                    0.9000 3.826+2 2.657+2  1.44   6.65  106.75 5.990+1 0.0 0.000+0
   210 DNSTREAM           1.0000 3.788+2 2.693+2  1.41   6.71  106.71 6.026+1 0.0 0.000+0

 BRANCH NUMBER =     3
  Node  Node Identifier     Stat    Flow    Area   Vel  Depth    Elev     Top  Fr Lat Inf
   300 UPSTREAM           0.0000 5.442+2 5.386+2  1.01   6.71  106.71 1.205+2 0.0 0.000+0
   301                    0.1000 5.368+2 4.976+2  1.08   6.59  106.69 1.131+2 0.0 0.000+0
   302                    0.2000 5.299+2 4.576+2  1.16   6.46  106.66 1.057+2 0.0 0.000+0
   303                    0.3000 5.233+2 4.188+2  1.25   6.32  106.62 9.849+1 0.0 0.000+0
   304                    0.4000 5.171+2 3.810+2  1.36   6.18  106.58 9.132+1 0.0 0.000+0
   305                    0.5000 5.113+2 3.441+2  1.49   6.03  106.53 8.423+1 0.0 0.000+0
   306                    0.6000 5.058+2 3.081+2  1.64   5.86  106.46 7.720+1 0.0 0.000+0
   307                    0.7000 5.008+2 2.727+2  1.84   5.67  106.37 7.021+1 0.0 0.000+0
   308                    0.8000 4.962+2 2.377+2  2.09   5.45  106.25 6.323+1 0.0 0.000+0
   309                    0.9000 4.921+2 2.027+2  2.43   5.18  106.08 5.621+1 0.1 0.000+0
   310 DNSTREAM           1.0000 4.886+2 1.668+2  2.93   4.83  105.83 4.900+1 0.1 0.000+0

 EXTERIOR NODES
  Node  Node Identifier        QE1     YE1    Elev    Storage    Storage
    U1 UPSTREAM          2.043E+02   5.836 106.836
    D1 DNSTREAM          1.653E+02   6.710 106.710
    U2 UPSTREAM          4.085E+02   6.223 107.223
    D2 DNSTREAM          3.788E+02   6.710 106.710
    U3 UPSTREAM          5.442E+02   6.710 106.710
    D3 DNSTREAM          4.886E+02   4.834 105.834
 Balance 1: S1=1.593E+06 S2=4.457E+06 BNI=7.746E+06 BNQ=4.882E+06 TAQ=0.000E+00 WSI=0.000E+00 WSQ=0.000E+00
 Bal diff=BAL=S2-S1-BNI-TAQ+BNQ-WSI+WSQ= 5.141E-01    Rel bal=BAL/(S2+BNQ)= 5.505E-08

 SIMULATION ending at  1990/ 1/ 1: 6.5000000.  Time step=   450.00 sec
 ITER RCORECT  BRA   NODE   MXRES  LOC  SUMSQR NUMGT
    1 1.9E-02    1    109 2.5E+01   65 1.3E+03    12
    2 2.8E-05    2    204 1.4E-01   65 5.8E-02     0
 CSUR= 0.0E+00 AT ND=   0:     0 RLTQ= 0.0E+00 AT ND=   0:     0 DT/ITER=   225.0

 RESULTS at time          23400. JTIME =     47892.2708333335

 BRANCH NUMBER =     1
  Node  Node Identifier     Stat    Flow    Area   Vel  Depth    Elev     Top  Fr Lat Inf
   100 UPSTREAM           0.0000 1.990+2 2.215+2  0.90   5.88  106.88 5.529+1 0.0 0.000+0
   101                    0.1000 1.961+2 2.260+2  0.87   5.97  106.87 5.579+1 0.0 0.000+0
   102                    0.2000 1.936+2 2.308+2  0.84   6.05  106.85 5.630+1 0.0 0.000+0
   103                    0.3000 1.910+2 2.356+2  0.81   6.14  106.84 5.681+1 0.0 0.000+0
   104                    0.4000 1.884+2 2.406+2  0.78   6.22  106.82 5.733+1 0.0 0.000+0
   105                    0.5000 1.855+2 2.456+2  0.76   6.31  106.81 5.786+1 0.0 0.000+0
   106                    0.6000 1.824+2 2.508+2  0.73   6.40  106.80 5.839+1 0.0 0.000+0
   107                    0.7000 1.793+2 2.560+2  0.70   6.49  106.79 5.892+1 0.0 0.000+0
   108                    0.8000 1.760+2 2.614+2  0.67   6.58  106.78 5.946+1 0.0 0.000+0
   109                    0.9000 1.727+2 2.668+2  0.65   6.67  106.77 6.001+1 0.0 0.000+0
   110 DNSTREAM           1.0000 1.694+2 2.723+2  0.62   6.76  106.76 6.056+1 0.0 0.000+0

 BRANCH NUMBER =     2
  Node  Node Identifier     Stat    Flow    Area   Vel  Depth    Elev     Top  Fr Lat Inf
   200 UPSTREAM           0.0000 3.980+2 2.418+2  1.65   6.24  107.24 5.746+1 0.0 0.000+0
   201                    0.1000 3.962+2 2.442+2  1.62   6.28  107.18 5.771+1 0.0 0.000+0
   202                    0.2000 3.948+2 2.468+2  1.60   6.33  107.13 5.797+1 0.0 0.000+0
   203                    0.3000 3.935+2 2.495+2  1.58   6.38  107.08 5.825+1 0.0 0.000+0
   204                    0.4000 3.917+2 2.523+2  1.55   6.42  107.02 5.855+1 0.0 0.000+0
   205                    0.5000 3.896+2 2.553+2  1.53   6.48  106.98 5.885+1 0.0 0.000+0
   206                    0.6000 3.871+2 2.584+2  1.50   6.53  106.93 5.917+1 0.0 0.000+0
   207                    0.7000 3.843+2 2.617+2  1.47   6.58  106.88 5.949+1 0.0 0.000+0
   208                    0.8000 3.813+2 2.651+2  1.44   6.64  106.84 5.984+1 0.0 0.000+0
   209                    0.9000 3.781+2 2.686+2  1.41   6.70  106.80 6.019+1 0.0 0.000+0
   210 DNSTREAM           1.0000 3.748+2 2.723+2  1.38   6.76  106.76 6.056+1 0.0 0.000+0

 BRANCH NUMBER =     3
  Node  Node Identifier     Stat    Flow    Area   Vel  Depth    Elev     Top  Fr Lat Inf
   300 UPSTREAM           0.0000 5.443+2 5.446+2  1.00   6.76  106.76 1.211+2 0.0 0.000+0
   301                    0.1000 5.379+2 5.032+2  1.07   6.64  106.74 1.136+2 0.0 0.000+0
   302                    0.2000 5.319+2 4.629+2  1.15   6.51  106.71 1.063+2 0.0 0.000+0
   303                    0.3000 5.265+2 4.237+2  1.24   6.37  106.67 9.899+1 0.0 0.000+0
   304                    0.4000 5.215+2 3.856+2  1.35   6.23  106.63 9.180+1 0.0 0.000+0
   305                    0.5000 5.169+2 3.483+2  1.48   6.08  106.58 8.467+1 0.0 0.000+0
   306                    0.6000 5.128+2 3.119+2  1.64   5.91  106.51 7.762+1 0.0 0.000+0
   307                    0.7000 5.090+2 2.762+2  1.84   5.72  106.42 7.060+1 0.0 0.000+0
   308                    0.8000 5.057+2 2.408+2  2.10   5.50  106.30 6.359+1 0.0 0.000+0
   309                    0.9000 5.028+2 2.054+2  2.45   5.23  106.13 5.653+1 0.1 0.000+0
   310 DNSTREAM           1.0000 5.004+2 1.690+2  2.96   4.88  105.88 4.928+1 0.1 0.000+0

 EXTERIOR NODES
  Node  Node Identifier        QE1     YE1    Elev    Storage    Storage
    U1 UPSTREAM          1.990E+02   5.883 106.883
    D1 DNSTREAM          1.694E+02   6.760 106.760
    U2 UPSTREAM          3.980E+02   6.243 107.243
    D2 DNSTREAM          3.748E+02   6.760 106.760
    U3 UPSTREAM          5.443E+02   6.760 106.760
    D3 DNSTREAM          5.004E+02   4.880 105.880
 Balance 1: S1=1.593E+06 S2=4.506E+06 BNI=8.018E+06 BNQ=5.105E+06 TAQ=0.000E+00 WSI=0.000E+00 WSQ=0.000E+00
 Bal diff=BAL=S2-S1-BNI-TAQ+BNQ-WSI+WSQ= 5.303E-01    Rel bal=BAL/(S2+BNQ)= 5.518E-08

 SIMULATION ending at  1990/ 1/ 1: 6.6250000.  Time step=   450.00 sec
 ITER RCORECT  BRA   NODE   MXRES  LOC  SUMSQR NUMGT
    1 1.3E-02    2    200 1.5E+01   61 1.2E+03     9
    2 3.0E-05    2    205 6.4E-02   59 2.4E-02     0
 CSUR= 0.0E+00 AT ND=   0:     0 RLTQ= 0.0E+00 AT ND=   0:     0 DT/ITER=   225.0

 RESULTS at time          23850. JTIME =     47892.2760416668

 BRANCH NUMBER =     1
  Node  Node Identifier     Stat    Flow    Area   Vel  Depth    Elev     Top  Fr Lat Inf
   100 UPSTREAM           0.0000 1.938+2 2.233+2  0.87   5.92  106.92 5.549+1 0.0 0.000+0
   101                    0.1000 1.921+2 2.280+2  0.84   6.00  106.90 5.600+1 0.0 0.000+0
   102                    0.2000 1.901+2 2.327+2  0.82   6.08  106.88 5.651+1 0.0 0.000+0
   103                    0.3000 1.879+2 2.376+2  0.79   6.17  106.87 5.702+1 0.0 0.000+0
   104                    0.4000 1.858+2 2.426+2  0.77   6.26  106.86 5.754+1 0.0 0.000+0
   105                    0.5000 1.838+2 2.477+2  0.74   6.35  106.85 5.807+1 0.0 0.000+0
   106                    0.6000 1.818+2 2.529+2  0.72   6.44  106.84 5.861+1 0.0 0.000+0
   107                    0.7000 1.797+2 2.582+2  0.70   6.53  106.83 5.915+1 0.0 0.000+0
   108                    0.8000 1.776+2 2.636+2  0.67   6.62  106.82 5.969+1 0.0 0.000+0
   109                    0.9000 1.754+2 2.691+2  0.65   6.71  106.81 6.024+1 0.0 0.000+0
   110 DNSTREAM           1.0000 1.731+2 2.747+2  0.63   6.80  106.80 6.079+1 0.0 0.000+0

 BRANCH NUMBER =     2
  Node  Node Identifier     Stat    Flow    Area   Vel  Depth    Elev     Top  Fr Lat Inf
   200 UPSTREAM           0.0000 3.875+2 2.426+2  1.60   6.26  107.26 5.754+1 0.0 0.000+0
   201                    0.1000 3.871+2 2.452+2  1.58   6.30  107.20 5.781+1 0.0 0.000+0
   202                    0.2000 3.858+2 2.479+2  1.56   6.35  107.15 5.810+1 0.0 0.000+0
   203                    0.3000 3.842+2 2.508+2  1.53   6.40  107.10 5.839+1 0.0 0.000+0
   204                    0.4000 3.827+2 2.538+2  1.51   6.45  107.05 5.869+1 0.0 0.000+0
   205                    0.5000 3.812+2 2.569+2  1.48   6.50  107.00 5.901+1 0.0 0.000+0
   206                    0.6000 3.797+2 2.602+2  1.46   6.56  106.96 5.935+1 0.0 0.000+0
   207                    0.7000 3.780+2 2.636+2  1.43   6.62  106.92 5.969+1 0.0 0.000+0
   208                    0.8000 3.761+2 2.672+2  1.41   6.67  106.87 6.005+1 0.0 0.000+0
   209                    0.9000 3.741+2 2.708+2  1.38   6.74  106.84 6.041+1 0.0 0.000+0
   210 DNSTREAM           1.0000 3.719+2 2.747+2  1.35   6.80  106.80 6.079+1 0.0 0.000+0

 BRANCH NUMBER =     3
  Node  Node Identifier     Stat    Flow    Area   Vel  Depth    Elev     Top  Fr Lat Inf
   300 UPSTREAM           0.0000 5.450+2 5.493+2  0.99   6.80  106.80 1.216+2 0.0 0.000+0
   301                    0.1000 5.404+2 5.077+2  1.06   6.68  106.78 1.141+2 0.0 0.000+0
   302                    0.2000 5.359+2 4.672+2  1.15   6.55  106.75 1.067+2 0.0 0.000+0
   303                    0.3000 5.315+2 4.277+2  1.24   6.41  106.71 9.940+1 0.0 0.000+0
   304                    0.4000 5.274+2 3.892+2  1.36   6.27  106.67 9.218+1 0.0 0.000+0
   305                    0.5000 5.236+2 3.517+2  1.49   6.12  106.62 8.503+1 0.0 0.000+0
   306                    0.6000 5.201+2 3.150+2  1.65   5.95  106.55 7.795+1 0.0 0.000+0
   307                    0.7000 5.169+2 2.789+2  1.85   5.76  106.46 7.090+1 0.0 0.000+0
   308                    0.8000 5.140+2 2.433+2  2.11   5.54  106.34 6.387+1 0.0 0.000+0
   309                    0.9000 5.116+2 2.075+2  2.47   5.27  106.17 5.677+1 0.1 0.000+0
   310 DNSTREAM           1.0000 5.095+2 1.707+2  2.98   4.91  105.91 4.948+1 0.1 0.000+0

 EXTERIOR NODES
  Node  Node Identifier        QE1     YE1    Elev    Storage    Storage
    U1 UPSTREAM          1.938E+02   5.915 106.915
    D1 DNSTREAM          1.731E+02   6.799 106.799
    U2 UPSTREAM          3.875E+02   6.257 107.257
    D2 DNSTREAM          3.719E+02   6.799 106.799
    U3 UPSTREAM          5.450E+02   6.799 106.799
    D3 DNSTREAM          5.095E+02   4.914 105.914
 Balance 1: S1=1.593E+06 S2=4.543E+06 BNI=8.283E+06 BNQ=5.332E+06 TAQ=0.000E+00 WSI=0.000E+00 WSQ=0.000E+00
 Bal diff=BAL=S2-S1-BNI-TAQ+BNQ-WSI+WSQ= 5.191E-01    Rel bal=BAL/(S2+BNQ)= 5.256E-08

 SIMULATION ending at  1990/ 1/ 1: 6.7500000.  Time step=   450.00 sec
 ITER RCORECT  BRA   NODE   MXRES  LOC  SUMSQR NUMGT
    1 1.6E-02    1    101 1.5E+01   65 7.8E+02     6
    2 2.1E-05    2    208 6.5E-02   65 1.2E-02     0
 CSUR= 0.0E+00 AT ND=   0:     0 RLTQ= 0.0E+00 AT ND=   0:     0 DT/ITER=   225.0

 RESULTS at time          24300. JTIME =     47892.2812500001

 BRANCH NUMBER =     1
  Node  Node Identifier     Stat    Flow    Area   Vel  Depth    Elev     Top  Fr Lat Inf
   100 UPSTREAM           0.0000 1.885+2 2.245+2  0.84   5.94  106.94 5.562+1 0.0 0.000+0
   101                    0.1000 1.871+2 2.292+2  0.82   6.02  106.92 5.613+1 0.0 0.000+0
   102                    0.2000 1.860+2 2.341+2  0.79   6.11  106.91 5.665+1 0.0 0.000+0
   103                    0.3000 1.848+2 2.391+2  0.77   6.20  106.90 5.717+1 0.0 0.000+0
   104                    0.4000 1.834+2 2.441+2  0.75   6.28  106.88 5.770+1 0.0 0.000+0
   105                    0.5000 1.818+2 2.493+2  0.73   6.37  106.87 5.823+1 0.0 0.000+0
   106                    0.6000 1.802+2 2.545+2  0.71   6.46  106.86 5.877+1 0.0 0.000+0
   107                    0.7000 1.786+2 2.598+2  0.69   6.55  106.85 5.931+1 0.0 0.000+0
   108                    0.8000 1.770+2 2.652+2  0.67   6.64  106.84 5.985+1 0.0 0.000+0
   109                    0.9000 1.755+2 2.707+2  0.65   6.73  106.83 6.040+1 0.0 0.000+0
   110 DNSTREAM           1.0000 1.739+2 2.763+2  0.63   6.83  106.83 6.095+1 0.0 0.000+0

 BRANCH NUMBER =     2
  Node  Node Identifier     Stat    Flow    Area   Vel  Depth    Elev     Top  Fr Lat Inf
   200 UPSTREAM           0.0000 3.770+2 2.429+2  1.55   6.26  107.26 5.757+1 0.0 0.000+0
   201                    0.1000 3.765+2 2.457+2  1.53   6.31  107.21 5.786+1 0.0 0.000+0
   202                    0.2000 3.764+2 2.486+2  1.51   6.36  107.16 5.816+1 0.0 0.000+0
   203                    0.3000 3.761+2 2.516+2  1.49   6.41  107.11 5.848+1 0.0 0.000+0
   204                    0.4000 3.754+2 2.548+2  1.47   6.47  107.07 5.880+1 0.0 0.000+0
   205                    0.5000 3.743+2 2.580+2  1.45   6.52  107.02 5.913+1 0.0 0.000+0
   206                    0.6000 3.730+2 2.614+2  1.43   6.58  106.98 5.947+1 0.0 0.000+0
   207                    0.7000 3.717+2 2.649+2  1.40   6.64  106.94 5.982+1 0.0 0.000+0
   208                    0.8000 3.702+2 2.686+2  1.38   6.70  106.90 6.019+1 0.0 0.000+0
   209                    0.9000 3.687+2 2.724+2  1.35   6.76  106.86 6.056+1 0.0 0.000+0
   210 DNSTREAM           1.0000 3.672+2 2.763+2  1.33   6.83  106.83 6.095+1 0.0 0.000+0

 BRANCH NUMBER =     3
  Node  Node Identifier     Stat    Flow    Area   Vel  Depth    Elev     Top  Fr Lat Inf
   300 UPSTREAM           0.0000 5.412+2 5.525+2  0.98   6.83  106.83 1.219+2 0.0 0.000+0
   301                    0.1000 5.382+2 5.108+2  1.05   6.70  106.80 1.144+2 0.0 0.000+0
   302                    0.2000 5.353+2 4.701+2  1.14   6.58  106.78 1.070+2 0.0 0.000+0
   303                    0.3000 5.326+2 4.306+2  1.24   6.44  106.74 9.970+1 0.0 0.000+0
   304                    0.4000 5.300+2 3.920+2  1.35   6.30  106.70 9.247+1 0.0 0.000+0
   305                    0.5000 5.274+2 3.543+2  1.49   6.15  106.65 8.531+1 0.0 0.000+0
   306                    0.6000 5.250+2 3.174+2  1.65   5.98  106.58 7.821+1 0.0 0.000+0
   307                    0.7000 5.227+2 2.812+2  1.86   5.79  106.49 7.115+1 0.0 0.000+0
   308                    0.8000 5.206+2 2.452+2  2.12   5.57  106.37 6.409+1 0.0 0.000+0
   309                    0.9000 5.186+2 2.092+2  2.48   5.30  106.20 5.697+1 0.1 0.000+0
   310 DNSTREAM           1.0000 5.170+2 1.722+2  3.00   4.94  105.94 4.966+1 0.1 0.000+0

 EXTERIOR NODES
  Node  Node Identifier        QE1     YE1    Elev    Storage    Storage
    U1 UPSTREAM          1.885E+02   5.937 106.937
    D1 DNSTREAM          1.739E+02   6.825 106.825
    U2 UPSTREAM          3.770E+02   6.262 107.262
    D2 DNSTREAM          3.672E+02   6.825 106.825
    U3 UPSTREAM          5.412E+02   6.825 106.825
    D3 DNSTREAM          5.170E+02   4.943 105.943
 Balance 1: S1=1.593E+06 S2=4.570E+06 BNI=8.541E+06 BNQ=5.564E+06 TAQ=0.000E+00 WSI=0.000E+00 WSQ=0.000E+00
 Bal diff=BAL=S2-S1-BNI-TAQ+BNQ-WSI+WSQ= 5.448E-01    Rel bal=BAL/(S2+BNQ)= 5.376E-08

 SIMULATION ending at  1990/ 1/ 1: 6.8750000.  Time step=   450.00 sec
 ITER RCORECT  BRA   NODE   MXRES  LOC  SUMSQR NUMGT
    1 1.4E-02    2    203 1.1E+01   63 5.8E+02    12
    2 1.6E-05    2    204 4.6E-02   61 6.4E-03     0
 CSUR= 0.0E+00 AT ND=   0:     0 RLTQ= 0.0E+00 AT ND=   0:     0 DT/ITER=   225.0

 RESULTS at time          24750. JTIME =     47892.2864583335

 BRANCH NUMBER =     1
  Node  Node Identifier     Stat    Flow    Area   Vel  Depth    Elev     Top  Fr Lat Inf
   100 UPSTREAM           0.0000 1.833+2 2.253+2  0.81   5.95  106.95 5.571+1 0.0 0.000+0
   101                    0.1000 1.826+2 2.301+2  0.79   6.04  106.94 5.622+1 0.0 0.000+0
   102                    0.2000 1.817+2 2.350+2  0.77   6.12  106.92 5.674+1 0.0 0.000+0
   103                    0.3000 1.809+2 2.400+2  0.75   6.21  106.91 5.727+1 0.0 0.000+0
   104                    0.4000 1.801+2 2.451+2  0.73   6.30  106.90 5.780+1 0.0 0.000+0
   105                    0.5000 1.793+2 2.502+2  0.72   6.39  106.89 5.833+1 0.0 0.000+0
   106                    0.6000 1.785+2 2.555+2  0.70   6.48  106.88 5.887+1 0.0 0.000+0
   107                    0.7000 1.775+2 2.608+2  0.68   6.57  106.87 5.941+1 0.0 0.000+0
   108                    0.8000 1.766+2 2.663+2  0.66   6.66  106.86 5.996+1 0.0 0.000+0
   109                    0.9000 1.755+2 2.718+2  0.65   6.75  106.85 6.051+1 0.0 0.000+0
   110 DNSTREAM           1.0000 1.745+2 2.774+2  0.63   6.84  106.84 6.106+1 0.0 0.000+0

 BRANCH NUMBER =     2
  Node  Node Identifier     Stat    Flow    Area   Vel  Depth    Elev     Top  Fr Lat Inf
   200 UPSTREAM           0.0000 3.665+2 2.428+2  1.51   6.26  107.26 5.756+1 0.0 0.000+0
   201                    0.1000 3.670+2 2.457+2  1.49   6.31  107.21 5.787+1 0.0 0.000+0
   202                    0.2000 3.668+2 2.488+2  1.47   6.36  107.16 5.818+1 0.0 0.000+0
   203                    0.3000 3.666+2 2.519+2  1.46   6.42  107.12 5.850+1 0.0 0.000+0
   204                    0.4000 3.665+2 2.552+2  1.44   6.47  107.07 5.884+1 0.0 0.000+0
   205                    0.5000 3.663+2 2.586+2  1.42   6.53  107.03 5.919+1 0.0 0.000+0
   206                    0.6000 3.660+2 2.621+2  1.40   6.59  106.99 5.954+1 0.0 0.000+0
   207                    0.7000 3.655+2 2.658+2  1.38   6.65  106.95 5.991+1 0.0 0.000+0
   208                    0.8000 3.648+2 2.695+2  1.35   6.71  106.91 6.028+1 0.0 0.000+0
   209                    0.9000 3.639+2 2.734+2  1.33   6.78  106.88 6.067+1 0.0 0.000+0
   210 DNSTREAM           1.0000 3.629+2 2.774+2  1.31   6.84  106.84 6.106+1 0.0 0.000+0

 BRANCH NUMBER =     3
  Node  Node Identifier     Stat    Flow    Area   Vel  Depth    Elev     Top  Fr Lat Inf
   300 UPSTREAM           0.0000 5.374+2 5.547+2  0.97   6.84  106.84 1.221+2 0.0 0.000+0
   301                    0.1000 5.353+2 5.129+2  1.04   6.72  106.82 1.146+2 0.0 0.000+0
   302                    0.2000 5.333+2 4.721+2  1.13   6.59  106.79 1.072+2 0.0 0.000+0
   303                    0.3000 5.314+2 4.324+2  1.23   6.46  106.76 9.989+1 0.0 0.000+0
   304                    0.4000 5.297+2 3.938+2  1.35   6.32  106.72 9.265+1 0.0 0.000+0
   305                    0.5000 5.281+2 3.560+2  1.48   6.16  106.66 8.548+1 0.0 0.000+0
   306                    0.6000 5.267+2 3.190+2  1.65   6.00  106.60 7.838+1 0.0 0.000+0
   307                    0.7000 5.253+2 2.826+2  1.86   5.81  106.51 7.131+1 0.0 0.000+0
   308                    0.8000 5.241+2 2.466+2  2.13   5.59  106.39 6.424+1 0.0 0.000+0
   309                    0.9000 5.230+2 2.104+2  2.49   5.32  106.22 5.711+1 0.1 0.000+0
   310 DNSTREAM           1.0000 5.221+2 1.731+2  3.02   4.96  105.96 4.977+1 0.1 0.000+0

 EXTERIOR NODES
  Node  Node Identifier        QE1     YE1    Elev    Storage    Storage
    U1 UPSTREAM          1.833E+02   5.951 106.951
    D1 DNSTREAM          1.745E+02   6.843 106.843
    U2 UPSTREAM          3.665E+02   6.260 107.260
    D2 DNSTREAM          3.629E+02   6.843 106.843
    U3 UPSTREAM          5.374E+02   6.843 106.843
    D3 DNSTREAM          5.221E+02   4.962 105.962
 Balance 1: S1=1.593E+06 S2=4.587E+06 BNI=8.791E+06 BNQ=5.797E+06 TAQ=0.000E+00 WSI=0.000E+00 WSQ=0.000E+00
 Bal diff=BAL=S2-S1-BNI-TAQ+BNQ-WSI+WSQ= 5.673E-01    Rel bal=BAL/(S2+BNQ)= 5.463E-08

 SIMULATION ending at  1990/ 1/ 1: 7.0000000.  Time step=   450.00 sec
 ITER RCORECT  BRA   NODE   MXRES  LOC  SUMSQR NUMGT
    1 1.5E-02    2    201 1.0E+01   65 4.6E+02    13
    2 1.5E-05    2    207 3.4E-02   65 3.7E-03     0
 CSUR= 0.0E+00 AT ND=   0:     0 RLTQ= 0.0E+00 AT ND=   0:     0 DT/ITER=   225.0

 RESULTS at time          25200. JTIME =     47892.2916666668

 BRANCH NUMBER =     1
  Node  Node Identifier     Stat    Flow    Area   Vel  Depth    Elev     Top  Fr Lat Inf
   100 UPSTREAM           0.0000 1.780+2 2.256+2  0.79   5.96  106.96 5.574+1 0.0 0.000+0
   101                    0.1000 1.778+2 2.305+2  0.77   6.04  106.94 5.626+1 0.0 0.000+0
   102                    0.2000 1.776+2 2.354+2  0.75   6.13  106.93 5.679+1 0.0 0.000+0
   103                    0.3000 1.774+2 2.404+2  0.74   6.22  106.92 5.732+1 0.0 0.000+0
   104                    0.4000 1.770+2 2.455+2  0.72   6.31  106.91 5.785+1 0.0 0.000+0
   105                    0.5000 1.766+2 2.507+2  0.70   6.40  106.90 5.838+1 0.0 0.000+0
   106                    0.6000 1.762+2 2.560+2  0.69   6.49  106.89 5.892+1 0.0 0.000+0
   107                    0.7000 1.758+2 2.614+2  0.67   6.58  106.88 5.947+1 0.0 0.000+0
   108                    0.8000 1.755+2 2.668+2  0.66   6.67  106.87 6.001+1 0.0 0.000+0
   109                    0.9000 1.752+2 2.723+2  0.64   6.76  106.86 6.056+1 0.0 0.000+0
   110 DNSTREAM           1.0000 1.749+2 2.779+2  0.63   6.85  106.85 6.111+1 0.0 0.000+0

 BRANCH NUMBER =     2
  Node  Node Identifier     Stat    Flow    Area   Vel  Depth    Elev     Top  Fr Lat Inf
   200 UPSTREAM           0.0000 3.560+2 2.422+2  1.47   6.25  107.25 5.750+1 0.0 0.000+0
   201                    0.1000 3.566+2 2.453+2  1.45   6.30  107.20 5.782+1 0.0 0.000+0
   202                    0.2000 3.574+2 2.485+2  1.44   6.36  107.16 5.816+1 0.0 0.000+0
   203                    0.3000 3.579+2 2.518+2  1.42   6.42  107.12 5.849+1 0.0 0.000+0
   204                    0.4000 3.581+2 2.552+2  1.40   6.47  107.07 5.884+1 0.0 0.000+0
   205                    0.5000 3.581+2 2.587+2  1.38   6.53  107.03 5.920+1 0.0 0.000+0
   206                    0.6000 3.581+2 2.623+2  1.37   6.59  106.99 5.956+1 0.0 0.000+0
   207                    0.7000 3.580+2 2.660+2  1.35   6.66  106.96 5.994+1 0.0 0.000+0
   208                    0.8000 3.579+2 2.699+2  1.33   6.72  106.92 6.032+1 0.0 0.000+0
   209                    0.9000 3.577+2 2.738+2  1.31   6.79  106.89 6.071+1 0.0 0.000+0
   210 DNSTREAM           1.0000 3.574+2 2.779+2  1.29   6.85  106.85 6.111+1 0.0 0.000+0

 BRANCH NUMBER =     3
  Node  Node Identifier     Stat    Flow    Area   Vel  Depth    Elev     Top  Fr Lat Inf
   300 UPSTREAM           0.0000 5.323+2 5.558+2  0.96   6.85  106.85 1.222+2 0.0 0.000+0
   301                    0.1000 5.316+2 5.140+2  1.03   6.73  106.83 1.147+2 0.0 0.000+0
   302                    0.2000 5.309+2 4.732+2  1.12   6.60  106.80 1.073+2 0.0 0.000+0
   303                    0.3000 5.301+2 4.335+2  1.22   6.47  106.77 1.000+2 0.0 0.000+0
   304                    0.4000 5.292+2 3.948+2  1.34   6.33  106.73 9.276+1 0.0 0.000+0
   305                    0.5000 5.284+2 3.570+2  1.48   6.18  106.68 8.559+1 0.0 0.000+0
   306                    0.6000 5.275+2 3.199+2  1.65   6.01  106.61 7.847+1 0.0 0.000+0
   307                    0.7000 5.268+2 2.834+2  1.86   5.82  106.52 7.140+1 0.0 0.000+0
   308                    0.8000 5.261+2 2.473+2  2.13   5.60  106.40 6.432+1 0.0 0.000+0
   309                    0.9000 5.255+2 2.111+2  2.49   5.33  106.23 5.718+1 0.1 0.000+0
   310 DNSTREAM           1.0000 5.250+2 1.737+2  3.02   4.97  105.97 4.984+1 0.1 0.000+0

 EXTERIOR NODES
  Node  Node Identifier        QE1     YE1    Elev    Storage    Storage
    U1 UPSTREAM          1.780E+02   5.957 106.957
    D1 DNSTREAM          1.749E+02   6.853 106.853
    U2 UPSTREAM          3.560E+02   6.251 107.251
    D2 DNSTREAM          3.574E+02   6.853 106.853
    U3 UPSTREAM          5.323E+02   6.853 106.853
    D3 DNSTREAM          5.250E+02   4.973 105.973
 Balance 1: S1=1.593E+06 S2=4.594E+06 BNI=9.035E+06 BNQ=6.033E+06 TAQ=0.000E+00 WSI=0.000E+00 WSQ=0.000E+00
 Bal diff=BAL=S2-S1-BNI-TAQ+BNQ-WSI+WSQ= 5.607E-01    Rel bal=BAL/(S2+BNQ)= 5.276E-08

 SIMULATION ending at  1990/ 1/ 1: 7.1250000.  Time step=   450.00 sec
 ITER RCORECT  BRA   NODE   MXRES  LOC  SUMSQR NUMGT
    1 3.8E-02    2    200 1.3E+01   66 6.4E+02    18
    2 1.3E-05    2    208 5.8E-02   65 5.0E-03     0
 CSUR= 0.0E+00 AT ND=   0:     0 RLTQ= 0.0E+00 AT ND=   0:     0 DT/ITER=   225.0

 RESULTS at time          25650. JTIME =     47892.2968750001

 BRANCH NUMBER =     1
  Node  Node Identifier     Stat    Flow    Area   Vel  Depth    Elev     Top  Fr Lat Inf
   100 UPSTREAM           0.0000 1.688+2 2.251+2  0.75   5.95  106.95 5.569+1 0.0 0.000+0
   101                    0.1000 1.698+2 2.301+2  0.74   6.04  106.94 5.622+1 0.0 0.000+0
   102                    0.2000 1.706+2 2.351+2  0.73   6.13  106.93 5.676+1 0.0 0.000+0
   103                    0.3000 1.714+2 2.402+2  0.71   6.22  106.92 5.729+1 0.0 0.000+0
   104                    0.4000 1.721+2 2.454+2  0.70   6.31  106.91 5.783+1 0.0 0.000+0
   105                    0.5000 1.727+2 2.506+2  0.69   6.40  106.90 5.837+1 0.0 0.000+0
   106                    0.6000 1.731+2 2.560+2  0.68   6.49  106.89 5.892+1 0.0 0.000+0
   107                    0.7000 1.735+2 2.613+2  0.66   6.58  106.88 5.946+1 0.0 0.000+0
   108                    0.8000 1.738+2 2.668+2  0.65   6.67  106.87 6.001+1 0.0 0.000+0
   109                    0.9000 1.741+2 2.723+2  0.64   6.76  106.86 6.056+1 0.0 0.000+0
   110 DNSTREAM           1.0000 1.744+2 2.779+2  0.63   6.85  106.85 6.111+1 0.0 0.000+0

 BRANCH NUMBER =     2
  Node  Node Identifier     Stat    Flow    Area   Vel  Depth    Elev     Top  Fr Lat Inf
   200 UPSTREAM           0.0000 3.375+2 2.406+2  1.40   6.22  107.22 5.733+1 0.0 0.000+0
   201                    0.1000 3.403+2 2.439+2  1.39   6.28  107.18 5.768+1 0.0 0.000+0
   202                    0.2000 3.424+2 2.474+2  1.38   6.34  107.14 5.803+1 0.0 0.000+0
   203                    0.3000 3.442+2 2.509+2  1.37   6.40  107.10 5.840+1 0.0 0.000+0
   204                    0.4000 3.458+2 2.545+2  1.36   6.46  107.06 5.876+1 0.0 0.000+0
   205                    0.5000 3.472+2 2.581+2  1.35   6.52  107.02 5.914+1 0.0 0.000+0
   206                    0.6000 3.483+2 2.619+2  1.33   6.59  106.99 5.952+1 0.0 0.000+0
   207                    0.7000 3.491+2 2.658+2  1.31   6.65  106.95 5.991+1 0.0 0.000+0
   208                    0.8000 3.496+2 2.697+2  1.30   6.72  106.92 6.030+1 0.0 0.000+0
   209                    0.9000 3.501+2 2.738+2  1.28   6.78  106.88 6.070+1 0.0 0.000+0
   210 DNSTREAM           1.0000 3.504+2 2.779+2  1.26   6.85  106.85 6.111+1 0.0 0.000+0

 BRANCH NUMBER =     3
  Node  Node Identifier     Stat    Flow    Area   Vel  Depth    Elev     Top  Fr Lat Inf
   300 UPSTREAM           0.0000 5.248+2 5.558+2  0.94   6.85  106.85 1.222+2 0.0 0.000+0
   301                    0.1000 5.253+2 5.140+2  1.02   6.73  106.83 1.147+2 0.0 0.000+0
   302                    0.2000 5.258+2 4.733+2  1.11   6.60  106.80 1.073+2 0.0 0.000+0
   303                    0.3000 5.261+2 4.337+2  1.21   6.47  106.77 1.000+2 0.0 0.000+0
   304                    0.4000 5.264+2 3.950+2  1.33   6.33  106.73 9.278+1 0.0 0.000+0
   305                    0.5000 5.266+2 3.572+2  1.47   6.18  106.68 8.561+1 0.0 0.000+0
   306                    0.6000 5.266+2 3.202+2  1.64   6.01  106.61 7.851+1 0.0 0.000+0
   307                    0.7000 5.266+2 2.837+2  1.86   5.82  106.52 7.143+1 0.0 0.000+0
   308                    0.8000 5.265+2 2.476+2  2.13   5.61  106.41 6.436+1 0.0 0.000+0
   309                    0.9000 5.264+2 2.113+2  2.49   5.34  106.24 5.722+1 0.1 0.000+0
   310 DNSTREAM           1.0000 5.262+2 1.739+2  3.03   4.98  105.98 4.987+1 0.1 0.000+0

 EXTERIOR NODES
  Node  Node Identifier        QE1     YE1    Elev    Storage    Storage
    U1 UPSTREAM          1.688E+02   5.948 106.949
    D1 DNSTREAM          1.744E+02   6.852 106.852
    U2 UPSTREAM          3.375E+02   6.222 107.222
    D2 DNSTREAM          3.504E+02   6.852 106.852
    U3 UPSTREAM          5.248E+02   6.852 106.852
    D3 DNSTREAM          5.262E+02   4.978 105.978
 Balance 1: S1=1.593E+06 S2=4.591E+06 BNI=9.268E+06 BNQ=6.270E+06 TAQ=0.000E+00 WSI=0.000E+00 WSQ=0.000E+00
 Bal diff=BAL=S2-S1-BNI-TAQ+BNQ-WSI+WSQ= 5.316E-01    Rel bal=BAL/(S2+BNQ)= 4.894E-08

 SIMULATION ending at  1990/ 1/ 1: 7.2500000.  Time step=   450.00 sec
 ITER RCORECT  BRA   NODE   MXRES  LOC  SUMSQR NUMGT
    1 3.2E-02    2    201 2.3E+01   65 2.4E+03    25
    2 3.9E-05    2    205 1.2E-01   65 3.0E-02     0
 CSUR= 0.0E+00 AT ND=   0:     0 RLTQ= 0.0E+00 AT ND=   0:     0 DT/ITER=   225.0

 RESULTS at time          26100. JTIME =     47892.3020833335

 BRANCH NUMBER =     1
  Node  Node Identifier     Stat    Flow    Area   Vel  Depth    Elev     Top  Fr Lat Inf
   100 UPSTREAM           0.0000 1.595+2 2.241+2  0.71   5.93  106.93 5.558+1 0.0 0.000+0
   101                    0.1000 1.607+2 2.291+2  0.70   6.02  106.92 5.612+1 0.0 0.000+0
   102                    0.2000 1.621+2 2.342+2  0.69   6.11  106.91 5.666+1 0.0 0.000+0
   103                    0.3000 1.635+2 2.393+2  0.68   6.20  106.90 5.720+1 0.0 0.000+0
   104                    0.4000 1.648+2 2.445+2  0.67   6.29  106.89 5.774+1 0.0 0.000+0
   105                    0.5000 1.662+2 2.498+2  0.67   6.38  106.88 5.829+1 0.0 0.000+0
   106                    0.6000 1.675+2 2.552+2  0.66   6.47  106.87 5.884+1 0.0 0.000+0
   107                    0.7000 1.689+2 2.606+2  0.65   6.56  106.86 5.939+1 0.0 0.000+0
   108                    0.8000 1.702+2 2.661+2  0.64   6.66  106.86 5.994+1 0.0 0.000+0
   109                    0.9000 1.715+2 2.716+2  0.63   6.75  106.85 6.049+1 0.0 0.000+0
   110 DNSTREAM           1.0000 1.728+2 2.772+2  0.62   6.84  106.84 6.104+1 0.0 0.000+0

 BRANCH NUMBER =     2
  Node  Node Identifier     Stat    Flow    Area   Vel  Depth    Elev     Top  Fr Lat Inf
   200 UPSTREAM           0.0000 3.190+2 2.383+2  1.34   6.18  107.18 5.709+1 0.0 0.000+0
   201                    0.1000 3.215+2 2.418+2  1.33   6.24  107.14 5.745+1 0.0 0.000+0
   202                    0.2000 3.242+2 2.454+2  1.32   6.31  107.11 5.783+1 0.0 0.000+0
   203                    0.3000 3.268+2 2.491+2  1.31   6.37  107.07 5.821+1 0.0 0.000+0
   204                    0.4000 3.291+2 2.528+2  1.30   6.43  107.03 5.860+1 0.0 0.000+0
   205                    0.5000 3.313+2 2.567+2  1.29   6.50  107.00 5.899+1 0.0 0.000+0
   206                    0.6000 3.335+2 2.606+2  1.28   6.57  106.97 5.939+1 0.0 0.000+0
   207                    0.7000 3.354+2 2.646+2  1.27   6.63  106.93 5.979+1 0.0 0.000+0
   208                    0.8000 3.372+2 2.687+2  1.25   6.70  106.90 6.020+1 0.0 0.000+0
   209                    0.9000 3.388+2 2.729+2  1.24   6.77  106.87 6.062+1 0.0 0.000+0
   210 DNSTREAM           1.0000 3.401+2 2.772+2  1.23   6.84  106.84 6.104+1 0.0 0.000+0

 BRANCH NUMBER =     3
  Node  Node Identifier     Stat    Flow    Area   Vel  Depth    Elev     Top  Fr Lat Inf
   300 UPSTREAM           0.0000 5.129+2 5.544+2  0.93   6.84  106.84 1.221+2 0.0 0.000+0
   301                    0.1000 5.152+2 5.128+2  1.00   6.72  106.82 1.146+2 0.0 0.000+0
   302                    0.2000 5.172+2 4.723+2  1.09   6.60  106.80 1.072+2 0.0 0.000+0
   303                    0.3000 5.189+2 4.328+2  1.20   6.46  106.76 9.993+1 0.0 0.000+0
   304                    0.4000 5.203+2 3.943+2  1.32   6.32  106.72 9.271+1 0.0 0.000+0
   305                    0.5000 5.216+2 3.566+2  1.46   6.17  106.67 8.555+1 0.0 0.000+0
   306                    0.6000 5.227+2 3.197+2  1.63   6.01  106.61 7.846+1 0.0 0.000+0
   307                    0.7000 5.236+2 2.834+2  1.85   5.82  106.52 7.139+1 0.0 0.000+0
   308                    0.8000 5.243+2 2.473+2  2.12   5.60  106.40 6.433+1 0.0 0.000+0
   309                    0.9000 5.249+2 2.111+2  2.49   5.33  106.23 5.719+1 0.1 0.000+0
   310 DNSTREAM           1.0000 5.254+2 1.737+2  3.02   4.97  105.97 4.985+1 0.1 0.000+0

 EXTERIOR NODES
  Node  Node Identifier        QE1     YE1    Elev    Storage    Storage
    U1 UPSTREAM          1.595E+02   5.930 106.930
    D1 DNSTREAM          1.728E+02   6.841 106.841
    U2 UPSTREAM          3.190E+02   6.181 107.181
    D2 DNSTREAM          3.401E+02   6.841 106.841
    U3 UPSTREAM          5.129E+02   6.841 106.841
    D3 DNSTREAM          5.254E+02   4.975 105.975
 Balance 1: S1=1.593E+06 S2=4.576E+06 BNI=9.489E+06 BNQ=6.506E+06 TAQ=0.000E+00 WSI=0.000E+00 WSQ=0.000E+00
 Bal diff=BAL=S2-S1-BNI-TAQ+BNQ-WSI+WSQ= 5.233E-01    Rel bal=BAL/(S2+BNQ)= 4.723E-08

 SIMULATION ending at  1990/ 1/ 1: 7.3750000.  Time step=   450.00 sec
 ITER RCORECT  BRA   NODE   MXRES  LOC  SUMSQR NUMGT
    1 3.0E-02    2    200 1.3E+01   53 2.0E+03    28
    2 3.2E-05    2    207 7.5E-02   65 1.5E-02     0
 CSUR= 0.0E+00 AT ND=   0:     0 RLTQ= 0.0E+00 AT ND=   0:     0 DT/ITER=   225.0

 RESULTS at time          26550. JTIME =     47892.3072916668

 BRANCH NUMBER =     1
  Node  Node Identifier     Stat    Flow    Area   Vel  Depth    Elev     Top  Fr Lat Inf
   100 UPSTREAM           0.0000 1.503+2 2.226+2  0.68   5.90  106.90 5.542+1 0.0 0.000+0
   101                    0.1000 1.524+2 2.276+2  0.67   5.99  106.89 5.596+1 0.0 0.000+0
   102                    0.2000 1.544+2 2.327+2  0.66   6.08  106.88 5.650+1 0.0 0.000+0
   103                    0.3000 1.563+2 2.379+2  0.66   6.18  106.88 5.705+1 0.0 0.000+0
   104                    0.4000 1.582+2 2.431+2  0.65   6.27  106.87 5.760+1 0.0 0.000+0
   105                    0.5000 1.602+2 2.484+2  0.64   6.36  106.86 5.814+1 0.0 0.000+0
   106                    0.6000 1.621+2 2.537+2  0.64   6.45  106.85 5.869+1 0.0 0.000+0
   107                    0.7000 1.640+2 2.592+2  0.63   6.54  106.84 5.924+1 0.0 0.000+0
   108                    0.8000 1.660+2 2.646+2  0.63   6.63  106.83 5.979+1 0.0 0.000+0
   109                    0.9000 1.680+2 2.702+2  0.62   6.72  106.82 6.035+1 0.0 0.000+0
   110 DNSTREAM           1.0000 1.701+2 2.758+2  0.62   6.82  106.82 6.090+1 0.0 0.000+0

 BRANCH NUMBER =     2
  Node  Node Identifier     Stat    Flow    Area   Vel  Depth    Elev     Top  Fr Lat Inf
   200 UPSTREAM           0.0000 3.005+2 2.355+2  1.28   6.13  107.13 5.680+1 0.0 0.000+0
   201                    0.1000 3.041+2 2.392+2  1.27   6.20  107.10 5.719+1 0.0 0.000+0
   202                    0.2000 3.072+2 2.430+2  1.26   6.26  107.06 5.758+1 0.0 0.000+0
   203                    0.3000 3.101+2 2.468+2  1.26   6.33  107.03 5.798+1 0.0 0.000+0
   204                    0.4000 3.129+2 2.507+2  1.25   6.40  107.00 5.838+1 0.0 0.000+0
   205                    0.5000 3.155+2 2.547+2  1.24   6.46  106.96 5.878+1 0.0 0.000+0
   206                    0.6000 3.179+2 2.587+2  1.23   6.53  106.93 5.920+1 0.0 0.000+0
   207                    0.7000 3.203+2 2.628+2  1.22   6.60  106.90 5.961+1 0.0 0.000+0
   208                    0.8000 3.225+2 2.671+2  1.21   6.67  106.87 6.004+1 0.0 0.000+0
   209                    0.9000 3.247+2 2.714+2  1.20   6.74  106.84 6.047+1 0.0 0.000+0
   210 DNSTREAM           1.0000 3.268+2 2.758+2  1.19   6.82  106.82 6.090+1 0.0 0.000+0

 BRANCH NUMBER =     3
  Node  Node Identifier     Stat    Flow    Area   Vel  Depth    Elev     Top  Fr Lat Inf
   300 UPSTREAM           0.0000 4.969+2 5.515+2  0.90   6.82  106.82 1.218+2 0.0 0.000+0
   301                    0.1000 5.009+2 5.102+2  0.98   6.70  106.80 1.144+2 0.0 0.000+0
   302                    0.2000 5.046+2 4.700+2  1.07   6.57  106.77 1.070+2 0.0 0.000+0
   303                    0.3000 5.080+2 4.308+2  1.18   6.44  106.74 9.972+1 0.0 0.000+0
   304                    0.4000 5.109+2 3.925+2  1.30   6.30  106.70 9.252+1 0.0 0.000+0
   305                    0.5000 5.136+2 3.551+2  1.45   6.15  106.65 8.539+1 0.0 0.000+0
   306                    0.6000 5.158+2 3.184+2  1.62   5.99  106.59 7.831+1 0.0 0.000+0
   307                    0.7000 5.178+2 2.822+2  1.83   5.80  106.50 7.126+1 0.0 0.000+0
   308                    0.8000 5.195+2 2.464+2  2.11   5.59  106.39 6.422+1 0.0 0.000+0
   309                    0.9000 5.208+2 2.103+2  2.48   5.32  106.22 5.710+1 0.1 0.000+0
   310 DNSTREAM           1.0000 5.220+2 1.731+2  3.02   4.96  105.96 4.977+1 0.1 0.000+0

 EXTERIOR NODES
  Node  Node Identifier        QE1     YE1    Elev    Storage    Storage
    U1 UPSTREAM          1.503E+02   5.903 106.903
    D1 DNSTREAM          1.701E+02   6.817 106.817
    U2 UPSTREAM          3.005E+02   6.133 107.133
    D2 DNSTREAM          3.268E+02   6.817 106.817
    U3 UPSTREAM          4.969E+02   6.817 106.817
    D3 DNSTREAM          5.220E+02   4.962 105.962
 Balance 1: S1=1.593E+06 S2=4.548E+06 BNI=9.698E+06 BNQ=6.742E+06 TAQ=0.000E+00 WSI=0.000E+00 WSQ=0.000E+00
 Bal diff=BAL=S2-S1-BNI-TAQ+BNQ-WSI+WSQ= 5.319E-01    Rel bal=BAL/(S2+BNQ)= 4.711E-08

 SIMULATION ending at  1990/ 1/ 1: 7.5000000.  Time step=   450.00 sec
 ITER RCORECT  BRA   NODE   MXRES  LOC  SUMSQR NUMGT
    1 3.3E-02    2    201 1.7E+01   65 1.8E+03    27
    2 1.1E-05    1    110 4.8E-02   65 1.2E-02     0
 CSUR= 0.0E+00 AT ND=   0:     0 RLTQ= 0.0E+00 AT ND=   0:     0 DT/ITER=   225.0

 RESULTS at time          27000. JTIME =     47892.3125000001

 BRANCH NUMBER =     1
  Node  Node Identifier     Stat    Flow    Area   Vel  Depth    Elev     Top  Fr Lat Inf
   100 UPSTREAM           0.0000 1.410+2 2.205+2  0.64   5.87  106.87 5.519+1 0.0 0.000+0
   101                    0.1000 1.436+2 2.256+2  0.64   5.96  106.86 5.574+1 0.0 0.000+0
   102                    0.2000 1.464+2 2.307+2  0.63   6.05  106.85 5.629+1 0.0 0.000+0
   103                    0.3000 1.491+2 2.359+2  0.63   6.14  106.84 5.684+1 0.0 0.000+0
   104                    0.4000 1.518+2 2.411+2  0.63   6.23  106.83 5.739+1 0.0 0.000+0
   105                    0.5000 1.545+2 2.464+2  0.63   6.32  106.82 5.794+1 0.0 0.000+0
   106                    0.6000 1.572+2 2.518+2  0.62   6.42  106.82 5.849+1 0.0 0.000+0
   107                    0.7000 1.598+2 2.572+2  0.62   6.51  106.81 5.904+1 0.0 0.000+0
   108                    0.8000 1.624+2 2.626+2  0.62   6.60  106.80 5.959+1 0.0 0.000+0
   109                    0.9000 1.650+2 2.682+2  0.62   6.69  106.79 6.015+1 0.0 0.000+0
   110 DNSTREAM           1.0000 1.676+2 2.737+2  0.61   6.78  106.78 6.070+1 0.0 0.000+0

 BRANCH NUMBER =     2
  Node  Node Identifier     Stat    Flow    Area   Vel  Depth    Elev     Top  Fr Lat Inf
   200 UPSTREAM           0.0000 2.820+2 2.323+2  1.21   6.08  107.08 5.646+1 0.0 0.000+0
   201                    0.1000 2.857+2 2.361+2  1.21   6.14  107.04 5.686+1 0.0 0.000+0
   202                    0.2000 2.896+2 2.401+2  1.21   6.21  107.01 5.728+1 0.0 0.000+0
   203                    0.3000 2.932+2 2.440+2  1.20   6.28  106.98 5.769+1 0.0 0.000+0
   204                    0.4000 2.966+2 2.481+2  1.20   6.35  106.95 5.811+1 0.0 0.000+0
   205                    0.5000 2.999+2 2.522+2  1.19   6.42  106.92 5.853+1 0.0 0.000+0
   206                    0.6000 3.031+2 2.564+2  1.18   6.49  106.89 5.896+1 0.0 0.000+0
   207                    0.7000 3.061+2 2.606+2  1.17   6.56  106.86 5.939+1 0.0 0.000+0
   208                    0.8000 3.089+2 2.649+2  1.17   6.64  106.84 5.982+1 0.0 0.000+0
   209                    0.9000 3.117+2 2.693+2  1.16   6.71  106.81 6.026+1 0.0 0.000+0
   210 DNSTREAM           1.0000 3.143+2 2.737+2  1.15   6.78  106.78 6.070+1 0.0 0.000+0

 BRANCH NUMBER =     3
  Node  Node Identifier     Stat    Flow    Area   Vel  Depth    Elev     Top  Fr Lat Inf
   300 UPSTREAM           0.0000 4.819+2 5.475+2  0.88   6.78  106.78 1.214+2 0.0 0.000+0
   301                    0.1000 4.869+2 5.065+2  0.96   6.66  106.76 1.140+2 0.0 0.000+0
   302                    0.2000 4.916+2 4.665+2  1.05   6.54  106.74 1.066+2 0.0 0.000+0
   303                    0.3000 4.959+2 4.276+2  1.16   6.41  106.71 9.939+1 0.0 0.000+0
   304                    0.4000 4.998+2 3.896+2  1.28   6.27  106.67 9.222+1 0.0 0.000+0
   305                    0.5000 5.034+2 3.525+2  1.43   6.12  106.62 8.512+1 0.0 0.000+0
   306                    0.6000 5.067+2 3.161+2  1.60   5.96  106.56 7.807+1 0.0 0.000+0
   307                    0.7000 5.096+2 2.803+2  1.82   5.78  106.48 7.105+1 0.0 0.000+0
   308                    0.8000 5.121+2 2.447+2  2.09   5.56  106.36 6.403+1 0.0 0.000+0
   309                    0.9000 5.142+2 2.089+2  2.46   5.29  106.19 5.694+1 0.1 0.000+0
   310 DNSTREAM           1.0000 5.160+2 1.720+2  3.00   4.94  105.94 4.963+1 0.1 0.000+0

 EXTERIOR NODES
  Node  Node Identifier        QE1     YE1    Elev    Storage    Storage
    U1 UPSTREAM          1.410E+02   5.865 106.865
    D1 DNSTREAM          1.676E+02   6.784 106.784
    U2 UPSTREAM          2.820E+02   6.076 107.076
    D2 DNSTREAM          3.143E+02   6.784 106.784
    U3 UPSTREAM          4.819E+02   6.784 106.784
    D3 DNSTREAM          5.160E+02   4.939 105.939
 Balance 1: S1=1.593E+06 S2=4.511E+06 BNI=9.894E+06 BNQ=6.975E+06 TAQ=0.000E+00 WSI=0.000E+00 WSQ=0.000E+00
 Bal diff=BAL=S2-S1-BNI-TAQ+BNQ-WSI+WSQ= 4.810E-01    Rel bal=BAL/(S2+BNQ)= 4.188E-08

 SIMULATION ending at  1990/ 1/ 1: 7.6250000.  Time step=   450.00 sec
 ITER RCORECT  BRA   NODE   MXRES  LOC  SUMSQR NUMGT
    1 3.4E-02    2    200 1.3E+01   63 1.7E+03    32
    2 1.4E-05    1    110 5.9E-02   65 1.8E-02     0
 CSUR= 0.0E+00 AT ND=   0:     0 RLTQ= 0.0E+00 AT ND=   0:     0 DT/ITER=   225.0

 RESULTS at time          27450. JTIME =     47892.3177083335

 BRANCH NUMBER =     1
  Node  Node Identifier     Stat    Flow    Area   Vel  Depth    Elev     Top  Fr Lat Inf
   100 UPSTREAM           0.0000 1.318+2 2.179+2  0.60   5.82  106.82 5.491+1 0.0 0.000+0
   101                    0.1000 1.351+2 2.230+2  0.61   5.91  106.81 5.546+1 0.0 0.000+0
   102                    0.2000 1.383+2 2.281+2  0.61   6.00  106.80 5.601+1 0.0 0.000+0
   103                    0.3000 1.416+2 2.333+2  0.61   6.09  106.79 5.657+1 0.0 0.000+0
   104                    0.4000 1.448+2 2.386+2  0.61   6.19  106.79 5.712+1 0.0 0.000+0
   105                    0.5000 1.481+2 2.439+2  0.61   6.28  106.78 5.767+1 0.0 0.000+0
   106                    0.6000 1.513+2 2.492+2  0.61   6.37  106.77 5.823+1 0.0 0.000+0
   107                    0.7000 1.546+2 2.546+2  0.61   6.46  106.76 5.878+1 0.0 0.000+0
   108                    0.8000 1.579+2 2.601+2  0.61   6.56  106.76 5.934+1 0.0 0.000+0
   109                    0.9000 1.612+2 2.656+2  0.61   6.65  106.75 5.989+1 0.0 0.000+0
   110 DNSTREAM           1.0000 1.645+2 2.712+2  0.61   6.74  106.74 6.045+1 0.0 0.000+0

 BRANCH NUMBER =     2
  Node  Node Identifier     Stat    Flow    Area   Vel  Depth    Elev     Top  Fr Lat Inf
   200 UPSTREAM           0.0000 2.635+2 2.287+2  1.15   6.01  107.01 5.607+1 0.0 0.000+0
   201                    0.1000 2.680+2 2.327+2  1.15   6.08  106.98 5.650+1 0.0 0.000+0
   202                    0.2000 2.721+2 2.367+2  1.15   6.15  106.95 5.692+1 0.0 0.000+0
   203                    0.3000 2.761+2 2.408+2  1.15   6.23  106.93 5.735+1 0.0 0.000+0
   204                    0.4000 2.801+2 2.450+2  1.14   6.30  106.90 5.779+1 0.0 0.000+0
   205                    0.5000 2.839+2 2.492+2  1.14   6.37  106.87 5.822+1 0.0 0.000+0
   206                    0.6000 2.877+2 2.534+2  1.14   6.44  106.84 5.866+1 0.0 0.000+0
   207                    0.7000 2.913+2 2.578+2  1.13   6.52  106.82 5.910+1 0.0 0.000+0
   208                    0.8000 2.949+2 2.622+2  1.12   6.59  106.79 5.955+1 0.0 0.000+0
   209                    0.9000 2.984+2 2.666+2  1.12   6.67  106.77 6.000+1 0.0 0.000+0
   210 DNSTREAM           1.0000 3.017+2 2.712+2  1.11   6.74  106.74 6.045+1 0.0 0.000+0

 BRANCH NUMBER =     3
  Node  Node Identifier     Stat    Flow    Area   Vel  Depth    Elev     Top  Fr Lat Inf
   300 UPSTREAM           0.0000 4.663+2 5.424+2  0.86   6.74  106.74 1.209+2 0.0 0.000+0
   301                    0.1000 4.726+2 5.018+2  0.94   6.62  106.72 1.135+2 0.0 0.000+0
   302                    0.2000 4.784+2 4.622+2  1.04   6.50  106.70 1.062+2 0.0 0.000+0
   303                    0.3000 4.837+2 4.237+2  1.14   6.37  106.67 9.899+1 0.0 0.000+0
   304                    0.4000 4.885+2 3.861+2  1.27   6.23  106.63 9.185+1 0.0 0.000+0
   305                    0.5000 4.928+2 3.493+2  1.41   6.09  106.59 8.478+1 0.0 0.000+0
   306                    0.6000 4.966+2 3.132+2  1.59   5.92  106.52 7.776+1 0.0 0.000+0
   307                    0.7000 5.001+2 2.777+2  1.80   5.74  106.44 7.077+1 0.0 0.000+0
   308                    0.8000 5.031+2 2.425+2  2.07   5.52  106.32 6.378+1 0.0 0.000+0
   309                    0.9000 5.057+2 2.071+2  2.44   5.26  106.16 5.672+1 0.1 0.000+0
   310 DNSTREAM           1.0000 5.079+2 1.704+2  2.98   4.91  105.91 4.945+1 0.1 0.000+0

 EXTERIOR NODES
  Node  Node Identifier        QE1     YE1    Elev    Storage    Storage
    U1 UPSTREAM          1.318E+02   5.818 106.818
    D1 DNSTREAM          1.645E+02   6.742 106.742
    U2 UPSTREAM          2.635E+02   6.012 107.012
    D2 DNSTREAM          3.017E+02   6.742 106.742
    U3 UPSTREAM          4.663E+02   6.742 106.742
    D3 DNSTREAM          5.079E+02   4.908 105.908
 Balance 1: S1=1.593E+06 S2=4.464E+06 BNI=1.008E+07 BNQ=7.205E+06 TAQ=0.000E+00 WSI=0.000E+00 WSQ=0.000E+00
 Bal diff=BAL=S2-S1-BNI-TAQ+BNQ-WSI+WSQ= 5.443E-01    Rel bal=BAL/(S2+BNQ)= 4.664E-08

 SIMULATION ending at  1990/ 1/ 1: 7.7500000.  Time step=   450.00 sec
 ITER RCORECT  BRA   NODE   MXRES  LOC  SUMSQR NUMGT
    1 3.6E-02    2    200 1.3E+01   65 2.0E+03    33
    2 1.7E-05    3    305 6.3E-02   43 3.2E-02     0
 CSUR= 0.0E+00 AT ND=   0:     0 RLTQ= 0.0E+00 AT ND=   0:     0 DT/ITER=   225.0

 RESULTS at time          27900. JTIME =     47892.3229166668

 BRANCH NUMBER =     1
  Node  Node Identifier     Stat    Flow    Area   Vel  Depth    Elev     Top  Fr Lat Inf
   100 UPSTREAM           0.0000 1.225+2 2.149+2  0.57   5.76  106.76 5.457+1 0.0 0.000+0
   101                    0.1000 1.262+2 2.200+2  0.57   5.86  106.76 5.513+1 0.0 0.000+0
   102                    0.2000 1.301+2 2.251+2  0.58   5.95  106.75 5.569+1 0.0 0.000+0
   103                    0.3000 1.338+2 2.303+2  0.58   6.04  106.74 5.625+1 0.0 0.000+0
   104                    0.4000 1.376+2 2.356+2  0.58   6.13  106.73 5.680+1 0.0 0.000+0
   105                    0.5000 1.414+2 2.409+2  0.59   6.23  106.73 5.736+1 0.0 0.000+0
   106                    0.6000 1.451+2 2.462+2  0.59   6.32  106.72 5.792+1 0.0 0.000+0
   107                    0.7000 1.489+2 2.516+2  0.59   6.41  106.71 5.847+1 0.0 0.000+0
   108                    0.8000 1.527+2 2.571+2  0.59   6.51  106.71 5.903+1 0.0 0.000+0
   109                    0.9000 1.565+2 2.625+2  0.60   6.60  106.70 5.958+1 0.0 0.000+0
   110 DNSTREAM           1.0000 1.603+2 2.681+2  0.60   6.69  106.69 6.014+1 0.0 0.000+0

 BRANCH NUMBER =     2
  Node  Node Identifier     Stat    Flow    Area   Vel  Depth    Elev     Top  Fr Lat Inf
   200 UPSTREAM           0.0000 2.450+2 2.247+2  1.09   5.94  106.94 5.564+1 0.0 0.000+0
   201                    0.1000 2.498+2 2.288+2  1.09   6.01  106.91 5.608+1 0.0 0.000+0
   202                    0.2000 2.547+2 2.329+2  1.09   6.09  106.89 5.653+1 0.0 0.000+0
   203                    0.3000 2.593+2 2.371+2  1.09   6.16  106.86 5.697+1 0.0 0.000+0
   204                    0.4000 2.637+2 2.414+2  1.09   6.24  106.84 5.742+1 0.0 0.000+0
   205                    0.5000 2.681+2 2.457+2  1.09   6.31  106.81 5.786+1 0.0 0.000+0
   206                    0.6000 2.723+2 2.501+2  1.09   6.39  106.79 5.831+1 0.0 0.000+0
   207                    0.7000 2.764+2 2.545+2  1.09   6.46  106.76 5.877+1 0.0 0.000+0
   208                    0.8000 2.804+2 2.590+2  1.08   6.54  106.74 5.922+1 0.0 0.000+0
   209                    0.9000 2.843+2 2.635+2  1.08   6.61  106.71 5.968+1 0.0 0.000+0
   210 DNSTREAM           1.0000 2.882+2 2.681+2  1.08   6.69  106.69 6.014+1 0.0 0.000+0

 BRANCH NUMBER =     3
  Node  Node Identifier     Stat    Flow    Area   Vel  Depth    Elev     Top  Fr Lat Inf
   300 UPSTREAM           0.0000 4.485+2 5.362+2  0.84   6.69  106.69 1.203+2 0.0 0.000+0
   301                    0.1000 4.560+2 4.961+2  0.92   6.57  106.67 1.129+2 0.0 0.000+0
   302                    0.2000 4.629+2 4.570+2  1.01   6.45  106.65 1.057+2 0.0 0.000+0
   303                    0.3000 4.693+2 4.189+2  1.12   6.32  106.62 9.850+1 0.0 0.000+0
   304                    0.4000 4.751+2 3.817+2  1.24   6.19  106.59 9.140+1 0.0 0.000+0
   305                    0.5000 4.803+2 3.454+2  1.39   6.04  106.54 8.436+1 0.0 0.000+0
   306                    0.6000 4.850+2 3.098+2  1.57   5.88  106.48 7.738+1 0.0 0.000+0
   307                    0.7000 4.891+2 2.747+2  1.78   5.70  106.40 7.043+1 0.0 0.000+0
   308                    0.8000 4.927+2 2.398+2  2.05   5.48  106.28 6.348+1 0.0 0.000+0
   309                    0.9000 4.957+2 2.048+2  2.42   5.22  106.12 5.646+1 0.1 0.000+0
   310 DNSTREAM           1.0000 4.983+2 1.686+2  2.95   4.87  105.87 4.923+1 0.1 0.000+0

 EXTERIOR NODES
  Node  Node Identifier        QE1     YE1    Elev    Storage    Storage
    U1 UPSTREAM          1.225E+02   5.762 106.762
    D1 DNSTREAM          1.603E+02   6.691 106.691
    U2 UPSTREAM          2.450E+02   5.940 106.940
    D2 DNSTREAM          2.882E+02   6.691 106.691
    U3 UPSTREAM          4.485E+02   6.691 106.691
    D3 DNSTREAM          4.983E+02   4.872 105.872
 Balance 1: S1=1.593E+06 S2=4.409E+06 BNI=1.025E+07 BNQ=7.432E+06 TAQ=0.000E+00 WSI=0.000E+00 WSQ=0.000E+00
 Bal diff=BAL=S2-S1-BNI-TAQ+BNQ-WSI+WSQ= 5.384E-01    Rel bal=BAL/(S2+BNQ)= 4.547E-08

 SIMULATION ending at  1990/ 1/ 1: 7.8750000.  Time step=   450.00 sec
 ITER RCORECT  BRA   NODE   MXRES  LOC  SUMSQR NUMGT
    1 3.9E-02    2    200 1.3E+01   63 2.3E+03    35
    2 2.5E-05    1    110 8.9E-02   43 3.9E-02     0
 CSUR= 0.0E+00 AT ND=   0:     0 RLTQ= 0.0E+00 AT ND=   0:     0 DT/ITER=   225.0

 RESULTS at time          28350. JTIME =     47892.3281250002

 BRANCH NUMBER =     1
  Node  Node Identifier     Stat    Flow    Area   Vel  Depth    Elev     Top  Fr Lat Inf
   100 UPSTREAM           0.0000 1.133+2 2.114+2  0.54   5.70  106.70 5.420+1 0.0 0.000+0
   101                    0.1000 1.175+2 2.165+2  0.54   5.79  106.69 5.476+1 0.0 0.000+0
   102                    0.2000 1.217+2 2.217+2  0.55   5.89  106.69 5.532+1 0.0 0.000+0
   103                    0.3000 1.259+2 2.269+2  0.55   5.98  106.68 5.588+1 0.0 0.000+0
   104                    0.4000 1.302+2 2.321+2  0.56   6.07  106.67 5.644+1 0.0 0.000+0
   105                    0.5000 1.344+2 2.374+2  0.57   6.17  106.67 5.700+1 0.0 0.000+0
   106                    0.6000 1.387+2 2.428+2  0.57   6.26  106.66 5.756+1 0.0 0.000+0
   107                    0.7000 1.429+2 2.482+2  0.58   6.35  106.65 5.812+1 0.0 0.000+0
   108                    0.8000 1.472+2 2.536+2  0.58   6.45  106.65 5.867+1 0.0 0.000+0
   109                    0.9000 1.515+2 2.591+2  0.58   6.54  106.64 5.923+1 0.0 0.000+0
   110 DNSTREAM           1.0000 1.558+2 2.646+2  0.59   6.63  106.63 5.979+1 0.0 0.000+0

 BRANCH NUMBER =     2
  Node  Node Identifier     Stat    Flow    Area   Vel  Depth    Elev     Top  Fr Lat Inf
   200 UPSTREAM           0.0000 2.265+2 2.203+2  1.03   5.86  106.86 5.516+1 0.0 0.000+0
   201                    0.1000 2.318+2 2.245+2  1.03   5.94  106.84 5.562+1 0.0 0.000+0
   202                    0.2000 2.369+2 2.288+2  1.04   6.01  106.81 5.608+1 0.0 0.000+0
   203                    0.3000 2.419+2 2.331+2  1.04   6.09  106.79 5.654+1 0.0 0.000+0
   204                    0.4000 2.469+2 2.374+2  1.04   6.17  106.77 5.700+1 0.0 0.000+0
   205                    0.5000 2.517+2 2.418+2  1.04   6.24  106.74 5.746+1 0.0 0.000+0
   206                    0.6000 2.565+2 2.463+2  1.04   6.32  106.72 5.792+1 0.0 0.000+0
   207                    0.7000 2.611+2 2.508+2  1.04   6.40  106.70 5.839+1 0.0 0.000+0
   208                    0.8000 2.657+2 2.553+2  1.04   6.48  106.68 5.885+1 0.0 0.000+0
   209                    0.9000 2.702+2 2.599+2  1.04   6.55  106.65 5.932+1 0.0 0.000+0
   210 DNSTREAM           1.0000 2.746+2 2.646+2  1.04   6.63  106.63 5.979+1 0.0 0.000+0

 BRANCH NUMBER =     3
  Node  Node Identifier     Stat    Flow    Area   Vel  Depth    Elev     Top  Fr Lat Inf
   300 UPSTREAM           0.0000 4.304+2 5.292+2  0.81   6.63  106.63 1.196+2 0.0 0.000+0
   301                    0.1000 4.388+2 4.896+2  0.90   6.52  106.62 1.123+2 0.0 0.000+0
   302                    0.2000 4.465+2 4.510+2  0.99   6.39  106.59 1.051+2 0.0 0.000+0
   303                    0.3000 4.536+2 4.134+2  1.10   6.27  106.57 9.792+1 0.0 0.000+0
   304                    0.4000 4.601+2 3.767+2  1.22   6.13  106.53 9.087+1 0.0 0.000+0
   305                    0.5000 4.660+2 3.409+2  1.37   5.99  106.49 8.388+1 0.0 0.000+0
   306                    0.6000 4.714+2 3.057+2  1.54   5.83  106.43 7.694+1 0.0 0.000+0
   307                    0.7000 4.762+2 2.711+2  1.76   5.65  106.35 7.003+1 0.0 0.000+0
   308                    0.8000 4.804+2 2.367+2  2.03   5.43  106.23 6.313+1 0.0 0.000+0
   309                    0.9000 4.840+2 2.022+2  2.39   5.17  106.07 5.615+1 0.0 0.000+0
   310 DNSTREAM           1.0000 4.870+2 1.665+2  2.93   4.83  105.83 4.897+1 0.1 0.000+0

 EXTERIOR NODES
  Node  Node Identifier        QE1     YE1    Elev    Storage    Storage
    U1 UPSTREAM          1.133E+02   5.699 106.699
    D1 DNSTREAM          1.558E+02   6.632 106.632
    U2 UPSTREAM          2.265E+02   5.861 106.861
    D2 DNSTREAM          2.746E+02   6.632 106.632
    U3 UPSTREAM          4.304E+02   6.632 106.632
    D3 DNSTREAM          4.870E+02   4.828 105.828
 Balance 1: S1=1.593E+06 S2=4.346E+06 BNI=1.041E+07 BNQ=7.653E+06 TAQ=0.000E+00 WSI=0.000E+00 WSQ=0.000E+00
 Bal diff=BAL=S2-S1-BNI-TAQ+BNQ-WSI+WSQ= 5.411E-01    Rel bal=BAL/(S2+BNQ)= 4.509E-08

 SIMULATION ending at  1990/ 1/ 1: 8.0000000.  Time step=   450.00 sec
 ITER RCORECT  BRA   NODE   MXRES  LOC  SUMSQR NUMGT
    1 4.2E-02    2    200 1.2E+01   65 2.3E+03    38
    2 2.7E-05    1    110 1.0E-01   43 5.0E-02     0
 CSUR= 0.0E+00 AT ND=   0:     0 RLTQ= 0.0E+00 AT ND=   0:     0 DT/ITER=   225.0

 RESULTS at time          28800. JTIME =     47892.3333333335

 BRANCH NUMBER =     1
  Node  Node Identifier     Stat    Flow    Area   Vel  Depth    Elev     Top  Fr Lat Inf
   100 UPSTREAM           0.0000 1.040+2 2.076+2  0.50   5.63  106.63 5.377+1 0.0 0.000+0
   101                    0.1000 1.086+2 2.127+2  0.51   5.72  106.62 5.434+1 0.0 0.000+0
   102                    0.2000 1.133+2 2.179+2  0.52   5.82  106.62 5.491+1 0.0 0.000+0
   103                    0.3000 1.180+2 2.231+2  0.53   5.91  106.61 5.547+1 0.0 0.000+0
   104                    0.4000 1.226+2 2.283+2  0.54   6.01  106.61 5.603+1 0.0 0.000+0
   105                    0.5000 1.273+2 2.336+2  0.54   6.10  106.60 5.660+1 0.0 0.000+0
   106                    0.6000 1.320+2 2.389+2  0.55   6.19  106.59 5.716+1 0.0 0.000+0
   107                    0.7000 1.367+2 2.443+2  0.56   6.29  106.59 5.772+1 0.0 0.000+0
   108                    0.8000 1.414+2 2.497+2  0.57   6.38  106.58 5.828+1 0.0 0.000+0
   109                    0.9000 1.462+2 2.552+2  0.57   6.47  106.57 5.884+1 0.0 0.000+0
   110 DNSTREAM           1.0000 1.510+2 2.607+2  0.58   6.57  106.57 5.939+1 0.0 0.000+0

 BRANCH NUMBER =     2
  Node  Node Identifier     Stat    Flow    Area   Vel  Depth    Elev     Top  Fr Lat Inf
   200 UPSTREAM           0.0000 2.080+2 2.155+2  0.97   5.77  106.77 5.465+1 0.0 0.000+0
   201                    0.1000 2.136+2 2.199+2  0.97   5.85  106.75 5.512+1 0.0 0.000+0
   202                    0.2000 2.193+2 2.242+2  0.98   5.93  106.73 5.559+1 0.0 0.000+0
   203                    0.3000 2.247+2 2.286+2  0.98   6.01  106.71 5.607+1 0.0 0.000+0
   204                    0.4000 2.300+2 2.331+2  0.99   6.09  106.69 5.654+1 0.0 0.000+0
   205                    0.5000 2.352+2 2.376+2  0.99   6.17  106.67 5.701+1 0.0 0.000+0
   206                    0.6000 2.404+2 2.421+2  0.99   6.25  106.65 5.749+1 0.0 0.000+0
   207                    0.7000 2.455+2 2.467+2  1.00   6.33  106.63 5.796+1 0.0 0.000+0
   208                    0.8000 2.505+2 2.513+2  1.00   6.41  106.61 5.844+1 0.0 0.000+0
   209                    0.9000 2.554+2 2.559+2  1.00   6.49  106.59 5.892+1 0.0 0.000+0
   210 DNSTREAM           1.0000 2.603+2 2.607+2  1.00   6.57  106.57 5.939+1 0.0 0.000+0

 BRANCH NUMBER =     3
  Node  Node Identifier     Stat    Flow    Area   Vel  Depth    Elev     Top  Fr Lat Inf
   300 UPSTREAM           0.0000 4.113+2 5.213+2  0.79   6.57  106.57 1.188+2 0.0 0.000+0
   301                    0.1000 4.206+2 4.823+2  0.87   6.45  106.55 1.115+2 0.0 0.000+0
   302                    0.2000 4.293+2 4.443+2  0.97   6.33  106.53 1.044+2 0.0 0.000+0
   303                    0.3000 4.372+2 4.072+2  1.07   6.20  106.50 9.728+1 0.0 0.000+0
   304                    0.4000 4.445+2 3.711+2  1.20   6.07  106.47 9.027+1 0.0 0.000+0
   305                    0.5000 4.510+2 3.358+2  1.34   5.93  106.43 8.333+1 0.0 0.000+0
   306                    0.6000 4.569+2 3.011+2  1.52   5.77  106.37 7.644+1 0.0 0.000+0
   307                    0.7000 4.622+2 2.670+2  1.73   5.59  106.29 6.958+1 0.0 0.000+0
   308                    0.8000 4.669+2 2.332+2  2.00   5.38  106.18 6.272+1 0.0 0.000+0
   309                    0.9000 4.709+2 1.992+2  2.36   5.12  106.02 5.580+1 0.0 0.000+0
   310 DNSTREAM           1.0000 4.742+2 1.641+2  2.89   4.78  105.78 4.867+1 0.1 0.000+0

 EXTERIOR NODES
  Node  Node Identifier        QE1     YE1    Elev    Storage    Storage
    U1 UPSTREAM          1.040E+02   5.629 106.629
    D1 DNSTREAM          1.510E+02   6.566 106.566
    U2 UPSTREAM          2.080E+02   5.775 106.775
    D2 DNSTREAM          2.603E+02   6.566 106.566
    U3 UPSTREAM          4.113E+02   6.566 106.566
    D3 DNSTREAM          4.742E+02   4.778 105.778
 Balance 1: S1=1.593E+06 S2=4.276E+06 BNI=1.055E+07 BNQ=7.869E+06 TAQ=0.000E+00 WSI=0.000E+00 WSQ=0.000E+00
 Bal diff=BAL=S2-S1-BNI-TAQ+BNQ-WSI+WSQ= 5.670E-01    Rel bal=BAL/(S2+BNQ)= 4.668E-08

 SIMULATION ending at  1990/ 1/ 1: 8.1250000.  Time step=   450.00 sec
 ITER RCORECT  BRA   NODE   MXRES  LOC  SUMSQR NUMGT
    1 2.3E-02    2    210 1.2E+01   63 2.4E+03    28
    2 2.8E-05    1    103 1.2E-01   43 7.7E-02     0
 CSUR= 0.0E+00 AT ND=   0:     0 RLTQ= 0.0E+00 AT ND=   0:     0 DT/ITER=   225.0

 RESULTS at time          29250. JTIME =     47892.3385416668

 BRANCH NUMBER =     1
  Node  Node Identifier     Stat    Flow    Area   Vel  Depth    Elev     Top  Fr Lat Inf
   100 UPSTREAM           0.0000 1.006+2 2.041+2  0.49   5.56  106.56 5.337+1 0.0 0.000+0
   101                    0.1000 1.045+2 2.091+2  0.50   5.66  106.56 5.393+1 0.0 0.000+0
   102                    0.2000 1.086+2 2.141+2  0.51   5.75  106.55 5.449+1 0.0 0.000+0
   103                    0.3000 1.130+2 2.192+2  0.52   5.84  106.54 5.505+1 0.0 0.000+0
   104                    0.4000 1.175+2 2.244+2  0.52   5.94  106.54 5.561+1 0.0 0.000+0
   105                    0.5000 1.221+2 2.296+2  0.53   6.03  106.53 5.617+1 0.0 0.000+0
   106                    0.6000 1.268+2 2.349+2  0.54   6.12  106.52 5.673+1 0.0 0.000+0
   107                    0.7000 1.315+2 2.402+2  0.55   6.22  106.52 5.729+1 0.0 0.000+0
   108                    0.8000 1.364+2 2.456+2  0.56   6.31  106.51 5.785+1 0.0 0.000+0
   109                    0.9000 1.413+2 2.510+2  0.56   6.40  106.50 5.841+1 0.0 0.000+0
   110 DNSTREAM           1.0000 1.463+2 2.565+2  0.57   6.50  106.50 5.897+1 0.0 0.000+0

 BRANCH NUMBER =     2
  Node  Node Identifier     Stat    Flow    Area   Vel  Depth    Elev     Top  Fr Lat Inf
   200 UPSTREAM           0.0000 2.013+2 2.117+2  0.95   5.70  106.70 5.422+1 0.0 0.000+0
   201                    0.1000 2.050+2 2.159+2  0.95   5.78  106.68 5.468+1 0.0 0.000+0
   202                    0.2000 2.090+2 2.201+2  0.95   5.86  106.66 5.515+1 0.0 0.000+0
   203                    0.3000 2.134+2 2.245+2  0.95   5.94  106.64 5.562+1 0.0 0.000+0
   204                    0.4000 2.180+2 2.289+2  0.95   6.02  106.62 5.609+1 0.0 0.000+0
   205                    0.5000 2.227+2 2.333+2  0.95   6.09  106.59 5.657+1 0.0 0.000+0
   206                    0.6000 2.275+2 2.378+2  0.96   6.17  106.57 5.704+1 0.0 0.000+0
   207                    0.7000 2.323+2 2.424+2  0.96   6.25  106.55 5.752+1 0.0 0.000+0
   208                    0.8000 2.373+2 2.471+2  0.96   6.33  106.53 5.800+1 0.0 0.000+0
   209                    0.9000 2.422+2 2.517+2  0.96   6.41  106.51 5.849+1 0.0 0.000+0
   210 DNSTREAM           1.0000 2.472+2 2.565+2  0.96   6.50  106.50 5.897+1 0.0 0.000+0

 BRANCH NUMBER =     3
  Node  Node Identifier     Stat    Flow    Area   Vel  Depth    Elev     Top  Fr Lat Inf
   300 UPSTREAM           0.0000 3.935+2 5.129+2  0.77   6.50  106.50 1.179+2 0.0 0.000+0
   301                    0.1000 4.031+2 4.744+2  0.85   6.38  106.48 1.107+2 0.0 0.000+0
   302                    0.2000 4.122+2 4.370+2  0.94   6.26  106.46 1.036+2 0.0 0.000+0
   303                    0.3000 4.205+2 4.005+2  1.05   6.13  106.43 9.657+1 0.0 0.000+0
   304                    0.4000 4.283+2 3.650+2  1.17   6.00  106.40 8.962+1 0.0 0.000+0
   305                    0.5000 4.353+2 3.302+2  1.32   5.86  106.36 8.273+1 0.0 0.000+0
   306                    0.6000 4.417+2 2.961+2  1.49   5.70  106.30 7.589+1 0.0 0.000+0
   307                    0.7000 4.474+2 2.626+2  1.70   5.52  106.22 6.909+1 0.0 0.000+0
   308                    0.8000 4.524+2 2.294+2  1.97   5.32  106.12 6.228+1 0.0 0.000+0
   309                    0.9000 4.567+2 1.959+2  2.33   5.06  105.96 5.541+1 0.0 0.000+0
   310 DNSTREAM           1.0000 4.603+2 1.614+2  2.85   4.72  105.72 4.834+1 0.1 0.000+0

 EXTERIOR NODES
  Node  Node Identifier        QE1     YE1    Elev    Storage    Storage
    U1 UPSTREAM          1.006E+02   5.562 106.562
    D1 DNSTREAM          1.463E+02   6.495 106.495
    U2 UPSTREAM          2.013E+02   5.704 106.704
    D2 DNSTREAM          2.472E+02   6.495 106.495
    U3 UPSTREAM          3.935E+02   6.495 106.495
    D3 DNSTREAM          4.603E+02   4.724 105.724
 Balance 1: S1=1.593E+06 S2=4.204E+06 BNI=1.069E+07 BNQ=8.079E+06 TAQ=0.000E+00 WSI=0.000E+00 WSQ=0.000E+00
 Bal diff=BAL=S2-S1-BNI-TAQ+BNQ-WSI+WSQ= 5.284E-01    Rel bal=BAL/(S2+BNQ)= 4.302E-08

 SIMULATION ending at  1990/ 1/ 1: 8.2500000.  Time step=   450.00 sec
 ITER RCORECT  BRA   NODE   MXRES  LOC  SUMSQR NUMGT
    1 1.7E-02    2    200 1.1E+01   65 1.4E+03    13
    2 2.9E-05    3    309 2.2E-01   43 9.1E-02     0
 CSUR= 0.0E+00 AT ND=   0:     0 RLTQ= 0.0E+00 AT ND=   0:     0 DT/ITER=   225.0

 RESULTS at time          29700. JTIME =     47892.3437500002

 BRANCH NUMBER =     1
  Node  Node Identifier     Stat    Flow    Area   Vel  Depth    Elev     Top  Fr Lat Inf
   100 UPSTREAM           0.0000 9.725+1 2.004+2  0.49   5.49  106.49 5.296+1 0.0 0.000+0
   101                    0.1000 1.019+2 2.054+2  0.50   5.59  106.49 5.352+1 0.0 0.000+0
   102                    0.2000 1.065+2 2.104+2  0.51   5.68  106.48 5.408+1 0.0 0.000+0
   103                    0.3000 1.108+2 2.155+2  0.51   5.77  106.47 5.464+1 0.0 0.000+0
   104                    0.4000 1.152+2 2.206+2  0.52   5.87  106.47 5.520+1 0.0 0.000+0
   105                    0.5000 1.196+2 2.258+2  0.53   5.96  106.46 5.576+1 0.0 0.000+0
   106                    0.6000 1.240+2 2.310+2  0.54   6.05  106.45 5.632+1 0.0 0.000+0
   107                    0.7000 1.285+2 2.363+2  0.54   6.15  106.45 5.688+1 0.0 0.000+0
   108                    0.8000 1.330+2 2.416+2  0.55   6.24  106.44 5.743+1 0.0 0.000+0
   109                    0.9000 1.376+2 2.469+2  0.56   6.33  106.43 5.799+1 0.0 0.000+0
   110 DNSTREAM           1.0000 1.423+2 2.524+2  0.56   6.43  106.43 5.855+1 0.0 0.000+0

 BRANCH NUMBER =     2
  Node  Node Identifier     Stat    Flow    Area   Vel  Depth    Elev     Top  Fr Lat Inf
   200 UPSTREAM           0.0000 1.945+2 2.079+2  0.94   5.63  106.63 5.381+1 0.0 0.000+0
   201                    0.1000 1.994+2 2.122+2  0.94   5.71  106.61 5.428+1 0.0 0.000+0
   202                    0.2000 2.039+2 2.165+2  0.94   5.79  106.59 5.475+1 0.0 0.000+0
   203                    0.3000 2.082+2 2.208+2  0.94   5.87  106.57 5.522+1 0.0 0.000+0
   204                    0.4000 2.124+2 2.251+2  0.94   5.95  106.55 5.569+1 0.0 0.000+0
   205                    0.5000 2.166+2 2.295+2  0.94   6.03  106.53 5.616+1 0.0 0.000+0
   206                    0.6000 2.208+2 2.340+2  0.94   6.11  106.51 5.664+1 0.0 0.000+0
   207                    0.7000 2.252+2 2.385+2  0.94   6.19  106.49 5.711+1 0.0 0.000+0
   208                    0.8000 2.296+2 2.431+2  0.94   6.27  106.47 5.759+1 0.0 0.000+0
   209                    0.9000 2.341+2 2.477+2  0.95   6.35  106.45 5.807+1 0.0 0.000+0
   210 DNSTREAM           1.0000 2.387+2 2.524+2  0.95   6.43  106.43 5.855+1 0.0 0.000+0

 BRANCH NUMBER =     3
  Node  Node Identifier     Stat    Flow    Area   Vel  Depth    Elev     Top  Fr Lat Inf
   300 UPSTREAM           0.0000 3.810+2 5.047+2  0.75   6.43  106.43 1.171+2 0.0 0.000+0
   301                    0.1000 3.901+2 4.667+2  0.84   6.31  106.41 1.099+2 0.0 0.000+0
   302                    0.2000 3.986+2 4.298+2  0.93   6.19  106.39 1.029+2 0.0 0.000+0
   303                    0.3000 4.066+2 3.938+2  1.03   6.07  106.37 9.586+1 0.0 0.000+0
   304                    0.4000 4.140+2 3.588+2  1.15   5.93  106.33 8.895+1 0.0 0.000+0
   305                    0.5000 4.209+2 3.246+2  1.30   5.79  106.29 8.211+1 0.0 0.000+0
   306                    0.6000 4.272+2 2.910+2  1.47   5.63  106.23 7.532+1 0.0 0.000+0
   307                    0.7000 4.328+2 2.580+2  1.68   5.46  106.16 6.857+1 0.0 0.000+0
   308                    0.8000 4.379+2 2.254+2  1.94   5.25  106.05 6.182+1 0.0 0.000+0
   309                    0.9000 4.422+2 1.925+2  2.30   5.00  105.90 5.500+1 0.0 0.000+0
   310 DNSTREAM           1.0000 4.459+2 1.587+2  2.81   4.67  105.67 4.800+1 0.1 0.000+0

 EXTERIOR NODES
  Node  Node Identifier        QE1     YE1    Elev    Storage    Storage
    U1 UPSTREAM          9.725E+01   5.493 106.493
    D1 DNSTREAM          1.423E+02   6.425 106.425
    U2 UPSTREAM          1.945E+02   5.634 106.634
    D2 DNSTREAM          2.387E+02   6.425 106.425
    U3 UPSTREAM          3.810E+02   6.425 106.425
    D3 DNSTREAM          4.459E+02   4.666 105.666
 Balance 1: S1=1.593E+06 S2=4.134E+06 BNI=1.082E+07 BNQ=8.283E+06 TAQ=0.000E+00 WSI=0.000E+00 WSQ=0.000E+00
 Bal diff=BAL=S2-S1-BNI-TAQ+BNQ-WSI+WSQ= 4.763E-01    Rel bal=BAL/(S2+BNQ)= 3.836E-08

 SIMULATION ending at  1990/ 1/ 1: 8.3750000.  Time step=   450.00 sec
 ITER RCORECT  BRA   NODE   MXRES  LOC  SUMSQR NUMGT
    1 2.7E-02    1    102 1.4E+01   65 9.3E+02    24
    2 3.3E-05    1    106 8.8E-02   43 4.0E-02     0
 CSUR= 0.0E+00 AT ND=   0:     0 RLTQ= 0.0E+00 AT ND=   0:     0 DT/ITER=   225.0

 RESULTS at time          30150. JTIME =     47892.3489583335

 BRANCH NUMBER =     1
  Node  Node Identifier     Stat    Flow    Area   Vel  Depth    Elev     Top  Fr Lat Inf
   100 UPSTREAM           0.0000 9.388+1 1.966+2  0.48   5.42  106.42 5.253+1 0.0 0.000+0
   101                    0.1000 9.804+1 2.016+2  0.49   5.52  106.42 5.310+1 0.0 0.000+0
   102                    0.2000 1.024+2 2.066+2  0.50   5.61  106.41 5.366+1 0.0 0.000+0
   103                    0.3000 1.070+2 2.117+2  0.51   5.70  106.40 5.422+1 0.0 0.000+0
   104                    0.4000 1.115+2 2.168+2  0.51   5.80  106.40 5.479+1 0.0 0.000+0
   105                    0.5000 1.161+2 2.220+2  0.52   5.89  106.39 5.535+1 0.0 0.000+0
   106                    0.6000 1.206+2 2.272+2  0.53   5.99  106.39 5.591+1 0.0 0.000+0
   107                    0.7000 1.251+2 2.324+2  0.54   6.08  106.38 5.647+1 0.0 0.000+0
   108                    0.8000 1.295+2 2.377+2  0.54   6.17  106.37 5.703+1 0.0 0.000+0
   109                    0.9000 1.340+2 2.431+2  0.55   6.27  106.37 5.759+1 0.0 0.000+0
   110 DNSTREAM           1.0000 1.384+2 2.485+2  0.56   6.36  106.36 5.815+1 0.0 0.000+0

 BRANCH NUMBER =     2
  Node  Node Identifier     Stat    Flow    Area   Vel  Depth    Elev     Top  Fr Lat Inf
   200 UPSTREAM           0.0000 1.878+2 2.041+2  0.92   5.56  106.56 5.338+1 0.0 0.000+0
   201                    0.1000 1.919+2 2.083+2  0.92   5.64  106.54 5.385+1 0.0 0.000+0
   202                    0.2000 1.965+2 2.126+2  0.92   5.72  106.52 5.432+1 0.0 0.000+0
   203                    0.3000 2.012+2 2.169+2  0.93   5.80  106.50 5.480+1 0.0 0.000+0
   204                    0.4000 2.060+2 2.213+2  0.93   5.88  106.48 5.528+1 0.0 0.000+0
   205                    0.5000 2.107+2 2.257+2  0.93   5.96  106.46 5.575+1 0.0 0.000+0
   206                    0.6000 2.153+2 2.302+2  0.94   6.04  106.44 5.623+1 0.0 0.000+0
   207                    0.7000 2.199+2 2.347+2  0.94   6.12  106.42 5.671+1 0.0 0.000+0
   208                    0.8000 2.244+2 2.392+2  0.94   6.20  106.40 5.719+1 0.0 0.000+0
   209                    0.9000 2.289+2 2.438+2  0.94   6.28  106.38 5.767+1 0.0 0.000+0
   210 DNSTREAM           1.0000 2.334+2 2.485+2  0.94   6.36  106.36 5.815+1 0.0 0.000+0

 BRANCH NUMBER =     3
  Node  Node Identifier     Stat    Flow    Area   Vel  Depth    Elev     Top  Fr Lat Inf
   300 UPSTREAM           0.0000 3.718+2 4.970+2  0.75   6.36  106.36 1.163+2 0.0 0.000+0
   301                    0.1000 3.804+2 4.595+2  0.83   6.24  106.34 1.092+2 0.0 0.000+0
   302                    0.2000 3.884+2 4.230+2  0.92   6.12  106.32 1.021+2 0.0 0.000+0
   303                    0.3000 3.958+2 3.875+2  1.02   6.00  106.30 9.519+1 0.0 0.000+0
   304                    0.4000 4.027+2 3.529+2  1.14   5.87  106.27 8.832+1 0.0 0.000+0
   305                    0.5000 4.090+2 3.192+2  1.28   5.72  106.22 8.152+1 0.0 0.000+0
   306                    0.6000 4.148+2 2.862+2  1.45   5.57  106.17 7.478+1 0.0 0.000+0
   307                    0.7000 4.200+2 2.537+2  1.66   5.39  106.09 6.807+1 0.0 0.000+0
   308                    0.8000 4.246+2 2.215+2  1.92   5.19  105.99 6.137+1 0.0 0.000+0
   309                    0.9000 4.286+2 1.893+2  2.26   4.94  105.84 5.461+1 0.0 0.000+0
   310 DNSTREAM           1.0000 4.320+2 1.560+2  2.77   4.61  105.61 4.766+1 0.1 0.000+0

 EXTERIOR NODES
  Node  Node Identifier        QE1     YE1    Elev    Storage    Storage
    U1 UPSTREAM          9.388E+01   5.422 106.422
    D1 DNSTREAM          1.384E+02   6.359 106.359
    U2 UPSTREAM          1.878E+02   5.564 106.564
    D2 DNSTREAM          2.334E+02   6.359 106.359
    U3 UPSTREAM          3.718E+02   6.359 106.359
    D3 DNSTREAM          4.320E+02   4.611 105.611
 Balance 1: S1=1.593E+06 S2=4.066E+06 BNI=1.095E+07 BNQ=8.480E+06 TAQ=0.000E+00 WSI=0.000E+00 WSQ=0.000E+00
 Bal diff=BAL=S2-S1-BNI-TAQ+BNQ-WSI+WSQ= 5.267E-01    Rel bal=BAL/(S2+BNQ)= 4.198E-08

 SIMULATION ending at  1990/ 1/ 1: 8.5000000.  Time step=   450.00 sec
 ITER RCORECT  BRA   NODE   MXRES  LOC  SUMSQR NUMGT
    1 2.7E-02    1    106 8.5E+00   59 9.7E+02    33
    2 2.3E-05    3    305 7.6E-02   43 4.1E-02     0
 CSUR= 0.0E+00 AT ND=   0:     0 RLTQ= 0.0E+00 AT ND=   0:     0 DT/ITER=   225.0

 RESULTS at time          30600. JTIME =     47892.3541666668

 BRANCH NUMBER =     1
  Node  Node Identifier     Stat    Flow    Area   Vel  Depth    Elev     Top  Fr Lat Inf
   100 UPSTREAM           0.0000 9.050+1 1.931+2  0.47   5.35  106.35 5.212+1 0.0 0.000+0
   101                    0.1000 9.474+1 1.980+2  0.48   5.45  106.35 5.269+1 0.0 0.000+0
   102                    0.2000 9.884+1 2.030+2  0.49   5.54  106.34 5.325+1 0.0 0.000+0
   103                    0.3000 1.029+2 2.080+2  0.49   5.64  106.34 5.382+1 0.0 0.000+0
   104                    0.4000 1.071+2 2.131+2  0.50   5.73  106.33 5.438+1 0.0 0.000+0
   105                    0.5000 1.113+2 2.182+2  0.51   5.82  106.32 5.494+1 0.0 0.000+0
   106                    0.6000 1.157+2 2.234+2  0.52   5.92  106.32 5.550+1 0.0 0.000+0
   107                    0.7000 1.201+2 2.286+2  0.53   6.01  106.31 5.607+1 0.0 0.000+0
   108                    0.8000 1.246+2 2.339+2  0.53   6.11  106.31 5.663+1 0.0 0.000+0
   109                    0.9000 1.291+2 2.393+2  0.54   6.20  106.30 5.719+1 0.0 0.000+0
   110 DNSTREAM           1.0000 1.337+2 2.446+2  0.55   6.29  106.29 5.775+1 0.0 0.000+0

 BRANCH NUMBER =     2
  Node  Node Identifier     Stat    Flow    Area   Vel  Depth    Elev     Top  Fr Lat Inf
   200 UPSTREAM           0.0000 1.810+2 2.003+2  0.90   5.49  106.49 5.295+1 0.0 0.000+0
   201                    0.1000 1.857+2 2.045+2  0.91   5.57  106.47 5.343+1 0.0 0.000+0
   202                    0.2000 1.901+2 2.088+2  0.91   5.65  106.45 5.390+1 0.0 0.000+0
   203                    0.3000 1.944+2 2.131+2  0.91   5.73  106.43 5.438+1 0.0 0.000+0
   204                    0.4000 1.987+2 2.174+2  0.91   5.81  106.41 5.485+1 0.0 0.000+0
   205                    0.5000 2.032+2 2.218+2  0.92   5.89  106.39 5.533+1 0.0 0.000+0
   206                    0.6000 2.078+2 2.263+2  0.92   5.97  106.37 5.581+1 0.0 0.000+0
   207                    0.7000 2.124+2 2.308+2  0.92   6.05  106.35 5.630+1 0.0 0.000+0
   208                    0.8000 2.170+2 2.353+2  0.92   6.13  106.33 5.678+1 0.0 0.000+0
   209                    0.9000 2.216+2 2.400+2  0.92   6.21  106.31 5.727+1 0.0 0.000+0
   210 DNSTREAM           1.0000 2.262+2 2.446+2  0.92   6.29  106.29 5.775+1 0.0 0.000+0

 BRANCH NUMBER =     3
  Node  Node Identifier     Stat    Flow    Area   Vel  Depth    Elev     Top  Fr Lat Inf
   300 UPSTREAM           0.0000 3.599+2 4.893+2  0.74   6.29  106.29 1.155+2 0.0 0.000+0
   301                    0.1000 3.687+2 4.523+2  0.82   6.18  106.28 1.084+2 0.0 0.000+0
   302                    0.2000 3.768+2 4.164+2  0.90   6.06  106.26 1.014+2 0.0 0.000+0
   303                    0.3000 3.843+2 3.814+2  1.01   5.93  106.23 9.453+1 0.0 0.000+0
   304                    0.4000 3.911+2 3.474+2  1.13   5.80  106.20 8.771+1 0.0 0.000+0
   305                    0.5000 3.973+2 3.141+2  1.26   5.66  106.16 8.096+1 0.0 0.000+0
   306                    0.6000 4.029+2 2.816+2  1.43   5.51  106.11 7.426+1 0.0 0.000+0
   307                    0.7000 4.079+2 2.496+2  1.63   5.33  106.03 6.760+1 0.0 0.000+0
   308                    0.8000 4.123+2 2.180+2  1.89   5.13  105.93 6.095+1 0.0 0.000+0
   309                    0.9000 4.161+2 1.862+2  2.23   4.89  105.79 5.424+1 0.0 0.000+0
   310 DNSTREAM           1.0000 4.192+2 1.535+2  2.73   4.56  105.56 4.735+1 0.1 0.000+0

 EXTERIOR NODES
  Node  Node Identifier        QE1     YE1    Elev    Storage    Storage
    U1 UPSTREAM          9.050E+01   5.354 106.354
    D1 DNSTREAM          1.337E+02   6.293 106.293
    U2 UPSTREAM          1.810E+02   5.492 106.492
    D2 DNSTREAM          2.262E+02   6.293 106.293
    U3 UPSTREAM          3.599E+02   6.293 106.293
    D3 DNSTREAM          4.192E+02   4.559 105.559
 Balance 1: S1=1.593E+06 S2=3.999E+06 BNI=1.108E+07 BNQ=8.671E+06 TAQ=0.000E+00 WSI=0.000E+00 WSQ=0.000E+00
 Bal diff=BAL=S2-S1-BNI-TAQ+BNQ-WSI+WSQ= 5.587E-01    Rel bal=BAL/(S2+BNQ)= 4.410E-08

 SIMULATION ending at  1990/ 1/ 1: 8.6250000.  Time step=   450.00 sec
 ITER RCORECT  BRA   NODE   MXRES  LOC  SUMSQR NUMGT
    1 2.2E-02    2    201 1.1E+01   25 1.3E+03    33
    2 3.9E-05    3    305 1.3E-01   35 6.0E-02     0
 CSUR= 0.0E+00 AT ND=   0:     0 RLTQ= 0.0E+00 AT ND=   0:     0 DT/ITER=   225.0

 RESULTS at time          31050. JTIME =     47892.3593750002

 BRANCH NUMBER =     1
  Node  Node Identifier     Stat    Flow    Area   Vel  Depth    Elev     Top  Fr Lat Inf
   100 UPSTREAM           0.0000 8.713+1 1.896+2  0.46   5.29  106.29 5.172+1 0.0 0.000+0
   101                    0.1000 9.108+1 1.945+2  0.47   5.38  106.28 5.229+1 0.0 0.000+0
   102                    0.2000 9.522+1 1.995+2  0.48   5.48  106.28 5.285+1 0.0 0.000+0
   103                    0.3000 9.942+1 2.045+2  0.49   5.57  106.27 5.342+1 0.0 0.000+0
   104                    0.4000 1.036+2 2.095+2  0.49   5.66  106.26 5.398+1 0.0 0.000+0
   105                    0.5000 1.077+2 2.146+2  0.50   5.76  106.26 5.455+1 0.0 0.000+0
   106                    0.6000 1.119+2 2.198+2  0.51   5.85  106.25 5.511+1 0.0 0.000+0
   107                    0.7000 1.161+2 2.249+2  0.52   5.95  106.25 5.567+1 0.0 0.000+0
   108                    0.8000 1.204+2 2.302+2  0.52   6.04  106.24 5.623+1 0.0 0.000+0
   109                    0.9000 1.247+2 2.355+2  0.53   6.13  106.23 5.679+1 0.0 0.000+0
   110 DNSTREAM           1.0000 1.291+2 2.408+2  0.54   6.23  106.23 5.735+1 0.0 0.000+0

 BRANCH NUMBER =     2
  Node  Node Identifier     Stat    Flow    Area   Vel  Depth    Elev     Top  Fr Lat Inf
   200 UPSTREAM           0.0000 1.743+2 1.965+2  0.89   5.42  106.42 5.252+1 0.0 0.000+0
   201                    0.1000 1.785+2 2.007+2  0.89   5.50  106.40 5.300+1 0.0 0.000+0
   202                    0.2000 1.830+2 2.050+2  0.89   5.58  106.38 5.348+1 0.0 0.000+0
   203                    0.3000 1.876+2 2.093+2  0.90   5.66  106.36 5.396+1 0.0 0.000+0
   204                    0.4000 1.920+2 2.136+2  0.90   5.74  106.34 5.444+1 0.0 0.000+0
   205                    0.5000 1.964+2 2.180+2  0.90   5.82  106.32 5.492+1 0.0 0.000+0
   206                    0.6000 2.007+2 2.225+2  0.90   5.90  106.30 5.541+1 0.0 0.000+0
   207                    0.7000 2.049+2 2.270+2  0.90   5.98  106.28 5.589+1 0.0 0.000+0
   208                    0.8000 2.093+2 2.315+2  0.90   6.06  106.26 5.638+1 0.0 0.000+0
   209                    0.9000 2.136+2 2.361+2  0.90   6.14  106.24 5.687+1 0.0 0.000+0
   210 DNSTREAM           1.0000 2.180+2 2.408+2  0.91   6.23  106.23 5.735+1 0.0 0.000+0

 BRANCH NUMBER =     3
  Node  Node Identifier     Stat    Flow    Area   Vel  Depth    Elev     Top  Fr Lat Inf
   300 UPSTREAM           0.0000 3.471+2 4.816+2  0.72   6.23  106.23 1.147+2 0.0 0.000+0
   301                    0.1000 3.556+2 4.452+2  0.80   6.11  106.21 1.077+2 0.0 0.000+0
   302                    0.2000 3.637+2 4.098+2  0.89   5.99  106.19 1.007+2 0.0 0.000+0
   303                    0.3000 3.711+2 3.753+2  0.99   5.87  106.17 9.387+1 0.0 0.000+0
   304                    0.4000 3.780+2 3.418+2  1.11   5.74  106.14 8.710+1 0.0 0.000+0
   305                    0.5000 3.844+2 3.090+2  1.24   5.60  106.10 8.039+1 0.0 0.000+0
   306                    0.6000 3.901+2 2.770+2  1.41   5.45  106.05 7.374+1 0.0 0.000+0
   307                    0.7000 3.952+2 2.456+2  1.61   5.27  105.97 6.713+1 0.0 0.000+0
   308                    0.8000 3.997+2 2.144+2  1.86   5.07  105.87 6.053+1 0.0 0.000+0
   309                    0.9000 4.035+2 1.832+2  2.20   4.83  105.73 5.387+1 0.0 0.000+0
   310 DNSTREAM           1.0000 4.067+2 1.511+2  2.69   4.51  105.51 4.705+1 0.1 0.000+0

 EXTERIOR NODES
  Node  Node Identifier        QE1     YE1    Elev    Storage    Storage
    U1 UPSTREAM          8.713E+01   5.287 106.287
    D1 DNSTREAM          1.291E+02   6.226 106.226
    U2 UPSTREAM          1.743E+02   5.420 106.420
    D2 DNSTREAM          2.180E+02   6.226 106.226
    U3 UPSTREAM          3.471E+02   6.226 106.226
    D3 DNSTREAM          4.067E+02   4.508 105.508
 Balance 1: S1=1.593E+06 S2=3.933E+06 BNI=1.120E+07 BNQ=8.857E+06 TAQ=0.000E+00 WSI=0.000E+00 WSQ=0.000E+00
 Bal diff=BAL=S2-S1-BNI-TAQ+BNQ-WSI+WSQ= 5.548E-01    Rel bal=BAL/(S2+BNQ)= 4.338E-08

 SIMULATION ending at  1990/ 1/ 1: 8.7500000.  Time step=   450.00 sec
 ITER RCORECT  BRA   NODE   MXRES  LOC  SUMSQR NUMGT
    1 2.2E-02    2    204 8.2E+00   33 1.0E+03    33
    2 2.0E-05    3    309 9.0E-02   43 2.6E-02     0
 CSUR= 0.0E+00 AT ND=   0:     0 RLTQ= 0.0E+00 AT ND=   0:     0 DT/ITER=   225.0

 RESULTS at time          31500. JTIME =     47892.3645833335

 BRANCH NUMBER =     1
  Node  Node Identifier     Stat    Flow    Area   Vel  Depth    Elev     Top  Fr Lat Inf
   100 UPSTREAM           0.0000 8.375+1 1.862+2  0.45   5.22  106.22 5.132+1 0.0 0.000+0
   101                    0.1000 8.783+1 1.911+2  0.46   5.32  106.22 5.189+1 0.0 0.000+0
   102                    0.2000 9.182+1 1.960+2  0.47   5.41  106.21 5.246+1 0.0 0.000+0
   103                    0.3000 9.585+1 2.010+2  0.48   5.50  106.20 5.302+1 0.0 0.000+0
   104                    0.4000 9.998+1 2.060+2  0.49   5.60  106.20 5.359+1 0.0 0.000+0
   105                    0.5000 1.042+2 2.110+2  0.49   5.69  106.19 5.415+1 0.0 0.000+0
   106                    0.6000 1.084+2 2.162+2  0.50   5.79  106.19 5.472+1 0.0 0.000+0
   107                    0.7000 1.127+2 2.213+2  0.51   5.88  106.18 5.528+1 0.0 0.000+0
   108                    0.8000 1.169+2 2.265+2  0.52   5.97  106.17 5.584+1 0.0 0.000+0
   109                    0.9000 1.212+2 2.318+2  0.52   6.07  106.17 5.640+1 0.0 0.000+0
   110 DNSTREAM           1.0000 1.255+2 2.371+2  0.53   6.16  106.16 5.697+1 0.0 0.000+0

 BRANCH NUMBER =     2
  Node  Node Identifier     Stat    Flow    Area   Vel  Depth    Elev     Top  Fr Lat Inf
   200 UPSTREAM           0.0000 1.675+2 1.928+2  0.87   5.35  106.35 5.210+1 0.0 0.000+0
   201                    0.1000 1.719+2 1.970+2  0.87   5.43  106.33 5.258+1 0.0 0.000+0
   202                    0.2000 1.760+2 2.013+2  0.87   5.51  106.31 5.306+1 0.0 0.000+0
   203                    0.3000 1.802+2 2.056+2  0.88   5.59  106.29 5.354+1 0.0 0.000+0
   204                    0.4000 1.845+2 2.099+2  0.88   5.67  106.27 5.403+1 0.0 0.000+0
   205                    0.5000 1.889+2 2.143+2  0.88   5.75  106.25 5.452+1 0.0 0.000+0
   206                    0.6000 1.933+2 2.188+2  0.88   5.83  106.23 5.500+1 0.0 0.000+0
   207                    0.7000 1.977+2 2.233+2  0.89   5.92  106.22 5.549+1 0.0 0.000+0
   208                    0.8000 2.021+2 2.278+2  0.89   6.00  106.20 5.598+1 0.0 0.000+0
   209                    0.9000 2.064+2 2.325+2  0.89   6.08  106.18 5.647+1 0.0 0.000+0
   210 DNSTREAM           1.0000 2.107+2 2.371+2  0.89   6.16  106.16 5.697+1 0.0 0.000+0

 BRANCH NUMBER =     3
  Node  Node Identifier     Stat    Flow    Area   Vel  Depth    Elev     Top  Fr Lat Inf
   300 UPSTREAM           0.0000 3.362+2 4.742+2  0.71   6.16  106.16 1.139+2 0.0 0.000+0
   301                    0.1000 3.445+2 4.382+2  0.79   6.05  106.15 1.069+2 0.0 0.000+0
   302                    0.2000 3.522+2 4.033+2  0.87   5.93  106.13 1.000+2 0.0 0.000+0
   303                    0.3000 3.593+2 3.693+2  0.97   5.81  106.11 9.322+1 0.0 0.000+0
   304                    0.4000 3.660+2 3.362+2  1.09   5.68  106.08 8.649+1 0.0 0.000+0
   305                    0.5000 3.721+2 3.040+2  1.22   5.54  106.04 7.982+1 0.0 0.000+0
   306                    0.6000 3.777+2 2.725+2  1.39   5.38  105.98 7.322+1 0.0 0.000+0
   307                    0.7000 3.827+2 2.415+2  1.58   5.21  105.91 6.666+1 0.0 0.000+0
   308                    0.8000 3.871+2 2.109+2  1.84   5.01  105.81 6.010+1 0.0 0.000+0
   309                    0.9000 3.910+2 1.802+2  2.17   4.77  105.67 5.350+1 0.0 0.000+0
   310 DNSTREAM           1.0000 3.942+2 1.487+2  2.65   4.46  105.46 4.673+1 0.1 0.000+0

 EXTERIOR NODES
  Node  Node Identifier        QE1     YE1    Elev    Storage    Storage
    U1 UPSTREAM          8.375E+01   5.221 106.221
    D1 DNSTREAM          1.255E+02   6.161 106.161
    U2 UPSTREAM          1.675E+02   5.349 106.349
    D2 DNSTREAM          2.107E+02   6.161 106.161
    U3 UPSTREAM          3.362E+02   6.161 106.161
    D3 DNSTREAM          3.942E+02   4.456 105.456
 Balance 1: S1=1.593E+06 S2=3.868E+06 BNI=1.131E+07 BNQ=9.036E+06 TAQ=0.000E+00 WSI=0.000E+00 WSQ=0.000E+00
 Bal diff=BAL=S2-S1-BNI-TAQ+BNQ-WSI+WSQ= 5.649E-01    Rel bal=BAL/(S2+BNQ)= 4.378E-08

 SIMULATION ending at  1990/ 1/ 1: 8.8750000.  Time step=   450.00 sec
 ITER RCORECT  BRA   NODE   MXRES  LOC  SUMSQR NUMGT
    1 2.2E-02    2    201 7.0E+00   43 7.6E+02    33
    2 3.0E-05    3    304 7.8E-02   43 3.1E-02     0
 CSUR= 0.0E+00 AT ND=   0:     0 RLTQ= 0.0E+00 AT ND=   0:     0 DT/ITER=   225.0

 RESULTS at time          31950. JTIME =     47892.3697916668

 BRANCH NUMBER =     1
  Node  Node Identifier     Stat    Flow    Area   Vel  Depth    Elev     Top  Fr Lat Inf
   100 UPSTREAM           0.0000 8.038+1 1.828+2  0.44   5.15  106.15 5.092+1 0.0 0.000+0
   101                    0.1000 8.433+1 1.876+2  0.45   5.25  106.15 5.149+1 0.0 0.000+0
   102                    0.2000 8.841+1 1.925+2  0.46   5.34  106.14 5.206+1 0.0 0.000+0
   103                    0.3000 9.249+1 1.975+2  0.47   5.44  106.14 5.263+1 0.0 0.000+0
   104                    0.4000 9.654+1 2.025+2  0.48   5.53  106.13 5.319+1 0.0 0.000+0
   105                    0.5000 1.006+2 2.075+2  0.48   5.63  106.13 5.376+1 0.0 0.000+0
   106                    0.6000 1.047+2 2.126+2  0.49   5.72  106.12 5.432+1 0.0 0.000+0
   107                    0.7000 1.089+2 2.177+2  0.50   5.81  106.11 5.489+1 0.0 0.000+0
   108                    0.8000 1.131+2 2.229+2  0.51   5.91  106.11 5.545+1 0.0 0.000+0
   109                    0.9000 1.174+2 2.282+2  0.51   6.00  106.10 5.602+1 0.0 0.000+0
   110 DNSTREAM           1.0000 1.217+2 2.334+2  0.52   6.10  106.10 5.658+1 0.0 0.000+0

 BRANCH NUMBER =     2
  Node  Node Identifier     Stat    Flow    Area   Vel  Depth    Elev     Top  Fr Lat Inf
   200 UPSTREAM           0.0000 1.608+2 1.892+2  0.85   5.28  106.28 5.168+1 0.0 0.000+0
   201                    0.1000 1.649+2 1.934+2  0.85   5.36  106.26 5.216+1 0.0 0.000+0
   202                    0.2000 1.693+2 1.977+2  0.86   5.44  106.24 5.265+1 0.0 0.000+0
   203                    0.3000 1.736+2 2.020+2  0.86   5.52  106.22 5.314+1 0.0 0.000+0
   204                    0.4000 1.778+2 2.063+2  0.86   5.60  106.20 5.362+1 0.0 0.000+0
   205                    0.5000 1.820+2 2.107+2  0.86   5.69  106.19 5.411+1 0.0 0.000+0
   206                    0.6000 1.862+2 2.151+2  0.87   5.77  106.17 5.460+1 0.0 0.000+0
   207                    0.7000 1.904+2 2.196+2  0.87   5.85  106.15 5.509+1 0.0 0.000+0
   208                    0.8000 1.947+2 2.242+2  0.87   5.93  106.13 5.559+1 0.0 0.000+0
   209                    0.9000 1.990+2 2.288+2  0.87   6.01  106.11 5.608+1 0.0 0.000+0
   210 DNSTREAM           1.0000 2.033+2 2.334+2  0.87   6.10  106.10 5.658+1 0.0 0.000+0

 BRANCH NUMBER =     3
  Node  Node Identifier     Stat    Flow    Area   Vel  Depth    Elev     Top  Fr Lat Inf
   300 UPSTREAM           0.0000 3.250+2 4.669+2  0.70   6.10  106.10 1.132+2 0.0 0.000+0
   301                    0.1000 3.334+2 4.314+2  0.77   5.98  106.08 1.062+2 0.0 0.000+0
   302                    0.2000 3.411+2 3.969+2  0.86   5.87  106.07 9.935+1 0.0 0.000+0
   303                    0.3000 3.483+2 3.634+2  0.96   5.74  106.04 9.258+1 0.0 0.000+0
   304                    0.4000 3.548+2 3.309+2  1.07   5.61  106.01 8.589+1 0.0 0.000+0
   305                    0.5000 3.608+2 2.991+2  1.21   5.47  105.97 7.927+1 0.0 0.000+0
   306                    0.6000 3.662+2 2.680+2  1.37   5.32  105.92 7.271+1 0.0 0.000+0
   307                    0.7000 3.710+2 2.376+2  1.56   5.15  105.85 6.619+1 0.0 0.000+0
   308                    0.8000 3.753+2 2.074+2  1.81   4.96  105.76 5.969+1 0.0 0.000+0
   309                    0.9000 3.790+2 1.773+2  2.14   4.72  105.62 5.314+1 0.0 0.000+0
   310 DNSTREAM           1.0000 3.820+2 1.463+2  2.61   4.41  105.41 4.643+1 0.1 0.000+0

 EXTERIOR NODES
  Node  Node Identifier        QE1     YE1    Elev    Storage    Storage
    U1 UPSTREAM          8.038E+01   5.154 106.154
    D1 DNSTREAM          1.217E+02   6.097 106.097
    U2 UPSTREAM          1.608E+02   5.279 106.279
    D2 DNSTREAM          2.033E+02   6.097 106.097
    U3 UPSTREAM          3.250E+02   6.097 106.097
    D3 DNSTREAM          3.820E+02   4.405 105.405
 Balance 1: S1=1.593E+06 S2=3.804E+06 BNI=1.142E+07 BNQ=9.211E+06 TAQ=0.000E+00 WSI=0.000E+00 WSQ=0.000E+00
 Bal diff=BAL=S2-S1-BNI-TAQ+BNQ-WSI+WSQ= 5.708E-01    Rel bal=BAL/(S2+BNQ)= 4.386E-08

 SIMULATION ending at  1990/ 1/ 1: 9.0000000.  Time step=   450.00 sec
 ITER RCORECT  BRA   NODE   MXRES  LOC  SUMSQR NUMGT
    1 2.2E-02    2    203 8.0E+00   25 8.7E+02    33
    2 4.1E-05    3    309 1.8E-01   43 6.4E-02     0
 CSUR= 0.0E+00 AT ND=   0:     0 RLTQ= 0.0E+00 AT ND=   0:     0 DT/ITER=   225.0

 RESULTS at time          32400. JTIME =     47892.3750000002

 BRANCH NUMBER =     1
  Node  Node Identifier     Stat    Flow    Area   Vel  Depth    Elev     Top  Fr Lat Inf
   100 UPSTREAM           0.0000 7.700+1 1.794+2  0.43   5.09  106.09 5.053+1 0.0 0.000+0
   101                    0.1000 8.095+1 1.843+2  0.44   5.18  106.08 5.110+1 0.0 0.000+0
   102                    0.2000 8.486+1 1.891+2  0.45   5.28  106.08 5.167+1 0.0 0.000+0
   103                    0.3000 8.884+1 1.940+2  0.46   5.37  106.07 5.223+1 0.0 0.000+0
   104                    0.4000 9.290+1 1.990+2  0.47   5.47  106.07 5.280+1 0.0 0.000+0
   105                    0.5000 9.700+1 2.040+2  0.48   5.56  106.06 5.337+1 0.0 0.000+0
   106                    0.6000 1.011+2 2.091+2  0.48   5.66  106.06 5.394+1 0.0 0.000+0
   107                    0.7000 1.052+2 2.142+2  0.49   5.75  106.05 5.450+1 0.0 0.000+0
   108                    0.8000 1.093+2 2.193+2  0.50   5.84  106.04 5.506+1 0.0 0.000+0
   109                    0.9000 1.135+2 2.245+2  0.51   5.94  106.04 5.563+1 0.0 0.000+0
   110 DNSTREAM           1.0000 1.177+2 2.298+2  0.51   6.03  106.03 5.619+1 0.0 0.000+0

 BRANCH NUMBER =     2
  Node  Node Identifier     Stat    Flow    Area   Vel  Depth    Elev     Top  Fr Lat Inf
   200 UPSTREAM           0.0000 1.540+2 1.856+2  0.83   5.21  106.21 5.126+1 0.0 0.000+0
   201                    0.1000 1.583+2 1.898+2  0.83   5.29  106.19 5.174+1 0.0 0.000+0
   202                    0.2000 1.624+2 1.940+2  0.84   5.37  106.17 5.223+1 0.0 0.000+0
   203                    0.3000 1.666+2 1.983+2  0.84   5.45  106.15 5.273+1 0.0 0.000+0
   204                    0.4000 1.709+2 2.027+2  0.84   5.54  106.14 5.322+1 0.0 0.000+0
   205                    0.5000 1.751+2 2.071+2  0.85   5.62  106.12 5.371+1 0.0 0.000+0
   206                    0.6000 1.794+2 2.115+2  0.85   5.70  106.10 5.421+1 0.0 0.000+0
   207                    0.7000 1.836+2 2.160+2  0.85   5.78  106.08 5.470+1 0.0 0.000+0
   208                    0.8000 1.878+2 2.206+2  0.85   5.87  106.07 5.520+1 0.0 0.000+0
   209                    0.9000 1.920+2 2.252+2  0.85   5.95  106.05 5.569+1 0.0 0.000+0
   210 DNSTREAM           1.0000 1.962+2 2.298+2  0.85   6.03  106.03 5.619+1 0.0 0.000+0

 BRANCH NUMBER =     3
  Node  Node Identifier     Stat    Flow    Area   Vel  Depth    Elev     Top  Fr Lat Inf
   300 UPSTREAM           0.0000 3.138+2 4.596+2  0.68   6.03  106.03 1.124+2 0.0 0.000+0
   301                    0.1000 3.220+2 4.246+2  0.76   5.92  106.02 1.055+2 0.0 0.000+0
   302                    0.2000 3.296+2 3.906+2  0.84   5.80  106.00 9.866+1 0.0 0.000+0
   303                    0.3000 3.367+2 3.576+2  0.94   5.68  105.98 9.193+1 0.0 0.000+0
   304                    0.4000 3.432+2 3.255+2  1.05   5.55  105.95 8.529+1 0.0 0.000+0
   305                    0.5000 3.492+2 2.942+2  1.19   5.41  105.91 7.872+1 0.0 0.000+0
   306                    0.6000 3.546+2 2.637+2  1.34   5.26  105.86 7.221+1 0.0 0.000+0
   307                    0.7000 3.594+2 2.337+2  1.54   5.09  105.79 6.574+1 0.0 0.000+0
   308                    0.8000 3.636+2 2.041+2  1.78   4.90  105.70 5.928+1 0.0 0.000+0
   309                    0.9000 3.673+2 1.744+2  2.11   4.66  105.56 5.278+1 0.0 0.000+0
   310 DNSTREAM           1.0000 3.703+2 1.440+2  2.57   4.36  105.36 4.613+1 0.1 0.000+0

 EXTERIOR NODES
  Node  Node Identifier        QE1     YE1    Elev    Storage    Storage
    U1 UPSTREAM          7.700E+01   5.088 106.088
    D1 DNSTREAM          1.177E+02   6.032 106.032
    U2 UPSTREAM          1.540E+02   5.209 106.209
    D2 DNSTREAM          1.962E+02   6.032 106.032
    U3 UPSTREAM          3.138E+02   6.032 106.032
    D3 DNSTREAM          3.703E+02   4.356 105.356
 Balance 1: S1=1.593E+06 S2=3.741E+06 BNI=1.153E+07 BNQ=9.380E+06 TAQ=0.000E+00 WSI=0.000E+00 WSQ=0.000E+00
 Bal diff=BAL=S2-S1-BNI-TAQ+BNQ-WSI+WSQ= 5.596E-01    Rel bal=BAL/(S2+BNQ)= 4.265E-08

 SIMULATION ending at  1990/ 1/ 1: 9.1250000.  Time step=   450.00 sec
 ITER RCORECT  BRA   NODE   MXRES  LOC  SUMSQR NUMGT
    1 1.8E-02    2    206 7.3E+00   35 8.4E+02    33
    2 2.2E-05    3    308 8.1E-02   43 2.1E-02     0
 CSUR= 0.0E+00 AT ND=   0:     0 RLTQ= 0.0E+00 AT ND=   0:     0 DT/ITER=   225.0

 RESULTS at time          32850. JTIME =     47892.3802083335

 BRANCH NUMBER =     1
  Node  Node Identifier     Stat    Flow    Area   Vel  Depth    Elev     Top  Fr Lat Inf
   100 UPSTREAM           0.0000 7.450+1 1.762+2  0.42   5.02  106.02 5.014+1 0.0 0.000+0
   101                    0.1000 7.819+1 1.810+2  0.43   5.12  106.02 5.071+1 0.0 0.000+0
   102                    0.2000 8.200+1 1.858+2  0.44   5.21  106.01 5.128+1 0.0 0.000+0
   103                    0.3000 8.583+1 1.907+2  0.45   5.31  106.01 5.185+1 0.0 0.000+0
   104                    0.4000 8.967+1 1.956+2  0.46   5.40  106.00 5.242+1 0.0 0.000+0
   105                    0.5000 9.357+1 2.006+2  0.47   5.50  106.00 5.298+1 0.0 0.000+0
   106                    0.6000 9.754+1 2.056+2  0.47   5.59  105.99 5.355+1 0.0 0.000+0
   107                    0.7000 1.016+2 2.107+2  0.48   5.69  105.99 5.412+1 0.0 0.000+0
   108                    0.8000 1.056+2 2.158+2  0.49   5.78  105.98 5.468+1 0.0 0.000+0
   109                    0.9000 1.098+2 2.210+2  0.50   5.87  105.97 5.525+1 0.0 0.000+0
   110 DNSTREAM           1.0000 1.139+2 2.262+2  0.50   5.97  105.97 5.581+1 0.0 0.000+0

 BRANCH NUMBER =     2
  Node  Node Identifier     Stat    Flow    Area   Vel  Depth    Elev     Top  Fr Lat Inf
   200 UPSTREAM           0.0000 1.490+2 1.822+2  0.82   5.14  106.14 5.086+1 0.0 0.000+0
   201                    0.1000 1.528+2 1.864+2  0.82   5.22  106.12 5.134+1 0.0 0.000+0
   202                    0.2000 1.568+2 1.906+2  0.82   5.31  106.11 5.184+1 0.0 0.000+0
   203                    0.3000 1.607+2 1.949+2  0.82   5.39  106.09 5.233+1 0.0 0.000+0
   204                    0.4000 1.647+2 1.992+2  0.83   5.47  106.07 5.282+1 0.0 0.000+0
   205                    0.5000 1.687+2 2.035+2  0.83   5.55  106.05 5.332+1 0.0 0.000+0
   206                    0.6000 1.728+2 2.080+2  0.83   5.64  106.04 5.381+1 0.0 0.000+0
   207                    0.7000 1.769+2 2.125+2  0.83   5.72  106.02 5.431+1 0.0 0.000+0
   208                    0.8000 1.811+2 2.170+2  0.83   5.80  106.00 5.481+1 0.0 0.000+0
   209                    0.9000 1.852+2 2.216+2  0.84   5.89  105.99 5.531+1 0.0 0.000+0
   210 DNSTREAM           1.0000 1.894+2 2.262+2  0.84   5.97  105.97 5.581+1 0.0 0.000+0

 BRANCH NUMBER =     3
  Node  Node Identifier     Stat    Flow    Area   Vel  Depth    Elev     Top  Fr Lat Inf
   300 UPSTREAM           0.0000 3.033+2 4.525+2  0.67   5.97  105.97 1.116+2 0.0 0.000+0
   301                    0.1000 3.113+2 4.180+2  0.74   5.86  105.96 1.048+2 0.0 0.000+0
   302                    0.2000 3.187+2 3.845+2  0.83   5.74  105.94 9.798+1 0.0 0.000+0
   303                    0.3000 3.256+2 3.519+2  0.93   5.62  105.92 9.130+1 0.0 0.000+0
   304                    0.4000 3.320+2 3.203+2  1.04   5.49  105.89 8.469+1 0.0 0.000+0
   305                    0.5000 3.378+2 2.895+2  1.17   5.35  105.85 7.817+1 0.0 0.000+0
   306                    0.6000 3.431+2 2.594+2  1.32   5.20  105.80 7.170+1 0.0 0.000+0
   307                    0.7000 3.478+2 2.298+2  1.51   5.04  105.74 6.528+1 0.0 0.000+0
   308                    0.8000 3.520+2 2.007+2  1.75   4.84  105.64 5.887+1 0.0 0.000+0
   309                    0.9000 3.557+2 1.716+2  2.07   4.61  105.51 5.243+1 0.0 0.000+0
   310 DNSTREAM           1.0000 3.587+2 1.418+2  2.53   4.31  105.31 4.584+1 0.1 0.000+0

 EXTERIOR NODES
  Node  Node Identifier        QE1     YE1    Elev    Storage    Storage
    U1 UPSTREAM          7.450E+01   5.024 106.024
    D1 DNSTREAM          1.139E+02   5.969 105.969
    U2 UPSTREAM          1.490E+02   5.143 106.143
    D2 DNSTREAM          1.894E+02   5.969 105.969
    U3 UPSTREAM          3.033E+02   5.969 105.969
    D3 DNSTREAM          3.587E+02   4.306 105.306
 Balance 1: S1=1.593E+06 S2=3.679E+06 BNI=1.163E+07 BNQ=9.544E+06 TAQ=0.000E+00 WSI=0.000E+00 WSQ=0.000E+00
 Bal diff=BAL=S2-S1-BNI-TAQ+BNQ-WSI+WSQ= 5.928E-01    Rel bal=BAL/(S2+BNQ)= 4.483E-08

 SIMULATION ending at  1990/ 1/ 1: 9.2500000.  Time step=   450.00 sec
 ITER RCORECT  BRA   NODE   MXRES  LOC  SUMSQR NUMGT
    1 1.7E-02    2    200 6.5E+00   43 6.3E+02    33
    2 2.2E-05    3    308 7.3E-02   43 1.8E-02     0
 CSUR= 0.0E+00 AT ND=   0:     0 RLTQ= 0.0E+00 AT ND=   0:     0 DT/ITER=   225.0

 RESULTS at time          33300. JTIME =     47892.3854166668

 BRANCH NUMBER =     1
  Node  Node Identifier     Stat    Flow    Area   Vel  Depth    Elev     Top  Fr Lat Inf
   100 UPSTREAM           0.0000 7.200+1 1.731+2  0.42   4.96  105.96 4.976+1 0.0 0.000+0
   101                    0.1000 7.574+1 1.778+2  0.43   5.06  105.96 5.033+1 0.0 0.000+0
   102                    0.2000 7.943+1 1.826+2  0.43   5.15  105.95 5.090+1 0.0 0.000+0
   103                    0.3000 8.318+1 1.875+2  0.44   5.25  105.95 5.147+1 0.0 0.000+0
   104                    0.4000 8.698+1 1.924+2  0.45   5.34  105.94 5.204+1 0.0 0.000+0
   105                    0.5000 9.079+1 1.973+2  0.46   5.43  105.93 5.261+1 0.0 0.000+0
   106                    0.6000 9.462+1 2.023+2  0.47   5.53  105.93 5.317+1 0.0 0.000+0
   107                    0.7000 9.848+1 2.073+2  0.47   5.62  105.92 5.374+1 0.0 0.000+0
   108                    0.8000 1.024+2 2.124+2  0.48   5.72  105.92 5.431+1 0.0 0.000+0
   109                    0.9000 1.063+2 2.176+2  0.49   5.81  105.91 5.487+1 0.0 0.000+0
   110 DNSTREAM           1.0000 1.103+2 2.228+2  0.50   5.91  105.91 5.544+1 0.0 0.000+0

 BRANCH NUMBER =     2
  Node  Node Identifier     Stat    Flow    Area   Vel  Depth    Elev     Top  Fr Lat Inf
   200 UPSTREAM           0.0000 1.440+2 1.789+2  0.80   5.08  106.08 5.046+1 0.0 0.000+0
   201                    0.1000 1.480+2 1.831+2  0.81   5.16  106.06 5.096+1 0.0 0.000+0
   202                    0.2000 1.518+2 1.873+2  0.81   5.24  106.04 5.145+1 0.0 0.000+0
   203                    0.3000 1.557+2 1.915+2  0.81   5.32  106.02 5.194+1 0.0 0.000+0
   204                    0.4000 1.596+2 1.958+2  0.81   5.41  106.01 5.244+1 0.0 0.000+0
   205                    0.5000 1.635+2 2.002+2  0.82   5.49  105.99 5.293+1 0.0 0.000+0
   206                    0.6000 1.673+2 2.046+2  0.82   5.57  105.97 5.343+1 0.0 0.000+0
   207                    0.7000 1.712+2 2.090+2  0.82   5.66  105.96 5.393+1 0.0 0.000+0
   208                    0.8000 1.751+2 2.136+2  0.82   5.74  105.94 5.443+1 0.0 0.000+0
   209                    0.9000 1.791+2 2.181+2  0.82   5.82  105.92 5.493+1 0.0 0.000+0
   210 DNSTREAM           1.0000 1.831+2 2.228+2  0.82   5.91  105.91 5.544+1 0.0 0.000+0

 BRANCH NUMBER =     3
  Node  Node Identifier     Stat    Flow    Area   Vel  Depth    Elev     Top  Fr Lat Inf
   300 UPSTREAM           0.0000 2.934+2 4.455+2  0.66   5.91  105.91 1.109+2 0.0 0.000+0
   301                    0.1000 3.012+2 4.115+2  0.73   5.79  105.89 1.040+2 0.0 0.000+0
   302                    0.2000 3.085+2 3.784+2  0.82   5.68  105.88 9.731+1 0.0 0.000+0
   303                    0.3000 3.152+2 3.463+2  0.91   5.56  105.86 9.067+1 0.0 0.000+0
   304                    0.4000 3.215+2 3.151+2  1.02   5.43  105.83 8.411+1 0.0 0.000+0
   305                    0.5000 3.272+2 2.848+2  1.15   5.29  105.79 7.763+1 0.0 0.000+0
   306                    0.6000 3.323+2 2.551+2  1.30   5.14  105.74 7.121+1 0.0 0.000+0
   307                    0.7000 3.369+2 2.261+2  1.49   4.98  105.68 6.483+1 0.0 0.000+0
   308                    0.8000 3.410+2 1.974+2  1.73   4.79  105.59 5.847+1 0.0 0.000+0
   309                    0.9000 3.445+2 1.688+2  2.04   4.56  105.46 5.208+1 0.0 0.000+0
   310 DNSTREAM           1.0000 3.474+2 1.395+2  2.49   4.26  105.26 4.554+1 0.1 0.000+0

 EXTERIOR NODES
  Node  Node Identifier        QE1     YE1    Elev    Storage    Storage
    U1 UPSTREAM          7.200E+01   4.961 105.961
    D1 DNSTREAM          1.103E+02   5.906 105.906
    U2 UPSTREAM          1.440E+02   5.077 106.077
    D2 DNSTREAM          1.831E+02   5.906 105.906
    U3 UPSTREAM          2.934E+02   5.906 105.906
    D3 DNSTREAM          3.474E+02   4.258 105.258
 Balance 1: S1=1.593E+06 S2=3.620E+06 BNI=1.173E+07 BNQ=9.702E+06 TAQ=0.000E+00 WSI=0.000E+00 WSQ=0.000E+00
 Bal diff=BAL=S2-S1-BNI-TAQ+BNQ-WSI+WSQ= 6.092E-01    Rel bal=BAL/(S2+BNQ)= 4.573E-08

 SIMULATION ending at  1990/ 1/ 1: 9.3750000.  Time step=   450.00 sec
 ITER RCORECT  BRA   NODE   MXRES  LOC  SUMSQR NUMGT
    1 1.9E-02    2    201 5.9E+00   43 5.9E+02    33
    2 2.2E-05    3    308 6.8E-02   43 1.7E-02     0
 CSUR= 0.0E+00 AT ND=   0:     0 RLTQ= 0.0E+00 AT ND=   0:     0 DT/ITER=   225.0

 RESULTS at time          33750. JTIME =     47892.3906250002

 BRANCH NUMBER =     1
  Node  Node Identifier     Stat    Flow    Area   Vel  Depth    Elev     Top  Fr Lat Inf
   100 UPSTREAM           0.0000 6.950+1 1.700+2  0.41   4.90  105.90 4.939+1 0.0 0.000+0
   101                    0.1000 7.308+1 1.747+2  0.42   4.99  105.89 4.996+1 0.0 0.000+0
   102                    0.2000 7.675+1 1.795+2  0.43   5.09  105.89 5.053+1 0.0 0.000+0
   103                    0.3000 8.043+1 1.843+2  0.44   5.18  105.88 5.110+1 0.0 0.000+0
   104                    0.4000 8.414+1 1.891+2  0.44   5.28  105.88 5.167+1 0.0 0.000+0
   105                    0.5000 8.789+1 1.941+2  0.45   5.37  105.87 5.224+1 0.0 0.000+0
   106                    0.6000 9.169+1 1.990+2  0.46   5.47  105.87 5.281+1 0.0 0.000+0
   107                    0.7000 9.550+1 2.041+2  0.47   5.56  105.86 5.337+1 0.0 0.000+0
   108                    0.8000 9.933+1 2.091+2  0.47   5.66  105.86 5.394+1 0.0 0.000+0
   109                    0.9000 1.032+2 2.142+2  0.48   5.75  105.85 5.451+1 0.0 0.000+0
   110 DNSTREAM           1.0000 1.070+2 2.194+2  0.49   5.85  105.85 5.507+1 0.0 0.000+0

 BRANCH NUMBER =     2
  Node  Node Identifier     Stat    Flow    Area   Vel  Depth    Elev     Top  Fr Lat Inf
   200 UPSTREAM           0.0000 1.390+2 1.756+2  0.79   5.01  106.01 5.007+1 0.0 0.000+0
   201                    0.1000 1.427+2 1.798+2  0.79   5.09  105.99 5.057+1 0.0 0.000+0
   202                    0.2000 1.466+2 1.840+2  0.80   5.18  105.98 5.106+1 0.0 0.000+0
   203                    0.3000 1.504+2 1.882+2  0.80   5.26  105.96 5.156+1 0.0 0.000+0
   204                    0.4000 1.543+2 1.925+2  0.80   5.34  105.94 5.206+1 0.0 0.000+0
   205                    0.5000 1.581+2 1.969+2  0.80   5.43  105.93 5.256+1 0.0 0.000+0
   206                    0.6000 1.620+2 2.013+2  0.80   5.51  105.91 5.306+1 0.0 0.000+0
   207                    0.7000 1.659+2 2.057+2  0.81   5.59  105.89 5.356+1 0.0 0.000+0
   208                    0.8000 1.698+2 2.102+2  0.81   5.68  105.88 5.406+1 0.0 0.000+0
   209                    0.9000 1.737+2 2.148+2  0.81   5.76  105.86 5.457+1 0.0 0.000+0
   210 DNSTREAM           1.0000 1.776+2 2.194+2  0.81   5.85  105.85 5.507+1 0.0 0.000+0

 BRANCH NUMBER =     3
  Node  Node Identifier     Stat    Flow    Area   Vel  Depth    Elev     Top  Fr Lat Inf
   300 UPSTREAM           0.0000 2.846+2 4.388+2  0.65   5.85  105.85 1.101+2 0.0 0.000+0
   301                    0.1000 2.920+2 4.052+2  0.72   5.73  105.83 1.034+2 0.0 0.000+0
   302                    0.2000 2.990+2 3.726+2  0.80   5.62  105.82 9.666+1 0.0 0.000+0
   303                    0.3000 3.055+2 3.409+2  0.90   5.50  105.80 9.006+1 0.0 0.000+0
   304                    0.4000 3.115+2 3.102+2  1.00   5.37  105.77 8.354+1 0.0 0.000+0
   305                    0.5000 3.169+2 2.802+2  1.13   5.23  105.73 7.710+1 0.0 0.000+0
   306                    0.6000 3.219+2 2.511+2  1.28   5.09  105.69 7.072+1 0.0 0.000+0
   307                    0.7000 3.264+2 2.225+2  1.47   4.92  105.62 6.439+1 0.0 0.000+0
   308                    0.8000 3.303+2 1.943+2  1.70   4.73  105.53 5.808+1 0.0 0.000+0
   309                    0.9000 3.337+2 1.661+2  2.01   4.51  105.41 5.174+1 0.0 0.000+0
   310 DNSTREAM           1.0000 3.365+2 1.374+2  2.45   4.21  105.21 4.526+1 0.1 0.000+0

 EXTERIOR NODES
  Node  Node Identifier        QE1     YE1    Elev    Storage    Storage
    U1 UPSTREAM          6.950E+01   4.899 105.899
    D1 DNSTREAM          1.070E+02   5.845 105.845
    U2 UPSTREAM          1.390E+02   5.013 106.013
    D2 DNSTREAM          1.776E+02   5.845 105.845
    U3 UPSTREAM          2.846E+02   5.845 105.845
    D3 DNSTREAM          3.365E+02   4.210 105.210
 Balance 1: S1=1.593E+06 S2=3.561E+06 BNI=1.182E+07 BNQ=9.856E+06 TAQ=0.000E+00 WSI=0.000E+00 WSQ=0.000E+00
 Bal diff=BAL=S2-S1-BNI-TAQ+BNQ-WSI+WSQ= 5.210E-01    Rel bal=BAL/(S2+BNQ)= 3.883E-08

 SIMULATION ending at  1990/ 1/ 1: 9.5000000.  Time step=   450.00 sec
 ITER RCORECT  BRA   NODE   MXRES  LOC  SUMSQR NUMGT
    1 1.9E-02    1    107 5.9E+00   39 5.7E+02    33
    2 2.6E-05    3    308 6.9E-02   41 1.8E-02     0
 CSUR= 0.0E+00 AT ND=   0:     0 RLTQ= 0.0E+00 AT ND=   0:     0 DT/ITER=   225.0

 RESULTS at time          34200. JTIME =     47892.3958333335

 BRANCH NUMBER =     1
  Node  Node Identifier     Stat    Flow    Area   Vel  Depth    Elev     Top  Fr Lat Inf
   100 UPSTREAM           0.0000 6.700+1 1.669+2  0.40   4.84  105.84 4.902+1 0.0 0.000+0
   101                    0.1000 7.054+1 1.716+2  0.41   4.93  105.83 4.959+1 0.0 0.000+0
   102                    0.2000 7.406+1 1.764+2  0.42   5.03  105.83 5.016+1 0.0 0.000+0
   103                    0.3000 7.763+1 1.812+2  0.43   5.12  105.82 5.073+1 0.0 0.000+0
   104                    0.4000 8.125+1 1.860+2  0.44   5.22  105.82 5.130+1 0.0 0.000+0
   105                    0.5000 8.488+1 1.909+2  0.44   5.31  105.81 5.187+1 0.0 0.000+0
   106                    0.6000 8.854+1 1.959+2  0.45   5.41  105.81 5.244+1 0.0 0.000+0
   107                    0.7000 9.224+1 2.008+2  0.46   5.50  105.80 5.301+1 0.0 0.000+0
   108                    0.8000 9.599+1 2.059+2  0.47   5.60  105.80 5.358+1 0.0 0.000+0
   109                    0.9000 9.978+1 2.110+2  0.47   5.69  105.79 5.415+1 0.0 0.000+0
   110 DNSTREAM           1.0000 1.036+2 2.161+2  0.48   5.79  105.79 5.471+1 0.0 0.000+0

 BRANCH NUMBER =     2
  Node  Node Identifier     Stat    Flow    Area   Vel  Depth    Elev     Top  Fr Lat Inf
   200 UPSTREAM           0.0000 1.340+2 1.724+2  0.78   4.95  105.95 4.969+1 0.0 0.000+0
   201                    0.1000 1.378+2 1.766+2  0.78   5.03  105.93 5.019+1 0.0 0.000+0
   202                    0.2000 1.415+2 1.808+2  0.78   5.11  105.91 5.068+1 0.0 0.000+0
   203                    0.3000 1.452+2 1.850+2  0.78   5.20  105.90 5.118+1 0.0 0.000+0
   204                    0.4000 1.490+2 1.893+2  0.79   5.28  105.88 5.168+1 0.0 0.000+0
   205                    0.5000 1.527+2 1.936+2  0.79   5.36  105.86 5.219+1 0.0 0.000+0
   206                    0.6000 1.565+2 1.980+2  0.79   5.45  105.85 5.269+1 0.0 0.000+0
   207                    0.7000 1.603+2 2.025+2  0.79   5.53  105.83 5.319+1 0.0 0.000+0
   208                    0.8000 1.641+2 2.070+2  0.79   5.62  105.82 5.370+1 0.0 0.000+0
   209                    0.9000 1.679+2 2.115+2  0.79   5.70  105.80 5.421+1 0.0 0.000+0
   210 DNSTREAM           1.0000 1.718+2 2.161+2  0.79   5.79  105.79 5.471+1 0.0 0.000+0

 BRANCH NUMBER =     3
  Node  Node Identifier     Stat    Flow    Area   Vel  Depth    Elev     Top  Fr Lat Inf
   300 UPSTREAM           0.0000 2.754+2 4.323+2  0.64   5.79  105.79 1.094+2 0.0 0.000+0
   301                    0.1000 2.828+2 3.991+2  0.71   5.67  105.77 1.027+2 0.0 0.000+0
   302                    0.2000 2.897+2 3.669+2  0.79   5.56  105.76 9.603+1 0.0 0.000+0
   303                    0.3000 2.960+2 3.357+2  0.88   5.44  105.74 8.946+1 0.0 0.000+0
   304                    0.4000 3.018+2 3.054+2  0.99   5.31  105.71 8.299+1 0.0 0.000+0
   305                    0.5000 3.072+2 2.759+2  1.11   5.18  105.68 7.659+1 0.0 0.000+0
   306                    0.6000 3.120+2 2.471+2  1.26   5.03  105.63 7.025+1 0.0 0.000+0
   307                    0.7000 3.163+2 2.190+2  1.44   4.87  105.57 6.396+1 0.0 0.000+0
   308                    0.8000 3.201+2 1.912+2  1.67   4.68  105.48 5.770+1 0.0 0.000+0
   309                    0.9000 3.233+2 1.635+2  1.98   4.46  105.36 5.140+1 0.0 0.000+0
   310 DNSTREAM           1.0000 3.260+2 1.353+2  2.41   4.16  105.16 4.498+1 0.1 0.000+0

 EXTERIOR NODES
  Node  Node Identifier        QE1     YE1    Elev    Storage    Storage
    U1 UPSTREAM          6.700E+01   4.837 105.837
    D1 DNSTREAM          1.036E+02   5.786 105.786
    U2 UPSTREAM          1.340E+02   4.949 105.949
    D2 DNSTREAM          1.718E+02   5.786 105.786
    U3 UPSTREAM          2.754E+02   5.786 105.786
    D3 DNSTREAM          3.260E+02   4.164 105.164
 Balance 1: S1=1.593E+06 S2=3.504E+06 BNI=1.192E+07 BNQ=1.000E+07 TAQ=0.000E+00 WSI=0.000E+00 WSQ=0.000E+00
 Bal diff=BAL=S2-S1-BNI-TAQ+BNQ-WSI+WSQ= 5.538E-01    Rel bal=BAL/(S2+BNQ)= 4.100E-08

 SIMULATION ending at  1990/ 1/ 1: 9.6250000.  Time step=   450.00 sec
 ITER RCORECT  BRA   NODE   MXRES  LOC  SUMSQR NUMGT
    1 2.0E-02    2    201 6.4E+00   25 6.0E+02    33
    2 2.3E-05    3    307 6.1E-02   43 1.5E-02     0
 CSUR= 0.0E+00 AT ND=   0:     0 RLTQ= 0.0E+00 AT ND=   0:     0 DT/ITER=   225.0

 RESULTS at time          34650. JTIME =     47892.4010416669

 BRANCH NUMBER =     1
  Node  Node Identifier     Stat    Flow    Area   Vel  Depth    Elev     Top  Fr Lat Inf
   100 UPSTREAM           0.0000 6.450+1 1.640+2  0.39   4.78  105.78 4.866+1 0.0 0.000+0
   101                    0.1000 6.791+1 1.687+2  0.40   4.87  105.77 4.923+1 0.0 0.000+0
   102                    0.2000 7.140+1 1.734+2  0.41   4.97  105.77 4.980+1 0.0 0.000+0
   103                    0.3000 7.489+1 1.782+2  0.42   5.06  105.76 5.038+1 0.0 0.000+0
   104                    0.4000 7.841+1 1.830+2  0.43   5.16  105.76 5.095+1 0.0 0.000+0
   105                    0.5000 8.197+1 1.878+2  0.44   5.25  105.75 5.152+1 0.0 0.000+0
   106                    0.6000 8.557+1 1.928+2  0.44   5.35  105.75 5.209+1 0.0 0.000+0
   107                    0.7000 8.919+1 1.977+2  0.45   5.44  105.74 5.266+1 0.0 0.000+0
   108                    0.8000 9.284+1 2.027+2  0.46   5.54  105.74 5.322+1 0.0 0.000+0
   109                    0.9000 9.651+1 2.078+2  0.46   5.63  105.73 5.379+1 0.0 0.000+0
   110 DNSTREAM           1.0000 1.002+2 2.129+2  0.47   5.73  105.73 5.436+1 0.0 0.000+0

 BRANCH NUMBER =     2
  Node  Node Identifier     Stat    Flow    Area   Vel  Depth    Elev     Top  Fr Lat Inf
   200 UPSTREAM           0.0000 1.290+2 1.693+2  0.76   4.89  105.89 4.931+1 0.0 0.000+0
   201                    0.1000 1.326+2 1.734+2  0.76   4.97  105.87 4.981+1 0.0 0.000+0
   202                    0.2000 1.364+2 1.776+2  0.77   5.05  105.85 5.031+1 0.0 0.000+0
   203                    0.3000 1.400+2 1.818+2  0.77   5.14  105.84 5.081+1 0.0 0.000+0
   204                    0.4000 1.437+2 1.861+2  0.77   5.22  105.82 5.131+1 0.0 0.000+0
   205                    0.5000 1.474+2 1.904+2  0.77   5.30  105.80 5.182+1 0.0 0.000+0
   206                    0.6000 1.511+2 1.948+2  0.78   5.39  105.79 5.232+1 0.0 0.000+0
   207                    0.7000 1.548+2 1.993+2  0.78   5.47  105.77 5.283+1 0.0 0.000+0
   208                    0.8000 1.585+2 2.038+2  0.78   5.56  105.76 5.334+1 0.0 0.000+0
   209                    0.9000 1.622+2 2.083+2  0.78   5.64  105.74 5.385+1 0.0 0.000+0
   210 DNSTREAM           1.0000 1.659+2 2.129+2  0.78   5.73  105.73 5.436+1 0.0 0.000+0

 BRANCH NUMBER =     3
  Node  Node Identifier     Stat    Flow    Area   Vel  Depth    Elev     Top  Fr Lat Inf
   300 UPSTREAM           0.0000 2.661+2 4.258+2  0.62   5.73  105.73 1.087+2 0.0 0.000+0
   301                    0.1000 2.734+2 3.931+2  0.70   5.61  105.71 1.020+2 0.0 0.000+0
   302                    0.2000 2.801+2 3.613+2  0.78   5.50  105.70 9.540+1 0.0 0.000+0
   303                    0.3000 2.864+2 3.305+2  0.87   5.38  105.68 8.887+1 0.0 0.000+0
   304                    0.4000 2.921+2 3.006+2  0.97   5.25  105.65 8.244+1 0.0 0.000+0
   305                    0.5000 2.974+2 2.716+2  1.10   5.12  105.62 7.608+1 0.0 0.000+0
   306                    0.6000 3.022+2 2.432+2  1.24   4.97  105.57 6.979+1 0.0 0.000+0
   307                    0.7000 3.064+2 2.155+2  1.42   4.81  105.51 6.354+1 0.0 0.000+0
   308                    0.8000 3.101+2 1.882+2  1.65   4.63  105.43 5.732+1 0.0 0.000+0
   309                    0.9000 3.133+2 1.610+2  1.95   4.41  105.31 5.108+1 0.0 0.000+0
   310 DNSTREAM           1.0000 3.160+2 1.333+2  2.37   4.12  105.12 4.472+1 0.1 0.000+0

 EXTERIOR NODES
  Node  Node Identifier        QE1     YE1    Elev    Storage    Storage
    U1 UPSTREAM          6.450E+01   4.777 105.777
    D1 DNSTREAM          1.002E+02   5.727 105.727
    U2 UPSTREAM          1.290E+02   4.885 105.885
    D2 DNSTREAM          1.659E+02   5.727 105.727
    U3 UPSTREAM          2.661E+02   5.727 105.727
    D3 DNSTREAM          3.160E+02   4.119 105.119
 Balance 1: S1=1.593E+06 S2=3.449E+06 BNI=1.200E+07 BNQ=1.015E+07 TAQ=0.000E+00 WSI=0.000E+00 WSQ=0.000E+00
 Bal diff=BAL=S2-S1-BNI-TAQ+BNQ-WSI+WSQ= 5.298E-01    Rel bal=BAL/(S2+BNQ)= 3.896E-08

 SIMULATION ending at  1990/ 1/ 1: 9.7500000.  Time step=   450.00 sec
 ITER RCORECT  BRA   NODE   MXRES  LOC  SUMSQR NUMGT
    1 2.0E-02    2    200 5.9E+00   33 5.7E+02    33
    2 2.1E-05    3    309 6.1E-02   43 1.3E-02     0
 CSUR= 0.0E+00 AT ND=   0:     0 RLTQ= 0.0E+00 AT ND=   0:     0 DT/ITER=   225.0

 RESULTS at time          35100. JTIME =     47892.4062500002

 BRANCH NUMBER =     1
  Node  Node Identifier     Stat    Flow    Area   Vel  Depth    Elev     Top  Fr Lat Inf
   100 UPSTREAM           0.0000 6.200+1 1.611+2  0.38   4.72  105.72 4.830+1 0.0 0.000+0
   101                    0.1000 6.538+1 1.658+2  0.39   4.81  105.71 4.888+1 0.0 0.000+0
   102                    0.2000 6.876+1 1.704+2  0.40   4.91  105.71 4.945+1 0.0 0.000+0
   103                    0.3000 7.220+1 1.752+2  0.41   5.00  105.70 5.002+1 0.0 0.000+0
   104                    0.4000 7.567+1 1.800+2  0.42   5.10  105.70 5.059+1 0.0 0.000+0
   105                    0.5000 7.916+1 1.848+2  0.43   5.19  105.69 5.116+1 0.0 0.000+0
   106                    0.6000 8.268+1 1.897+2  0.44   5.29  105.69 5.173+1 0.0 0.000+0
   107                    0.7000 8.624+1 1.946+2  0.44   5.38  105.68 5.230+1 0.0 0.000+0
   108                    0.8000 8.983+1 1.996+2  0.45   5.48  105.68 5.287+1 0.0 0.000+0
   109                    0.9000 9.345+1 2.047+2  0.46   5.57  105.67 5.344+1 0.0 0.000+0
   110 DNSTREAM           1.0000 9.709+1 2.098+2  0.46   5.67  105.67 5.401+1 0.0 0.000+0

 BRANCH NUMBER =     2
  Node  Node Identifier     Stat    Flow    Area   Vel  Depth    Elev     Top  Fr Lat Inf
   200 UPSTREAM           0.0000 1.240+2 1.662+2  0.75   4.82  105.82 4.893+1 0.0 0.000+0
   201                    0.1000 1.276+2 1.703+2  0.75   4.91  105.81 4.943+1 0.0 0.000+0
   202                    0.2000 1.312+2 1.745+2  0.75   4.99  105.79 4.994+1 0.0 0.000+0
   203                    0.3000 1.348+2 1.787+2  0.75   5.07  105.77 5.044+1 0.0 0.000+0
   204                    0.4000 1.384+2 1.830+2  0.76   5.16  105.76 5.095+1 0.0 0.000+0
   205                    0.5000 1.420+2 1.873+2  0.76   5.24  105.74 5.146+1 0.0 0.000+0
   206                    0.6000 1.457+2 1.917+2  0.76   5.33  105.73 5.196+1 0.0 0.000+0
   207                    0.7000 1.493+2 1.961+2  0.76   5.41  105.71 5.247+1 0.0 0.000+0
   208                    0.8000 1.530+2 2.006+2  0.76   5.50  105.70 5.299+1 0.0 0.000+0
   209                    0.9000 1.567+2 2.052+2  0.76   5.58  105.68 5.350+1 0.0 0.000+0
   210 DNSTREAM           1.0000 1.603+2 2.098+2  0.76   5.67  105.67 5.401+1 0.0 0.000+0

 BRANCH NUMBER =     3
  Node  Node Identifier     Stat    Flow    Area   Vel  Depth    Elev     Top  Fr Lat Inf
   300 UPSTREAM           0.0000 2.574+2 4.195+2  0.61   5.67  105.67 1.080+2 0.0 0.000+0
   301                    0.1000 2.645+2 3.872+2  0.68   5.56  105.66 1.014+2 0.0 0.000+0
   302                    0.2000 2.710+2 3.559+2  0.76   5.44  105.64 9.478+1 0.0 0.000+0
   303                    0.3000 2.771+2 3.255+2  0.85   5.32  105.62 8.829+1 0.0 0.000+0
   304                    0.4000 2.827+2 2.960+2  0.96   5.20  105.60 8.190+1 0.0 0.000+0
   305                    0.5000 2.878+2 2.674+2  1.08   5.06  105.56 7.558+1 0.0 0.000+0
   306                    0.6000 2.925+2 2.395+2  1.22   4.92  105.52 6.933+1 0.0 0.000+0
   307                    0.7000 2.967+2 2.122+2  1.40   4.76  105.46 6.313+1 0.0 0.000+0
   308                    0.8000 3.003+2 1.853+2  1.62   4.58  105.38 5.695+1 0.0 0.000+0
   309                    0.9000 3.035+2 1.585+2  1.91   4.36  105.26 5.076+1 0.0 0.000+0
   310 DNSTREAM           1.0000 3.061+2 1.313+2  2.33   4.08  105.08 4.445+1 0.1 0.000+0

 EXTERIOR NODES
  Node  Node Identifier        QE1     YE1    Elev    Storage    Storage
    U1 UPSTREAM          6.200E+01   4.718 105.718
    D1 DNSTREAM          9.709E+01   5.669 105.669
    U2 UPSTREAM          1.240E+02   4.822 105.822
    D2 DNSTREAM          1.603E+02   5.669 105.669
    U3 UPSTREAM          2.574E+02   5.669 105.669
    D3 DNSTREAM          3.061E+02   4.075 105.075
 Balance 1: S1=1.593E+06 S2=3.394E+06 BNI=1.209E+07 BNQ=1.029E+07 TAQ=0.000E+00 WSI=0.000E+00 WSQ=0.000E+00
 Bal diff=BAL=S2-S1-BNI-TAQ+BNQ-WSI+WSQ= 5.522E-01    Rel bal=BAL/(S2+BNQ)= 4.036E-08

 SIMULATION ending at  1990/ 1/ 1: 9.8750000.  Time step=   450.00 sec
 ITER RCORECT  BRA   NODE   MXRES  LOC  SUMSQR NUMGT
    1 2.0E-02    2    200 5.5E+00   41 5.1E+02    33
    2 2.3E-05    3    301 5.8E-02   43 1.3E-02     0
 CSUR= 0.0E+00 AT ND=   0:     0 RLTQ= 0.0E+00 AT ND=   0:     0 DT/ITER=   225.0

 RESULTS at time          35550. JTIME =     47892.4114583335

 BRANCH NUMBER =     1
  Node  Node Identifier     Stat    Flow    Area   Vel  Depth    Elev     Top  Fr Lat Inf
   100 UPSTREAM           0.0000 5.950+1 1.583+2  0.38   4.66  105.66 4.795+1 0.0 0.000+0
   101                    0.1000 6.281+1 1.629+2  0.39   4.75  105.65 4.852+1 0.0 0.000+0
   102                    0.2000 6.618+1 1.676+2  0.39   4.85  105.65 4.910+1 0.0 0.000+0
   103                    0.3000 6.955+1 1.723+2  0.40   4.95  105.65 4.967+1 0.0 0.000+0
   104                    0.4000 7.295+1 1.770+2  0.41   5.04  105.64 5.024+1 0.0 0.000+0
   105                    0.5000 7.638+1 1.819+2  0.42   5.14  105.64 5.081+1 0.0 0.000+0
   106                    0.6000 7.985+1 1.867+2  0.43   5.23  105.63 5.139+1 0.0 0.000+0
   107                    0.7000 8.334+1 1.916+2  0.43   5.33  105.63 5.196+1 0.0 0.000+0
   108                    0.8000 8.687+1 1.966+2  0.44   5.42  105.62 5.253+1 0.0 0.000+0
   109                    0.9000 9.042+1 2.016+2  0.45   5.52  105.62 5.310+1 0.0 0.000+0
   110 DNSTREAM           1.0000 9.402+1 2.067+2  0.45   5.61  105.61 5.367+1 0.0 0.000+0

 BRANCH NUMBER =     2
  Node  Node Identifier     Stat    Flow    Area   Vel  Depth    Elev     Top  Fr Lat Inf
   200 UPSTREAM           0.0000 1.190+2 1.632+2  0.73   4.76  105.76 4.856+1 0.0 0.000+0
   201                    0.1000 1.225+2 1.673+2  0.73   4.84  105.74 4.906+1 0.0 0.000+0
   202                    0.2000 1.261+2 1.714+2  0.74   4.93  105.73 4.957+1 0.0 0.000+0
   203                    0.3000 1.297+2 1.757+2  0.74   5.01  105.71 5.008+1 0.0 0.000+0
   204                    0.4000 1.332+2 1.799+2  0.74   5.10  105.70 5.059+1 0.0 0.000+0
   205                    0.5000 1.368+2 1.843+2  0.74   5.18  105.68 5.110+1 0.0 0.000+0
   206                    0.6000 1.404+2 1.886+2  0.74   5.27  105.67 5.161+1 0.0 0.000+0
   207                    0.7000 1.439+2 1.931+2  0.75   5.35  105.65 5.212+1 0.0 0.000+0
   208                    0.8000 1.475+2 1.975+2  0.75   5.44  105.64 5.264+1 0.0 0.000+0
   209                    0.9000 1.511+2 2.021+2  0.75   5.53  105.63 5.315+1 0.0 0.000+0
   210 DNSTREAM           1.0000 1.547+2 2.067+2  0.75   5.61  105.61 5.367+1 0.0 0.000+0

 BRANCH NUMBER =     3
  Node  Node Identifier     Stat    Flow    Area   Vel  Depth    Elev     Top  Fr Lat Inf
   300 UPSTREAM           0.0000 2.487+2 4.134+2  0.60   5.61  105.61 1.073+2 0.0 0.000+0
   301                    0.1000 2.557+2 3.814+2  0.67   5.50  105.60 1.007+2 0.0 0.000+0
   302                    0.2000 2.622+2 3.505+2  0.75   5.39  105.59 9.416+1 0.0 0.000+0
   303                    0.3000 2.682+2 3.205+2  0.84   5.27  105.57 8.772+1 0.0 0.000+0
   304                    0.4000 2.737+2 2.915+2  0.94   5.14  105.54 8.137+1 0.0 0.000+0
   305                    0.5000 2.787+2 2.632+2  1.06   5.01  105.51 7.509+1 0.0 0.000+0
   306                    0.6000 2.833+2 2.357+2  1.20   4.87  105.47 6.888+1 0.0 0.000+0
   307                    0.7000 2.873+2 2.089+2  1.38   4.71  105.41 6.272+1 0.0 0.000+0
   308                    0.8000 2.909+2 1.824+2  1.59   4.53  105.33 5.659+1 0.0 0.000+0
   309                    0.9000 2.940+2 1.561+2  1.88   4.31  105.21 5.044+1 0.0 0.000+0
   310 DNSTREAM           1.0000 2.965+2 1.294+2  2.29   4.03  105.03 4.419+1 0.1 0.000+0

 EXTERIOR NODES
  Node  Node Identifier        QE1     YE1    Elev    Storage    Storage
    U1 UPSTREAM          5.950E+01   4.659 105.659
    D1 DNSTREAM          9.402E+01   5.611 105.611
    U2 UPSTREAM          1.190E+02   4.760 105.760
    D2 DNSTREAM          1.547E+02   5.611 105.611
    U3 UPSTREAM          2.487E+02   5.611 105.611
    D3 DNSTREAM          2.965E+02   4.031 105.031
 Balance 1: S1=1.593E+06 S2=3.341E+06 BNI=1.217E+07 BNQ=1.042E+07 TAQ=0.000E+00 WSI=0.000E+00 WSQ=0.000E+00
 Bal diff=BAL=S2-S1-BNI-TAQ+BNQ-WSI+WSQ= 5.362E-01    Rel bal=BAL/(S2+BNQ)= 3.895E-08

 SIMULATION ending at  1990/ 1/ 1:10.0000000.  Time step=   450.00 sec
 ITER RCORECT  BRA   NODE   MXRES  LOC  SUMSQR NUMGT
    1 2.1E-02    2    200 5.4E+00   29 5.1E+02    33
    2 2.2E-05    3    308 5.6E-02   43 1.2E-02     0
 CSUR= 0.0E+00 AT ND=   0:     0 RLTQ= 0.0E+00 AT ND=   0:     0 DT/ITER=   225.0

 RESULTS at time          36000. JTIME =     47892.4166666669

 BRANCH NUMBER =     1
  Node  Node Identifier     Stat    Flow    Area   Vel  Depth    Elev     Top  Fr Lat Inf
   100 UPSTREAM           0.0000 5.700+1 1.555+2  0.37   4.60  105.60 4.760+1 0.0 0.000+0
   101                    0.1000 6.027+1 1.601+2  0.38   4.70  105.60 4.817+1 0.0 0.000+0
   102                    0.2000 6.355+1 1.647+2  0.39   4.79  105.59 4.875+1 0.0 0.000+0
   103                    0.3000 6.688+1 1.694+2  0.39   4.89  105.59 4.932+1 0.0 0.000+0
   104                    0.4000 7.024+1 1.742+2  0.40   4.98  105.58 4.990+1 0.0 0.000+0
   105                    0.5000 7.363+1 1.789+2  0.41   5.08  105.58 5.047+1 0.0 0.000+0
   106                    0.6000 7.704+1 1.838+2  0.42   5.17  105.57 5.104+1 0.0 0.000+0
   107                    0.7000 8.049+1 1.887+2  0.43   5.27  105.57 5.161+1 0.0 0.000+0
   108                    0.8000 8.396+1 1.936+2  0.43   5.36  105.56 5.218+1 0.0 0.000+0
   109                    0.9000 8.746+1 1.986+2  0.44   5.46  105.56 5.276+1 0.0 0.000+0
   110 DNSTREAM           1.0000 9.098+1 2.036+2  0.45   5.55  105.55 5.333+1 0.0 0.000+0

 BRANCH NUMBER =     2
  Node  Node Identifier     Stat    Flow    Area   Vel  Depth    Elev     Top  Fr Lat Inf
   200 UPSTREAM           0.0000 1.140+2 1.602+2  0.71   4.70  105.70 4.818+1 0.0 0.000+0
   201                    0.1000 1.175+2 1.643+2  0.72   4.78  105.68 4.869+1 0.0 0.000+0
   202                    0.2000 1.210+2 1.684+2  0.72   4.87  105.67 4.920+1 0.0 0.000+0
   203                    0.3000 1.245+2 1.727+2  0.72   4.95  105.65 4.972+1 0.0 0.000+0
   204                    0.4000 1.280+2 1.769+2  0.72   5.04  105.64 5.023+1 0.0 0.000+0
   205                    0.5000 1.316+2 1.812+2  0.73   5.12  105.62 5.074+1 0.0 0.000+0
   206                    0.6000 1.351+2 1.856+2  0.73   5.21  105.61 5.126+1 0.0 0.000+0
   207                    0.7000 1.386+2 1.900+2  0.73   5.30  105.60 5.177+1 0.0 0.000+0
   208                    0.8000 1.421+2 1.945+2  0.73   5.38  105.58 5.229+1 0.0 0.000+0
   209                    0.9000 1.457+2 1.990+2  0.73   5.47  105.57 5.281+1 0.0 0.000+0
   210 DNSTREAM           1.0000 1.492+2 2.036+2  0.73   5.55  105.55 5.333+1 0.0 0.000+0

 BRANCH NUMBER =     3
  Node  Node Identifier     Stat    Flow    Area   Vel  Depth    Elev     Top  Fr Lat Inf
   300 UPSTREAM           0.0000 2.402+2 4.073+2  0.59   5.55  105.55 1.067+2 0.0 0.000+0
   301                    0.1000 2.470+2 3.758+2  0.66   5.44  105.54 1.001+2 0.0 0.000+0
   302                    0.2000 2.534+2 3.452+2  0.73   5.33  105.53 9.356+1 0.0 0.000+0
   303                    0.3000 2.593+2 3.157+2  0.82   5.21  105.51 8.715+1 0.0 0.000+0
   304                    0.4000 2.647+2 2.870+2  0.92   5.09  105.49 8.084+1 0.0 0.000+0
   305                    0.5000 2.697+2 2.592+2  1.04   4.96  105.46 7.460+1 0.0 0.000+0
   306                    0.6000 2.742+2 2.321+2  1.18   4.81  105.41 6.843+1 0.0 0.000+0
   307                    0.7000 2.782+2 2.056+2  1.35   4.66  105.36 6.232+1 0.0 0.000+0
   308                    0.8000 2.817+2 1.796+2  1.57   4.48  105.28 5.623+1 0.0 0.000+0
   309                    0.9000 2.847+2 1.537+2  1.85   4.26  105.16 5.013+1 0.0 0.000+0
   310 DNSTREAM           1.0000 2.872+2 1.275+2  2.25   3.99  104.99 4.393+1 0.1 0.000+0

 EXTERIOR NODES
  Node  Node Identifier        QE1     YE1    Elev    Storage    Storage
    U1 UPSTREAM          5.700E+01   4.600 105.600
    D1 DNSTREAM          9.098E+01   5.554 105.554
    U2 UPSTREAM          1.140E+02   4.698 105.698
    D2 DNSTREAM          1.492E+02   5.554 105.554
    U3 UPSTREAM          2.402E+02   5.554 105.554
    D3 DNSTREAM          2.872E+02   3.989 104.989
 Balance 1: S1=1.593E+06 S2=3.288E+06 BNI=1.225E+07 BNQ=1.056E+07 TAQ=0.000E+00 WSI=0.000E+00 WSQ=0.000E+00
 Bal diff=BAL=S2-S1-BNI-TAQ+BNQ-WSI+WSQ= 5.643E-01    Rel bal=BAL/(S2+BNQ)= 4.077E-08

 SIMULATION ending at  1990/ 1/ 1:10.1250000.  Time step=   450.00 sec
 ITER RCORECT  BRA   NODE   MXRES  LOC  SUMSQR NUMGT
    1 2.0E-02    2    201 5.3E+00   35 5.0E+02    33
    2 2.2E-05    3    309 5.5E-02   43 1.0E-02     0
 CSUR= 0.0E+00 AT ND=   0:     0 RLTQ= 0.0E+00 AT ND=   0:     0 DT/ITER=   225.0

 RESULTS at time          36450. JTIME =     47892.4218750002

 BRANCH NUMBER =     1
  Node  Node Identifier     Stat    Flow    Area   Vel  Depth    Elev     Top  Fr Lat Inf
   100 UPSTREAM           0.0000 5.463+1 1.528+2  0.36   4.54  105.54 4.725+1 0.0 0.000+0
   101                    0.1000 5.782+1 1.573+2  0.37   4.64  105.54 4.783+1 0.0 0.000+0
   102                    0.2000 6.106+1 1.619+2  0.38   4.73  105.53 4.840+1 0.0 0.000+0
   103                    0.3000 6.431+1 1.666+2  0.39   4.83  105.53 4.898+1 0.0 0.000+0
   104                    0.4000 6.760+1 1.713+2  0.39   4.93  105.53 4.955+1 0.0 0.000+0
   105                    0.5000 7.092+1 1.761+2  0.40   5.02  105.52 5.013+1 0.0 0.000+0
   106                    0.6000 7.428+1 1.809+2  0.41   5.12  105.52 5.070+1 0.0 0.000+0
   107                    0.7000 7.766+1 1.857+2  0.42   5.21  105.51 5.127+1 0.0 0.000+0
   108                    0.8000 8.107+1 1.907+2  0.43   5.31  105.51 5.184+1 0.0 0.000+0
   109                    0.9000 8.452+1 1.956+2  0.43   5.40  105.50 5.242+1 0.0 0.000+0
   110 DNSTREAM           1.0000 8.800+1 2.006+2  0.44   5.50  105.50 5.299+1 0.0 0.000+0

 BRANCH NUMBER =     2
  Node  Node Identifier     Stat    Flow    Area   Vel  Depth    Elev     Top  Fr Lat Inf
   200 UPSTREAM           0.0000 1.093+2 1.572+2  0.69   4.64  105.64 4.782+1 0.0 0.000+0
   201                    0.1000 1.127+2 1.613+2  0.70   4.72  105.62 4.833+1 0.0 0.000+0
   202                    0.2000 1.161+2 1.655+2  0.70   4.81  105.61 4.884+1 0.0 0.000+0
   203                    0.3000 1.195+2 1.697+2  0.70   4.89  105.59 4.936+1 0.0 0.000+0
   204                    0.4000 1.229+2 1.739+2  0.71   4.98  105.58 4.987+1 0.0 0.000+0
   205                    0.5000 1.264+2 1.783+2  0.71   5.07  105.57 5.039+1 0.0 0.000+0
   206                    0.6000 1.299+2 1.826+2  0.71   5.15  105.55 5.091+1 0.0 0.000+0
   207                    0.7000 1.333+2 1.870+2  0.71   5.24  105.54 5.142+1 0.0 0.000+0
   208                    0.8000 1.368+2 1.915+2  0.71   5.32  105.52 5.194+1 0.0 0.000+0
   209                    0.9000 1.403+2 1.961+2  0.72   5.41  105.51 5.247+1 0.0 0.000+0
   210 DNSTREAM           1.0000 1.438+2 2.006+2  0.72   5.50  105.50 5.299+1 0.0 0.000+0

 BRANCH NUMBER =     3
  Node  Node Identifier     Stat    Flow    Area   Vel  Depth    Elev     Top  Fr Lat Inf
   300 UPSTREAM           0.0000 2.318+2 4.013+2  0.58   5.50  105.50 1.060+2 0.0 0.000+0
   301                    0.1000 2.385+2 3.702+2  0.64   5.39  105.49 9.942+1 0.0 0.000+0
   302                    0.2000 2.448+2 3.401+2  0.72   5.27  105.47 9.296+1 0.0 0.000+0
   303                    0.3000 2.506+2 3.109+2  0.81   5.16  105.46 8.659+1 0.0 0.000+0
   304                    0.4000 2.560+2 2.826+2  0.91   5.03  105.43 8.032+1 0.0 0.000+0
   305                    0.5000 2.608+2 2.552+2  1.02   4.90  105.40 7.412+1 0.0 0.000+0
   306                    0.6000 2.652+2 2.285+2  1.16   4.76  105.36 6.799+1 0.0 0.000+0
   307                    0.7000 2.692+2 2.024+2  1.33   4.61  105.31 6.192+1 0.0 0.000+0
   308                    0.8000 2.726+2 1.768+2  1.54   4.43  105.23 5.588+1 0.0 0.000+0
   309                    0.9000 2.756+2 1.514+2  1.82   4.22  105.12 4.982+1 0.0 0.000+0
   310 DNSTREAM           1.0000 2.781+2 1.256+2  2.21   3.95  104.95 4.368+1 0.1 0.000+0

 EXTERIOR NODES
  Node  Node Identifier        QE1     YE1    Elev    Storage    Storage
    U1 UPSTREAM          5.463E+01   4.543 105.543
    D1 DNSTREAM          8.800E+01   5.498 105.498
    U2 UPSTREAM          1.093E+02   4.637 105.637
    D2 DNSTREAM          1.438E+02   5.498 105.498
    U3 UPSTREAM          2.318E+02   5.498 105.498
    D3 DNSTREAM          2.781E+02   3.946 104.946
 Balance 1: S1=1.593E+06 S2=3.236E+06 BNI=1.233E+07 BNQ=1.068E+07 TAQ=0.000E+00 WSI=0.000E+00 WSQ=0.000E+00
 Bal diff=BAL=S2-S1-BNI-TAQ+BNQ-WSI+WSQ= 5.234E-01    Rel bal=BAL/(S2+BNQ)= 3.760E-08

 SIMULATION ending at  1990/ 1/ 1:10.2500000.  Time step=   450.00 sec
 ITER RCORECT  BRA   NODE   MXRES  LOC  SUMSQR NUMGT
    1 2.2E-02    2    200 5.0E+00   43 4.6E+02    33
    2 2.2E-05    3    308 5.2E-02   43 1.1E-02     0
 CSUR= 0.0E+00 AT ND=   0:     0 RLTQ= 0.0E+00 AT ND=   0:     0 DT/ITER=   225.0

 RESULTS at time          36900. JTIME =     47892.4270833335

 BRANCH NUMBER =     1
  Node  Node Identifier     Stat    Flow    Area   Vel  Depth    Elev     Top  Fr Lat Inf
   100 UPSTREAM           0.0000 5.225+1 1.501+2  0.35   4.49  105.49 4.691+1 0.0 0.000+0
   101                    0.1000 5.541+1 1.546+2  0.36   4.58  105.48 4.749+1 0.0 0.000+0
   102                    0.2000 5.859+1 1.592+2  0.37   4.68  105.48 4.806+1 0.0 0.000+0
   103                    0.3000 6.181+1 1.638+2  0.38   4.77  105.47 4.864+1 0.0 0.000+0
   104                    0.4000 6.505+1 1.685+2  0.39   4.87  105.47 4.921+1 0.0 0.000+0
   105                    0.5000 6.832+1 1.732+2  0.39   4.96  105.46 4.979+1 0.0 0.000+0
   106                    0.6000 7.161+1 1.780+2  0.40   5.06  105.46 5.036+1 0.0 0.000+0
   107                    0.7000 7.494+1 1.829+2  0.41   5.16  105.46 5.093+1 0.0 0.000+0
   108                    0.8000 7.830+1 1.878+2  0.42   5.25  105.45 5.151+1 0.0 0.000+0
   109                    0.9000 8.169+1 1.927+2  0.42   5.35  105.45 5.208+1 0.0 0.000+0
   110 DNSTREAM           1.0000 8.510+1 1.977+2  0.43   5.44  105.44 5.265+1 0.0 0.000+0

 BRANCH NUMBER =     2
  Node  Node Identifier     Stat    Flow    Area   Vel  Depth    Elev     Top  Fr Lat Inf
   200 UPSTREAM           0.0000 1.045+2 1.543+2  0.68   4.58  105.58 4.745+1 0.0 0.000+0
   201                    0.1000 1.079+2 1.584+2  0.68   4.66  105.56 4.797+1 0.0 0.000+0
   202                    0.2000 1.113+2 1.626+2  0.68   4.75  105.55 4.848+1 0.0 0.000+0
   203                    0.3000 1.147+2 1.668+2  0.69   4.83  105.53 4.900+1 0.0 0.000+0
   204                    0.4000 1.181+2 1.710+2  0.69   4.92  105.52 4.952+1 0.0 0.000+0
   205                    0.5000 1.214+2 1.753+2  0.69   5.01  105.51 5.004+1 0.0 0.000+0
   206                    0.6000 1.248+2 1.797+2  0.69   5.09  105.49 5.056+1 0.0 0.000+0
   207                    0.7000 1.282+2 1.841+2  0.70   5.18  105.48 5.108+1 0.0 0.000+0
   208                    0.8000 1.317+2 1.886+2  0.70   5.27  105.47 5.160+1 0.0 0.000+0
   209                    0.9000 1.351+2 1.931+2  0.70   5.35  105.45 5.213+1 0.0 0.000+0
   210 DNSTREAM           1.0000 1.385+2 1.977+2  0.70   5.44  105.44 5.265+1 0.0 0.000+0

 BRANCH NUMBER =     3
  Node  Node Identifier     Stat    Flow    Area   Vel  Depth    Elev     Top  Fr Lat Inf
   300 UPSTREAM           0.0000 2.236+2 3.954+2  0.57   5.44  105.44 1.053+2 0.0 0.000+0
   301                    0.1000 2.302+2 3.647+2  0.63   5.33  105.43 9.879+1 0.0 0.000+0
   302                    0.2000 2.364+2 3.350+2  0.71   5.22  105.42 9.236+1 0.0 0.000+0
   303                    0.3000 2.421+2 3.062+2  0.79   5.10  105.40 8.604+1 0.0 0.000+0
   304                    0.4000 2.474+2 2.783+2  0.89   4.98  105.38 7.980+1 0.0 0.000+0
   305                    0.5000 2.522+2 2.513+2  1.00   4.85  105.35 7.364+1 0.0 0.000+0
   306                    0.6000 2.566+2 2.250+2  1.14   4.71  105.31 6.755+1 0.0 0.000+0
   307                    0.7000 2.604+2 1.993+2  1.31   4.55  105.25 6.152+1 0.0 0.000+0
   308                    0.8000 2.638+2 1.741+2  1.52   4.38  105.18 5.552+1 0.0 0.000+0
   309                    0.9000 2.667+2 1.491+2  1.79   4.17  105.07 4.952+1 0.0 0.000+0
   310 DNSTREAM           1.0000 2.691+2 1.238+2  2.17   3.90  104.90 4.343+1 0.1 0.000+0

 EXTERIOR NODES
  Node  Node Identifier        QE1     YE1    Elev    Storage    Storage
    U1 UPSTREAM          5.225E+01   4.485 105.485
    D1 DNSTREAM          8.510E+01   5.442 105.442
    U2 UPSTREAM          1.045E+02   4.576 105.576
    D2 DNSTREAM          1.385E+02   5.442 105.442
    U3 UPSTREAM          2.236E+02   5.442 105.442
    D3 DNSTREAM          2.691E+02   3.905 104.905
 Balance 1: S1=1.593E+06 S2=3.185E+06 BNI=1.240E+07 BNQ=1.080E+07 TAQ=0.000E+00 WSI=0.000E+00 WSQ=0.000E+00
 Bal diff=BAL=S2-S1-BNI-TAQ+BNQ-WSI+WSQ= 5.188E-01    Rel bal=BAL/(S2+BNQ)= 3.708E-08

 SIMULATION ending at  1990/ 1/ 1:10.3750000.  Time step=   450.00 sec
 ITER RCORECT  BRA   NODE   MXRES  LOC  SUMSQR NUMGT
    1 2.3E-02    2    200 4.9E+00   33 4.5E+02    33
    2 2.3E-05    3    308 5.1E-02   43 9.4E-03     0
 CSUR= 0.0E+00 AT ND=   0:     0 RLTQ= 0.0E+00 AT ND=   0:     0 DT/ITER=   225.0

 RESULTS at time          37350. JTIME =     47892.4322916669

 BRANCH NUMBER =     1
  Node  Node Identifier     Stat    Flow    Area   Vel  Depth    Elev     Top  Fr Lat Inf
   100 UPSTREAM           0.0000 4.988+1 1.474+2  0.34   4.43  105.43 4.657+1 0.0 0.000+0
   101                    0.1000 5.298+1 1.519+2  0.35   4.52  105.42 4.715+1 0.0 0.000+0
   102                    0.2000 5.613+1 1.565+2  0.36   4.62  105.42 4.772+1 0.0 0.000+0
   103                    0.3000 5.930+1 1.611+2  0.37   4.72  105.42 4.830+1 0.0 0.000+0
   104                    0.4000 6.250+1 1.658+2  0.38   4.81  105.41 4.888+1 0.0 0.000+0
   105                    0.5000 6.574+1 1.705+2  0.39   4.91  105.41 4.945+1 0.0 0.000+0
   106                    0.6000 6.899+1 1.752+2  0.39   5.00  105.40 5.003+1 0.0 0.000+0
   107                    0.7000 7.228+1 1.800+2  0.40   5.10  105.40 5.060+1 0.0 0.000+0
   108                    0.8000 7.559+1 1.849+2  0.41   5.20  105.40 5.117+1 0.0 0.000+0
   109                    0.9000 7.893+1 1.898+2  0.42   5.29  105.39 5.175+1 0.0 0.000+0
   110 DNSTREAM           1.0000 8.229+1 1.948+2  0.42   5.39  105.39 5.232+1 0.0 0.000+0

 BRANCH NUMBER =     2
  Node  Node Identifier     Stat    Flow    Area   Vel  Depth    Elev     Top  Fr Lat Inf
   200 UPSTREAM           0.0000 9.975+1 1.515+2  0.66   4.52  105.52 4.709+1 0.0 0.000+0
   201                    0.1000 1.031+2 1.556+2  0.66   4.60  105.50 4.761+1 0.0 0.000+0
   202                    0.2000 1.064+2 1.597+2  0.67   4.69  105.49 4.813+1 0.0 0.000+0
   203                    0.3000 1.098+2 1.639+2  0.67   4.78  105.48 4.865+1 0.0 0.000+0
   204                    0.4000 1.132+2 1.682+2  0.67   4.86  105.46 4.917+1 0.0 0.000+0
   205                    0.5000 1.165+2 1.725+2  0.68   4.95  105.45 4.969+1 0.0 0.000+0
   206                    0.6000 1.199+2 1.768+2  0.68   5.04  105.44 5.022+1 0.0 0.000+0
   207                    0.7000 1.233+2 1.812+2  0.68   5.12  105.42 5.074+1 0.0 0.000+0
   208                    0.8000 1.266+2 1.857+2  0.68   5.21  105.41 5.127+1 0.0 0.000+0
   209                    0.9000 1.300+2 1.902+2  0.68   5.30  105.40 5.179+1 0.0 0.000+0
   210 DNSTREAM           1.0000 1.334+2 1.948+2  0.68   5.39  105.39 5.232+1 0.0 0.000+0

 BRANCH NUMBER =     3
  Node  Node Identifier     Stat    Flow    Area   Vel  Depth    Elev     Top  Fr Lat Inf
   300 UPSTREAM           0.0000 2.157+2 3.896+2  0.55   5.39  105.39 1.046+2 0.0 0.000+0
   301                    0.1000 2.222+2 3.593+2  0.62   5.28  105.38 9.816+1 0.0 0.000+0
   302                    0.2000 2.283+2 3.299+2  0.69   5.16  105.36 9.177+1 0.0 0.000+0
   303                    0.3000 2.339+2 3.016+2  0.78   5.05  105.35 8.549+1 0.0 0.000+0
   304                    0.4000 2.391+2 2.741+2  0.87   4.93  105.33 7.928+1 0.0 0.000+0
   305                    0.5000 2.438+2 2.474+2  0.99   4.80  105.30 7.317+1 0.0 0.000+0
   306                    0.6000 2.480+2 2.215+2  1.12   4.66  105.26 6.712+1 0.0 0.000+0
   307                    0.7000 2.519+2 1.962+2  1.28   4.50  105.20 6.113+1 0.0 0.000+0
   308                    0.8000 2.552+2 1.714+2  1.49   4.33  105.13 5.518+1 0.0 0.000+0
   309                    0.9000 2.581+2 1.469+2  1.76   4.12  105.02 4.922+1 0.0 0.000+0
   310 DNSTREAM           1.0000 2.604+2 1.220+2  2.13   3.86  104.86 4.318+1 0.1 0.000+0

 EXTERIOR NODES
  Node  Node Identifier        QE1     YE1    Elev    Storage    Storage
    U1 UPSTREAM          4.988E+01   4.428 105.428
    D1 DNSTREAM          8.229E+01   5.387 105.387
    U2 UPSTREAM          9.975E+01   4.515 105.515
    D2 DNSTREAM          1.334E+02   5.387 105.387
    U3 UPSTREAM          2.157E+02   5.387 105.387
    D3 DNSTREAM          2.604E+02   3.863 104.863
 Balance 1: S1=1.593E+06 S2=3.135E+06 BNI=1.247E+07 BNQ=1.092E+07 TAQ=0.000E+00 WSI=0.000E+00 WSQ=0.000E+00
 Bal diff=BAL=S2-S1-BNI-TAQ+BNQ-WSI+WSQ= 5.211E-01    Rel bal=BAL/(S2+BNQ)= 3.706E-08

 SIMULATION ending at  1990/ 1/ 1:10.5000000.  Time step=   450.00 sec
 ITER RCORECT  BRA   NODE   MXRES  LOC  SUMSQR NUMGT
    1 2.4E-02    2    200 4.8E+00   39 4.4E+02    33
    2 2.3E-05    3    309 4.9E-02   43 9.0E-03     0
 CSUR= 0.0E+00 AT ND=   0:     0 RLTQ= 0.0E+00 AT ND=   0:     0 DT/ITER=   225.0

 RESULTS at time          37800. JTIME =     47892.4375000002

 BRANCH NUMBER =     1
  Node  Node Identifier     Stat    Flow    Area   Vel  Depth    Elev     Top  Fr Lat Inf
   100 UPSTREAM           0.0000 4.750+1 1.448+2  0.33   4.37  105.37 4.623+1 0.0 0.000+0
   101                    0.1000 5.058+1 1.493+2  0.34   4.47  105.37 4.681+1 0.0 0.000+0
   102                    0.2000 5.368+1 1.538+2  0.35   4.56  105.36 4.739+1 0.0 0.000+0
   103                    0.3000 5.681+1 1.584+2  0.36   4.66  105.36 4.796+1 0.0 0.000+0
   104                    0.4000 5.996+1 1.630+2  0.37   4.76  105.36 4.854+1 0.0 0.000+0
   105                    0.5000 6.315+1 1.677+2  0.38   4.85  105.35 4.912+1 0.0 0.000+0
   106                    0.6000 6.636+1 1.725+2  0.38   4.95  105.35 4.969+1 0.0 0.000+0
   107                    0.7000 6.961+1 1.773+2  0.39   5.05  105.35 5.027+1 0.0 0.000+0
   108                    0.8000 7.288+1 1.821+2  0.40   5.14  105.34 5.084+1 0.0 0.000+0
   109                    0.9000 7.618+1 1.870+2  0.41   5.24  105.34 5.142+1 0.0 0.000+0
   110 DNSTREAM           1.0000 7.951+1 1.919+2  0.41   5.33  105.33 5.199+1 0.0 0.000+0

 BRANCH NUMBER =     2
  Node  Node Identifier     Stat    Flow    Area   Vel  Depth    Elev     Top  Fr Lat Inf
   200 UPSTREAM           0.0000 9.500+1 1.486+2  0.64   4.45  105.45 4.673+1 0.0 0.000+0
   201                    0.1000 9.832+1 1.527+2  0.64   4.54  105.44 4.725+1 0.0 0.000+0
   202                    0.2000 1.016+2 1.569+2  0.65   4.63  105.43 4.777+1 0.0 0.000+0
   203                    0.3000 1.049+2 1.611+2  0.65   4.72  105.42 4.830+1 0.0 0.000+0
   204                    0.4000 1.083+2 1.653+2  0.65   4.80  105.40 4.882+1 0.0 0.000+0
   205                    0.5000 1.116+2 1.696+2  0.66   4.89  105.39 4.935+1 0.0 0.000+0
   206                    0.6000 1.149+2 1.740+2  0.66   4.98  105.38 4.987+1 0.0 0.000+0
   207                    0.7000 1.182+2 1.784+2  0.66   5.07  105.37 5.040+1 0.0 0.000+0
   208                    0.8000 1.216+2 1.828+2  0.66   5.16  105.36 5.093+1 0.0 0.000+0
   209                    0.9000 1.249+2 1.874+2  0.67   5.24  105.34 5.146+1 0.0 0.000+0
   210 DNSTREAM           1.0000 1.283+2 1.919+2  0.67   5.33  105.33 5.199+1 0.0 0.000+0

 BRANCH NUMBER =     3
  Node  Node Identifier     Stat    Flow    Area   Vel  Depth    Elev     Top  Fr Lat Inf
   300 UPSTREAM           0.0000 2.078+2 3.839+2  0.54   5.33  105.33 1.040+2 0.0 0.000+0
   301                    0.1000 2.142+2 3.539+2  0.61   5.22  105.32 9.754+1 0.0 0.000+0
   302                    0.2000 2.202+2 3.250+2  0.68   5.11  105.31 9.119+1 0.0 0.000+0
   303                    0.3000 2.258+2 2.970+2  0.76   4.99  105.29 8.494+1 0.0 0.000+0
   304                    0.4000 2.309+2 2.699+2  0.86   4.87  105.27 7.878+1 0.0 0.000+0
   305                    0.5000 2.355+2 2.436+2  0.97   4.74  105.24 7.270+1 0.0 0.000+0
   306                    0.6000 2.397+2 2.181+2  1.10   4.61  105.21 6.669+1 0.0 0.000+0
   307                    0.7000 2.435+2 1.932+2  1.26   4.45  105.15 6.074+1 0.0 0.000+0
   308                    0.8000 2.468+2 1.688+2  1.46   4.28  105.08 5.483+1 0.0 0.000+0
   309                    0.9000 2.496+2 1.447+2  1.73   4.08  104.98 4.892+1 0.0 0.000+0
   310 DNSTREAM           1.0000 2.519+2 1.203+2  2.09   3.82  104.82 4.293+1 0.0 0.000+0

 EXTERIOR NODES
  Node  Node Identifier        QE1     YE1    Elev    Storage    Storage
    U1 UPSTREAM          4.750E+01   4.372 105.372
    D1 DNSTREAM          7.951E+01   5.332 105.332
    U2 UPSTREAM          9.500E+01   4.455 105.455
    D2 DNSTREAM          1.283E+02   5.332 105.332
    U3 UPSTREAM          2.078E+02   5.332 105.332
    D3 DNSTREAM          2.519E+02   3.822 104.822
 Balance 1: S1=1.593E+06 S2=3.086E+06 BNI=1.253E+07 BNQ=1.104E+07 TAQ=0.000E+00 WSI=0.000E+00 WSQ=0.000E+00
 Bal diff=BAL=S2-S1-BNI-TAQ+BNQ-WSI+WSQ= 5.116E-01    Rel bal=BAL/(S2+BNQ)= 3.622E-08

 SIMULATION ending at  1990/ 1/ 1:10.6250000.  Time step=   450.00 sec
 ITER RCORECT  BRA   NODE   MXRES  LOC  SUMSQR NUMGT
    1 2.5E-02    2    200 4.7E+00   29 4.3E+02    33
    2 2.4E-05    3    309 4.8E-02   43 8.7E-03     0
 CSUR= 0.0E+00 AT ND=   0:     0 RLTQ= 0.0E+00 AT ND=   0:     0 DT/ITER=   225.0

 RESULTS at time          38250. JTIME =     47892.4427083335

 BRANCH NUMBER =     1
  Node  Node Identifier     Stat    Flow    Area   Vel  Depth    Elev     Top  Fr Lat Inf
   100 UPSTREAM           0.0000 4.513+1 1.422+2  0.32   4.32  105.32 4.589+1 0.0 0.000+0
   101                    0.1000 4.816+1 1.467+2  0.33   4.41  105.31 4.647+1 0.0 0.000+0
   102                    0.2000 5.123+1 1.512+2  0.34   4.51  105.31 4.705+1 0.0 0.000+0
   103                    0.3000 5.432+1 1.557+2  0.35   4.61  105.31 4.763+1 0.0 0.000+0
   104                    0.4000 5.745+1 1.604+2  0.36   4.70  105.30 4.821+1 0.0 0.000+0
   105                    0.5000 6.060+1 1.650+2  0.37   4.80  105.30 4.878+1 0.0 0.000+0
   106                    0.6000 6.378+1 1.697+2  0.38   4.89  105.29 4.936+1 0.0 0.000+0
   107                    0.7000 6.698+1 1.745+2  0.38   4.99  105.29 4.994+1 0.0 0.000+0
   108                    0.8000 7.021+1 1.793+2  0.39   5.09  105.29 5.051+1 0.0 0.000+0
   109                    0.9000 7.348+1 1.842+2  0.40   5.18  105.28 5.109+1 0.0 0.000+0
   110 DNSTREAM           1.0000 7.677+1 1.891+2  0.41   5.28  105.28 5.166+1 0.0 0.000+0

 BRANCH NUMBER =     2
  Node  Node Identifier     Stat    Flow    Area   Vel  Depth    Elev     Top  Fr Lat Inf
   200 UPSTREAM           0.0000 9.025+1 1.458+2  0.62   4.39  105.39 4.636+1 0.0 0.000+0
   201                    0.1000 9.353+1 1.499+2  0.62   4.48  105.38 4.689+1 0.0 0.000+0
   202                    0.2000 9.683+1 1.541+2  0.63   4.57  105.37 4.742+1 0.0 0.000+0
   203                    0.3000 1.001+2 1.583+2  0.63   4.66  105.36 4.795+1 0.0 0.000+0
   204                    0.4000 1.034+2 1.625+2  0.64   4.75  105.35 4.847+1 0.0 0.000+0
   205                    0.5000 1.067+2 1.668+2  0.64   4.83  105.33 4.900+1 0.0 0.000+0
   206                    0.6000 1.100+2 1.712+2  0.64   4.92  105.32 4.953+1 0.0 0.000+0
   207                    0.7000 1.133+2 1.756+2  0.65   5.01  105.31 5.007+1 0.0 0.000+0
   208                    0.8000 1.165+2 1.800+2  0.65   5.10  105.30 5.060+1 0.0 0.000+0
   209                    0.9000 1.198+2 1.845+2  0.65   5.19  105.29 5.113+1 0.0 0.000+0
   210 DNSTREAM           1.0000 1.232+2 1.891+2  0.65   5.28  105.28 5.166+1 0.0 0.000+0

 BRANCH NUMBER =     3
  Node  Node Identifier     Stat    Flow    Area   Vel  Depth    Elev     Top  Fr Lat Inf
   300 UPSTREAM           0.0000 1.999+2 3.782+2  0.53   5.28  105.28 1.033+2 0.0 0.000+0
   301                    0.1000 2.063+2 3.486+2  0.59   5.17  105.27 9.692+1 0.0 0.000+0
   302                    0.2000 2.122+2 3.201+2  0.66   5.06  105.26 9.061+1 0.0 0.000+0
   303                    0.3000 2.177+2 2.925+2  0.74   4.94  105.24 8.439+1 0.0 0.000+0
   304                    0.4000 2.228+2 2.658+2  0.84   4.82  105.22 7.827+1 0.0 0.000+0
   305                    0.5000 2.274+2 2.399+2  0.95   4.69  105.19 7.223+1 0.0 0.000+0
   306                    0.6000 2.316+2 2.147+2  1.08   4.56  105.16 6.626+1 0.0 0.000+0
   307                    0.7000 2.353+2 1.902+2  1.24   4.41  105.11 6.036+1 0.0 0.000+0
   308                    0.8000 2.385+2 1.662+2  1.44   4.24  105.04 5.449+1 0.0 0.000+0
   309                    0.9000 2.413+2 1.425+2  1.69   4.03  104.93 4.863+1 0.0 0.000+0
   310 DNSTREAM           1.0000 2.436+2 1.186+2  2.05   3.78  104.78 4.269+1 0.0 0.000+0

 EXTERIOR NODES
  Node  Node Identifier        QE1     YE1    Elev    Storage    Storage
    U1 UPSTREAM          4.513E+01   4.316 105.316
    D1 DNSTREAM          7.677E+01   5.277 105.277
    U2 UPSTREAM          9.025E+01   4.394 105.394
    D2 DNSTREAM          1.232E+02   5.277 105.277
    U3 UPSTREAM          1.999E+02   5.277 105.277
    D3 DNSTREAM          2.436E+02   3.782 104.782
 Balance 1: S1=1.593E+06 S2=3.037E+06 BNI=1.259E+07 BNQ=1.115E+07 TAQ=0.000E+00 WSI=0.000E+00 WSQ=0.000E+00
 Bal diff=BAL=S2-S1-BNI-TAQ+BNQ-WSI+WSQ= 4.901E-01    Rel bal=BAL/(S2+BNQ)= 3.455E-08

 SIMULATION ending at  1990/ 1/ 1:10.7500000.  Time step=   450.00 sec
 ITER RCORECT  BRA   NODE   MXRES  LOC  SUMSQR NUMGT
    1 2.7E-02    2    200 4.7E+00   37 4.2E+02    33
    2 2.8E-05    3    309 6.5E-02   43 1.0E-02     0
 CSUR= 0.0E+00 AT ND=   0:     0 RLTQ= 0.0E+00 AT ND=   0:     0 DT/ITER=   225.0

 RESULTS at time          38700. JTIME =     47892.4479166669

 BRANCH NUMBER =     1
  Node  Node Identifier     Stat    Flow    Area   Vel  Depth    Elev     Top  Fr Lat Inf
   100 UPSTREAM           0.0000 4.275+1 1.396+2  0.31   4.26  105.26 4.556+1 0.0 0.000+0
   101                    0.1000 4.576+1 1.441+2  0.32   4.36  105.26 4.614+1 0.0 0.000+0
   102                    0.2000 4.880+1 1.486+2  0.33   4.45  105.25 4.672+1 0.0 0.000+0
   103                    0.3000 5.186+1 1.531+2  0.34   4.55  105.25 4.730+1 0.0 0.000+0
   104                    0.4000 5.495+1 1.577+2  0.35   4.65  105.25 4.788+1 0.0 0.000+0
   105                    0.5000 5.807+1 1.623+2  0.36   4.74  105.24 4.845+1 0.0 0.000+0
   106                    0.6000 6.122+1 1.670+2  0.37   4.84  105.24 4.903+1 0.0 0.000+0
   107                    0.7000 6.440+1 1.718+2  0.37   4.94  105.24 4.961+1 0.0 0.000+0
   108                    0.8000 6.760+1 1.766+2  0.38   5.03  105.23 5.018+1 0.0 0.000+0
   109                    0.9000 7.083+1 1.814+2  0.39   5.13  105.23 5.076+1 0.0 0.000+0
   110 DNSTREAM           1.0000 7.409+1 1.863+2  0.40   5.22  105.22 5.134+1 0.0 0.000+0

 BRANCH NUMBER =     2
  Node  Node Identifier     Stat    Flow    Area   Vel  Depth    Elev     Top  Fr Lat Inf
   200 UPSTREAM           0.0000 8.550+1 1.430+2  0.60   4.33  105.33 4.600+1 0.0 0.000+0
   201                    0.1000 8.876+1 1.471+2  0.60   4.42  105.32 4.653+1 0.0 0.000+0
   202                    0.2000 9.201+1 1.513+2  0.61   4.51  105.31 4.706+1 0.0 0.000+0
   203                    0.3000 9.527+1 1.555+2  0.61   4.60  105.30 4.760+1 0.0 0.000+0
   204                    0.4000 9.852+1 1.597+2  0.62   4.69  105.29 4.813+1 0.0 0.000+0
   205                    0.5000 1.018+2 1.640+2  0.62   4.78  105.28 4.866+1 0.0 0.000+0
   206                    0.6000 1.050+2 1.684+2  0.62   4.87  105.27 4.919+1 0.0 0.000+0
   207                    0.7000 1.083+2 1.728+2  0.63   4.96  105.26 4.973+1 0.0 0.000+0
   208                    0.8000 1.116+2 1.772+2  0.63   5.04  105.24 5.026+1 0.0 0.000+0
   209                    0.9000 1.148+2 1.817+2  0.63   5.13  105.23 5.080+1 0.0 0.000+0
   210 DNSTREAM           1.0000 1.181+2 1.863+2  0.63   5.22  105.22 5.134+1 0.0 0.000+0

 BRANCH NUMBER =     3
  Node  Node Identifier     Stat    Flow    Area   Vel  Depth    Elev     Top  Fr Lat Inf
   300 UPSTREAM           0.0000 1.922+2 3.726+2  0.52   5.22  105.22 1.027+2 0.0 0.000+0
   301                    0.1000 1.985+2 3.434+2  0.58   5.11  105.21 9.630+1 0.0 0.000+0
   302                    0.2000 2.044+2 3.152+2  0.65   5.00  105.20 9.003+1 0.0 0.000+0
   303                    0.3000 2.098+2 2.880+2  0.73   4.89  105.19 8.385+1 0.0 0.000+0
   304                    0.4000 2.148+2 2.617+2  0.82   4.77  105.17 7.777+1 0.0 0.000+0
   305                    0.5000 2.194+2 2.361+2  0.93   4.64  105.14 7.177+1 0.0 0.000+0
   306                    0.6000 2.235+2 2.114+2  1.06   4.50  105.10 6.584+1 0.0 0.000+0
   307                    0.7000 2.272+2 1.873+2  1.21   4.36  105.06 5.998+1 0.0 0.000+0
   308                    0.8000 2.304+2 1.636+2  1.41   4.19  104.99 5.415+1 0.0 0.000+0
   309                    0.9000 2.332+2 1.403+2  1.66   3.99  104.89 4.833+1 0.0 0.000+0
   310 DNSTREAM           1.0000 2.354+2 1.168+2  2.01   3.74  104.74 4.245+1 0.0 0.000+0

 EXTERIOR NODES
  Node  Node Identifier        QE1     YE1    Elev    Storage    Storage
    U1 UPSTREAM          4.275E+01   4.260 105.260
    D1 DNSTREAM          7.409E+01   5.223 105.223
    U2 UPSTREAM          8.550E+01   4.334 105.334
    D2 DNSTREAM          1.181E+02   5.223 105.223
    U3 UPSTREAM          1.922E+02   5.223 105.223
    D3 DNSTREAM          2.354E+02   3.742 104.742
 Balance 1: S1=1.593E+06 S2=2.988E+06 BNI=1.265E+07 BNQ=1.126E+07 TAQ=0.000E+00 WSI=0.000E+00 WSQ=0.000E+00
 Bal diff=BAL=S2-S1-BNI-TAQ+BNQ-WSI+WSQ= 4.424E-01    Rel bal=BAL/(S2+BNQ)= 3.105E-08

 SIMULATION ending at  1990/ 1/ 1:10.8750000.  Time step=   450.00 sec
 ITER RCORECT  BRA   NODE   MXRES  LOC  SUMSQR NUMGT
    1 2.8E-02    2    200 4.5E+00   41 4.1E+02    33
    2 2.5E-05    3    310 4.6E-02   43 7.8E-03     0
 CSUR= 0.0E+00 AT ND=   0:     0 RLTQ= 0.0E+00 AT ND=   0:     0 DT/ITER=   225.0

 RESULTS at time          39150. JTIME =     47892.4531250002

 BRANCH NUMBER =     1
  Node  Node Identifier     Stat    Flow    Area   Vel  Depth    Elev     Top  Fr Lat Inf
   100 UPSTREAM           0.0000 4.038+1 1.371+2  0.29   4.20  105.20 4.522+1 0.0 0.000+0
   101                    0.1000 4.336+1 1.415+2  0.31   4.30  105.20 4.580+1 0.0 0.000+0
   102                    0.2000 4.637+1 1.460+2  0.32   4.40  105.20 4.638+1 0.0 0.000+0
   103                    0.3000 4.941+1 1.505+2  0.33   4.49  105.19 4.696+1 0.0 0.000+0
   104                    0.4000 5.248+1 1.551+2  0.34   4.59  105.19 4.754+1 0.0 0.000+0
   105                    0.5000 5.557+1 1.597+2  0.35   4.69  105.19 4.812+1 0.0 0.000+0
   106                    0.6000 5.869+1 1.643+2  0.36   4.78  105.18 4.870+1 0.0 0.000+0
   107                    0.7000 6.184+1 1.691+2  0.37   4.88  105.18 4.928+1 0.0 0.000+0
   108                    0.8000 6.502+1 1.738+2  0.37   4.98  105.18 4.986+1 0.0 0.000+0
   109                    0.9000 6.822+1 1.786+2  0.38   5.07  105.17 5.043+1 0.0 0.000+0
   110 DNSTREAM           1.0000 7.146+1 1.835+2  0.39   5.17  105.17 5.101+1 0.0 0.000+0

 BRANCH NUMBER =     2
  Node  Node Identifier     Stat    Flow    Area   Vel  Depth    Elev     Top  Fr Lat Inf
   200 UPSTREAM           0.0000 8.075+1 1.403+2  0.58   4.27  105.27 4.564+1 0.0 0.000+0
   201                    0.1000 8.398+1 1.444+2  0.58   4.36  105.26 4.618+1 0.0 0.000+0
   202                    0.2000 8.722+1 1.485+2  0.59   4.45  105.25 4.671+1 0.0 0.000+0
   203                    0.3000 9.045+1 1.527+2  0.59   4.54  105.24 4.725+1 0.0 0.000+0
   204                    0.4000 9.368+1 1.570+2  0.60   4.63  105.23 4.778+1 0.0 0.000+0
   205                    0.5000 9.691+1 1.612+2  0.60   4.72  105.22 4.832+1 0.0 0.000+0
   206                    0.6000 1.001+2 1.656+2  0.60   4.81  105.21 4.886+1 0.0 0.000+0
   207                    0.7000 1.034+2 1.700+2  0.61   4.90  105.20 4.939+1 0.0 0.000+0
   208                    0.8000 1.066+2 1.744+2  0.61   4.99  105.19 4.993+1 0.0 0.000+0
   209                    0.9000 1.099+2 1.790+2  0.61   5.08  105.18 5.047+1 0.0 0.000+0
   210 DNSTREAM           1.0000 1.131+2 1.835+2  0.62   5.17  105.17 5.101+1 0.0 0.000+0

 BRANCH NUMBER =     3
  Node  Node Identifier     Stat    Flow    Area   Vel  Depth    Elev     Top  Fr Lat Inf
   300 UPSTREAM           0.0000 1.846+2 3.670+2  0.50   5.17  105.17 1.020+2 0.0 0.000+0
   301                    0.1000 1.908+2 3.382+2  0.56   5.06  105.16 9.569+1 0.0 0.000+0
   302                    0.2000 1.967+2 3.104+2  0.63   4.95  105.15 8.945+1 0.0 0.000+0
   303                    0.3000 2.021+2 2.836+2  0.71   4.83  105.13 8.331+1 0.0 0.000+0
   304                    0.4000 2.070+2 2.576+2  0.80   4.72  105.12 7.727+1 0.0 0.000+0
   305                    0.5000 2.115+2 2.325+2  0.91   4.59  105.09 7.130+1 0.0 0.000+0
   306                    0.6000 2.156+2 2.081+2  1.04   4.45  105.05 6.542+1 0.0 0.000+0
   307                    0.7000 2.192+2 1.843+2  1.19   4.31  105.01 5.959+1 0.0 0.000+0
   308                    0.8000 2.224+2 1.611+2  1.38   4.14  104.94 5.381+1 0.0 0.000+0
   309                    0.9000 2.252+2 1.382+2  1.63   3.95  104.85 4.804+1 0.0 0.000+0
   310 DNSTREAM           1.0000 2.274+2 1.152+2  1.97   3.70  104.70 4.221+1 0.0 0.000+0

 EXTERIOR NODES
  Node  Node Identifier        QE1     YE1    Elev    Storage    Storage
    U1 UPSTREAM          4.038E+01   4.203 105.203
    D1 DNSTREAM          7.146E+01   5.169 105.169
    U2 UPSTREAM          8.075E+01   4.274 105.274
    D2 DNSTREAM          1.131E+02   5.169 105.169
    U3 UPSTREAM          1.846E+02   5.169 105.169
    D3 DNSTREAM          2.274E+02   3.702 104.702
 Balance 1: S1=1.593E+06 S2=2.940E+06 BNI=1.271E+07 BNQ=1.136E+07 TAQ=0.000E+00 WSI=0.000E+00 WSQ=0.000E+00
 Bal diff=BAL=S2-S1-BNI-TAQ+BNQ-WSI+WSQ= 4.330E-01    Rel bal=BAL/(S2+BNQ)= 3.028E-08

 SIMULATION ending at  1990/ 1/ 1:11.0000000.  Time step=   450.00 sec
 ITER RCORECT  BRA   NODE   MXRES  LOC  SUMSQR NUMGT
    1 3.0E-02    2    200 4.5E+00   33 4.0E+02    33
    2 2.8E-05    3    305 4.5E-02   43 8.4E-03     0
 CSUR= 0.0E+00 AT ND=   0:     0 RLTQ= 0.0E+00 AT ND=   0:     0 DT/ITER=   225.0

 RESULTS at time          39600. JTIME =     47892.4583333335

 BRANCH NUMBER =     1
  Node  Node Identifier     Stat    Flow    Area   Vel  Depth    Elev     Top  Fr Lat Inf
   100 UPSTREAM           0.0000 3.800+1 1.346+2  0.28   4.15  105.15 4.488+1 0.0 0.000+0
   101                    0.1000 4.096+1 1.390+2  0.29   4.24  105.14 4.547+1 0.0 0.000+0
   102                    0.2000 4.395+1 1.434+2  0.31   4.34  105.14 4.605+1 0.0 0.000+0
   103                    0.3000 4.697+1 1.479+2  0.32   4.44  105.14 4.663+1 0.0 0.000+0
   104                    0.4000 5.001+1 1.524+2  0.33   4.54  105.14 4.721+1 0.0 0.000+0
   105                    0.5000 5.309+1 1.570+2  0.34   4.63  105.13 4.779+1 0.0 0.000+0
   106                    0.6000 5.619+1 1.617+2  0.35   4.73  105.13 4.837+1 0.0 0.000+0
   107                    0.7000 5.931+1 1.664+2  0.36   4.83  105.13 4.895+1 0.0 0.000+0
   108                    0.8000 6.247+1 1.711+2  0.37   4.92  105.12 4.953+1 0.0 0.000+0
   109                    0.9000 6.565+1 1.759+2  0.37   5.02  105.12 5.011+1 0.0 0.000+0
   110 DNSTREAM           1.0000 6.886+1 1.808+2  0.38   5.11  105.11 5.068+1 0.0 0.000+0

 BRANCH NUMBER =     2
  Node  Node Identifier     Stat    Flow    Area   Vel  Depth    Elev     Top  Fr Lat Inf
   200 UPSTREAM           0.0000 7.600+1 1.375+2  0.55   4.21  105.21 4.528+1 0.0 0.000+0
   201                    0.1000 7.922+1 1.416+2  0.56   4.30  105.20 4.582+1 0.0 0.000+0
   202                    0.2000 8.243+1 1.458+2  0.57   4.39  105.19 4.636+1 0.0 0.000+0
   203                    0.3000 8.564+1 1.500+2  0.57   4.48  105.18 4.690+1 0.0 0.000+0
   204                    0.4000 8.885+1 1.542+2  0.58   4.57  105.17 4.744+1 0.0 0.000+0
   205                    0.5000 9.206+1 1.585+2  0.58   4.66  105.16 4.798+1 0.0 0.000+0
   206                    0.6000 9.528+1 1.629+2  0.59   4.75  105.15 4.852+1 0.0 0.000+0
   207                    0.7000 9.849+1 1.672+2  0.59   4.84  105.14 4.906+1 0.0 0.000+0
   208                    0.8000 1.017+2 1.717+2  0.59   4.93  105.13 4.960+1 0.0 0.000+0
   209                    0.9000 1.049+2 1.762+2  0.60   5.02  105.12 5.014+1 0.0 0.000+0
   210 DNSTREAM           1.0000 1.081+2 1.808+2  0.60   5.11  105.11 5.068+1 0.0 0.000+0

 BRANCH NUMBER =     3
  Node  Node Identifier     Stat    Flow    Area   Vel  Depth    Elev     Top  Fr Lat Inf
   300 UPSTREAM           0.0000 1.770+2 3.615+2  0.49   5.11  105.11 1.014+2 0.0 0.000+0
   301                    0.1000 1.832+2 3.331+2  0.55   5.01  105.11 9.507+1 0.0 0.000+0
   302                    0.2000 1.890+2 3.057+2  0.62   4.90  105.10 8.887+1 0.0 0.000+0
   303                    0.3000 1.944+2 2.792+2  0.70   4.78  105.08 8.277+1 0.0 0.000+0
   304                    0.4000 1.993+2 2.536+2  0.79   4.66  105.06 7.676+1 0.0 0.000+0
   305                    0.5000 2.038+2 2.288+2  0.89   4.54  105.04 7.084+1 0.0 0.000+0
   306                    0.6000 2.078+2 2.048+2  1.01   4.40  105.00 6.500+1 0.0 0.000+0
   307                    0.7000 2.114+2 1.814+2  1.17   4.26  104.96 5.921+1 0.0 0.000+0
   308                    0.8000 2.146+2 1.586+2  1.35   4.09  104.89 5.348+1 0.0 0.000+0
   309                    0.9000 2.173+2 1.361+2  1.60   3.90  104.80 4.775+1 0.0 0.000+0
   310 DNSTREAM           1.0000 2.195+2 1.135+2  1.93   3.66  104.66 4.198+1 0.0 0.000+0

 EXTERIOR NODES
  Node  Node Identifier        QE1     YE1    Elev    Storage    Storage
    U1 UPSTREAM          3.800E+01   4.147 105.147
    D1 DNSTREAM          6.886E+01   5.114 105.114
    U2 UPSTREAM          7.600E+01   4.213 105.213
    D2 DNSTREAM          1.081E+02   5.114 105.114
    U3 UPSTREAM          1.770E+02   5.114 105.114
    D3 DNSTREAM          2.195E+02   3.662 104.662
 Balance 1: S1=1.593E+06 S2=2.893E+06 BNI=1.276E+07 BNQ=1.146E+07 TAQ=0.000E+00 WSI=0.000E+00 WSQ=0.000E+00
 Bal diff=BAL=S2-S1-BNI-TAQ+BNQ-WSI+WSQ= 4.214E-01    Rel bal=BAL/(S2+BNQ)= 2.935E-08

 SIMULATION ending at  1990/ 1/ 1:11.1250000.  Time step=   450.00 sec
 ITER RCORECT  BRA   NODE   MXRES  LOC  SUMSQR NUMGT
    1 2.1E-02    2    208 4.4E+00   39 3.9E+02    29
    2 2.7E-05    3    310 4.3E-02   43 7.2E-03     0
 CSUR= 0.0E+00 AT ND=   0:     0 RLTQ= 0.0E+00 AT ND=   0:     0 DT/ITER=   225.0

 RESULTS at time          40050. JTIME =     47892.4635416669

 BRANCH NUMBER =     1
  Node  Node Identifier     Stat    Flow    Area   Vel  Depth    Elev     Top  Fr Lat Inf
   100 UPSTREAM           0.0000 3.675+1 1.322+2  0.28   4.09  105.09 4.456+1 0.0 0.000+0
   101                    0.1000 3.946+1 1.365+2  0.29   4.19  105.09 4.515+1 0.0 0.000+0
   102                    0.2000 4.225+1 1.409+2  0.30   4.29  105.09 4.573+1 0.0 0.000+0
   103                    0.3000 4.510+1 1.454+2  0.31   4.39  105.09 4.631+1 0.0 0.000+0
   104                    0.4000 4.800+1 1.499+2  0.32   4.48  105.08 4.689+1 0.0 0.000+0
   105                    0.5000 5.096+1 1.545+2  0.33   4.58  105.08 4.747+1 0.0 0.000+0
   106                    0.6000 5.396+1 1.591+2  0.34   4.68  105.08 4.805+1 0.0 0.000+0
   107                    0.7000 5.700+1 1.637+2  0.35   4.77  105.07 4.863+1 0.0 0.000+0
   108                    0.8000 6.009+1 1.685+2  0.36   4.87  105.07 4.921+1 0.0 0.000+0
   109                    0.9000 6.320+1 1.732+2  0.36   4.96  105.06 4.978+1 0.0 0.000+0
   110 DNSTREAM           1.0000 6.635+1 1.780+2  0.37   5.06  105.06 5.036+1 0.0 0.000+0

 BRANCH NUMBER =     2
  Node  Node Identifier     Stat    Flow    Area   Vel  Depth    Elev     Top  Fr Lat Inf
   200 UPSTREAM           0.0000 7.350+1 1.350+2  0.54   4.16  105.16 4.495+1 0.0 0.000+0
   201                    0.1000 7.621+1 1.391+2  0.55   4.25  105.15 4.549+1 0.0 0.000+0
   202                    0.2000 7.903+1 1.432+2  0.55   4.34  105.14 4.602+1 0.0 0.000+0
   203                    0.3000 8.192+1 1.474+2  0.56   4.43  105.13 4.656+1 0.0 0.000+0
   204                    0.4000 8.489+1 1.516+2  0.56   4.52  105.12 4.710+1 0.0 0.000+0
   205                    0.5000 8.791+1 1.558+2  0.56   4.61  105.11 4.764+1 0.0 0.000+0
   206                    0.6000 9.096+1 1.602+2  0.57   4.70  105.10 4.819+1 0.0 0.000+0
   207                    0.7000 9.405+1 1.646+2  0.57   4.79  105.09 4.873+1 0.0 0.000+0
   208                    0.8000 9.716+1 1.690+2  0.57   4.88  105.08 4.927+1 0.0 0.000+0
   209                    0.9000 1.003+2 1.735+2  0.58   4.97  105.07 4.982+1 0.0 0.000+0
   210 DNSTREAM           1.0000 1.035+2 1.780+2  0.58   5.06  105.06 5.036+1 0.0 0.000+0

 BRANCH NUMBER =     3
  Node  Node Identifier     Stat    Flow    Area   Vel  Depth    Elev     Top  Fr Lat Inf
   300 UPSTREAM           0.0000 1.698+2 3.561+2  0.48   5.06  105.06 1.007+2 0.0 0.000+0
   301                    0.1000 1.759+2 3.280+2  0.54   4.95  105.05 9.446+1 0.0 0.000+0
   302                    0.2000 1.816+2 3.010+2  0.60   4.84  105.04 8.830+1 0.0 0.000+0
   303                    0.3000 1.869+2 2.749+2  0.68   4.73  105.03 8.224+1 0.0 0.000+0
   304                    0.4000 1.917+2 2.496+2  0.77   4.61  105.01 7.627+1 0.0 0.000+0
   305                    0.5000 1.962+2 2.252+2  0.87   4.49  104.99 7.038+1 0.0 0.000+0
   306                    0.6000 2.002+2 2.016+2  0.99   4.35  104.95 6.457+1 0.0 0.000+0
   307                    0.7000 2.037+2 1.786+2  1.14   4.21  104.91 5.883+1 0.0 0.000+0
   308                    0.8000 2.069+2 1.561+2  1.33   4.05  104.85 5.314+1 0.0 0.000+0
   309                    0.9000 2.095+2 1.340+2  1.56   3.86  104.76 4.746+1 0.0 0.000+0
   310 DNSTREAM           1.0000 2.117+2 1.118+2  1.89   3.62  104.62 4.174+1 0.0 0.000+0

 EXTERIOR NODES
  Node  Node Identifier        QE1     YE1    Elev    Storage    Storage
    U1 UPSTREAM          3.675E+01   4.094 105.094
    D1 DNSTREAM          6.635E+01   5.061 105.061
    U2 UPSTREAM          7.350E+01   4.158 105.158
    D2 DNSTREAM          1.035E+02   5.061 105.061
    U3 UPSTREAM          1.698E+02   5.061 105.061
    D3 DNSTREAM          2.117E+02   3.623 104.623
 Balance 1: S1=1.593E+06 S2=2.846E+06 BNI=1.281E+07 BNQ=1.156E+07 TAQ=0.000E+00 WSI=0.000E+00 WSQ=0.000E+00
 Bal diff=BAL=S2-S1-BNI-TAQ+BNQ-WSI+WSQ= 4.600E-01    Rel bal=BAL/(S2+BNQ)= 3.193E-08

 SIMULATION ending at  1990/ 1/ 1:11.2500000.  Time step=   450.00 sec
 ITER RCORECT  BRA   NODE   MXRES  LOC  SUMSQR NUMGT
    1 1.8E-02    3    310 4.3E+00   43 2.9E+02    24
    2 2.7E-05    3    310 4.0E-02   43 6.0E-03     0
 CSUR= 0.0E+00 AT ND=   0:     0 RLTQ= 0.0E+00 AT ND=   0:     0 DT/ITER=   225.0

 RESULTS at time          40500. JTIME =     47892.4687500002

 BRANCH NUMBER =     1
  Node  Node Identifier     Stat    Flow    Area   Vel  Depth    Elev     Top  Fr Lat Inf
   100 UPSTREAM           0.0000 3.550+1 1.298+2  0.27   4.04  105.04 4.425+1 0.0 0.000+0
   101                    0.1000 3.829+1 1.342+2  0.29   4.14  105.04 4.483+1 0.0 0.000+0
   102                    0.2000 4.106+1 1.385+2  0.30   4.24  105.04 4.541+1 0.0 0.000+0
   103                    0.3000 4.383+1 1.430+2  0.31   4.33  105.03 4.600+1 0.0 0.000+0
   104                    0.4000 4.662+1 1.475+2  0.32   4.43  105.03 4.658+1 0.0 0.000+0
   105                    0.5000 4.944+1 1.520+2  0.33   4.53  105.03 4.716+1 0.0 0.000+0
   106                    0.6000 5.230+1 1.566+2  0.33   4.62  105.02 4.773+1 0.0 0.000+0
   107                    0.7000 5.519+1 1.612+2  0.34   4.72  105.02 4.831+1 0.0 0.000+0
   108                    0.8000 5.811+1 1.659+2  0.35   4.82  105.02 4.889+1 0.0 0.000+0
   109                    0.9000 6.107+1 1.706+2  0.36   4.91  105.01 4.947+1 0.0 0.000+0
   110 DNSTREAM           1.0000 6.407+1 1.754+2  0.37   5.01  105.01 5.005+1 0.0 0.000+0

 BRANCH NUMBER =     2
  Node  Node Identifier     Stat    Flow    Area   Vel  Depth    Elev     Top  Fr Lat Inf
   200 UPSTREAM           0.0000 7.100+1 1.327+2  0.54   4.10  105.10 4.463+1 0.0 0.000+0
   201                    0.1000 7.389+1 1.367+2  0.54   4.20  105.10 4.517+1 0.0 0.000+0
   202                    0.2000 7.670+1 1.408+2  0.54   4.29  105.09 4.571+1 0.0 0.000+0
   203                    0.3000 7.948+1 1.449+2  0.55   4.38  105.08 4.625+1 0.0 0.000+0
   204                    0.4000 8.226+1 1.491+2  0.55   4.47  105.07 4.679+1 0.0 0.000+0
   205                    0.5000 8.507+1 1.534+2  0.55   4.56  105.06 4.733+1 0.0 0.000+0
   206                    0.6000 8.791+1 1.577+2  0.56   4.65  105.05 4.787+1 0.0 0.000+0
   207                    0.7000 9.078+1 1.620+2  0.56   4.74  105.04 4.841+1 0.0 0.000+0
   208                    0.8000 9.369+1 1.664+2  0.56   4.83  105.03 4.896+1 0.0 0.000+0
   209                    0.9000 9.665+1 1.709+2  0.57   4.92  105.02 4.950+1 0.0 0.000+0
   210 DNSTREAM           1.0000 9.964+1 1.754+2  0.57   5.01  105.01 5.005+1 0.0 0.000+0

 BRANCH NUMBER =     3
  Node  Node Identifier     Stat    Flow    Area   Vel  Depth    Elev     Top  Fr Lat Inf
   300 UPSTREAM           0.0000 1.637+2 3.508+2  0.47   5.01  105.01 1.001+2 0.0 0.000+0
   301                    0.1000 1.695+2 3.231+2  0.52   4.90  105.00 9.387+1 0.0 0.000+0
   302                    0.2000 1.750+2 2.964+2  0.59   4.79  104.99 8.774+1 0.0 0.000+0
   303                    0.3000 1.801+2 2.706+2  0.67   4.68  104.98 8.171+1 0.0 0.000+0
   304                    0.4000 1.847+2 2.457+2  0.75   4.56  104.96 7.578+1 0.0 0.000+0
   305                    0.5000 1.890+2 2.217+2  0.85   4.44  104.94 6.993+1 0.0 0.000+0
   306                    0.6000 1.929+2 1.984+2  0.97   4.30  104.90 6.416+1 0.0 0.000+0
   307                    0.7000 1.964+2 1.757+2  1.12   4.16  104.86 5.846+1 0.0 0.000+0
   308                    0.8000 1.994+2 1.537+2  1.30   4.00  104.80 5.281+1 0.0 0.000+0
   309                    0.9000 2.020+2 1.319+2  1.53   3.81  104.71 4.718+1 0.0 0.000+0
   310 DNSTREAM           1.0000 2.041+2 1.102+2  1.85   3.58  104.58 4.150+1 0.0 0.000+0

 EXTERIOR NODES
  Node  Node Identifier        QE1     YE1    Elev    Storage    Storage
    U1 UPSTREAM          3.550E+01   4.042 105.042
    D1 DNSTREAM          6.407E+01   5.008 105.008
    U2 UPSTREAM          7.100E+01   4.105 105.105
    D2 DNSTREAM          9.964E+01   5.008 105.008
    U3 UPSTREAM          1.637E+02   5.008 105.008
    D3 DNSTREAM          2.041E+02   3.584 104.584
 Balance 1: S1=1.593E+06 S2=2.801E+06 BNI=1.286E+07 BNQ=1.165E+07 TAQ=0.000E+00 WSI=0.000E+00 WSQ=0.000E+00
 Bal diff=BAL=S2-S1-BNI-TAQ+BNQ-WSI+WSQ= 5.031E-01    Rel bal=BAL/(S2+BNQ)= 3.481E-08

 SIMULATION ending at  1990/ 1/ 1:11.3750000.  Time step=   450.00 sec
 ITER RCORECT  BRA   NODE   MXRES  LOC  SUMSQR NUMGT
    1 2.2E-02    1    102 4.1E+00   43 2.3E+02    33
    2 2.5E-05    3    310 3.5E-02   43 4.7E-03     0
 CSUR= 0.0E+00 AT ND=   0:     0 RLTQ= 0.0E+00 AT ND=   0:     0 DT/ITER=   225.0

 RESULTS at time          40950. JTIME =     47892.4739583336

 BRANCH NUMBER =     1
  Node  Node Identifier     Stat    Flow    Area   Vel  Depth    Elev     Top  Fr Lat Inf
   100 UPSTREAM           0.0000 3.425+1 1.276+2  0.27   3.99  104.99 4.394+1 0.0 0.000+0
   101                    0.1000 3.687+1 1.319+2  0.28   4.09  104.99 4.452+1 0.0 0.000+0
   102                    0.2000 3.957+1 1.362+2  0.29   4.18  104.98 4.510+1 0.0 0.000+0
   103                    0.3000 4.230+1 1.406+2  0.30   4.28  104.98 4.569+1 0.0 0.000+0
   104                    0.4000 4.507+1 1.451+2  0.31   4.38  104.98 4.627+1 0.0 0.000+0
   105                    0.5000 4.785+1 1.496+2  0.32   4.48  104.98 4.685+1 0.0 0.000+0
   106                    0.6000 5.063+1 1.542+2  0.33   4.57  104.97 4.743+1 0.0 0.000+0
   107                    0.7000 5.344+1 1.588+2  0.34   4.67  104.97 4.801+1 0.0 0.000+0
   108                    0.8000 5.625+1 1.634+2  0.34   4.77  104.97 4.859+1 0.0 0.000+0
   109                    0.9000 5.909+1 1.681+2  0.35   4.86  104.96 4.917+1 0.0 0.000+0
   110 DNSTREAM           1.0000 6.194+1 1.729+2  0.36   4.96  104.96 4.975+1 0.0 0.000+0

 BRANCH NUMBER =     2
  Node  Node Identifier     Stat    Flow    Area   Vel  Depth    Elev     Top  Fr Lat Inf
   200 UPSTREAM           0.0000 6.850+1 1.303+2  0.53   4.05  105.05 4.431+1 0.0 0.000+0
   201                    0.1000 7.116+1 1.343+2  0.53   4.14  105.04 4.485+1 0.0 0.000+0
   202                    0.2000 7.395+1 1.384+2  0.53   4.23  105.03 4.539+1 0.0 0.000+0
   203                    0.3000 7.677+1 1.425+2  0.54   4.32  105.02 4.594+1 0.0 0.000+0
   204                    0.4000 7.961+1 1.467+2  0.54   4.41  105.01 4.648+1 0.0 0.000+0
   205                    0.5000 8.245+1 1.510+2  0.55   4.50  105.00 4.702+1 0.0 0.000+0
   206                    0.6000 8.528+1 1.552+2  0.55   4.59  104.99 4.757+1 0.0 0.000+0
   207                    0.7000 8.811+1 1.596+2  0.55   4.69  104.99 4.811+1 0.0 0.000+0
   208                    0.8000 9.095+1 1.640+2  0.55   4.78  104.98 4.866+1 0.0 0.000+0
   209                    0.9000 9.379+1 1.684+2  0.56   4.87  104.97 4.920+1 0.0 0.000+0
   210 DNSTREAM           1.0000 9.665+1 1.729+2  0.56   4.96  104.96 4.975+1 0.0 0.000+0

 BRANCH NUMBER =     3
  Node  Node Identifier     Stat    Flow    Area   Vel  Depth    Elev     Top  Fr Lat Inf
   300 UPSTREAM           0.0000 1.586+2 3.458+2  0.46   4.96  104.96 9.950+1 0.0 0.000+0
   301                    0.1000 1.641+2 3.185+2  0.52   4.85  104.95 9.330+1 0.0 0.000+0
   302                    0.2000 1.693+2 2.921+2  0.58   4.74  104.94 8.720+1 0.0 0.000+0
   303                    0.3000 1.741+2 2.666+2  0.65   4.63  104.93 8.121+1 0.0 0.000+0
   304                    0.4000 1.785+2 2.420+2  0.74   4.51  104.91 7.531+1 0.0 0.000+0
   305                    0.5000 1.825+2 2.183+2  0.84   4.39  104.89 6.949+1 0.0 0.000+0
   306                    0.6000 1.862+2 1.953+2  0.95   4.26  104.86 6.376+1 0.0 0.000+0
   307                    0.7000 1.895+2 1.730+2  1.09   4.12  104.82 5.810+1 0.0 0.000+0
   308                    0.8000 1.924+2 1.513+2  1.27   3.96  104.76 5.249+1 0.0 0.000+0
   309                    0.9000 1.949+2 1.300+2  1.50   3.77  104.67 4.690+1 0.0 0.000+0
   310 DNSTREAM           1.0000 1.969+2 1.087+2  1.81   3.55  104.55 4.128+1 0.0 0.000+0

 EXTERIOR NODES
  Node  Node Identifier        QE1     YE1    Elev    Storage    Storage
    U1 UPSTREAM          3.425E+01   3.990 104.990
    D1 DNSTREAM          6.194E+01   4.958 104.958
    U2 UPSTREAM          6.850E+01   4.052 105.052
    D2 DNSTREAM          9.665E+01   4.958 104.958
    U3 UPSTREAM          1.586E+02   4.958 104.958
    D3 DNSTREAM          1.969E+02   3.546 104.546
 Balance 1: S1=1.593E+06 S2=2.758E+06 BNI=1.291E+07 BNQ=1.174E+07 TAQ=0.000E+00 WSI=0.000E+00 WSQ=0.000E+00
 Bal diff=BAL=S2-S1-BNI-TAQ+BNQ-WSI+WSQ= 5.281E-01    Rel bal=BAL/(S2+BNQ)= 3.642E-08

 SIMULATION ending at  1990/ 1/ 1:11.5000000.  Time step=   450.00 sec
 ITER RCORECT  BRA   NODE   MXRES  LOC  SUMSQR NUMGT
    1 2.3E-02    1    106 3.8E+00   43 2.2E+02    33
    2 4.0E-05    3    309 7.1E-02   43 1.0E-02     0
 CSUR= 0.0E+00 AT ND=   0:     0 RLTQ= 0.0E+00 AT ND=   0:     0 DT/ITER=   225.0

 RESULTS at time          41400. JTIME =     47892.4791666669

 BRANCH NUMBER =     1
  Node  Node Identifier     Stat    Flow    Area   Vel  Depth    Elev     Top  Fr Lat Inf
   100 UPSTREAM           0.0000 3.300+1 1.254+2  0.26   3.94  104.94 4.364+1 0.0 0.000+0
   101                    0.1000 3.556+1 1.296+2  0.27   4.04  104.94 4.422+1 0.0 0.000+0
   102                    0.2000 3.811+1 1.340+2  0.28   4.13  104.93 4.481+1 0.0 0.000+0
   103                    0.3000 4.069+1 1.383+2  0.29   4.23  104.93 4.539+1 0.0 0.000+0
   104                    0.4000 4.330+1 1.428+2  0.30   4.33  104.93 4.597+1 0.0 0.000+0
   105                    0.5000 4.596+1 1.473+2  0.31   4.43  104.93 4.655+1 0.0 0.000+0
   106                    0.6000 4.865+1 1.518+2  0.32   4.52  104.92 4.713+1 0.0 0.000+0
   107                    0.7000 5.137+1 1.564+2  0.33   4.62  104.92 4.771+1 0.0 0.000+0
   108                    0.8000 5.413+1 1.611+2  0.34   4.72  104.92 4.829+1 0.0 0.000+0
   109                    0.9000 5.691+1 1.657+2  0.34   4.81  104.91 4.887+1 0.0 0.000+0
   110 DNSTREAM           1.0000 5.971+1 1.705+2  0.35   4.91  104.91 4.945+1 0.0 0.000+0

 BRANCH NUMBER =     2
  Node  Node Identifier     Stat    Flow    Area   Vel  Depth    Elev     Top  Fr Lat Inf
   200 UPSTREAM           0.0000 6.600+1 1.280+2  0.52   4.00  105.00 4.400+1 0.0 0.000+0
   201                    0.1000 6.872+1 1.320+2  0.52   4.09  104.99 4.454+1 0.0 0.000+0
   202                    0.2000 7.137+1 1.361+2  0.52   4.18  104.98 4.509+1 0.0 0.000+0
   203                    0.3000 7.403+1 1.402+2  0.53   4.27  104.97 4.563+1 0.0 0.000+0
   204                    0.4000 7.673+1 1.444+2  0.53   4.36  104.96 4.617+1 0.0 0.000+0
   205                    0.5000 7.948+1 1.486+2  0.53   4.45  104.95 4.672+1 0.0 0.000+0
   206                    0.6000 8.225+1 1.528+2  0.54   4.54  104.94 4.726+1 0.0 0.000+0
   207                    0.7000 8.505+1 1.572+2  0.54   4.64  104.94 4.781+1 0.0 0.000+0
   208                    0.8000 8.785+1 1.616+2  0.54   4.73  104.93 4.836+1 0.0 0.000+0
   209                    0.9000 9.066+1 1.660+2  0.55   4.82  104.92 4.891+1 0.0 0.000+0
   210 DNSTREAM           1.0000 9.348+1 1.705+2  0.55   4.91  104.91 4.945+1 0.0 0.000+0

 BRANCH NUMBER =     3
  Node  Node Identifier     Stat    Flow    Area   Vel  Depth    Elev     Top  Fr Lat Inf
   300 UPSTREAM           0.0000 1.532+2 3.410+2  0.45   4.91  104.91 9.891+1 0.0 0.000+0
   301                    0.1000 1.586+2 3.140+2  0.51   4.80  104.90 9.275+1 0.0 0.000+0
   302                    0.2000 1.636+2 2.879+2  0.57   4.69  104.89 8.669+1 0.0 0.000+0
   303                    0.3000 1.683+2 2.628+2  0.64   4.58  104.88 8.072+1 0.0 0.000+0
   304                    0.4000 1.725+2 2.385+2  0.72   4.46  104.86 7.485+1 0.0 0.000+0
   305                    0.5000 1.764+2 2.151+2  0.82   4.34  104.84 6.908+1 0.0 0.000+0
   306                    0.6000 1.799+2 1.924+2  0.93   4.21  104.81 6.338+1 0.0 0.000+0
   307                    0.7000 1.831+2 1.705+2  1.07   4.07  104.77 5.775+1 0.0 0.000+0
   308                    0.8000 1.858+2 1.491+2  1.25   3.91  104.71 5.218+1 0.0 0.000+0
   309                    0.9000 1.881+2 1.281+2  1.47   3.73  104.63 4.663+1 0.0 0.000+0
   310 DNSTREAM           1.0000 1.901+2 1.072+2  1.77   3.51  104.51 4.106+1 0.0 0.000+0

 EXTERIOR NODES
  Node  Node Identifier        QE1     YE1    Elev    Storage    Storage
    U1 UPSTREAM          3.300E+01   3.940 104.940
    D1 DNSTREAM          5.971E+01   4.910 104.910
    U2 UPSTREAM          6.600E+01   4.000 105.000
    D2 DNSTREAM          9.348E+01   4.910 104.910
    U3 UPSTREAM          1.532E+02   4.910 104.910
    D3 DNSTREAM          1.901E+02   3.510 104.510
 Balance 1: S1=1.593E+06 S2=2.717E+06 BNI=1.295E+07 BNQ=1.183E+07 TAQ=0.000E+00 WSI=0.000E+00 WSQ=0.000E+00
 Bal diff=BAL=S2-S1-BNI-TAQ+BNQ-WSI+WSQ= 5.707E-01    Rel bal=BAL/(S2+BNQ)= 3.923E-08

 SIMULATION ending at  1990/ 1/ 1:11.6250000.  Time step=   450.00 sec
 ITER RCORECT  BRA   NODE   MXRES  LOC  SUMSQR NUMGT
    1 2.1E-02    2    201 3.9E+00   25 2.5E+02    33
    2 2.4E-05    3    310 2.9E-02   43 3.7E-03     0
 CSUR= 0.0E+00 AT ND=   0:     0 RLTQ= 0.0E+00 AT ND=   0:     0 DT/ITER=   225.0

 RESULTS at time          41850. JTIME =     47892.4843750002

 BRANCH NUMBER =     1
  Node  Node Identifier     Stat    Flow    Area   Vel  Depth    Elev     Top  Fr Lat Inf
   100 UPSTREAM           0.0000 3.175+1 1.232+2  0.26   3.89  104.89 4.335+1 0.0 0.000+0
   101                    0.1000 3.418+1 1.275+2  0.27   3.99  104.89 4.393+1 0.0 0.000+0
   102                    0.2000 3.668+1 1.318+2  0.28   4.09  104.89 4.452+1 0.0 0.000+0
   103                    0.3000 3.919+1 1.362+2  0.29   4.18  104.88 4.510+1 0.0 0.000+0
   104                    0.4000 4.173+1 1.406+2  0.30   4.28  104.88 4.568+1 0.0 0.000+0
   105                    0.5000 4.428+1 1.450+2  0.31   4.38  104.88 4.626+1 0.0 0.000+0
   106                    0.6000 4.686+1 1.496+2  0.31   4.47  104.87 4.685+1 0.0 0.000+0
   107                    0.7000 4.946+1 1.541+2  0.32   4.57  104.87 4.743+1 0.0 0.000+0
   108                    0.8000 5.211+1 1.587+2  0.33   4.67  104.87 4.801+1 0.0 0.000+0
   109                    0.9000 5.478+1 1.634+2  0.34   4.77  104.87 4.859+1 0.0 0.000+0
   110 DNSTREAM           1.0000 5.749+1 1.681+2  0.34   4.86  104.86 4.917+1 0.0 0.000+0

 BRANCH NUMBER =     2
  Node  Node Identifier     Stat    Flow    Area   Vel  Depth    Elev     Top  Fr Lat Inf
   200 UPSTREAM           0.0000 6.350+1 1.258+2  0.50   3.95  104.95 4.370+1 0.0 0.000+0
   201                    0.1000 6.607+1 1.298+2  0.51   4.04  104.94 4.424+1 0.0 0.000+0
   202                    0.2000 6.871+1 1.338+2  0.51   4.13  104.93 4.479+1 0.0 0.000+0
   203                    0.3000 7.136+1 1.379+2  0.52   4.22  104.92 4.533+1 0.0 0.000+0
   204                    0.4000 7.400+1 1.421+2  0.52   4.31  104.91 4.588+1 0.0 0.000+0
   205                    0.5000 7.663+1 1.463+2  0.52   4.40  104.90 4.642+1 0.0 0.000+0
   206                    0.6000 7.926+1 1.505+2  0.53   4.50  104.90 4.697+1 0.0 0.000+0
   207                    0.7000 8.191+1 1.549+2  0.53   4.59  104.89 4.752+1 0.0 0.000+0
   208                    0.8000 8.458+1 1.592+2  0.53   4.68  104.88 4.807+1 0.0 0.000+0
   209                    0.9000 8.727+1 1.637+2  0.53   4.77  104.87 4.862+1 0.0 0.000+0
   210 DNSTREAM           1.0000 8.999+1 1.681+2  0.54   4.86  104.86 4.917+1 0.0 0.000+0

 BRANCH NUMBER =     3
  Node  Node Identifier     Stat    Flow    Area   Vel  Depth    Elev     Top  Fr Lat Inf
   300 UPSTREAM           0.0000 1.475+2 3.363+2  0.44   4.86  104.86 9.834+1 0.0 0.000+0
   301                    0.1000 1.528+2 3.096+2  0.49   4.75  104.85 9.221+1 0.0 0.000+0
   302                    0.2000 1.577+2 2.838+2  0.56   4.65  104.85 8.618+1 0.0 0.000+0
   303                    0.3000 1.622+2 2.590+2  0.63   4.53  104.83 8.025+1 0.0 0.000+0
   304                    0.4000 1.664+2 2.351+2  0.71   4.42  104.82 7.441+1 0.0 0.000+0
   305                    0.5000 1.702+2 2.120+2  0.80   4.30  104.80 6.867+1 0.0 0.000+0
   306                    0.6000 1.737+2 1.896+2  0.92   4.17  104.77 6.301+1 0.0 0.000+0
   307                    0.7000 1.767+2 1.680+2  1.05   4.03  104.73 5.742+1 0.0 0.000+0
   308                    0.8000 1.794+2 1.469+2  1.22   3.87  104.67 5.188+1 0.0 0.000+0
   309                    0.9000 1.817+2 1.263+2  1.44   3.69  104.59 4.638+1 0.0 0.000+0
   310 DNSTREAM           1.0000 1.836+2 1.058+2  1.74   3.48  104.48 4.085+1 0.0 0.000+0

 EXTERIOR NODES
  Node  Node Identifier        QE1     YE1    Elev    Storage    Storage
    U1 UPSTREAM          3.175E+01   3.891 104.891
    D1 DNSTREAM          5.749E+01   4.862 104.862
    U2 UPSTREAM          6.350E+01   3.949 104.949
    D2 DNSTREAM          8.999E+01   4.862 104.862
    U3 UPSTREAM          1.475E+02   4.862 104.862
    D3 DNSTREAM          1.836E+02   3.476 104.476
 Balance 1: S1=1.593E+06 S2=2.676E+06 BNI=1.300E+07 BNQ=1.191E+07 TAQ=0.000E+00 WSI=0.000E+00 WSQ=0.000E+00
 Bal diff=BAL=S2-S1-BNI-TAQ+BNQ-WSI+WSQ= 5.715E-01    Rel bal=BAL/(S2+BNQ)= 3.917E-08

 SIMULATION ending at  1990/ 1/ 1:11.7500000.  Time step=   450.00 sec
 ITER RCORECT  BRA   NODE   MXRES  LOC  SUMSQR NUMGT
    1 2.1E-02    2    203 3.8E+00   33 2.4E+02    33
    2 2.4E-05    3    310 2.8E-02   43 2.9E-03     0
 CSUR= 0.0E+00 AT ND=   0:     0 RLTQ= 0.0E+00 AT ND=   0:     0 DT/ITER=   225.0

 RESULTS at time          42300. JTIME =     47892.4895833336

 BRANCH NUMBER =     1
  Node  Node Identifier     Stat    Flow    Area   Vel  Depth    Elev     Top  Fr Lat Inf
   100 UPSTREAM           0.0000 3.050+1 1.212+2  0.25   3.84  104.84 4.306+1 0.0 0.000+0
   101                    0.1000 3.290+1 1.254+2  0.26   3.94  104.84 4.365+1 0.0 0.000+0
   102                    0.2000 3.529+1 1.297+2  0.27   4.04  104.84 4.423+1 0.0 0.000+0
   103                    0.3000 3.773+1 1.341+2  0.28   4.14  104.84 4.482+1 0.0 0.000+0
   104                    0.4000 4.020+1 1.384+2  0.29   4.23  104.83 4.540+1 0.0 0.000+0
   105                    0.5000 4.270+1 1.429+2  0.30   4.33  104.83 4.598+1 0.0 0.000+0
   106                    0.6000 4.523+1 1.474+2  0.31   4.43  104.83 4.656+1 0.0 0.000+0
   107                    0.7000 4.778+1 1.519+2  0.31   4.52  104.82 4.715+1 0.0 0.000+0
   108                    0.8000 5.035+1 1.565+2  0.32   4.62  104.82 4.773+1 0.0 0.000+0
   109                    0.9000 5.294+1 1.612+2  0.33   4.72  104.82 4.831+1 0.0 0.000+0
   110 DNSTREAM           1.0000 5.555+1 1.659+2  0.33   4.82  104.82 4.889+1 0.0 0.000+0

 BRANCH NUMBER =     2
  Node  Node Identifier     Stat    Flow    Area   Vel  Depth    Elev     Top  Fr Lat Inf
   200 UPSTREAM           0.0000 6.100+1 1.236+2  0.49   3.90  104.90 4.340+1 0.0 0.000+0
   201                    0.1000 6.353+1 1.276+2  0.50   3.99  104.89 4.394+1 0.0 0.000+0
   202                    0.2000 6.602+1 1.316+2  0.50   4.08  104.88 4.449+1 0.0 0.000+0
   203                    0.3000 6.854+1 1.357+2  0.51   4.17  104.87 4.504+1 0.0 0.000+0
   204                    0.4000 7.110+1 1.399+2  0.51   4.26  104.86 4.559+1 0.0 0.000+0
   205                    0.5000 7.369+1 1.441+2  0.51   4.36  104.86 4.614+1 0.0 0.000+0
   206                    0.6000 7.629+1 1.483+2  0.51   4.45  104.85 4.669+1 0.0 0.000+0
   207                    0.7000 7.889+1 1.526+2  0.52   4.54  104.84 4.724+1 0.0 0.000+0
   208                    0.8000 8.150+1 1.570+2  0.52   4.63  104.83 4.779+1 0.0 0.000+0
   209                    0.9000 8.411+1 1.614+2  0.52   4.72  104.82 4.834+1 0.0 0.000+0
   210 DNSTREAM           1.0000 8.672+1 1.659+2  0.52   4.82  104.82 4.889+1 0.0 0.000+0

 BRANCH NUMBER =     3
  Node  Node Identifier     Stat    Flow    Area   Vel  Depth    Elev     Top  Fr Lat Inf
   300 UPSTREAM           0.0000 1.423+2 3.317+2  0.43   4.82  104.82 9.778+1 0.0 0.000+0
   301                    0.1000 1.473+2 3.053+2  0.48   4.71  104.81 9.168+1 0.0 0.000+0
   302                    0.2000 1.521+2 2.799+2  0.54   4.60  104.80 8.568+1 0.0 0.000+0
   303                    0.3000 1.564+2 2.554+2  0.61   4.49  104.79 7.978+1 0.0 0.000+0
   304                    0.4000 1.605+2 2.317+2  0.69   4.37  104.77 7.398+1 0.0 0.000+0
   305                    0.5000 1.642+2 2.089+2  0.79   4.25  104.75 6.827+1 0.0 0.000+0
   306                    0.6000 1.675+2 1.869+2  0.90   4.12  104.72 6.264+1 0.0 0.000+0
   307                    0.7000 1.705+2 1.656+2  1.03   3.99  104.69 5.709+1 0.0 0.000+0
   308                    0.8000 1.732+2 1.448+2  1.20   3.83  104.63 5.159+1 0.0 0.000+0
   309                    0.9000 1.754+2 1.245+2  1.41   3.66  104.56 4.613+1 0.0 0.000+0
   310 DNSTREAM           1.0000 1.772+2 1.044+2  1.70   3.44  104.44 4.065+1 0.0 0.000+0

 EXTERIOR NODES
  Node  Node Identifier        QE1     YE1    Elev    Storage    Storage
    U1 UPSTREAM          3.050E+01   3.844 104.844
    D1 DNSTREAM          5.555E+01   4.815 104.815
    U2 UPSTREAM          6.100E+01   3.900 104.900
    D2 DNSTREAM          8.672E+01   4.815 104.815
    U3 UPSTREAM          1.423E+02   4.815 104.815
    D3 DNSTREAM          1.772E+02   3.442 104.442
 Balance 1: S1=1.593E+06 S2=2.637E+06 BNI=1.304E+07 BNQ=1.199E+07 TAQ=0.000E+00 WSI=0.000E+00 WSQ=0.000E+00
 Bal diff=BAL=S2-S1-BNI-TAQ+BNQ-WSI+WSQ= 5.574E-01    Rel bal=BAL/(S2+BNQ)= 3.810E-08

 SIMULATION ending at  1990/ 1/ 1:11.8750000.  Time step=   450.00 sec
 ITER RCORECT  BRA   NODE   MXRES  LOC  SUMSQR NUMGT
    1 2.1E-02    2    201 3.5E+00   43 2.0E+02    33
    2 2.4E-05    3    310 2.5E-02   43 2.5E-03     0
 CSUR= 0.0E+00 AT ND=   0:     0 RLTQ= 0.0E+00 AT ND=   0:     0 DT/ITER=   225.0

 RESULTS at time          42750. JTIME =     47892.4947916669

 BRANCH NUMBER =     1
  Node  Node Identifier     Stat    Flow    Area   Vel  Depth    Elev     Top  Fr Lat Inf
   100 UPSTREAM           0.0000 2.925+1 1.192+2  0.25   3.80  104.80 4.278+1 0.0 0.000+0
   101                    0.1000 3.157+1 1.234+2  0.26   3.90  104.80 4.337+1 0.0 0.000+0
   102                    0.2000 3.395+1 1.277+2  0.27   3.99  104.79 4.396+1 0.0 0.000+0
   103                    0.3000 3.633+1 1.320+2  0.28   4.09  104.79 4.454+1 0.0 0.000+0
   104                    0.4000 3.872+1 1.364+2  0.28   4.19  104.79 4.512+1 0.0 0.000+0
   105                    0.5000 4.115+1 1.408+2  0.29   4.28  104.78 4.571+1 0.0 0.000+0
   106                    0.6000 4.360+1 1.452+2  0.30   4.38  104.78 4.629+1 0.0 0.000+0
   107                    0.7000 4.608+1 1.498+2  0.31   4.48  104.78 4.687+1 0.0 0.000+0
   108                    0.8000 4.859+1 1.543+2  0.31   4.58  104.78 4.745+1 0.0 0.000+0
   109                    0.9000 5.113+1 1.590+2  0.32   4.67  104.77 4.804+1 0.0 0.000+0
   110 DNSTREAM           1.0000 5.369+1 1.637+2  0.33   4.77  104.77 4.862+1 0.0 0.000+0

 BRANCH NUMBER =     2
  Node  Node Identifier     Stat    Flow    Area   Vel  Depth    Elev     Top  Fr Lat Inf
   200 UPSTREAM           0.0000 5.850+1 1.215+2  0.48   3.85  104.85 4.311+1 0.0 0.000+0
   201                    0.1000 6.093+1 1.255+2  0.49   3.94  104.84 4.365+1 0.0 0.000+0
   202                    0.2000 6.342+1 1.295+2  0.49   4.03  104.83 4.420+1 0.0 0.000+0
   203                    0.3000 6.589+1 1.336+2  0.49   4.13  104.83 4.475+1 0.0 0.000+0
   204                    0.4000 6.836+1 1.377+2  0.50   4.22  104.82 4.530+1 0.0 0.000+0
   205                    0.5000 7.084+1 1.419+2  0.50   4.31  104.81 4.585+1 0.0 0.000+0
   206                    0.6000 7.334+1 1.461+2  0.50   4.40  104.80 4.640+1 0.0 0.000+0
   207                    0.7000 7.586+1 1.504+2  0.50   4.49  104.79 4.696+1 0.0 0.000+0
   208                    0.8000 7.841+1 1.548+2  0.51   4.59  104.79 4.751+1 0.0 0.000+0
   209                    0.9000 8.096+1 1.592+2  0.51   4.68  104.78 4.806+1 0.0 0.000+0
   210 DNSTREAM           1.0000 8.353+1 1.637+2  0.51   4.77  104.77 4.862+1 0.0 0.000+0

 BRANCH NUMBER =     3
  Node  Node Identifier     Stat    Flow    Area   Vel  Depth    Elev     Top  Fr Lat Inf
   300 UPSTREAM           0.0000 1.372+2 3.273+2  0.42   4.77  104.77 9.724+1 0.0 0.000+0
   301                    0.1000 1.422+2 3.012+2  0.47   4.66  104.76 9.117+1 0.0 0.000+0
   302                    0.2000 1.468+2 2.760+2  0.53   4.56  104.76 8.520+1 0.0 0.000+0
   303                    0.3000 1.511+2 2.518+2  0.60   4.44  104.74 7.933+1 0.0 0.000+0
   304                    0.4000 1.550+2 2.285+2  0.68   4.33  104.73 7.356+1 0.0 0.000+0
   305                    0.5000 1.585+2 2.060+2  0.77   4.21  104.71 6.788+1 0.0 0.000+0
   306                    0.6000 1.618+2 1.843+2  0.88   4.08  104.68 6.229+1 0.0 0.000+0
   307                    0.7000 1.647+2 1.632+2  1.01   3.94  104.64 5.677+1 0.0 0.000+0
   308                    0.8000 1.672+2 1.428+2  1.17   3.79  104.59 5.131+1 0.0 0.000+0
   309                    0.9000 1.693+2 1.228+2  1.38   3.62  104.52 4.588+1 0.0 0.000+0
   310 DNSTREAM           1.0000 1.711+2 1.030+2  1.66   3.41  104.41 4.045+1 0.0 0.000+0

 EXTERIOR NODES
  Node  Node Identifier        QE1     YE1    Elev    Storage    Storage
    U1 UPSTREAM          2.925E+01   3.797 104.797
    D1 DNSTREAM          5.369E+01   4.770 104.770
    U2 UPSTREAM          5.850E+01   3.851 104.851
    D2 DNSTREAM          8.353E+01   4.770 104.770
    U3 UPSTREAM          1.372E+02   4.770 104.770
    D3 DNSTREAM          1.711E+02   3.408 104.408
 Balance 1: S1=1.593E+06 S2=2.599E+06 BNI=1.308E+07 BNQ=1.207E+07 TAQ=0.000E+00 WSI=0.000E+00 WSQ=0.000E+00
 Bal diff=BAL=S2-S1-BNI-TAQ+BNQ-WSI+WSQ= 5.029E-01    Rel bal=BAL/(S2+BNQ)= 3.428E-08

 SIMULATION ending at  1990/ 1/ 1:12.0000000.  Time step=   450.00 sec
 ITER RCORECT  BRA   NODE   MXRES  LOC  SUMSQR NUMGT
    1 2.1E-02    2    200 3.2E+00   43 1.9E+02    33
    2 2.4E-05    3    310 2.3E-02   43 2.4E-03     0
 CSUR= 0.0E+00 AT ND=   0:     0 RLTQ= 0.0E+00 AT ND=   0:     0 DT/ITER=   225.0

 RESULTS at time          43200. JTIME =     47892.5000000002

 BRANCH NUMBER =     1
  Node  Node Identifier     Stat    Flow    Area   Vel  Depth    Elev     Top  Fr Lat Inf
   100 UPSTREAM           0.0000 2.800+1 1.173+2  0.24   3.75  104.75 4.251+1 0.0 0.000+0
   101                    0.1000 3.027+1 1.214+2  0.25   3.85  104.75 4.310+1 0.0 0.000+0
   102                    0.2000 3.256+1 1.257+2  0.26   3.95  104.75 4.368+1 0.0 0.000+0
   103                    0.3000 3.488+1 1.300+2  0.27   4.04  104.74 4.427+1 0.0 0.000+0
   104                    0.4000 3.723+1 1.343+2  0.28   4.14  104.74 4.485+1 0.0 0.000+0
   105                    0.5000 3.961+1 1.387+2  0.29   4.24  104.74 4.544+1 0.0 0.000+0
   106                    0.6000 4.201+1 1.432+2  0.29   4.34  104.74 4.602+1 0.0 0.000+0
   107                    0.7000 4.442+1 1.477+2  0.30   4.43  104.73 4.660+1 0.0 0.000+0
   108                    0.8000 4.686+1 1.522+2  0.31   4.53  104.73 4.719+1 0.0 0.000+0
   109                    0.9000 4.932+1 1.568+2  0.31   4.63  104.73 4.777+1 0.0 0.000+0
   110 DNSTREAM           1.0000 5.181+1 1.615+2  0.32   4.73  104.73 4.835+1 0.0 0.000+0

 BRANCH NUMBER =     2
  Node  Node Identifier     Stat    Flow    Area   Vel  Depth    Elev     Top  Fr Lat Inf
   200 UPSTREAM           0.0000 5.600+1 1.195+2  0.47   3.80  104.80 4.282+1 0.0 0.000+0
   201                    0.1000 5.840+1 1.234+2  0.47   3.90  104.80 4.337+1 0.0 0.000+0
   202                    0.2000 6.078+1 1.274+2  0.48   3.99  104.79 4.392+1 0.0 0.000+0
   203                    0.3000 6.320+1 1.315+2  0.48   4.08  104.78 4.447+1 0.0 0.000+0
   204                    0.4000 6.564+1 1.356+2  0.48   4.17  104.77 4.503+1 0.0 0.000+0
   205                    0.5000 6.809+1 1.398+2  0.49   4.26  104.76 4.558+1 0.0 0.000+0
   206                    0.6000 7.054+1 1.440+2  0.49   4.36  104.76 4.613+1 0.0 0.000+0
   207                    0.7000 7.299+1 1.483+2  0.49   4.45  104.75 4.668+1 0.0 0.000+0
   208                    0.8000 7.544+1 1.526+2  0.49   4.54  104.74 4.724+1 0.0 0.000+0
   209                    0.9000 7.792+1 1.570+2  0.50   4.63  104.73 4.779+1 0.0 0.000+0
   210 DNSTREAM           1.0000 8.041+1 1.615+2  0.50   4.73  104.73 4.835+1 0.0 0.000+0

 BRANCH NUMBER =     3
  Node  Node Identifier     Stat    Flow    Area   Vel  Depth    Elev     Top  Fr Lat Inf
   300 UPSTREAM           0.0000 1.322+2 3.230+2  0.41   4.73  104.73 9.671+1 0.0 0.000+0
   301                    0.1000 1.370+2 2.972+2  0.46   4.62  104.72 9.066+1 0.0 0.000+0
   302                    0.2000 1.415+2 2.723+2  0.52   4.51  104.71 8.472+1 0.0 0.000+0
   303                    0.3000 1.457+2 2.484+2  0.59   4.40  104.70 7.888+1 0.0 0.000+0
   304                    0.4000 1.495+2 2.253+2  0.66   4.29  104.69 7.315+1 0.0 0.000+0
   305                    0.5000 1.530+2 2.031+2  0.75   4.17  104.67 6.750+1 0.0 0.000+0
   306                    0.6000 1.562+2 1.817+2  0.86   4.04  104.64 6.194+1 0.0 0.000+0
   307                    0.7000 1.590+2 1.610+2  0.99   3.90  104.60 5.645+1 0.0 0.000+0
   308                    0.8000 1.615+2 1.408+2  1.15   3.75  104.55 5.103+1 0.0 0.000+0
   309                    0.9000 1.635+2 1.212+2  1.35   3.58  104.48 4.564+1 0.0 0.000+0
   310 DNSTREAM           1.0000 1.653+2 1.017+2  1.62   3.38  104.38 4.026+1 0.0 0.000+0

 EXTERIOR NODES
  Node  Node Identifier        QE1     YE1    Elev    Storage    Storage
    U1 UPSTREAM          2.800E+01   3.752 104.752
    D1 DNSTREAM          5.181E+01   4.725 104.725
    U2 UPSTREAM          5.600E+01   3.803 104.803
    D2 DNSTREAM          8.041E+01   4.725 104.725
    U3 UPSTREAM          1.322E+02   4.725 104.725
    D3 DNSTREAM          1.653E+02   3.376 104.376
 Balance 1: S1=1.593E+06 S2=2.562E+06 BNI=1.312E+07 BNQ=1.215E+07 TAQ=0.000E+00 WSI=0.000E+00 WSQ=0.000E+00
 Bal diff=BAL=S2-S1-BNI-TAQ+BNQ-WSI+WSQ= 4.474E-01    Rel bal=BAL/(S2+BNQ)= 3.041E-08

 SIMULATION ending at  1990/ 1/ 1:12.1250000.  Time step=   450.00 sec
 ITER RCORECT  BRA   NODE   MXRES  LOC  SUMSQR NUMGT
    1 2.0E-02    2    205 3.3E+00   33 1.9E+02    33
    2 2.4E-05    3    310 2.2E-02   43 1.9E-03     0
 CSUR= 0.0E+00 AT ND=   0:     0 RLTQ= 0.0E+00 AT ND=   0:     0 DT/ITER=   225.0

 RESULTS at time          43650. JTIME =     47892.5052083336

 BRANCH NUMBER =     1
  Node  Node Identifier     Stat    Flow    Area   Vel  Depth    Elev     Top  Fr Lat Inf
   100 UPSTREAM           0.0000 2.688+1 1.154+2  0.23   3.71  104.71 4.224+1 0.0 0.000+0
   101                    0.1000 2.906+1 1.195+2  0.24   3.81  104.71 4.283+1 0.0 0.000+0
   102                    0.2000 3.129+1 1.238+2  0.25   3.90  104.70 4.342+1 0.0 0.000+0
   103                    0.3000 3.353+1 1.280+2  0.26   4.00  104.70 4.400+1 0.0 0.000+0
   104                    0.4000 3.579+1 1.323+2  0.27   4.10  104.70 4.459+1 0.0 0.000+0
   105                    0.5000 3.809+1 1.367+2  0.28   4.20  104.70 4.517+1 0.0 0.000+0
   106                    0.6000 4.042+1 1.411+2  0.29   4.29  104.69 4.576+1 0.0 0.000+0
   107                    0.7000 4.278+1 1.456+2  0.29   4.39  104.69 4.634+1 0.0 0.000+0
   108                    0.8000 4.515+1 1.502+2  0.30   4.49  104.69 4.692+1 0.0 0.000+0
   109                    0.9000 4.755+1 1.548+2  0.31   4.58  104.68 4.751+1 0.0 0.000+0
   110 DNSTREAM           1.0000 4.997+1 1.594+2  0.31   4.68  104.68 4.809+1 0.0 0.000+0

 BRANCH NUMBER =     2
  Node  Node Identifier     Stat    Flow    Area   Vel  Depth    Elev     Top  Fr Lat Inf
   200 UPSTREAM           0.0000 5.375+1 1.175+2  0.46   3.76  104.76 4.254+1 0.0 0.000+0
   201                    0.1000 5.603+1 1.214+2  0.46   3.85  104.75 4.309+1 0.0 0.000+0
   202                    0.2000 5.836+1 1.254+2  0.47   3.94  104.74 4.365+1 0.0 0.000+0
   203                    0.3000 6.068+1 1.295+2  0.47   4.03  104.73 4.420+1 0.0 0.000+0
   204                    0.4000 6.302+1 1.336+2  0.47   4.13  104.73 4.475+1 0.0 0.000+0
   205                    0.5000 6.538+1 1.377+2  0.47   4.22  104.72 4.531+1 0.0 0.000+0
   206                    0.6000 6.776+1 1.420+2  0.48   4.31  104.71 4.586+1 0.0 0.000+0
   207                    0.7000 7.017+1 1.462+2  0.48   4.40  104.70 4.642+1 0.0 0.000+0
   208                    0.8000 7.258+1 1.506+2  0.48   4.50  104.70 4.697+1 0.0 0.000+0
   209                    0.9000 7.501+1 1.550+2  0.48   4.59  104.69 4.753+1 0.0 0.000+0
   210 DNSTREAM           1.0000 7.744+1 1.594+2  0.49   4.68  104.68 4.809+1 0.0 0.000+0

 BRANCH NUMBER =     3
  Node  Node Identifier     Stat    Flow    Area   Vel  Depth    Elev     Top  Fr Lat Inf
   300 UPSTREAM           0.0000 1.274+2 3.188+2  0.40   4.68  104.68 9.618+1 0.0 0.000+0
   301                    0.1000 1.321+2 2.933+2  0.45   4.58  104.68 9.017+1 0.0 0.000+0
   302                    0.2000 1.365+2 2.687+2  0.51   4.47  104.67 8.426+1 0.0 0.000+0
   303                    0.3000 1.405+2 2.450+2  0.57   4.36  104.66 7.845+1 0.0 0.000+0
   304                    0.4000 1.442+2 2.223+2  0.65   4.24  104.64 7.274+1 0.0 0.000+0
   305                    0.5000 1.476+2 2.003+2  0.74   4.13  104.63 6.713+1 0.0 0.000+0
   306                    0.6000 1.507+2 1.792+2  0.84   4.00  104.60 6.160+1 0.0 0.000+0
   307                    0.7000 1.535+2 1.587+2  0.97   3.86  104.56 5.615+1 0.0 0.000+0
   308                    0.8000 1.559+2 1.389+2  1.12   3.72  104.52 5.076+1 0.0 0.000+0
   309                    0.9000 1.579+2 1.196+2  1.32   3.55  104.45 4.541+1 0.0 0.000+0
   310 DNSTREAM           1.0000 1.596+2 1.004+2  1.59   3.34  104.34 4.007+1 0.0 0.000+0

 EXTERIOR NODES
  Node  Node Identifier        QE1     YE1    Elev    Storage    Storage
    U1 UPSTREAM          2.688E+01   3.707 104.707
    D1 DNSTREAM          4.997E+01   4.682 104.682
    U2 UPSTREAM          5.375E+01   3.757 104.757
    D2 DNSTREAM          7.744E+01   4.682 104.682
    U3 UPSTREAM          1.274E+02   4.682 104.682
    D3 DNSTREAM          1.596E+02   3.344 104.344
 Balance 1: S1=1.593E+06 S2=2.526E+06 BNI=1.315E+07 BNQ=1.222E+07 TAQ=0.000E+00 WSI=0.000E+00 WSQ=0.000E+00
 Bal diff=BAL=S2-S1-BNI-TAQ+BNQ-WSI+WSQ= 4.359E-01    Rel bal=BAL/(S2+BNQ)= 2.956E-08

 SIMULATION ending at  1990/ 1/ 1:12.2500000.  Time step=   450.00 sec
 ITER RCORECT  BRA   NODE   MXRES  LOC  SUMSQR NUMGT
    1 2.1E-02    2    200 3.1E+00   43 1.7E+02    33
    2 2.4E-05    3    310 2.0E-02   43 1.7E-03     0
 CSUR= 0.0E+00 AT ND=   0:     0 RLTQ= 0.0E+00 AT ND=   0:     0 DT/ITER=   225.0

 RESULTS at time          44100. JTIME =     47892.5104166669

 BRANCH NUMBER =     1
  Node  Node Identifier     Stat    Flow    Area   Vel  Depth    Elev     Top  Fr Lat Inf
   100 UPSTREAM           0.0000 2.575+1 1.135+2  0.23   3.66  104.66 4.198+1 0.0 0.000+0
   101                    0.1000 2.790+1 1.177+2  0.24   3.76  104.66 4.257+1 0.0 0.000+0
   102                    0.2000 3.006+1 1.219+2  0.25   3.86  104.66 4.316+1 0.0 0.000+0
   103                    0.3000 3.224+1 1.261+2  0.26   3.96  104.66 4.374+1 0.0 0.000+0
   104                    0.4000 3.446+1 1.304+2  0.26   4.06  104.66 4.433+1 0.0 0.000+0
   105                    0.5000 3.669+1 1.348+2  0.27   4.15  104.65 4.491+1 0.0 0.000+0
   106                    0.6000 3.894+1 1.392+2  0.28   4.25  104.65 4.550+1 0.0 0.000+0
   107                    0.7000 4.122+1 1.436+2  0.29   4.35  104.65 4.608+1 0.0 0.000+0
   108                    0.8000 4.352+1 1.482+2  0.29   4.44  104.64 4.667+1 0.0 0.000+0
   109                    0.9000 4.586+1 1.527+2  0.30   4.54  104.64 4.725+1 0.0 0.000+0
   110 DNSTREAM           1.0000 4.821+1 1.574+2  0.31   4.64  104.64 4.783+1 0.0 0.000+0

 BRANCH NUMBER =     2
  Node  Node Identifier     Stat    Flow    Area   Vel  Depth    Elev     Top  Fr Lat Inf
   200 UPSTREAM           0.0000 5.150+1 1.156+2  0.45   3.71  104.71 4.227+1 0.0 0.000+0
   201                    0.1000 5.377+1 1.195+2  0.45   3.80  104.70 4.282+1 0.0 0.000+0
   202                    0.2000 5.602+1 1.235+2  0.45   3.90  104.70 4.338+1 0.0 0.000+0
   203                    0.3000 5.830+1 1.275+2  0.46   3.99  104.69 4.393+1 0.0 0.000+0
   204                    0.4000 6.058+1 1.316+2  0.46   4.08  104.68 4.449+1 0.0 0.000+0
   205                    0.5000 6.288+1 1.358+2  0.46   4.17  104.67 4.504+1 0.0 0.000+0
   206                    0.6000 6.517+1 1.400+2  0.47   4.27  104.67 4.560+1 0.0 0.000+0
   207                    0.7000 6.749+1 1.442+2  0.47   4.36  104.66 4.616+1 0.0 0.000+0
   208                    0.8000 6.981+1 1.485+2  0.47   4.45  104.65 4.672+1 0.0 0.000+0
   209                    0.9000 7.216+1 1.529+2  0.47   4.55  104.65 4.727+1 0.0 0.000+0
   210 DNSTREAM           1.0000 7.453+1 1.574+2  0.47   4.64  104.64 4.783+1 0.0 0.000+0

 BRANCH NUMBER =     3
  Node  Node Identifier     Stat    Flow    Area   Vel  Depth    Elev     Top  Fr Lat Inf
   300 UPSTREAM           0.0000 1.227+2 3.147+2  0.39   4.64  104.64 9.567+1 0.0 0.000+0
   301                    0.1000 1.273+2 2.894+2  0.44   4.53  104.63 8.968+1 0.0 0.000+0
   302                    0.2000 1.316+2 2.651+2  0.50   4.43  104.63 8.380+1 0.0 0.000+0
   303                    0.3000 1.355+2 2.418+2  0.56   4.32  104.62 7.802+1 0.0 0.000+0
   304                    0.4000 1.392+2 2.193+2  0.63   4.20  104.60 7.235+1 0.0 0.000+0
   305                    0.5000 1.425+2 1.976+2  0.72   4.08  104.58 6.676+1 0.0 0.000+0
   306                    0.6000 1.455+2 1.767+2  0.82   3.96  104.56 6.126+1 0.0 0.000+0
   307                    0.7000 1.481+2 1.566+2  0.95   3.83  104.53 5.585+1 0.0 0.000+0
   308                    0.8000 1.505+2 1.370+2  1.10   3.68  104.48 5.049+1 0.0 0.000+0
   309                    0.9000 1.525+2 1.180+2  1.29   3.51  104.41 4.518+1 0.0 0.000+0
   310 DNSTREAM           1.0000 1.541+2 9.919+1  1.55   3.31  104.31 3.988+1 0.0 0.000+0

 EXTERIOR NODES
  Node  Node Identifier        QE1     YE1    Elev    Storage    Storage
    U1 UPSTREAM          2.575E+01   3.664 104.664
    D1 DNSTREAM          4.821E+01   4.639 104.639
    U2 UPSTREAM          5.150E+01   3.711 104.711
    D2 DNSTREAM          7.453E+01   4.639 104.639
    U3 UPSTREAM          1.227E+02   4.639 104.639
    D3 DNSTREAM          1.541E+02   3.313 104.313
 Balance 1: S1=1.593E+06 S2=2.491E+06 BNI=1.319E+07 BNQ=1.229E+07 TAQ=0.000E+00 WSI=0.000E+00 WSQ=0.000E+00
 Bal diff=BAL=S2-S1-BNI-TAQ+BNQ-WSI+WSQ= 4.350E-01    Rel bal=BAL/(S2+BNQ)= 2.943E-08

 SIMULATION ending at  1990/ 1/ 1:12.3750000.  Time step=   450.00 sec
 ITER RCORECT  BRA   NODE   MXRES  LOC  SUMSQR NUMGT
    1 2.2E-02    2    201 3.0E+00   43 1.6E+02    33
    2 2.4E-05    3    310 1.8E-02   43 1.5E-03     0
 CSUR= 0.0E+00 AT ND=   0:     0 RLTQ= 0.0E+00 AT ND=   0:     0 DT/ITER=   225.0

 RESULTS at time          44550. JTIME =     47892.5156250002

 BRANCH NUMBER =     1
  Node  Node Identifier     Stat    Flow    Area   Vel  Depth    Elev     Top  Fr Lat Inf
   100 UPSTREAM           0.0000 2.463+1 1.118+2  0.22   3.62  104.62 4.173+1 0.0 0.000+0
   101                    0.1000 2.671+1 1.159+2  0.23   3.72  104.62 4.231+1 0.0 0.000+0
   102                    0.2000 2.882+1 1.201+2  0.24   3.82  104.62 4.290+1 0.0 0.000+0
   103                    0.3000 3.096+1 1.243+2  0.25   3.91  104.61 4.349+1 0.0 0.000+0
   104                    0.4000 3.312+1 1.286+2  0.26   4.01  104.61 4.408+1 0.0 0.000+0
   105                    0.5000 3.530+1 1.329+2  0.27   4.11  104.61 4.466+1 0.0 0.000+0
   106                    0.6000 3.751+1 1.373+2  0.27   4.21  104.61 4.525+1 0.0 0.000+0
   107                    0.7000 3.974+1 1.417+2  0.28   4.31  104.61 4.583+1 0.0 0.000+0
   108                    0.8000 4.199+1 1.462+2  0.29   4.40  104.60 4.642+1 0.0 0.000+0
   109                    0.9000 4.426+1 1.508+2  0.29   4.50  104.60 4.700+1 0.0 0.000+0
   110 DNSTREAM           1.0000 4.655+1 1.554+2  0.30   4.60  104.60 4.758+1 0.0 0.000+0

 BRANCH NUMBER =     2
  Node  Node Identifier     Stat    Flow    Area   Vel  Depth    Elev     Top  Fr Lat Inf
   200 UPSTREAM           0.0000 4.925+1 1.137+2  0.43   3.67  104.67 4.200+1 0.0 0.000+0
   201                    0.1000 5.144+1 1.176+2  0.44   3.76  104.66 4.256+1 0.0 0.000+0
   202                    0.2000 5.367+1 1.216+2  0.44   3.85  104.65 4.311+1 0.0 0.000+0
   203                    0.3000 5.589+1 1.256+2  0.45   3.94  104.64 4.367+1 0.0 0.000+0
   204                    0.4000 5.813+1 1.297+2  0.45   4.04  104.64 4.423+1 0.0 0.000+0
   205                    0.5000 6.038+1 1.338+2  0.45   4.13  104.63 4.478+1 0.0 0.000+0
   206                    0.6000 6.265+1 1.380+2  0.45   4.22  104.62 4.534+1 0.0 0.000+0
   207                    0.7000 6.492+1 1.423+2  0.46   4.32  104.62 4.590+1 0.0 0.000+0
   208                    0.8000 6.719+1 1.466+2  0.46   4.41  104.61 4.646+1 0.0 0.000+0
   209                    0.9000 6.948+1 1.509+2  0.46   4.50  104.60 4.702+1 0.0 0.000+0
   210 DNSTREAM           1.0000 7.177+1 1.554+2  0.46   4.60  104.60 4.758+1 0.0 0.000+0

 BRANCH NUMBER =     3
  Node  Node Identifier     Stat    Flow    Area   Vel  Depth    Elev     Top  Fr Lat Inf
   300 UPSTREAM           0.0000 1.183+2 3.107+2  0.38   4.60  104.60 9.517+1 0.0 0.000+0
   301                    0.1000 1.228+2 2.857+2  0.43   4.49  104.59 8.921+1 0.0 0.000+0
   302                    0.2000 1.269+2 2.617+2  0.48   4.39  104.59 8.336+1 0.0 0.000+0
   303                    0.3000 1.307+2 2.386+2  0.55   4.28  104.58 7.761+1 0.0 0.000+0
   304                    0.4000 1.343+2 2.164+2  0.62   4.16  104.56 7.196+1 0.0 0.000+0
   305                    0.5000 1.375+2 1.950+2  0.71   4.04  104.54 6.640+1 0.0 0.000+0
   306                    0.6000 1.404+2 1.744+2  0.81   3.92  104.52 6.094+1 0.0 0.000+0
   307                    0.7000 1.430+2 1.545+2  0.93   3.79  104.49 5.555+1 0.0 0.000+0
   308                    0.8000 1.453+2 1.352+2  1.07   3.64  104.44 5.023+1 0.0 0.000+0
   309                    0.9000 1.472+2 1.165+2  1.26   3.48  104.38 4.496+1 0.0 0.000+0
   310 DNSTREAM           1.0000 1.488+2 9.799+1  1.52   3.28  104.28 3.970+1 0.0 0.000+0

 EXTERIOR NODES
  Node  Node Identifier        QE1     YE1    Elev    Storage    Storage
    U1 UPSTREAM          2.463E+01   3.621 104.621
    D1 DNSTREAM          4.655E+01   4.598 104.598
    U2 UPSTREAM          4.925E+01   3.666 104.666
    D2 DNSTREAM          7.177E+01   4.598 104.598
    U3 UPSTREAM          1.183E+02   4.598 104.598
    D3 DNSTREAM          1.488E+02   3.283 104.283
 Balance 1: S1=1.593E+06 S2=2.457E+06 BNI=1.322E+07 BNQ=1.236E+07 TAQ=0.000E+00 WSI=0.000E+00 WSQ=0.000E+00
 Bal diff=BAL=S2-S1-BNI-TAQ+BNQ-WSI+WSQ= 3.675E-01    Rel bal=BAL/(S2+BNQ)= 2.480E-08

 SIMULATION ending at  1990/ 1/ 1:12.5000000.  Time step=   450.00 sec
 ITER RCORECT  BRA   NODE   MXRES  LOC  SUMSQR NUMGT
    1 2.3E-02    2    200 2.9E+00   43 1.5E+02    33
    2 2.4E-05    3    310 1.7E-02   43 1.3E-03     0
 CSUR= 0.0E+00 AT ND=   0:     0 RLTQ= 0.0E+00 AT ND=   0:     0 DT/ITER=   225.0

 RESULTS at time          45000. JTIME =     47892.5208333336

 BRANCH NUMBER =     1
  Node  Node Identifier     Stat    Flow    Area   Vel  Depth    Elev     Top  Fr Lat Inf
   100 UPSTREAM           0.0000 2.350+1 1.100+2  0.21   3.58  104.58 4.147+1 0.0 0.000+0
   101                    0.1000 2.554+1 1.141+2  0.22   3.68  104.58 4.206+1 0.0 0.000+0
   102                    0.2000 2.760+1 1.183+2  0.23   3.78  104.58 4.265+1 0.0 0.000+0
   103                    0.3000 2.969+1 1.225+2  0.24   3.87  104.57 4.324+1 0.0 0.000+0
   104                    0.4000 3.179+1 1.267+2  0.25   3.97  104.57 4.383+1 0.0 0.000+0
   105                    0.5000 3.392+1 1.310+2  0.26   4.07  104.57 4.441+1 0.0 0.000+0
   106                    0.6000 3.607+1 1.354+2  0.27   4.17  104.57 4.500+1 0.0 0.000+0
   107                    0.7000 3.825+1 1.398+2  0.27   4.26  104.56 4.558+1 0.0 0.000+0
   108                    0.8000 4.045+1 1.443+2  0.28   4.36  104.56 4.617+1 0.0 0.000+0
   109                    0.9000 4.267+1 1.488+2  0.29   4.46  104.56 4.675+1 0.0 0.000+0
   110 DNSTREAM           1.0000 4.492+1 1.534+2  0.29   4.56  104.56 4.734+1 0.0 0.000+0

 BRANCH NUMBER =     2
  Node  Node Identifier     Stat    Flow    Area   Vel  Depth    Elev     Top  Fr Lat Inf
   200 UPSTREAM           0.0000 4.700+1 1.118+2  0.42   3.62  104.62 4.173+1 0.0 0.000+0
   201                    0.1000 4.916+1 1.157+2  0.42   3.72  104.62 4.229+1 0.0 0.000+0
   202                    0.2000 5.132+1 1.197+2  0.43   3.81  104.61 4.285+1 0.0 0.000+0
   203                    0.3000 5.350+1 1.237+2  0.43   3.90  104.60 4.341+1 0.0 0.000+0
   204                    0.4000 5.569+1 1.278+2  0.44   4.00  104.60 4.397+1 0.0 0.000+0
   205                    0.5000 5.788+1 1.319+2  0.44   4.09  104.59 4.453+1 0.0 0.000+0
   206                    0.6000 6.009+1 1.361+2  0.44   4.18  104.58 4.509+1 0.0 0.000+0
   207                    0.7000 6.231+1 1.404+2  0.44   4.28  104.58 4.565+1 0.0 0.000+0
   208                    0.8000 6.455+1 1.447+2  0.45   4.37  104.57 4.621+1 0.0 0.000+0
   209                    0.9000 6.679+1 1.490+2  0.45   4.46  104.56 4.678+1 0.0 0.000+0
   210 DNSTREAM           1.0000 6.905+1 1.534+2  0.45   4.56  104.56 4.734+1 0.0 0.000+0

 BRANCH NUMBER =     3
  Node  Node Identifier     Stat    Flow    Area   Vel  Depth    Elev     Top  Fr Lat Inf
   300 UPSTREAM           0.0000 1.140+2 3.069+2  0.37   4.56  104.56 9.468+1 0.0 0.000+0
   301                    0.1000 1.183+2 2.821+2  0.42   4.45  104.55 8.875+1 0.0 0.000+0
   302                    0.2000 1.224+2 2.583+2  0.47   4.34  104.54 8.292+1 0.0 0.000+0
   303                    0.3000 1.261+2 2.355+2  0.54   4.24  104.54 7.720+1 0.0 0.000+0
   304                    0.4000 1.295+2 2.135+2  0.61   4.12  104.52 7.158+1 0.0 0.000+0
   305                    0.5000 1.327+2 1.924+2  0.69   4.01  104.51 6.605+1 0.0 0.000+0
   306                    0.6000 1.355+2 1.721+2  0.79   3.88  104.48 6.062+1 0.0 0.000+0
   307                    0.7000 1.380+2 1.524+2  0.91   3.75  104.45 5.526+1 0.0 0.000+0
   308                    0.8000 1.402+2 1.334+2  1.05   3.61  104.41 4.998+1 0.0 0.000+0
   309                    0.9000 1.421+2 1.150+2  1.24   3.45  104.35 4.474+1 0.0 0.000+0
   310 DNSTREAM           1.0000 1.437+2 9.681+1  1.48   3.25  104.25 3.952+1 0.0 0.000+0

 EXTERIOR NODES
  Node  Node Identifier        QE1     YE1    Elev    Storage    Storage
    U1 UPSTREAM          2.350E+01   3.579 104.579
    D1 DNSTREAM          4.492E+01   4.557 104.557
    U2 UPSTREAM          4.700E+01   3.622 104.622
    D2 DNSTREAM          6.905E+01   4.557 104.557
    U3 UPSTREAM          1.140E+02   4.557 104.557
    D3 DNSTREAM          1.437E+02   3.253 104.253
 Balance 1: S1=1.593E+06 S2=2.424E+06 BNI=1.326E+07 BNQ=1.243E+07 TAQ=0.000E+00 WSI=0.000E+00 WSQ=0.000E+00
 Bal diff=BAL=S2-S1-BNI-TAQ+BNQ-WSI+WSQ= 4.344E-01    Rel bal=BAL/(S2+BNQ)= 2.925E-08

 SIMULATION ending at  1990/ 1/ 1:12.6250000.  Time step=   450.00 sec
 ITER RCORECT  BRA   NODE   MXRES  LOC  SUMSQR NUMGT
    1 2.4E-02    2    200 2.8E+00   43 1.5E+02    33
    2 2.4E-05    3    310 1.6E-02   43 1.2E-03     0
 CSUR= 0.0E+00 AT ND=   0:     0 RLTQ= 0.0E+00 AT ND=   0:     0 DT/ITER=   225.0

 RESULTS at time          45450. JTIME =     47892.5260416669

 BRANCH NUMBER =     1
  Node  Node Identifier     Stat    Flow    Area   Vel  Depth    Elev     Top  Fr Lat Inf
   100 UPSTREAM           0.0000 2.238+1 1.083+2  0.21   3.54  104.54 4.123+1 0.0 0.000+0
   101                    0.1000 2.437+1 1.124+2  0.22   3.64  104.54 4.182+1 0.0 0.000+0
   102                    0.2000 2.639+1 1.165+2  0.23   3.73  104.53 4.241+1 0.0 0.000+0
   103                    0.3000 2.842+1 1.207+2  0.24   3.83  104.53 4.299+1 0.0 0.000+0
   104                    0.4000 3.048+1 1.249+2  0.24   3.93  104.53 4.358+1 0.0 0.000+0
   105                    0.5000 3.257+1 1.292+2  0.25   4.03  104.53 4.417+1 0.0 0.000+0
   106                    0.6000 3.467+1 1.336+2  0.26   4.13  104.53 4.476+1 0.0 0.000+0
   107                    0.7000 3.680+1 1.380+2  0.27   4.22  104.52 4.534+1 0.0 0.000+0
   108                    0.8000 3.894+1 1.425+2  0.27   4.32  104.52 4.593+1 0.0 0.000+0
   109                    0.9000 4.111+1 1.470+2  0.28   4.42  104.52 4.651+1 0.0 0.000+0
   110 DNSTREAM           1.0000 4.331+1 1.515+2  0.29   4.52  104.52 4.710+1 0.0 0.000+0

 BRANCH NUMBER =     2
  Node  Node Identifier     Stat    Flow    Area   Vel  Depth    Elev     Top  Fr Lat Inf
   200 UPSTREAM           0.0000 4.475+1 1.100+2  0.41   3.58  104.58 4.147+1 0.0 0.000+0
   201                    0.1000 4.686+1 1.139+2  0.41   3.67  104.57 4.203+1 0.0 0.000+0
   202                    0.2000 4.899+1 1.179+2  0.42   3.77  104.57 4.259+1 0.0 0.000+0
   203                    0.3000 5.112+1 1.219+2  0.42   3.86  104.56 4.316+1 0.0 0.000+0
   204                    0.4000 5.326+1 1.259+2  0.42   3.95  104.55 4.372+1 0.0 0.000+0
   205                    0.5000 5.542+1 1.301+2  0.43   4.05  104.55 4.428+1 0.0 0.000+0
   206                    0.6000 5.758+1 1.342+2  0.43   4.14  104.54 4.484+1 0.0 0.000+0
   207                    0.7000 5.974+1 1.385+2  0.43   4.23  104.53 4.540+1 0.0 0.000+0
   208                    0.8000 6.192+1 1.428+2  0.43   4.33  104.53 4.597+1 0.0 0.000+0
   209                    0.9000 6.410+1 1.471+2  0.44   4.42  104.52 4.653+1 0.0 0.000+0
   210 DNSTREAM           1.0000 6.630+1 1.515+2  0.44   4.52  104.52 4.710+1 0.0 0.000+0

 BRANCH NUMBER =     3
  Node  Node Identifier     Stat    Flow    Area   Vel  Depth    Elev     Top  Fr Lat Inf
   300 UPSTREAM           0.0000 1.096+2 3.031+2  0.36   4.52  104.52 9.420+1 0.0 0.000+0
   301                    0.1000 1.139+2 2.786+2  0.41   4.41  104.51 8.829+1 0.0 0.000+0
   302                    0.2000 1.178+2 2.551+2  0.46   4.31  104.51 8.249+1 0.0 0.000+0
   303                    0.3000 1.215+2 2.325+2  0.52   4.20  104.50 7.680+1 0.0 0.000+0
   304                    0.4000 1.249+2 2.108+2  0.59   4.08  104.48 7.121+1 0.0 0.000+0
   305                    0.5000 1.279+2 1.899+2  0.67   3.97  104.47 6.571+1 0.0 0.000+0
   306                    0.6000 1.307+2 1.698+2  0.77   3.85  104.45 6.030+1 0.0 0.000+0
   307                    0.7000 1.332+2 1.504+2  0.89   3.72  104.42 5.498+1 0.0 0.000+0
   308                    0.8000 1.353+2 1.317+2  1.03   3.57  104.37 4.973+1 0.0 0.000+0
   309                    0.9000 1.372+2 1.135+2  1.21   3.41  104.31 4.453+1 0.0 0.000+0
   310 DNSTREAM           1.0000 1.387+2 9.567+1  1.45   3.22  104.22 3.935+1 0.0 0.000+0

 EXTERIOR NODES
  Node  Node Identifier        QE1     YE1    Elev    Storage    Storage
    U1 UPSTREAM          2.238E+01   3.538 104.538
    D1 DNSTREAM          4.331E+01   4.517 104.517
    U2 UPSTREAM          4.475E+01   3.579 104.579
    D2 DNSTREAM          6.630E+01   4.517 104.517
    U3 UPSTREAM          1.096E+02   4.517 104.517
    D3 DNSTREAM          1.387E+02   3.224 104.224
 Balance 1: S1=1.593E+06 S2=2.391E+06 BNI=1.329E+07 BNQ=1.249E+07 TAQ=0.000E+00 WSI=0.000E+00 WSQ=0.000E+00
 Bal diff=BAL=S2-S1-BNI-TAQ+BNQ-WSI+WSQ= 4.586E-01    Rel bal=BAL/(S2+BNQ)= 3.082E-08

 SIMULATION ending at  1990/ 1/ 1:12.7500000.  Time step=   450.00 sec
 ITER RCORECT  BRA   NODE   MXRES  LOC  SUMSQR NUMGT
    1 2.5E-02    2    200 2.7E+00   43 1.4E+02    33
    2 2.4E-05    3    310 1.5E-02   43 1.0E-03     0
 CSUR= 0.0E+00 AT ND=   0:     0 RLTQ= 0.0E+00 AT ND=   0:     0 DT/ITER=   225.0

 RESULTS at time          45900. JTIME =     47892.5312500003

 BRANCH NUMBER =     1
  Node  Node Identifier     Stat    Flow    Area   Vel  Depth    Elev     Top  Fr Lat Inf
   100 UPSTREAM           0.0000 2.125+1 1.066+2  0.20   3.50  104.50 4.098+1 0.0 0.000+0
   101                    0.1000 2.320+1 1.107+2  0.21   3.60  104.50 4.157+1 0.0 0.000+0
   102                    0.2000 2.517+1 1.148+2  0.22   3.69  104.49 4.216+1 0.0 0.000+0
   103                    0.3000 2.717+1 1.190+2  0.23   3.79  104.49 4.275+1 0.0 0.000+0
   104                    0.4000 2.919+1 1.232+2  0.24   3.89  104.49 4.334+1 0.0 0.000+0
   105                    0.5000 3.123+1 1.275+2  0.24   3.99  104.49 4.393+1 0.0 0.000+0
   106                    0.6000 3.329+1 1.318+2  0.25   4.09  104.49 4.452+1 0.0 0.000+0
   107                    0.7000 3.538+1 1.362+2  0.26   4.18  104.48 4.510+1 0.0 0.000+0
   108                    0.8000 3.749+1 1.406+2  0.27   4.28  104.48 4.569+1 0.0 0.000+0
   109                    0.9000 3.961+1 1.451+2  0.27   4.38  104.48 4.627+1 0.0 0.000+0
   110 DNSTREAM           1.0000 4.176+1 1.497+2  0.28   4.48  104.48 4.686+1 0.0 0.000+0

 BRANCH NUMBER =     2
  Node  Node Identifier     Stat    Flow    Area   Vel  Depth    Elev     Top  Fr Lat Inf
   200 UPSTREAM           0.0000 4.250+1 1.082+2  0.39   3.54  104.54 4.121+1 0.0 0.000+0
   201                    0.1000 4.458+1 1.121+2  0.40   3.63  104.53 4.178+1 0.0 0.000+0
   202                    0.2000 4.665+1 1.161+2  0.40   3.72  104.52 4.234+1 0.0 0.000+0
   203                    0.3000 4.874+1 1.201+2  0.41   3.82  104.52 4.290+1 0.0 0.000+0
   204                    0.4000 5.084+1 1.241+2  0.41   3.91  104.51 4.347+1 0.0 0.000+0
   205                    0.5000 5.295+1 1.282+2  0.41   4.01  104.51 4.403+1 0.0 0.000+0
   206                    0.6000 5.507+1 1.324+2  0.42   4.10  104.50 4.460+1 0.0 0.000+0
   207                    0.7000 5.719+1 1.366+2  0.42   4.19  104.49 4.516+1 0.0 0.000+0
   208                    0.8000 5.933+1 1.409+2  0.42   4.29  104.49 4.573+1 0.0 0.000+0
   209                    0.9000 6.148+1 1.453+2  0.42   4.38  104.48 4.629+1 0.0 0.000+0
   210 DNSTREAM           1.0000 6.363+1 1.497+2  0.43   4.48  104.48 4.686+1 0.0 0.000+0

 BRANCH NUMBER =     3
  Node  Node Identifier     Stat    Flow    Area   Vel  Depth    Elev     Top  Fr Lat Inf
   300 UPSTREAM           0.0000 1.054+2 2.993+2  0.35   4.48  104.48 9.373+1 0.0 0.000+0
   301                    0.1000 1.096+2 2.751+2  0.40   4.37  104.47 8.784+1 0.0 0.000+0
   302                    0.2000 1.134+2 2.519+2  0.45   4.27  104.47 8.207+1 0.0 0.000+0
   303                    0.3000 1.170+2 2.295+2  0.51   4.16  104.46 7.641+1 0.0 0.000+0
   304                    0.4000 1.203+2 2.080+2  0.58   4.05  104.45 7.084+1 0.0 0.000+0
   305                    0.5000 1.233+2 1.874+2  0.66   3.93  104.43 6.537+1 0.0 0.000+0
   306                    0.6000 1.260+2 1.676+2  0.75   3.81  104.41 6.000+1 0.0 0.000+0
   307                    0.7000 1.285+2 1.485+2  0.87   3.68  104.38 5.470+1 0.0 0.000+0
   308                    0.8000 1.306+2 1.300+2  1.00   3.54  104.34 4.948+1 0.0 0.000+0
   309                    0.9000 1.324+2 1.121+2  1.18   3.38  104.28 4.432+1 0.0 0.000+0
   310 DNSTREAM           1.0000 1.339+2 9.455+1  1.42   3.20  104.20 3.918+1 0.0 0.000+0

 EXTERIOR NODES
  Node  Node Identifier        QE1     YE1    Elev    Storage    Storage
    U1 UPSTREAM          2.125E+01   3.497 104.497
    D1 DNSTREAM          4.176E+01   4.477 104.477
    U2 UPSTREAM          4.250E+01   3.536 104.536
    D2 DNSTREAM          6.363E+01   4.477 104.477
    U3 UPSTREAM          1.054E+02   4.477 104.477
    D3 DNSTREAM          1.339E+02   3.196 104.196
 Balance 1: S1=1.593E+06 S2=2.360E+06 BNI=1.332E+07 BNQ=1.255E+07 TAQ=0.000E+00 WSI=0.000E+00 WSQ=0.000E+00
 Bal diff=BAL=S2-S1-BNI-TAQ+BNQ-WSI+WSQ= 4.453E-01    Rel bal=BAL/(S2+BNQ)= 2.987E-08

 SIMULATION ending at  1990/ 1/ 1:12.8750000.  Time step=   450.00 sec
 ITER RCORECT  BRA   NODE   MXRES  LOC  SUMSQR NUMGT
    1 2.7E-02    2    200 2.7E+00   41 1.4E+02    33
    2 2.4E-05    3    310 1.4E-02   43 8.8E-04     0
 CSUR= 0.0E+00 AT ND=   0:     0 RLTQ= 0.0E+00 AT ND=   0:     0 DT/ITER=   225.0

 RESULTS at time          46350. JTIME =     47892.5364583336

 BRANCH NUMBER =     1
  Node  Node Identifier     Stat    Flow    Area   Vel  Depth    Elev     Top  Fr Lat Inf
   100 UPSTREAM           0.0000 2.013+1 1.050+2  0.19   3.46  104.46 4.074+1 0.0 0.000+0
   101                    0.1000 2.204+1 1.090+2  0.20   3.56  104.46 4.133+1 0.0 0.000+0
   102                    0.2000 2.398+1 1.131+2  0.21   3.65  104.45 4.192+1 0.0 0.000+0
   103                    0.3000 2.594+1 1.173+2  0.22   3.75  104.45 4.251+1 0.0 0.000+0
   104                    0.4000 2.792+1 1.215+2  0.23   3.85  104.45 4.310+1 0.0 0.000+0
   105                    0.5000 2.992+1 1.257+2  0.24   3.95  104.45 4.369+1 0.0 0.000+0
   106                    0.6000 3.194+1 1.301+2  0.25   4.05  104.45 4.428+1 0.0 0.000+0
   107                    0.7000 3.398+1 1.344+2  0.25   4.14  104.44 4.487+1 0.0 0.000+0
   108                    0.8000 3.605+1 1.388+2  0.26   4.24  104.44 4.545+1 0.0 0.000+0
   109                    0.9000 3.814+1 1.433+2  0.27   4.34  104.44 4.604+1 0.0 0.000+0
   110 DNSTREAM           1.0000 4.025+1 1.479+2  0.27   4.44  104.44 4.663+1 0.0 0.000+0

 BRANCH NUMBER =     2
  Node  Node Identifier     Stat    Flow    Area   Vel  Depth    Elev     Top  Fr Lat Inf
   200 UPSTREAM           0.0000 4.025+1 1.065+2  0.38   3.49  104.49 4.096+1 0.0 0.000+0
   201                    0.1000 4.228+1 1.104+2  0.38   3.59  104.49 4.153+1 0.0 0.000+0
   202                    0.2000 4.433+1 1.143+2  0.39   3.68  104.48 4.209+1 0.0 0.000+0
   203                    0.3000 4.638+1 1.183+2  0.39   3.78  104.48 4.266+1 0.0 0.000+0
   204                    0.4000 4.844+1 1.224+2  0.40   3.87  104.47 4.322+1 0.0 0.000+0
   205                    0.5000 5.051+1 1.265+2  0.40   3.96  104.46 4.379+1 0.0 0.000+0
   206                    0.6000 5.259+1 1.306+2  0.40   4.06  104.46 4.436+1 0.0 0.000+0
   207                    0.7000 5.468+1 1.348+2  0.41   4.15  104.45 4.492+1 0.0 0.000+0
   208                    0.8000 5.677+1 1.391+2  0.41   4.25  104.45 4.549+1 0.0 0.000+0
   209                    0.9000 5.888+1 1.435+2  0.41   4.34  104.44 4.606+1 0.0 0.000+0
   210 DNSTREAM           1.0000 6.099+1 1.479+2  0.41   4.44  104.44 4.663+1 0.0 0.000+0

 BRANCH NUMBER =     3
  Node  Node Identifier     Stat    Flow    Area   Vel  Depth    Elev     Top  Fr Lat Inf
   300 UPSTREAM           0.0000 1.012+2 2.957+2  0.34   4.44  104.44 9.326+1 0.0 0.000+0
   301                    0.1000 1.053+2 2.717+2  0.39   4.33  104.43 8.740+1 0.0 0.000+0
   302                    0.2000 1.091+2 2.487+2  0.44   4.23  104.43 8.166+1 0.0 0.000+0
   303                    0.3000 1.127+2 2.266+2  0.50   4.12  104.42 7.602+1 0.0 0.000+0
   304                    0.4000 1.159+2 2.054+2  0.56   4.01  104.41 7.048+1 0.0 0.000+0
   305                    0.5000 1.188+2 1.850+2  0.64   3.89  104.39 6.504+1 0.0 0.000+0
   306                    0.6000 1.215+2 1.654+2  0.73   3.77  104.37 5.969+1 0.0 0.000+0
   307                    0.7000 1.239+2 1.466+2  0.85   3.64  104.34 5.443+1 0.0 0.000+0
   308                    0.8000 1.260+2 1.284+2  0.98   3.51  104.31 4.924+1 0.0 0.000+0
   309                    0.9000 1.277+2 1.107+2  1.15   3.35  104.25 4.411+1 0.0 0.000+0
   310 DNSTREAM           1.0000 1.292+2 9.345+1  1.38   3.17  104.17 3.901+1 0.0 0.000+0

 EXTERIOR NODES
  Node  Node Identifier        QE1     YE1    Elev    Storage    Storage
    U1 UPSTREAM          2.013E+01   3.457 104.457
    D1 DNSTREAM          4.025E+01   4.438 104.438
    U2 UPSTREAM          4.025E+01   3.493 104.493
    D2 DNSTREAM          6.099E+01   4.438 104.438
    U3 UPSTREAM          1.012E+02   4.438 104.438
    D3 DNSTREAM          1.292E+02   3.167 104.167
 Balance 1: S1=1.593E+06 S2=2.328E+06 BNI=1.334E+07 BNQ=1.261E+07 TAQ=0.000E+00 WSI=0.000E+00 WSQ=0.000E+00
 Bal diff=BAL=S2-S1-BNI-TAQ+BNQ-WSI+WSQ= 4.449E-01    Rel bal=BAL/(S2+BNQ)= 2.978E-08

 SIMULATION ending at  1990/ 1/ 1:13.0000000.  Time step=   450.00 sec
 ITER RCORECT  BRA   NODE   MXRES  LOC  SUMSQR NUMGT
    1 2.8E-02    2    200 2.6E+00   43 1.3E+02    33
    2 2.9E-05    1    110 2.0E-02   37 1.3E-03     0
 CSUR= 0.0E+00 AT ND=   0:     0 RLTQ= 0.0E+00 AT ND=   0:     0 DT/ITER=   225.0

 RESULTS at time          46800. JTIME =     47892.5416666669

 BRANCH NUMBER =     1
  Node  Node Identifier     Stat    Flow    Area   Vel  Depth    Elev     Top  Fr Lat Inf
   100 UPSTREAM           0.0000 1.900+1 1.034+2  0.18   3.42  104.42 4.051+1 0.0 0.000+0
   101                    0.1000 2.088+1 1.074+2  0.19   3.52  104.42 4.110+1 0.0 0.000+0
   102                    0.2000 2.278+1 1.115+2  0.20   3.61  104.41 4.169+1 0.0 0.000+0
   103                    0.3000 2.471+1 1.156+2  0.21   3.71  104.41 4.228+1 0.0 0.000+0
   104                    0.4000 2.666+1 1.198+2  0.22   3.81  104.41 4.287+1 0.0 0.000+0
   105                    0.5000 2.862+1 1.241+2  0.23   3.91  104.41 4.346+1 0.0 0.000+0
   106                    0.6000 3.061+1 1.283+2  0.24   4.01  104.41 4.405+1 0.0 0.000+0
   107                    0.7000 3.262+1 1.327+2  0.25   4.11  104.41 4.463+1 0.0 0.000+0
   108                    0.8000 3.465+1 1.371+2  0.25   4.20  104.40 4.522+1 0.0 0.000+0
   109                    0.9000 3.670+1 1.416+2  0.26   4.30  104.40 4.581+1 0.0 0.000+0
   110 DNSTREAM           1.0000 3.877+1 1.461+2  0.27   4.40  104.40 4.640+1 0.0 0.000+0

 BRANCH NUMBER =     2
  Node  Node Identifier     Stat    Flow    Area   Vel  Depth    Elev     Top  Fr Lat Inf
   200 UPSTREAM           0.0000 3.800+1 1.048+2  0.36   3.45  104.45 4.071+1 0.0 0.000+0
   201                    0.1000 4.001+1 1.086+2  0.37   3.55  104.45 4.128+1 0.0 0.000+0
   202                    0.2000 4.201+1 1.126+2  0.37   3.64  104.44 4.184+1 0.0 0.000+0
   203                    0.3000 4.404+1 1.166+2  0.38   3.74  104.44 4.241+1 0.0 0.000+0
   204                    0.4000 4.606+1 1.206+2  0.38   3.83  104.43 4.298+1 0.0 0.000+0
   205                    0.5000 4.809+1 1.247+2  0.39   3.92  104.42 4.355+1 0.0 0.000+0
   206                    0.6000 5.014+1 1.289+2  0.39   4.02  104.42 4.412+1 0.0 0.000+0
   207                    0.7000 5.219+1 1.331+2  0.39   4.11  104.41 4.469+1 0.0 0.000+0
   208                    0.8000 5.425+1 1.374+2  0.39   4.21  104.41 4.526+1 0.0 0.000+0
   209                    0.9000 5.631+1 1.417+2  0.40   4.30  104.40 4.583+1 0.0 0.000+0
   210 DNSTREAM           1.0000 5.839+1 1.461+2  0.40   4.40  104.40 4.640+1 0.0 0.000+0

 BRANCH NUMBER =     3
  Node  Node Identifier     Stat    Flow    Area   Vel  Depth    Elev     Top  Fr Lat Inf
   300 UPSTREAM           0.0000 9.716+1 2.921+2  0.33   4.40  104.40 9.280+1 0.0 0.000+0
   301                    0.1000 1.012+2 2.684+2  0.38   4.30  104.40 8.697+1 0.0 0.000+0
   302                    0.2000 1.049+2 2.456+2  0.43   4.19  104.39 8.125+1 0.0 0.000+0
   303                    0.3000 1.084+2 2.238+2  0.48   4.08  104.38 7.563+1 0.0 0.000+0
   304                    0.4000 1.116+2 2.028+2  0.55   3.97  104.37 7.012+1 0.0 0.000+0
   305                    0.5000 1.145+2 1.826+2  0.63   3.86  104.36 6.471+1 0.0 0.000+0
   306                    0.6000 1.171+2 1.633+2  0.72   3.74  104.34 5.939+1 0.0 0.000+0
   307                    0.7000 1.194+2 1.447+2  0.83   3.61  104.31 5.416+1 0.0 0.000+0
   308                    0.8000 1.214+2 1.267+2  0.96   3.47  104.27 4.900+1 0.0 0.000+0
   309                    0.9000 1.232+2 1.094+2  1.13   3.32  104.22 4.390+1 0.0 0.000+0
   310 DNSTREAM           1.0000 1.246+2 9.237+1  1.35   3.14  104.14 3.884+1 0.0 0.000+0

 EXTERIOR NODES
  Node  Node Identifier        QE1     YE1    Elev    Storage    Storage
    U1 UPSTREAM          1.900E+01   3.417 104.417
    D1 DNSTREAM          3.877E+01   4.400 104.400
    U2 UPSTREAM          3.800E+01   3.451 104.451
    D2 DNSTREAM          5.839E+01   4.400 104.400
    U3 UPSTREAM          9.716E+01   4.400 104.400
    D3 DNSTREAM          1.246E+02   3.140 104.140
 Balance 1: S1=1.593E+06 S2=2.298E+06 BNI=1.337E+07 BNQ=1.267E+07 TAQ=0.000E+00 WSI=0.000E+00 WSQ=0.000E+00
 Bal diff=BAL=S2-S1-BNI-TAQ+BNQ-WSI+WSQ= 4.148E-01    Rel bal=BAL/(S2+BNQ)= 2.772E-08

 SIMULATION ending at  1990/ 1/ 1:13.1250000.  Time step=   450.00 sec
 ITER RCORECT  BRA   NODE   MXRES  LOC  SUMSQR NUMGT
    1 3.0E-02    2    200 2.5E+00   43 1.3E+02    33
    2 3.0E-05    1    110 1.3E-02   43 6.9E-04     0
 CSUR= 0.0E+00 AT ND=   0:     0 RLTQ= 0.0E+00 AT ND=   0:     0 DT/ITER=   225.0

 RESULTS at time          47250. JTIME =     47892.5468750003

 BRANCH NUMBER =     1
  Node  Node Identifier     Stat    Flow    Area   Vel  Depth    Elev     Top  Fr Lat Inf
   100 UPSTREAM           0.0000 1.788+1 1.018+2  0.18   3.38  104.38 4.027+1 0.0 0.000+0
   101                    0.1000 1.973+1 1.058+2  0.19   3.48  104.38 4.086+1 0.0 0.000+0
   102                    0.2000 2.160+1 1.099+2  0.20   3.58  104.38 4.146+1 0.0 0.000+0
   103                    0.3000 2.349+1 1.140+2  0.21   3.67  104.37 4.205+1 0.0 0.000+0
   104                    0.4000 2.541+1 1.182+2  0.22   3.77  104.37 4.264+1 0.0 0.000+0
   105                    0.5000 2.734+1 1.224+2  0.22   3.87  104.37 4.323+1 0.0 0.000+0
   106                    0.6000 2.930+1 1.267+2  0.23   3.97  104.37 4.382+1 0.0 0.000+0
   107                    0.7000 3.127+1 1.310+2  0.24   4.07  104.37 4.440+1 0.0 0.000+0
   108                    0.8000 3.327+1 1.354+2  0.25   4.17  104.37 4.499+1 0.0 0.000+0
   109                    0.9000 3.529+1 1.398+2  0.25   4.26  104.36 4.558+1 0.0 0.000+0
   110 DNSTREAM           1.0000 3.733+1 1.443+2  0.26   4.36  104.36 4.617+1 0.0 0.000+0

 BRANCH NUMBER =     2
  Node  Node Identifier     Stat    Flow    Area   Vel  Depth    Elev     Top  Fr Lat Inf
   200 UPSTREAM           0.0000 3.575+1 1.031+2  0.35   3.41  104.41 4.046+1 0.0 0.000+0
   201                    0.1000 3.772+1 1.069+2  0.35   3.50  104.40 4.103+1 0.0 0.000+0
   202                    0.2000 3.970+1 1.109+2  0.36   3.60  104.40 4.160+1 0.0 0.000+0
   203                    0.3000 4.169+1 1.149+2  0.36   3.69  104.39 4.217+1 0.0 0.000+0
   204                    0.4000 4.368+1 1.189+2  0.37   3.79  104.39 4.274+1 0.0 0.000+0
   205                    0.5000 4.569+1 1.230+2  0.37   3.89  104.39 4.331+1 0.0 0.000+0
   206                    0.6000 4.770+1 1.271+2  0.38   3.98  104.38 4.388+1 0.0 0.000+0
   207                    0.7000 4.971+1 1.313+2  0.38   4.08  104.38 4.445+1 0.0 0.000+0
   208                    0.8000 5.174+1 1.356+2  0.38   4.17  104.37 4.502+1 0.0 0.000+0
   209                    0.9000 5.378+1 1.399+2  0.38   4.27  104.37 4.560+1 0.0 0.000+0
   210 DNSTREAM           1.0000 5.583+1 1.443+2  0.39   4.36  104.36 4.617+1 0.0 0.000+0

 BRANCH NUMBER =     3
  Node  Node Identifier     Stat    Flow    Area   Vel  Depth    Elev     Top  Fr Lat Inf
   300 UPSTREAM           0.0000 9.315+1 2.886+2  0.32   4.36  104.36 9.234+1 0.0 0.000+0
   301                    0.1000 9.711+1 2.651+2  0.37   4.26  104.36 8.654+1 0.0 0.000+0
   302                    0.2000 1.008+2 2.426+2  0.42   4.15  104.35 8.084+1 0.0 0.000+0
   303                    0.3000 1.042+2 2.210+2  0.47   4.04  104.34 7.526+1 0.0 0.000+0
   304                    0.4000 1.073+2 2.002+2  0.54   3.93  104.33 6.977+1 0.0 0.000+0
   305                    0.5000 1.102+2 1.803+2  0.61   3.82  104.32 6.439+1 0.0 0.000+0
   306                    0.6000 1.127+2 1.612+2  0.70   3.70  104.30 5.910+1 0.0 0.000+0
   307                    0.7000 1.150+2 1.428+2  0.81   3.58  104.28 5.389+1 0.0 0.000+0
   308                    0.8000 1.170+2 1.251+2  0.94   3.44  104.24 4.877+1 0.0 0.000+0
   309                    0.9000 1.187+2 1.080+2  1.10   3.29  104.19 4.370+1 0.0 0.000+0
   310 DNSTREAM           1.0000 1.201+2 9.131+1  1.32   3.11  104.11 3.868+1 0.0 0.000+0

 EXTERIOR NODES
  Node  Node Identifier        QE1     YE1    Elev    Storage    Storage
    U1 UPSTREAM          1.788E+01   3.378 104.378
    D1 DNSTREAM          3.733E+01   4.362 104.362
    U2 UPSTREAM          3.575E+01   3.409 104.409
    D2 DNSTREAM          5.583E+01   4.362 104.362
    U3 UPSTREAM          9.315E+01   4.362 104.362
    D3 DNSTREAM          1.201E+02   3.112 104.112
 Balance 1: S1=1.593E+06 S2=2.268E+06 BNI=1.340E+07 BNQ=1.272E+07 TAQ=0.000E+00 WSI=0.000E+00 WSQ=0.000E+00
 Bal diff=BAL=S2-S1-BNI-TAQ+BNQ-WSI+WSQ= 3.976E-01    Rel bal=BAL/(S2+BNQ)= 2.653E-08

 SIMULATION ending at  1990/ 1/ 1:13.2500000.  Time step=   450.00 sec
 ITER RCORECT  BRA   NODE   MXRES  LOC  SUMSQR NUMGT
    1 3.2E-02    2    200 2.5E+00   43 1.2E+02    33
    2 2.6E-05    3    310 1.2E-02   43 6.2E-04     0
 CSUR= 0.0E+00 AT ND=   0:     0 RLTQ= 0.0E+00 AT ND=   0:     0 DT/ITER=   225.0

 RESULTS at time          47700. JTIME =     47892.5520833336

 BRANCH NUMBER =     1
  Node  Node Identifier     Stat    Flow    Area   Vel  Depth    Elev     Top  Fr Lat Inf
   100 UPSTREAM           0.0000 1.675+1 1.003+2  0.17   3.34  104.34 4.004+1 0.0 0.000+0
   101                    0.1000 1.857+1 1.042+2  0.18   3.44  104.34 4.063+1 0.0 0.000+0
   102                    0.2000 2.042+1 1.083+2  0.19   3.54  104.34 4.122+1 0.0 0.000+0
   103                    0.3000 2.228+1 1.124+2  0.20   3.64  104.34 4.182+1 0.0 0.000+0
   104                    0.4000 2.417+1 1.165+2  0.21   3.73  104.33 4.241+1 0.0 0.000+0
   105                    0.5000 2.607+1 1.207+2  0.22   3.83  104.33 4.300+1 0.0 0.000+0
   106                    0.6000 2.800+1 1.250+2  0.22   3.93  104.33 4.359+1 0.0 0.000+0
   107                    0.7000 2.995+1 1.293+2  0.23   4.03  104.33 4.418+1 0.0 0.000+0
   108                    0.8000 3.191+1 1.337+2  0.24   4.13  104.33 4.477+1 0.0 0.000+0
   109                    0.9000 3.390+1 1.381+2  0.25   4.23  104.33 4.535+1 0.0 0.000+0
   110 DNSTREAM           1.0000 3.591+1 1.426+2  0.25   4.32  104.32 4.594+1 0.0 0.000+0

 BRANCH NUMBER =     2
  Node  Node Identifier     Stat    Flow    Area   Vel  Depth    Elev     Top  Fr Lat Inf
   200 UPSTREAM           0.0000 3.350+1 1.014+2  0.33   3.37  104.37 4.021+1 0.0 0.000+0
   201                    0.1000 3.544+1 1.053+2  0.34   3.46  104.36 4.078+1 0.0 0.000+0
   202                    0.2000 3.739+1 1.092+2  0.34   3.56  104.36 4.136+1 0.0 0.000+0
   203                    0.3000 3.935+1 1.132+2  0.35   3.65  104.35 4.193+1 0.0 0.000+0
   204                    0.4000 4.132+1 1.172+2  0.35   3.75  104.35 4.250+1 0.0 0.000+0
   205                    0.5000 4.329+1 1.213+2  0.36   3.85  104.35 4.308+1 0.0 0.000+0
   206                    0.6000 4.527+1 1.254+2  0.36   3.94  104.34 4.365+1 0.0 0.000+0
   207                    0.7000 4.726+1 1.296+2  0.36   4.04  104.34 4.422+1 0.0 0.000+0
   208                    0.8000 4.926+1 1.339+2  0.37   4.13  104.33 4.480+1 0.0 0.000+0
   209                    0.9000 5.126+1 1.382+2  0.37   4.23  104.33 4.537+1 0.0 0.000+0
   210 DNSTREAM           1.0000 5.328+1 1.426+2  0.37   4.32  104.32 4.594+1 0.0 0.000+0

 BRANCH NUMBER =     3
  Node  Node Identifier     Stat    Flow    Area   Vel  Depth    Elev     Top  Fr Lat Inf
   300 UPSTREAM           0.0000 8.919+1 2.851+2  0.31   4.32  104.32 9.189+1 0.0 0.000+0
   301                    0.1000 9.309+1 2.619+2  0.36   4.22  104.32 8.611+1 0.0 0.000+0
   302                    0.2000 9.672+1 2.396+2  0.40   4.12  104.32 8.044+1 0.0 0.000+0
   303                    0.3000 1.001+2 2.182+2  0.46   4.01  104.31 7.488+1 0.0 0.000+0
   304                    0.4000 1.031+2 1.977+2  0.52   3.90  104.30 6.942+1 0.0 0.000+0
   305                    0.5000 1.060+2 1.780+2  0.60   3.79  104.29 6.407+1 0.0 0.000+0
   306                    0.6000 1.085+2 1.592+2  0.68   3.67  104.27 5.880+1 0.0 0.000+0
   307                    0.7000 1.107+2 1.410+2  0.79   3.54  104.24 5.363+1 0.0 0.000+0
   308                    0.8000 1.127+2 1.236+2  0.91   3.41  104.21 4.853+1 0.0 0.000+0
   309                    0.9000 1.144+2 1.067+2  1.07   3.26  104.16 4.350+1 0.0 0.000+0
   310 DNSTREAM           1.0000 1.158+2 9.026+1  1.28   3.09  104.09 3.851+1 0.0 0.000+0

 EXTERIOR NODES
  Node  Node Identifier        QE1     YE1    Elev    Storage    Storage
    U1 UPSTREAM          1.675E+01   3.340 104.340
    D1 DNSTREAM          3.591E+01   4.324 104.324
    U2 UPSTREAM          3.350E+01   3.368 104.368
    D2 DNSTREAM          5.328E+01   4.324 104.324
    U3 UPSTREAM          8.919E+01   4.324 104.324
    D3 DNSTREAM          1.158E+02   3.085 104.085
 Balance 1: S1=1.593E+06 S2=2.238E+06 BNI=1.342E+07 BNQ=1.277E+07 TAQ=0.000E+00 WSI=0.000E+00 WSQ=0.000E+00
 Bal diff=BAL=S2-S1-BNI-TAQ+BNQ-WSI+WSQ= 4.184E-01    Rel bal=BAL/(S2+BNQ)= 2.787E-08

 SIMULATION ending at  1990/ 1/ 1:13.3750000.  Time step=   450.00 sec
 ITER RCORECT  BRA   NODE   MXRES  LOC  SUMSQR NUMGT
    1 3.4E-02    2    200 2.4E+00   43 1.2E+02    33
    2 2.7E-05    3    310 1.1E-02   43 5.6E-04     0
 CSUR= 0.0E+00 AT ND=   0:     0 RLTQ= 0.0E+00 AT ND=   0:     0 DT/ITER=   225.0

 RESULTS at time          48150. JTIME =     47892.5572916669

 BRANCH NUMBER =     1
  Node  Node Identifier     Stat    Flow    Area   Vel  Depth    Elev     Top  Fr Lat Inf
   100 UPSTREAM           0.0000 1.563+1 9.872+1  0.16   3.30  104.30 3.981+1 0.0 0.000+0
   101                    0.1000 1.742+1 1.027+2  0.17   3.40  104.30 4.040+1 0.0 0.000+0
   102                    0.2000 1.924+1 1.067+2  0.18   3.50  104.30 4.100+1 0.0 0.000+0
   103                    0.3000 2.108+1 1.108+2  0.19   3.60  104.30 4.159+1 0.0 0.000+0
   104                    0.4000 2.294+1 1.149+2  0.20   3.70  104.30 4.218+1 0.0 0.000+0
   105                    0.5000 2.482+1 1.191+2  0.21   3.80  104.30 4.277+1 0.0 0.000+0
   106                    0.6000 2.672+1 1.234+2  0.22   3.89  104.29 4.336+1 0.0 0.000+0
   107                    0.7000 2.864+1 1.277+2  0.22   3.99  104.29 4.395+1 0.0 0.000+0
   108                    0.8000 3.058+1 1.320+2  0.23   4.09  104.29 4.454+1 0.0 0.000+0
   109                    0.9000 3.254+1 1.364+2  0.24   4.19  104.29 4.513+1 0.0 0.000+0
   110 DNSTREAM           1.0000 3.452+1 1.409+2  0.25   4.29  104.29 4.572+1 0.0 0.000+0

 BRANCH NUMBER =     2
  Node  Node Identifier     Stat    Flow    Area   Vel  Depth    Elev     Top  Fr Lat Inf
   200 UPSTREAM           0.0000 3.125+1 9.975+1  0.31   3.33  104.33 3.996+1 0.0 0.000+0
   201                    0.1000 3.317+1 1.036+2  0.32   3.42  104.32 4.054+1 0.0 0.000+0
   202                    0.2000 3.510+1 1.075+2  0.33   3.52  104.32 4.112+1 0.0 0.000+0
   203                    0.3000 3.702+1 1.115+2  0.33   3.62  104.32 4.169+1 0.0 0.000+0
   204                    0.4000 3.896+1 1.155+2  0.34   3.71  104.31 4.227+1 0.0 0.000+0
   205                    0.5000 4.091+1 1.196+2  0.34   3.81  104.31 4.284+1 0.0 0.000+0
   206                    0.6000 4.286+1 1.238+2  0.35   3.90  104.30 4.342+1 0.0 0.000+0
   207                    0.7000 4.482+1 1.280+2  0.35   4.00  104.30 4.399+1 0.0 0.000+0
   208                    0.8000 4.679+1 1.322+2  0.35   4.09  104.29 4.457+1 0.0 0.000+0
   209                    0.9000 4.877+1 1.365+2  0.36   4.19  104.29 4.514+1 0.0 0.000+0
   210 DNSTREAM           1.0000 5.076+1 1.409+2  0.36   4.29  104.29 4.572+1 0.0 0.000+0

 BRANCH NUMBER =     3
  Node  Node Identifier     Stat    Flow    Area   Vel  Depth    Elev     Top  Fr Lat Inf
   300 UPSTREAM           0.0000 8.529+1 2.817+2  0.30   4.29  104.29 9.144+1 0.0 0.000+0
   301                    0.1000 8.913+1 2.587+2  0.34   4.18  104.28 8.569+1 0.0 0.000+0
   302                    0.2000 9.271+1 2.366+2  0.39   4.08  104.28 8.004+1 0.0 0.000+0
   303                    0.3000 9.601+1 2.155+2  0.45   3.97  104.27 7.451+1 0.0 0.000+0
   304                    0.4000 9.905+1 1.952+2  0.51   3.86  104.26 6.908+1 0.0 0.000+0
   305                    0.5000 1.018+2 1.758+2  0.58   3.75  104.25 6.375+1 0.0 0.000+0
   306                    0.6000 1.043+2 1.571+2  0.66   3.63  104.23 5.851+1 0.0 0.000+0
   307                    0.7000 1.065+2 1.392+2  0.77   3.51  104.21 5.337+1 0.0 0.000+0
   308                    0.8000 1.085+2 1.220+2  0.89   3.38  104.18 4.830+1 0.0 0.000+0
   309                    0.9000 1.102+2 1.054+2  1.05   3.23  104.13 4.331+1 0.0 0.000+0
   310 DNSTREAM           1.0000 1.115+2 8.923+1  1.25   3.06  104.06 3.835+1 0.0 0.000+0

 EXTERIOR NODES
  Node  Node Identifier        QE1     YE1    Elev    Storage    Storage
    U1 UPSTREAM          1.563E+01   3.301 104.301
    D1 DNSTREAM          3.452E+01   4.287 104.287
    U2 UPSTREAM          3.125E+01   3.327 104.327
    D2 DNSTREAM          5.076E+01   4.287 104.287
    U3 UPSTREAM          8.529E+01   4.287 104.287
    D3 DNSTREAM          1.115E+02   3.058 104.058
 Balance 1: S1=1.593E+06 S2=2.209E+06 BNI=1.344E+07 BNQ=1.283E+07 TAQ=0.000E+00 WSI=0.000E+00 WSQ=0.000E+00
 Bal diff=BAL=S2-S1-BNI-TAQ+BNQ-WSI+WSQ= 4.303E-01    Rel bal=BAL/(S2+BNQ)= 2.862E-08

 SIMULATION ending at  1990/ 1/ 1:13.5000000.  Time step=   450.00 sec
 ITER RCORECT  BRA   NODE   MXRES  LOC  SUMSQR NUMGT
    1 3.6E-02    2    200 2.4E+00   41 1.2E+02    33
    2 3.7E-05    1    110 1.0E-02   43 4.8E-04     0
 CSUR= 0.0E+00 AT ND=   0:     0 RLTQ= 0.0E+00 AT ND=   0:     0 DT/ITER=   225.0

 RESULTS at time          48600. JTIME =     47892.5625000003

 BRANCH NUMBER =     1
  Node  Node Identifier     Stat    Flow    Area   Vel  Depth    Elev     Top  Fr Lat Inf
   100 UPSTREAM           0.0000 1.450+1 9.721+1  0.15   3.26  104.26 3.958+1 0.0 0.000+0
   101                    0.1000 1.627+1 1.012+2  0.16   3.36  104.26 4.018+1 0.0 0.000+0
   102                    0.2000 1.807+1 1.052+2  0.17   3.46  104.26 4.077+1 0.0 0.000+0
   103                    0.3000 1.989+1 1.092+2  0.18   3.56  104.26 4.136+1 0.0 0.000+0
   104                    0.4000 2.172+1 1.133+2  0.19   3.66  104.26 4.195+1 0.0 0.000+0
   105                    0.5000 2.358+1 1.175+2  0.20   3.76  104.26 4.255+1 0.0 0.000+0
   106                    0.6000 2.545+1 1.217+2  0.21   3.86  104.26 4.314+1 0.0 0.000+0
   107                    0.7000 2.735+1 1.260+2  0.22   3.95  104.25 4.373+1 0.0 0.000+0
   108                    0.8000 2.927+1 1.303+2  0.22   4.05  104.25 4.432+1 0.0 0.000+0
   109                    0.9000 3.120+1 1.347+2  0.23   4.15  104.25 4.491+1 0.0 0.000+0
   110 DNSTREAM           1.0000 3.316+1 1.392+2  0.24   4.25  104.25 4.550+1 0.0 0.000+0

 BRANCH NUMBER =     2
  Node  Node Identifier     Stat    Flow    Area   Vel  Depth    Elev     Top  Fr Lat Inf
   200 UPSTREAM           0.0000 2.900+1 9.813+1  0.30   3.29  104.29 3.972+1 0.0 0.000+0
   201                    0.1000 3.089+1 1.020+2  0.30   3.38  104.28 4.030+1 0.0 0.000+0
   202                    0.2000 3.279+1 1.059+2  0.31   3.48  104.28 4.088+1 0.0 0.000+0
   203                    0.3000 3.470+1 1.099+2  0.32   3.58  104.28 4.146+1 0.0 0.000+0
   204                    0.4000 3.662+1 1.139+2  0.32   3.67  104.27 4.203+1 0.0 0.000+0
   205                    0.5000 3.854+1 1.180+2  0.33   3.77  104.27 4.261+1 0.0 0.000+0
   206                    0.6000 4.047+1 1.221+2  0.33   3.86  104.26 4.319+1 0.0 0.000+0
   207                    0.7000 4.241+1 1.263+2  0.34   3.96  104.26 4.377+1 0.0 0.000+0
   208                    0.8000 4.435+1 1.305+2  0.34   4.06  104.26 4.434+1 0.0 0.000+0
   209                    0.9000 4.631+1 1.348+2  0.34   4.15  104.25 4.492+1 0.0 0.000+0
   210 DNSTREAM           1.0000 4.827+1 1.392+2  0.35   4.25  104.25 4.550+1 0.0 0.000+0

 BRANCH NUMBER =     3
  Node  Node Identifier     Stat    Flow    Area   Vel  Depth    Elev     Top  Fr Lat Inf
   300 UPSTREAM           0.0000 8.143+1 2.784+2  0.29   4.25  104.25 9.100+1 0.0 0.000+0
   301                    0.1000 8.523+1 2.556+2  0.33   4.15  104.25 8.527+1 0.0 0.000+0
   302                    0.2000 8.876+1 2.337+2  0.38   4.04  104.24 7.965+1 0.0 0.000+0
   303                    0.3000 9.203+1 2.128+2  0.43   3.94  104.24 7.414+1 0.0 0.000+0
   304                    0.4000 9.503+1 1.927+2  0.49   3.83  104.23 6.874+1 0.0 0.000+0
   305                    0.5000 9.776+1 1.735+2  0.56   3.71  104.21 6.343+1 0.0 0.000+0
   306                    0.6000 1.002+2 1.551+2  0.65   3.60  104.20 5.823+1 0.0 0.000+0
   307                    0.7000 1.024+2 1.375+2  0.75   3.48  104.18 5.311+1 0.0 0.000+0
   308                    0.8000 1.043+2 1.205+2  0.87   3.34  104.14 4.808+1 0.0 0.000+0
   309                    0.9000 1.060+2 1.041+2  1.02   3.20  104.10 4.311+1 0.0 0.000+0
   310 DNSTREAM           1.0000 1.073+2 8.821+1  1.22   3.03  104.03 3.819+1 0.0 0.000+0

 EXTERIOR NODES
  Node  Node Identifier        QE1     YE1    Elev    Storage    Storage
    U1 UPSTREAM          1.450E+01   3.263 104.263
    D1 DNSTREAM          3.316E+01   4.250 104.250
    U2 UPSTREAM          2.900E+01   3.286 104.286
    D2 DNSTREAM          4.827E+01   4.250 104.250
    U3 UPSTREAM          8.143E+01   4.250 104.250
    D3 DNSTREAM          1.073E+02   3.032 104.032
 Balance 1: S1=1.593E+06 S2=2.180E+06 BNI=1.346E+07 BNQ=1.287E+07 TAQ=0.000E+00 WSI=0.000E+00 WSQ=0.000E+00
 Bal diff=BAL=S2-S1-BNI-TAQ+BNQ-WSI+WSQ= 4.251E-01    Rel bal=BAL/(S2+BNQ)= 2.824E-08

 SIMULATION ending at  1990/ 1/ 1:13.6250000.  Time step=   450.00 sec
 ITER RCORECT  BRA   NODE   MXRES  LOC  SUMSQR NUMGT
    1 3.9E-02    2    200 2.4E+00   43 1.1E+02    33
    2 2.9E-05    3    310 9.5E-03   43 4.3E-04     0
 CSUR= 0.0E+00 AT ND=   0:     0 RLTQ= 0.0E+00 AT ND=   0:     0 DT/ITER=   225.0

 RESULTS at time          49050. JTIME =     47892.5677083336

 BRANCH NUMBER =     1
  Node  Node Identifier     Stat    Flow    Area   Vel  Depth    Elev     Top  Fr Lat Inf
   100 UPSTREAM           0.0000 1.338+1 9.571+1  0.14   3.23  104.23 3.935+1 0.0 0.000+0
   101                    0.1000 1.513+1 9.965+1  0.15   3.32  104.22 3.995+1 0.0 0.000+0
   102                    0.2000 1.690+1 1.036+2  0.16   3.42  104.22 4.054+1 0.0 0.000+0
   103                    0.3000 1.870+1 1.077+2  0.17   3.52  104.22 4.114+1 0.0 0.000+0
   104                    0.4000 2.051+1 1.118+2  0.18   3.62  104.22 4.173+1 0.0 0.000+0
   105                    0.5000 2.235+1 1.159+2  0.19   3.72  104.22 4.232+1 0.0 0.000+0
   106                    0.6000 2.420+1 1.201+2  0.20   3.82  104.22 4.291+1 0.0 0.000+0
   107                    0.7000 2.608+1 1.244+2  0.21   3.92  104.22 4.351+1 0.0 0.000+0
   108                    0.8000 2.797+1 1.287+2  0.22   4.02  104.22 4.410+1 0.0 0.000+0
   109                    0.9000 2.989+1 1.331+2  0.22   4.11  104.21 4.469+1 0.0 0.000+0
   110 DNSTREAM           1.0000 3.182+1 1.375+2  0.23   4.21  104.21 4.528+1 0.0 0.000+0

 BRANCH NUMBER =     2
  Node  Node Identifier     Stat    Flow    Area   Vel  Depth    Elev     Top  Fr Lat Inf
   200 UPSTREAM           0.0000 2.675+1 9.653+1  0.28   3.25  104.25 3.948+1 0.0 0.000+0
   201                    0.1000 2.862+1 1.004+2  0.29   3.34  104.24 4.006+1 0.0 0.000+0
   202                    0.2000 3.050+1 1.043+2  0.29   3.44  104.24 4.064+1 0.0 0.000+0
   203                    0.3000 3.238+1 1.083+2  0.30   3.54  104.24 4.122+1 0.0 0.000+0
   204                    0.4000 3.428+1 1.123+2  0.31   3.63  104.23 4.180+1 0.0 0.000+0
   205                    0.5000 3.618+1 1.163+2  0.31   3.73  104.23 4.238+1 0.0 0.000+0
   206                    0.6000 3.808+1 1.205+2  0.32   3.83  104.23 4.296+1 0.0 0.000+0
   207                    0.7000 4.000+1 1.246+2  0.32   3.92  104.22 4.354+1 0.0 0.000+0
   208                    0.8000 4.192+1 1.289+2  0.33   4.02  104.22 4.412+1 0.0 0.000+0
   209                    0.9000 4.386+1 1.332+2  0.33   4.12  104.22 4.470+1 0.0 0.000+0
   210 DNSTREAM           1.0000 4.580+1 1.375+2  0.33   4.21  104.21 4.528+1 0.0 0.000+0

 BRANCH NUMBER =     3
  Node  Node Identifier     Stat    Flow    Area   Vel  Depth    Elev     Top  Fr Lat Inf
   300 UPSTREAM           0.0000 7.762+1 2.750+2  0.28   4.21  104.21 9.056+1 0.0 0.000+0
   301                    0.1000 8.138+1 2.525+2  0.32   4.11  104.21 8.485+1 0.0 0.000+0
   302                    0.2000 8.487+1 2.308+2  0.37   4.01  104.21 7.926+1 0.0 0.000+0
   303                    0.3000 8.810+1 2.101+2  0.42   3.90  104.20 7.378+1 0.0 0.000+0
   304                    0.4000 9.106+1 1.903+2  0.48   3.79  104.19 6.840+1 0.0 0.000+0
   305                    0.5000 9.377+1 1.713+2  0.55   3.68  104.18 6.312+1 0.0 0.000+0
   306                    0.6000 9.621+1 1.532+2  0.63   3.56  104.16 5.794+1 0.0 0.000+0
   307                    0.7000 9.838+1 1.357+2  0.72   3.44  104.14 5.285+1 0.0 0.000+0
   308                    0.8000 1.003+2 1.190+2  0.84   3.31  104.11 4.785+1 0.0 0.000+0
   309                    0.9000 1.019+2 1.029+2  0.99   3.17  104.07 4.292+1 0.0 0.000+0
   310 DNSTREAM           1.0000 1.032+2 8.720+1  1.18   3.01  104.01 3.803+1 0.0 0.000+0

 EXTERIOR NODES
  Node  Node Identifier        QE1     YE1    Elev    Storage    Storage
    U1 UPSTREAM          1.338E+01   3.225 104.225
    D1 DNSTREAM          3.182E+01   4.213 104.213
    U2 UPSTREAM          2.675E+01   3.246 104.246
    D2 DNSTREAM          4.580E+01   4.213 104.213
    U3 UPSTREAM          7.762E+01   4.213 104.213
    D3 DNSTREAM          1.032E+02   3.005 104.005
 Balance 1: S1=1.593E+06 S2=2.151E+06 BNI=1.348E+07 BNQ=1.292E+07 TAQ=0.000E+00 WSI=0.000E+00 WSQ=0.000E+00
 Bal diff=BAL=S2-S1-BNI-TAQ+BNQ-WSI+WSQ= 4.015E-01    Rel bal=BAL/(S2+BNQ)= 2.664E-08

 SIMULATION ending at  1990/ 1/ 1:13.7500000.  Time step=   450.00 sec
 ITER RCORECT  BRA   NODE   MXRES  LOC  SUMSQR NUMGT
    1 4.2E-02    2    200 2.3E+00   43 1.1E+02    33
    2 3.0E-05    3    310 8.8E-03   43 3.9E-04     0
 CSUR= 0.0E+00 AT ND=   0:     0 RLTQ= 0.0E+00 AT ND=   0:     0 DT/ITER=   225.0

 RESULTS at time          49500. JTIME =     47892.5729166669

 BRANCH NUMBER =     1
  Node  Node Identifier     Stat    Flow    Area   Vel  Depth    Elev     Top  Fr Lat Inf
   100 UPSTREAM           0.0000 1.225+1 9.423+1  0.13   3.19  104.19 3.913+1 0.0 0.000+0
   101                    0.1000 1.398+1 9.815+1  0.14   3.29  104.19 3.972+1 0.0 0.000+0
   102                    0.2000 1.574+1 1.021+2  0.15   3.39  104.19 4.032+1 0.0 0.000+0
   103                    0.3000 1.752+1 1.062+2  0.16   3.49  104.19 4.091+1 0.0 0.000+0
   104                    0.4000 1.931+1 1.102+2  0.18   3.58  104.18 4.151+1 0.0 0.000+0
   105                    0.5000 2.113+1 1.144+2  0.18   3.68  104.18 4.210+1 0.0 0.000+0
   106                    0.6000 2.296+1 1.186+2  0.19   3.78  104.18 4.269+1 0.0 0.000+0
   107                    0.7000 2.482+1 1.228+2  0.20   3.88  104.18 4.329+1 0.0 0.000+0
   108                    0.8000 2.669+1 1.271+2  0.21   3.98  104.18 4.388+1 0.0 0.000+0
   109                    0.9000 2.859+1 1.315+2  0.22   4.08  104.18 4.447+1 0.0 0.000+0
   110 DNSTREAM           1.0000 3.051+1 1.359+2  0.22   4.18  104.18 4.506+1 0.0 0.000+0

 BRANCH NUMBER =     2
  Node  Node Identifier     Stat    Flow    Area   Vel  Depth    Elev     Top  Fr Lat Inf
   200 UPSTREAM           0.0000 2.450+1 9.495+1  0.26   3.21  104.21 3.924+1 0.0 0.000+0
   201                    0.1000 2.635+1 9.880+1  0.27   3.30  104.20 3.982+1 0.0 0.000+0
   202                    0.2000 2.821+1 1.027+2  0.27   3.40  104.20 4.040+1 0.0 0.000+0
   203                    0.3000 3.007+1 1.067+2  0.28   3.50  104.20 4.099+1 0.0 0.000+0
   204                    0.4000 3.194+1 1.107+2  0.29   3.59  104.19 4.157+1 0.0 0.000+0
   205                    0.5000 3.382+1 1.147+2  0.29   3.69  104.19 4.215+1 0.0 0.000+0
   206                    0.6000 3.571+1 1.188+2  0.30   3.79  104.19 4.273+1 0.0 0.000+0
   207                    0.7000 3.761+1 1.230+2  0.31   3.89  104.19 4.331+1 0.0 0.000+0
   208                    0.8000 3.951+1 1.272+2  0.31   3.98  104.18 4.390+1 0.0 0.000+0
   209                    0.9000 4.142+1 1.315+2  0.31   4.08  104.18 4.448+1 0.0 0.000+0
   210 DNSTREAM           1.0000 4.334+1 1.359+2  0.32   4.18  104.18 4.506+1 0.0 0.000+0

 BRANCH NUMBER =     3
  Node  Node Identifier     Stat    Flow    Area   Vel  Depth    Elev     Top  Fr Lat Inf
   300 UPSTREAM           0.0000 7.385+1 2.717+2  0.27   4.18  104.18 9.012+1 0.0 0.000+0
   301                    0.1000 7.757+1 2.494+2  0.31   4.07  104.17 8.444+1 0.0 0.000+0
   302                    0.2000 8.103+1 2.280+2  0.36   3.97  104.17 7.887+1 0.0 0.000+0
   303                    0.3000 8.422+1 2.075+2  0.41   3.86  104.16 7.341+1 0.0 0.000+0
   304                    0.4000 8.716+1 1.879+2  0.46   3.76  104.16 6.806+1 0.0 0.000+0
   305                    0.5000 8.983+1 1.692+2  0.53   3.65  104.15 6.281+1 0.0 0.000+0
   306                    0.6000 9.224+1 1.512+2  0.61   3.53  104.13 5.766+1 0.0 0.000+0
   307                    0.7000 9.439+1 1.340+2  0.70   3.41  104.11 5.260+1 0.0 0.000+0
   308                    0.8000 9.628+1 1.175+2  0.82   3.28  104.08 4.762+1 0.0 0.000+0
   309                    0.9000 9.788+1 1.016+2  0.96   3.14  104.04 4.272+1 0.0 0.000+0
   310 DNSTREAM           1.0000 9.920+1 8.620+1  1.15   2.98  103.98 3.788+1 0.0 0.000+0

 EXTERIOR NODES
  Node  Node Identifier        QE1     YE1    Elev    Storage    Storage
    U1 UPSTREAM          1.225E+01   3.188 104.188
    D1 DNSTREAM          3.051E+01   4.177 104.177
    U2 UPSTREAM          2.450E+01   3.206 104.206
    D2 DNSTREAM          4.334E+01   4.177 104.177
    U3 UPSTREAM          7.385E+01   4.177 104.177
    D3 DNSTREAM          9.920E+01   2.979 103.979
 Balance 1: S1=1.593E+06 S2=2.123E+06 BNI=1.350E+07 BNQ=1.297E+07 TAQ=0.000E+00 WSI=0.000E+00 WSQ=0.000E+00
 Bal diff=BAL=S2-S1-BNI-TAQ+BNQ-WSI+WSQ= 4.266E-01    Rel bal=BAL/(S2+BNQ)= 2.827E-08

 SIMULATION ending at  1990/ 1/ 1:13.8750000.  Time step=   450.00 sec
 ITER RCORECT  BRA   NODE   MXRES  LOC  SUMSQR NUMGT
    1 4.6E-02    2    200 2.3E+00   41 1.1E+02    33
    2 3.3E-05    2    205 8.2E-03   43 3.5E-04     0
 CSUR= 0.0E+00 AT ND=   0:     0 RLTQ= 0.0E+00 AT ND=   0:     0 DT/ITER=   225.0

 RESULTS at time          49950. JTIME =     47892.5781250003

 BRANCH NUMBER =     1
  Node  Node Identifier     Stat    Flow    Area   Vel  Depth    Elev     Top  Fr Lat Inf
   100 UPSTREAM           0.0000 1.113+1 9.277+1  0.12   3.15  104.15 3.890+1 0.0 0.000+0
   101                    0.1000 1.284+1 9.668+1  0.13   3.25  104.15 3.950+1 0.0 0.000+0
   102                    0.2000 1.458+1 1.006+2  0.14   3.35  104.15 4.010+1 0.0 0.000+0
   103                    0.3000 1.634+1 1.046+2  0.16   3.45  104.15 4.069+1 0.0 0.000+0
   104                    0.4000 1.812+1 1.087+2  0.17   3.55  104.15 4.129+1 0.0 0.000+0
   105                    0.5000 1.991+1 1.128+2  0.18   3.65  104.15 4.188+1 0.0 0.000+0
   106                    0.6000 2.173+1 1.170+2  0.19   3.75  104.15 4.247+1 0.0 0.000+0
   107                    0.7000 2.357+1 1.212+2  0.19   3.84  104.14 4.307+1 0.0 0.000+0
   108                    0.8000 2.543+1 1.255+2  0.20   3.94  104.14 4.366+1 0.0 0.000+0
   109                    0.9000 2.731+1 1.298+2  0.21   4.04  104.14 4.425+1 0.0 0.000+0
   110 DNSTREAM           1.0000 2.921+1 1.342+2  0.22   4.14  104.14 4.484+1 0.0 0.000+0

 BRANCH NUMBER =     2
  Node  Node Identifier     Stat    Flow    Area   Vel  Depth    Elev     Top  Fr Lat Inf
   200 UPSTREAM           0.0000 2.225+1 9.338+1  0.24   3.17  104.17 3.900+1 0.0 0.000+0
   201                    0.1000 2.408+1 9.723+1  0.25   3.26  104.16 3.958+1 0.0 0.000+0
   202                    0.2000 2.592+1 1.011+2  0.26   3.36  104.16 4.017+1 0.0 0.000+0
   203                    0.3000 2.776+1 1.051+2  0.26   3.46  104.16 4.076+1 0.0 0.000+0
   204                    0.4000 2.962+1 1.091+2  0.27   3.56  104.16 4.134+1 0.0 0.000+0
   205                    0.5000 3.148+1 1.131+2  0.28   3.65  104.15 4.192+1 0.0 0.000+0
   206                    0.6000 3.335+1 1.172+2  0.28   3.75  104.15 4.251+1 0.0 0.000+0
   207                    0.7000 3.522+1 1.214+2  0.29   3.85  104.15 4.309+1 0.0 0.000+0
   208                    0.8000 3.711+1 1.256+2  0.30   3.95  104.15 4.367+1 0.0 0.000+0
   209                    0.9000 3.900+1 1.299+2  0.30   4.04  104.14 4.426+1 0.0 0.000+0
   210 DNSTREAM           1.0000 4.091+1 1.342+2  0.30   4.14  104.14 4.484+1 0.0 0.000+0

 BRANCH NUMBER =     3
  Node  Node Identifier     Stat    Flow    Area   Vel  Depth    Elev     Top  Fr Lat Inf
   300 UPSTREAM           0.0000 7.012+1 2.685+2  0.26   4.14  104.14 8.968+1 0.0 0.000+0
   301                    0.1000 7.380+1 2.463+2  0.30   4.04  104.14 8.403+1 0.0 0.000+0
   302                    0.2000 7.723+1 2.252+2  0.34   3.93  104.13 7.848+1 0.0 0.000+0
   303                    0.3000 8.040+1 2.049+2  0.39   3.83  104.13 7.305+1 0.0 0.000+0
   304                    0.4000 8.330+1 1.855+2  0.45   3.72  104.12 6.772+1 0.0 0.000+0
   305                    0.5000 8.595+1 1.670+2  0.51   3.61  104.11 6.250+1 0.0 0.000+0
   306                    0.6000 8.835+1 1.493+2  0.59   3.50  104.10 5.737+1 0.0 0.000+0
   307                    0.7000 9.047+1 1.323+2  0.68   3.38  104.08 5.234+1 0.0 0.000+0
   308                    0.8000 9.234+1 1.160+2  0.80   3.25  104.05 4.740+1 0.0 0.000+0
   309                    0.9000 9.393+1 1.004+2  0.94   3.11  104.01 4.253+1 0.0 0.000+0
   310 DNSTREAM           1.0000 9.524+1 8.521+1  1.12   2.95  103.95 3.772+1 0.0 0.000+0

 EXTERIOR NODES
  Node  Node Identifier        QE1     YE1    Elev    Storage    Storage
    U1 UPSTREAM          1.113E+01   3.150 104.150
    D1 DNSTREAM          2.921E+01   4.140 104.140
    U2 UPSTREAM          2.225E+01   3.166 104.166
    D2 DNSTREAM          4.091E+01   4.140 104.140
    U3 UPSTREAM          7.012E+01   4.140 104.140
    D3 DNSTREAM          9.524E+01   2.953 103.953
 Balance 1: S1=1.593E+06 S2=2.095E+06 BNI=1.351E+07 BNQ=1.301E+07 TAQ=0.000E+00 WSI=0.000E+00 WSQ=0.000E+00
 Bal diff=BAL=S2-S1-BNI-TAQ+BNQ-WSI+WSQ= 4.144E-01    Rel bal=BAL/(S2+BNQ)= 2.743E-08

 SIMULATION ending at  1990/ 1/ 1:14.0000000.  Time step=   450.00 sec
 ITER RCORECT  BRA   NODE   MXRES  LOC  SUMSQR NUMGT
    1 5.1E-02    2    200 2.2E+00   43 1.1E+02    33
    2 4.1E-05    2    204 7.5E-03   43 3.2E-04     0
 CSUR= 0.0E+00 AT ND=   0:     0 RLTQ= 0.0E+00 AT ND=   0:     0 DT/ITER=   225.0

 RESULTS at time          50400. JTIME =     47892.5833333336

 BRANCH NUMBER =     1
  Node  Node Identifier     Stat    Flow    Area   Vel  Depth    Elev     Top  Fr Lat Inf
   100 UPSTREAM           0.0000 1.000+1 9.133+1  0.11   3.11  104.11 3.868+1 0.0 0.000+0
   101                    0.1000 1.170+1 9.521+1  0.12   3.21  104.11 3.928+1 0.0 0.000+0
   102                    0.2000 1.342+1 9.915+1  0.14   3.31  104.11 3.987+1 0.0 0.000+0
   103                    0.3000 1.517+1 1.031+2  0.15   3.41  104.11 4.047+1 0.0 0.000+0
   104                    0.4000 1.693+1 1.072+2  0.16   3.51  104.11 4.107+1 0.0 0.000+0
   105                    0.5000 1.871+1 1.113+2  0.17   3.61  104.11 4.166+1 0.0 0.000+0
   106                    0.6000 2.052+1 1.154+2  0.18   3.71  104.11 4.225+1 0.0 0.000+0
   107                    0.7000 2.234+1 1.197+2  0.19   3.81  104.11 4.285+1 0.0 0.000+0
   108                    0.8000 2.418+1 1.239+2  0.20   3.91  104.11 4.344+1 0.0 0.000+0
   109                    0.9000 2.605+1 1.282+2  0.20   4.01  104.11 4.403+1 0.0 0.000+0
   110 DNSTREAM           1.0000 2.793+1 1.326+2  0.21   4.10  104.10 4.462+1 0.0 0.000+0

 BRANCH NUMBER =     2
  Node  Node Identifier     Stat    Flow    Area   Vel  Depth    Elev     Top  Fr Lat Inf
   200 UPSTREAM           0.0000 2.000+1 9.183+1  0.22   3.13  104.13 3.876+1 0.0 0.000+0
   201                    0.1000 2.181+1 9.567+1  0.23   3.22  104.12 3.935+1 0.0 0.000+0
   202                    0.2000 2.363+1 9.956+1  0.24   3.32  104.12 3.994+1 0.0 0.000+0
   203                    0.3000 2.546+1 1.035+2  0.25   3.42  104.12 4.052+1 0.0 0.000+0
   204                    0.4000 2.729+1 1.075+2  0.25   3.52  104.12 4.111+1 0.0 0.000+0
   205                    0.5000 2.914+1 1.116+2  0.26   3.62  104.12 4.170+1 0.0 0.000+0
   206                    0.6000 3.099+1 1.157+2  0.27   3.71  104.11 4.228+1 0.0 0.000+0
   207                    0.7000 3.285+1 1.198+2  0.27   3.81  104.11 4.287+1 0.0 0.000+0
   208                    0.8000 3.472+1 1.240+2  0.28   3.91  104.11 4.345+1 0.0 0.000+0
   209                    0.9000 3.660+1 1.283+2  0.29   4.01  104.11 4.404+1 0.0 0.000+0
   210 DNSTREAM           1.0000 3.849+1 1.326+2  0.29   4.10  104.10 4.462+1 0.0 0.000+0

 BRANCH NUMBER =     3
  Node  Node Identifier     Stat    Flow    Area   Vel  Depth    Elev     Top  Fr Lat Inf
   300 UPSTREAM           0.0000 6.642+1 2.652+2  0.25   4.10  104.10 8.925+1 0.0 0.000+0
   301                    0.1000 7.008+1 2.433+2  0.29   4.00  104.10 8.362+1 0.0 0.000+0
   302                    0.2000 7.347+1 2.224+2  0.33   3.90  104.10 7.810+1 0.0 0.000+0
   303                    0.3000 7.661+1 2.023+2  0.38   3.79  104.09 7.269+1 0.0 0.000+0
   304                    0.4000 7.950+1 1.832+2  0.43   3.69  104.09 6.739+1 0.0 0.000+0
   305                    0.5000 8.213+1 1.649+2  0.50   3.58  104.08 6.219+1 0.0 0.000+0
   306                    0.6000 8.450+1 1.473+2  0.57   3.46  104.06 5.709+1 0.0 0.000+0
   307                    0.7000 8.661+1 1.306+2  0.66   3.34  104.04 5.209+1 0.0 0.000+0
   308                    0.8000 8.846+1 1.145+2  0.77   3.22  104.02 4.717+1 0.0 0.000+0
   309                    0.9000 9.005+1 9.912+1  0.91   3.08  103.98 4.234+1 0.0 0.000+0
   310 DNSTREAM           1.0000 9.134+1 8.423+1  1.08   2.93  103.93 3.756+1 0.0 0.000+0

 EXTERIOR NODES
  Node  Node Identifier        QE1     YE1    Elev    Storage    Storage
    U1 UPSTREAM          1.000E+01   3.113 104.113
    D1 DNSTREAM          2.793E+01   4.104 104.104
    U2 UPSTREAM          2.000E+01   3.126 104.126
    D2 DNSTREAM          3.849E+01   4.104 104.104
    U3 UPSTREAM          6.642E+01   4.104 104.104
    D3 DNSTREAM          9.134E+01   2.927 103.927
 Balance 1: S1=1.593E+06 S2=2.067E+06 BNI=1.353E+07 BNQ=1.305E+07 TAQ=0.000E+00 WSI=0.000E+00 WSQ=0.000E+00
 Bal diff=BAL=S2-S1-BNI-TAQ+BNQ-WSI+WSQ= 4.298E-01    Rel bal=BAL/(S2+BNQ)= 2.843E-08

 SIMULATION ending at  1990/ 1/ 1:14.1250000.  Time step=   450.00 sec
 ITER RCORECT  BRA   NODE   MXRES  LOC  SUMSQR NUMGT
    1 5.7E-02    2    200 2.2E+00   43 1.1E+02    29
    2 6.7E-05    2    204 1.9E-02   65 1.1E-03     0
 CSUR= 0.0E+00 AT ND=   0:     0 RLTQ= 0.0E+00 AT ND=   0:     0 DT/ITER=   225.0

 RESULTS at time          50850. JTIME =     47892.5885416669

 BRANCH NUMBER =     1
  Node  Node Identifier     Stat    Flow    Area   Vel  Depth    Elev     Top  Fr Lat Inf
   100 UPSTREAM           0.0000 1.000+1 9.002+1  0.11   3.08  104.08 3.848+1 0.0 0.000+0
   101                    0.1000 1.144+1 9.386+1  0.12   3.18  104.08 3.907+1 0.0 0.000+0
   102                    0.2000 1.295+1 9.776+1  0.13   3.28  104.08 3.966+1 0.0 0.000+0
   103                    0.3000 1.453+1 1.017+2  0.14   3.38  104.08 4.026+1 0.0 0.000+0
   104                    0.4000 1.616+1 1.057+2  0.15   3.48  104.08 4.085+1 0.0 0.000+0
   105                    0.5000 1.784+1 1.098+2  0.16   3.57  104.07 4.145+1 0.0 0.000+0
   106                    0.6000 1.955+1 1.139+2  0.17   3.67  104.07 4.204+1 0.0 0.000+0
   107                    0.7000 2.130+1 1.181+2  0.18   3.77  104.07 4.263+1 0.0 0.000+0
   108                    0.8000 2.308+1 1.224+2  0.19   3.87  104.07 4.322+1 0.0 0.000+0
   109                    0.9000 2.488+1 1.267+2  0.20   3.97  104.07 4.382+1 0.0 0.000+0
   110 DNSTREAM           1.0000 2.671+1 1.310+2  0.20   4.07  104.07 4.441+1 0.0 0.000+0

 BRANCH NUMBER =     2
  Node  Node Identifier     Stat    Flow    Area   Vel  Depth    Elev     Top  Fr Lat Inf
   200 UPSTREAM           0.0000 2.000+1 9.058+1  0.22   3.09  104.09 3.856+1 0.0 0.000+0
   201                    0.1000 2.128+1 9.434+1  0.23   3.19  104.09 3.914+1 0.0 0.000+0
   202                    0.2000 2.269+1 9.818+1  0.23   3.29  104.09 3.973+1 0.0 0.000+0
   203                    0.3000 2.420+1 1.021+2  0.24   3.39  104.09 4.031+1 0.0 0.000+0
   204                    0.4000 2.579+1 1.060+2  0.24   3.48  104.08 4.090+1 0.0 0.000+0
   205                    0.5000 2.744+1 1.101+2  0.25   3.58  104.08 4.148+1 0.0 0.000+0
   206                    0.6000 2.914+1 1.141+2  0.26   3.68  104.08 4.207+1 0.0 0.000+0
   207                    0.7000 3.089+1 1.183+2  0.26   3.78  104.08 4.265+1 0.0 0.000+0
   208                    0.8000 3.266+1 1.225+2  0.27   3.87  104.07 4.324+1 0.0 0.000+0
   209                    0.9000 3.447+1 1.267+2  0.27   3.97  104.07 4.382+1 0.0 0.000+0
   210 DNSTREAM           1.0000 3.630+1 1.310+2  0.28   4.07  104.07 4.441+1 0.0 0.000+0

 BRANCH NUMBER =     3
  Node  Node Identifier     Stat    Flow    Area   Vel  Depth    Elev     Top  Fr Lat Inf
   300 UPSTREAM           0.0000 6.301+1 2.620+2  0.24   4.07  104.07 8.882+1 0.0 0.000+0
   301                    0.1000 6.658+1 2.404+2  0.28   3.97  104.07 8.321+1 0.0 0.000+0
   302                    0.2000 6.990+1 2.196+2  0.32   3.86  104.06 7.772+1 0.0 0.000+0
   303                    0.3000 7.298+1 1.998+2  0.37   3.76  104.06 7.233+1 0.0 0.000+0
   304                    0.4000 7.581+1 1.808+2  0.42   3.65  104.05 6.705+1 0.0 0.000+0
   305                    0.5000 7.840+1 1.627+2  0.48   3.54  104.04 6.188+1 0.0 0.000+0
   306                    0.6000 8.074+1 1.454+2  0.56   3.43  104.03 5.681+1 0.0 0.000+0
   307                    0.7000 8.283+1 1.289+2  0.64   3.31  104.01 5.184+1 0.0 0.000+0
   308                    0.8000 8.466+1 1.131+2  0.75   3.19  103.99 4.695+1 0.0 0.000+0
   309                    0.9000 8.622+1 9.789+1  0.88   3.05  103.95 4.215+1 0.0 0.000+0
   310 DNSTREAM           1.0000 8.751+1 8.325+1  1.05   2.90  103.90 3.741+1 0.0 0.000+0

 EXTERIOR NODES
  Node  Node Identifier        QE1     YE1    Elev    Storage    Storage
    U1 UPSTREAM          1.000E+01   3.079 104.079
    D1 DNSTREAM          2.671E+01   4.068 104.068
    U2 UPSTREAM          2.000E+01   3.093 104.093
    D2 DNSTREAM          3.630E+01   4.068 104.068
    U3 UPSTREAM          6.301E+01   4.068 104.068
    D3 DNSTREAM          8.751E+01   2.901 103.901
 Balance 1: S1=1.593E+06 S2=2.041E+06 BNI=1.354E+07 BNQ=1.309E+07 TAQ=0.000E+00 WSI=0.000E+00 WSQ=0.000E+00
 Bal diff=BAL=S2-S1-BNI-TAQ+BNQ-WSI+WSQ= 4.222E-01    Rel bal=BAL/(S2+BNQ)= 2.790E-08

 SIMULATION ending at  1990/ 1/ 1:14.2500000.  Time step=   450.00 sec
 ITER RCORECT  BRA   NODE   MXRES  LOC  SUMSQR NUMGT
    1 3.1E-02    2    202 2.9E+00   65 8.8E+01    24
    2 8.0E-05    2    204 9.6E-03   65 7.0E-04     0
 CSUR= 0.0E+00 AT ND=   0:     0 RLTQ= 0.0E+00 AT ND=   0:     0 DT/ITER=   225.0

 RESULTS at time          51300. JTIME =     47892.5937500003

 BRANCH NUMBER =     1
  Node  Node Identifier     Stat    Flow    Area   Vel  Depth    Elev     Top  Fr Lat Inf
   100 UPSTREAM           0.0000 1.000+1 8.875+1  0.11   3.05  104.05 3.828+1 0.0 0.000+0
   101                    0.1000 1.155+1 9.258+1  0.12   3.15  104.05 3.887+1 0.0 0.000+0
   102                    0.2000 1.305+1 9.646+1  0.14   3.24  104.04 3.947+1 0.0 0.000+0
   103                    0.3000 1.455+1 1.004+2  0.14   3.34  104.04 4.006+1 0.0 0.000+0
   104                    0.4000 1.606+1 1.044+2  0.15   3.44  104.04 4.065+1 0.0 0.000+0
   105                    0.5000 1.759+1 1.084+2  0.16   3.54  104.04 4.125+1 0.0 0.000+0
   106                    0.6000 1.915+1 1.125+2  0.17   3.64  104.04 4.184+1 0.0 0.000+0
   107                    0.7000 2.074+1 1.167+2  0.18   3.74  104.04 4.243+1 0.0 0.000+0
   108                    0.8000 2.236+1 1.209+2  0.18   3.84  104.04 4.302+1 0.0 0.000+0
   109                    0.9000 2.401+1 1.252+2  0.19   3.94  104.04 4.361+1 0.0 0.000+0
   110 DNSTREAM           1.0000 2.569+1 1.295+2  0.20   4.03  104.03 4.421+1 0.0 0.000+0

 BRANCH NUMBER =     2
  Node  Node Identifier     Stat    Flow    Area   Vel  Depth    Elev     Top  Fr Lat Inf
   200 UPSTREAM           0.0000 2.000+1 8.937+1  0.22   3.06  104.06 3.837+1 0.0 0.000+0
   201                    0.1000 2.152+1 9.315+1  0.23   3.16  104.06 3.896+1 0.0 0.000+0
   202                    0.2000 2.293+1 9.696+1  0.24   3.26  104.06 3.954+1 0.0 0.000+0
   203                    0.3000 2.432+1 1.008+2  0.24   3.35  104.05 4.013+1 0.0 0.000+0
   204                    0.4000 2.571+1 1.048+2  0.25   3.45  104.05 4.071+1 0.0 0.000+0
   205                    0.5000 2.714+1 1.087+2  0.25   3.55  104.05 4.129+1 0.0 0.000+0
   206                    0.6000 2.860+1 1.128+2  0.25   3.65  104.05 4.187+1 0.0 0.000+0
   207                    0.7000 3.012+1 1.169+2  0.26   3.74  104.04 4.246+1 0.0 0.000+0
   208                    0.8000 3.169+1 1.210+2  0.26   3.84  104.04 4.304+1 0.0 0.000+0
   209                    0.9000 3.331+1 1.252+2  0.27   3.94  104.04 4.362+1 0.0 0.000+0
   210 DNSTREAM           1.0000 3.498+1 1.295+2  0.27   4.03  104.03 4.421+1 0.0 0.000+0

 BRANCH NUMBER =     3
  Node  Node Identifier     Stat    Flow    Area   Vel  Depth    Elev     Top  Fr Lat Inf
   300 UPSTREAM           0.0000 6.066+1 2.590+2  0.23   4.03  104.03 8.841+1 0.0 0.000+0
   301                    0.1000 6.394+1 2.375+2  0.27   3.93  104.03 8.283+1 0.0 0.000+0
   302                    0.2000 6.702+1 2.170+2  0.31   3.83  104.03 7.735+1 0.0 0.000+0
   303                    0.3000 6.990+1 1.974+2  0.35   3.72  104.02 7.199+1 0.0 0.000+0
   304                    0.4000 7.257+1 1.786+2  0.41   3.62  104.02 6.673+1 0.0 0.000+0
   305                    0.5000 7.502+1 1.607+2  0.47   3.51  104.01 6.158+1 0.0 0.000+0
   306                    0.6000 7.725+1 1.436+2  0.54   3.40  104.00 5.654+1 0.0 0.000+0
   307                    0.7000 7.926+1 1.273+2  0.62   3.28  103.98 5.159+1 0.0 0.000+0
   308                    0.8000 8.102+1 1.117+2  0.73   3.16  103.96 4.673+1 0.0 0.000+0
   309                    0.9000 8.253+1 9.669+1  0.85   3.02  103.92 4.196+1 0.0 0.000+0
   310 DNSTREAM           1.0000 8.378+1 8.229+1  1.02   2.87  103.87 3.725+1 0.0 0.000+0

 EXTERIOR NODES
  Node  Node Identifier        QE1     YE1    Elev    Storage    Storage
    U1 UPSTREAM          1.000E+01   3.046 104.046
    D1 DNSTREAM          2.569E+01   4.034 104.034
    U2 UPSTREAM          2.000E+01   3.062 104.062
    D2 DNSTREAM          3.498E+01   4.034 104.034
    U3 UPSTREAM          6.066E+01   4.034 104.034
    D3 DNSTREAM          8.378E+01   2.875 103.875
 Balance 1: S1=1.593E+06 S2=2.016E+06 BNI=1.355E+07 BNQ=1.313E+07 TAQ=0.000E+00 WSI=0.000E+00 WSQ=0.000E+00
 Bal diff=BAL=S2-S1-BNI-TAQ+BNQ-WSI+WSQ= 4.340E-01    Rel bal=BAL/(S2+BNQ)= 2.865E-08

 SIMULATION ending at  1990/ 1/ 1:14.3750000.  Time step=   450.00 sec
 ITER RCORECT  BRA   NODE   MXRES  LOC  SUMSQR NUMGT
    1 2.0E-02    3    310 2.0E+00   43 5.6E+01    19
    2 4.9E-05    1    110 1.0E-02   65 3.7E-04     0
 CSUR= 0.0E+00 AT ND=   0:     0 RLTQ= 0.0E+00 AT ND=   0:     0 DT/ITER=   225.0

 RESULTS at time          51750. JTIME =     47892.5989583336

 BRANCH NUMBER =     1
  Node  Node Identifier     Stat    Flow    Area   Vel  Depth    Elev     Top  Fr Lat Inf
   100 UPSTREAM           0.0000 1.000+1 8.753+1  0.11   3.01  104.01 3.809+1 0.0 0.000+0
   101                    0.1000 1.137+1 9.133+1  0.12   3.11  104.01 3.868+1 0.0 0.000+0
   102                    0.2000 1.283+1 9.520+1  0.13   3.21  104.01 3.927+1 0.0 0.000+0
   103                    0.3000 1.432+1 9.912+1  0.14   3.31  104.01 3.987+1 0.0 0.000+0
   104                    0.4000 1.581+1 1.031+2  0.15   3.41  104.01 4.046+1 0.0 0.000+0
   105                    0.5000 1.731+1 1.071+2  0.16   3.51  104.01 4.106+1 0.0 0.000+0
   106                    0.6000 1.880+1 1.112+2  0.17   3.61  104.01 4.165+1 0.0 0.000+0
   107                    0.7000 2.029+1 1.154+2  0.18   3.71  104.01 4.224+1 0.0 0.000+0
   108                    0.8000 2.179+1 1.196+2  0.18   3.81  104.01 4.284+1 0.0 0.000+0
   109                    0.9000 2.330+1 1.238+2  0.19   3.90  104.00 4.343+1 0.0 0.000+0
   110 DNSTREAM           1.0000 2.481+1 1.282+2  0.19   4.00  104.00 4.402+1 0.0 0.000+0

 BRANCH NUMBER =     2
  Node  Node Identifier     Stat    Flow    Area   Vel  Depth    Elev     Top  Fr Lat Inf
   200 UPSTREAM           0.0000 2.000+1 8.820+1  0.23   3.03  104.03 3.819+1 0.0 0.000+0
   201                    0.1000 2.130+1 9.194+1  0.23   3.13  104.03 3.877+1 0.0 0.000+0
   202                    0.2000 2.274+1 9.574+1  0.24   3.23  104.03 3.936+1 0.0 0.000+0
   203                    0.3000 2.422+1 9.960+1  0.24   3.32  104.02 3.994+1 0.0 0.000+0
   204                    0.4000 2.571+1 1.035+2  0.25   3.42  104.02 4.053+1 0.0 0.000+0
   205                    0.5000 2.720+1 1.075+2  0.25   3.52  104.02 4.111+1 0.0 0.000+0
   206                    0.6000 2.867+1 1.115+2  0.26   3.62  104.02 4.169+1 0.0 0.000+0
   207                    0.7000 3.015+1 1.156+2  0.26   3.71  104.01 4.227+1 0.0 0.000+0
   208                    0.8000 3.163+1 1.197+2  0.26   3.81  104.01 4.286+1 0.0 0.000+0
   209                    0.9000 3.312+1 1.239+2  0.27   3.91  104.01 4.344+1 0.0 0.000+0
   210 DNSTREAM           1.0000 3.463+1 1.282+2  0.27   4.00  104.00 4.402+1 0.0 0.000+0

 BRANCH NUMBER =     3
  Node  Node Identifier     Stat    Flow    Area   Vel  Depth    Elev     Top  Fr Lat Inf
   300 UPSTREAM           0.0000 5.945+1 2.563+2  0.23   4.00  104.00 8.804+1 0.0 0.000+0
   301                    0.1000 6.240+1 2.350+2  0.27   3.90  104.00 8.247+1 0.0 0.000+0
   302                    0.2000 6.516+1 2.146+2  0.30   3.80  104.00 7.702+1 0.0 0.000+0
   303                    0.3000 6.773+1 1.951+2  0.35   3.69  103.99 7.167+1 0.0 0.000+0
   304                    0.4000 7.011+1 1.765+2  0.40   3.59  103.99 6.644+1 0.0 0.000+0
   305                    0.5000 7.231+1 1.588+2  0.46   3.48  103.98 6.131+1 0.0 0.000+0
   306                    0.6000 7.433+1 1.419+2  0.52   3.37  103.97 5.628+1 0.0 0.000+0
   307                    0.7000 7.614+1 1.257+2  0.61   3.25  103.95 5.136+1 0.0 0.000+0
   308                    0.8000 7.775+1 1.103+2  0.70   3.13  103.93 4.653+1 0.0 0.000+0
   309                    0.9000 7.914+1 9.556+1  0.83   3.00  103.90 4.178+1 0.0 0.000+0
   310 DNSTREAM           1.0000 8.029+1 8.138+1  0.99   2.85  103.85 3.710+1 0.0 0.000+0

 EXTERIOR NODES
  Node  Node Identifier        QE1     YE1    Elev    Storage    Storage
    U1 UPSTREAM          1.000E+01   3.014 104.014
    D1 DNSTREAM          2.481E+01   4.004 104.004
    U2 UPSTREAM          2.000E+01   3.032 104.032
    D2 DNSTREAM          3.463E+01   4.004 104.004
    U3 UPSTREAM          5.945E+01   4.004 104.004
    D3 DNSTREAM          8.029E+01   2.850 103.850
 Balance 1: S1=1.593E+06 S2=1.992E+06 BNI=1.357E+07 BNQ=1.317E+07 TAQ=0.000E+00 WSI=0.000E+00 WSQ=0.000E+00
 Bal diff=BAL=S2-S1-BNI-TAQ+BNQ-WSI+WSQ= 4.545E-01    Rel bal=BAL/(S2+BNQ)= 2.998E-08

 SIMULATION ending at  1990/ 1/ 1:14.5000000.  Time step=   450.00 sec
 ITER RCORECT  BRA   NODE   MXRES  LOC  SUMSQR NUMGT
    1 3.0E-02    1    106 1.7E+00   43 3.8E+01    25
    2 3.0E-05    2    210 5.3E-03   61 3.1E-04     0
 CSUR= 0.0E+00 AT ND=   0:     0 RLTQ= 0.0E+00 AT ND=   0:     0 DT/ITER=   225.0

 RESULTS at time          52200. JTIME =     47892.6041666670

 BRANCH NUMBER =     1
  Node  Node Identifier     Stat    Flow    Area   Vel  Depth    Elev     Top  Fr Lat Inf
   100 UPSTREAM           0.0000 1.000+1 8.639+1  0.12   2.98  103.98 3.791+1 0.0 0.000+0
   101                    0.1000 1.132+1 9.018+1  0.13   3.08  103.98 3.850+1 0.0 0.000+0
   102                    0.2000 1.260+1 9.403+1  0.13   3.18  103.98 3.910+1 0.0 0.000+0
   103                    0.3000 1.391+1 9.793+1  0.14   3.28  103.98 3.969+1 0.0 0.000+0
   104                    0.4000 1.525+1 1.019+2  0.15   3.38  103.98 4.028+1 0.0 0.000+0
   105                    0.5000 1.664+1 1.059+2  0.16   3.48  103.98 4.088+1 0.0 0.000+0
   106                    0.6000 1.804+1 1.100+2  0.16   3.58  103.98 4.147+1 0.0 0.000+0
   107                    0.7000 1.947+1 1.141+2  0.17   3.68  103.98 4.207+1 0.0 0.000+0
   108                    0.8000 2.092+1 1.183+2  0.18   3.78  103.98 4.266+1 0.0 0.000+0
   109                    0.9000 2.237+1 1.226+2  0.18   3.88  103.98 4.325+1 0.0 0.000+0
   110 DNSTREAM           1.0000 2.384+1 1.269+2  0.19   3.97  103.97 4.385+1 0.0 0.000+0

 BRANCH NUMBER =     2
  Node  Node Identifier     Stat    Flow    Area   Vel  Depth    Elev     Top  Fr Lat Inf
   200 UPSTREAM           0.0000 2.000+1 8.707+1  0.23   3.00  104.00 3.801+1 0.0 0.000+0
   201                    0.1000 2.137+1 9.079+1  0.24   3.10  104.00 3.860+1 0.0 0.000+0
   202                    0.2000 2.266+1 9.457+1  0.24   3.20  104.00 3.918+1 0.0 0.000+0
   203                    0.3000 2.398+1 9.840+1  0.24   3.29  103.99 3.976+1 0.0 0.000+0
   204                    0.4000 2.535+1 1.023+2  0.25   3.39  103.99 4.034+1 0.0 0.000+0
   205                    0.5000 2.677+1 1.062+2  0.25   3.49  103.99 4.093+1 0.0 0.000+0
   206                    0.6000 2.823+1 1.103+2  0.26   3.58  103.98 4.151+1 0.0 0.000+0
   207                    0.7000 2.971+1 1.143+2  0.26   3.68  103.98 4.209+1 0.0 0.000+0
   208                    0.8000 3.119+1 1.185+2  0.26   3.78  103.98 4.268+1 0.0 0.000+0
   209                    0.9000 3.267+1 1.226+2  0.27   3.88  103.98 4.326+1 0.0 0.000+0
   210 DNSTREAM           1.0000 3.414+1 1.269+2  0.27   3.97  103.97 4.385+1 0.0 0.000+0

 BRANCH NUMBER =     3
  Node  Node Identifier     Stat    Flow    Area   Vel  Depth    Elev     Top  Fr Lat Inf
   300 UPSTREAM           0.0000 5.798+1 2.538+2  0.23   3.97  103.97 8.770+1 0.0 0.000+0
   301                    0.1000 6.082+1 2.326+2  0.26   3.87  103.97 8.214+1 0.0 0.000+0
   302                    0.2000 6.343+1 2.124+2  0.30   3.77  103.97 7.671+1 0.0 0.000+0
   303                    0.3000 6.583+1 1.931+2  0.34   3.66  103.96 7.138+1 0.0 0.000+0
   304                    0.4000 6.803+1 1.747+2  0.39   3.56  103.96 6.617+1 0.0 0.000+0
   305                    0.5000 7.004+1 1.571+2  0.45   3.45  103.95 6.106+1 0.0 0.000+0
   306                    0.6000 7.185+1 1.404+2  0.51   3.34  103.94 5.605+1 0.0 0.000+0
   307                    0.7000 7.347+1 1.244+2  0.59   3.22  103.92 5.115+1 0.0 0.000+0
   308                    0.8000 7.490+1 1.091+2  0.69   3.10  103.90 4.634+1 0.0 0.000+0
   309                    0.9000 7.614+1 9.454+1  0.81   2.97  103.87 4.162+1 0.0 0.000+0
   310 DNSTREAM           1.0000 7.716+1 8.055+1  0.96   2.83  103.83 3.697+1 0.0 0.000+0

 EXTERIOR NODES
  Node  Node Identifier        QE1     YE1    Elev    Storage    Storage
    U1 UPSTREAM          1.000E+01   2.984 103.984
    D1 DNSTREAM          2.384E+01   3.975 103.975
    U2 UPSTREAM          2.000E+01   3.002 104.002
    D2 DNSTREAM          3.414E+01   3.975 103.975
    U3 UPSTREAM          5.798E+01   3.975 103.975
    D3 DNSTREAM          7.716E+01   2.828 103.828
 Balance 1: S1=1.593E+06 S2=1.971E+06 BNI=1.358E+07 BNQ=1.320E+07 TAQ=0.000E+00 WSI=0.000E+00 WSQ=0.000E+00
 Bal diff=BAL=S2-S1-BNI-TAQ+BNQ-WSI+WSQ= 4.412E-01    Rel bal=BAL/(S2+BNQ)= 2.908E-08

 SIMULATION ending at  1990/ 1/ 1:14.6250000.  Time step=   450.00 sec
 ITER RCORECT  BRA   NODE   MXRES  LOC  SUMSQR NUMGT
    1 2.4E-02    2    210 1.7E+00   25 4.7E+01    21
    2 3.1E-05    1    107 4.6E-03   63 1.9E-04     0
 CSUR= 0.0E+00 AT ND=   0:     0 RLTQ= 0.0E+00 AT ND=   0:     0 DT/ITER=   225.0

 RESULTS at time          52650. JTIME =     47892.6093750003

 BRANCH NUMBER =     1
  Node  Node Identifier     Stat    Flow    Area   Vel  Depth    Elev     Top  Fr Lat Inf
   100 UPSTREAM           0.0000 1.000+1 8.535+1  0.12   2.96  103.96 3.774+1 0.0 0.000+0
   101                    0.1000 1.117+1 8.912+1  0.13   3.06  103.96 3.834+1 0.0 0.000+0
   102                    0.2000 1.240+1 9.295+1  0.13   3.15  103.95 3.893+1 0.0 0.000+0
   103                    0.3000 1.364+1 9.684+1  0.14   3.25  103.95 3.952+1 0.0 0.000+0
   104                    0.4000 1.488+1 1.008+2  0.15   3.35  103.95 4.012+1 0.0 0.000+0
   105                    0.5000 1.614+1 1.048+2  0.15   3.45  103.95 4.071+1 0.0 0.000+0
   106                    0.6000 1.741+1 1.088+2  0.16   3.55  103.95 4.131+1 0.0 0.000+0
   107                    0.7000 1.872+1 1.130+2  0.17   3.65  103.95 4.190+1 0.0 0.000+0
   108                    0.8000 2.005+1 1.171+2  0.17   3.75  103.95 4.249+1 0.0 0.000+0
   109                    0.9000 2.142+1 1.214+2  0.18   3.85  103.95 4.309+1 0.0 0.000+0
   110 DNSTREAM           1.0000 2.281+1 1.257+2  0.18   3.95  103.95 4.368+1 0.0 0.000+0

 BRANCH NUMBER =     2
  Node  Node Identifier     Stat    Flow    Area   Vel  Depth    Elev     Top  Fr Lat Inf
   200 UPSTREAM           0.0000 2.000+1 8.599+1  0.23   2.97  103.97 3.784+1 0.0 0.000+0
   201                    0.1000 2.121+1 8.969+1  0.24   3.07  103.97 3.842+1 0.0 0.000+0
   202                    0.2000 2.251+1 9.346+1  0.24   3.17  103.97 3.901+1 0.0 0.000+0
   203                    0.3000 2.381+1 9.728+1  0.24   3.26  103.96 3.959+1 0.0 0.000+0
   204                    0.4000 2.509+1 1.012+2  0.25   3.36  103.96 4.017+1 0.0 0.000+0
   205                    0.5000 2.636+1 1.051+2  0.25   3.46  103.96 4.076+1 0.0 0.000+0
   206                    0.6000 2.765+1 1.091+2  0.25   3.56  103.96 4.134+1 0.0 0.000+0
   207                    0.7000 2.896+1 1.131+2  0.26   3.65  103.95 4.192+1 0.0 0.000+0
   208                    0.8000 3.030+1 1.173+2  0.26   3.75  103.95 4.251+1 0.0 0.000+0
   209                    0.9000 3.166+1 1.214+2  0.26   3.85  103.95 4.309+1 0.0 0.000+0
   210 DNSTREAM           1.0000 3.306+1 1.257+2  0.26   3.95  103.95 4.368+1 0.0 0.000+0

 BRANCH NUMBER =     3
  Node  Node Identifier     Stat    Flow    Area   Vel  Depth    Elev     Top  Fr Lat Inf
   300 UPSTREAM           0.0000 5.586+1 2.513+2  0.22   3.95  103.95 8.736+1 0.0 0.000+0
   301                    0.1000 5.858+1 2.303+2  0.25   3.84  103.94 8.183+1 0.0 0.000+0
   302                    0.2000 6.111+1 2.103+2  0.29   3.74  103.94 7.641+1 0.0 0.000+0
   303                    0.3000 6.345+1 1.912+2  0.33   3.64  103.94 7.110+1 0.0 0.000+0
   304                    0.4000 6.560+1 1.729+2  0.38   3.53  103.93 6.591+1 0.0 0.000+0
   305                    0.5000 6.755+1 1.555+2  0.43   3.42  103.92 6.082+1 0.0 0.000+0
   306                    0.6000 6.930+1 1.389+2  0.50   3.31  103.91 5.584+1 0.0 0.000+0
   307                    0.7000 7.086+1 1.231+2  0.58   3.20  103.90 5.096+1 0.0 0.000+0
   308                    0.8000 7.222+1 1.080+2  0.67   3.08  103.88 4.617+1 0.0 0.000+0
   309                    0.9000 7.338+1 9.361+1  0.78   2.95  103.85 4.147+1 0.0 0.000+0
   310 DNSTREAM           1.0000 7.433+1 7.980+1  0.93   2.81  103.81 3.685+1 0.0 0.000+0

 EXTERIOR NODES
  Node  Node Identifier        QE1     YE1    Elev    Storage    Storage
    U1 UPSTREAM          1.000E+01   2.956 103.956
    D1 DNSTREAM          2.281E+01   3.947 103.947
    U2 UPSTREAM          2.000E+01   2.973 103.973
    D2 DNSTREAM          3.306E+01   3.947 103.947
    U3 UPSTREAM          5.586E+01   3.947 103.947
    D3 DNSTREAM          7.433E+01   2.808 103.808
 Balance 1: S1=1.593E+06 S2=1.950E+06 BNI=1.359E+07 BNQ=1.324E+07 TAQ=0.000E+00 WSI=0.000E+00 WSQ=0.000E+00
 Bal diff=BAL=S2-S1-BNI-TAQ+BNQ-WSI+WSQ= 4.668E-01    Rel bal=BAL/(S2+BNQ)= 3.074E-08

 SIMULATION ending at  1990/ 1/ 1:14.7500000.  Time step=   450.00 sec
 ITER RCORECT  BRA   NODE   MXRES  LOC  SUMSQR NUMGT
    1 2.0E-02    3    305 1.9E+00   31 5.0E+01    17
    2 2.3E-05    3    310 3.9E-03   44 1.1E-04     0
 CSUR= 0.0E+00 AT ND=   0:     0 RLTQ= 0.0E+00 AT ND=   0:     0 DT/ITER=   225.0

 RESULTS at time          53100. JTIME =     47892.6145833336

 BRANCH NUMBER =     1
  Node  Node Identifier     Stat    Flow    Area   Vel  Depth    Elev     Top  Fr Lat Inf
   100 UPSTREAM           0.0000 1.000+1 8.437+1  0.12   2.93  103.93 3.759+1 0.0 0.000+0
   101                    0.1000 1.113+1 8.813+1  0.13   3.03  103.93 3.818+1 0.0 0.000+0
   102                    0.2000 1.225+1 9.194+1  0.13   3.13  103.93 3.877+1 0.0 0.000+0
   103                    0.3000 1.341+1 9.581+1  0.14   3.23  103.93 3.937+1 0.0 0.000+0
   104                    0.4000 1.461+1 9.974+1  0.15   3.33  103.93 3.996+1 0.0 0.000+0
   105                    0.5000 1.582+1 1.037+2  0.15   3.43  103.93 4.056+1 0.0 0.000+0
   106                    0.6000 1.704+1 1.078+2  0.16   3.52  103.92 4.115+1 0.0 0.000+0
   107                    0.7000 1.827+1 1.119+2  0.16   3.62  103.92 4.174+1 0.0 0.000+0
   108                    0.8000 1.951+1 1.160+2  0.17   3.72  103.92 4.234+1 0.0 0.000+0
   109                    0.9000 2.077+1 1.202+2  0.17   3.82  103.92 4.293+1 0.0 0.000+0
   110 DNSTREAM           1.0000 2.204+1 1.245+2  0.18   3.92  103.92 4.352+1 0.0 0.000+0

 BRANCH NUMBER =     2
  Node  Node Identifier     Stat    Flow    Area   Vel  Depth    Elev     Top  Fr Lat Inf
   200 UPSTREAM           0.0000 2.000+1 8.500+1  0.24   2.95  103.95 3.769+1 0.0 0.000+0
   201                    0.1000 2.114+1 8.868+1  0.24   3.04  103.94 3.827+1 0.0 0.000+0
   202                    0.2000 2.225+1 9.242+1  0.24   3.14  103.94 3.885+1 0.0 0.000+0
   203                    0.3000 2.341+1 9.623+1  0.24   3.24  103.94 3.943+1 0.0 0.000+0
   204                    0.4000 2.462+1 1.001+2  0.25   3.34  103.94 4.002+1 0.0 0.000+0
   205                    0.5000 2.585+1 1.040+2  0.25   3.43  103.93 4.060+1 0.0 0.000+0
   206                    0.6000 2.708+1 1.080+2  0.25   3.53  103.93 4.118+1 0.0 0.000+0
   207                    0.7000 2.832+1 1.120+2  0.25   3.63  103.93 4.177+1 0.0 0.000+0
   208                    0.8000 2.956+1 1.161+2  0.25   3.73  103.93 4.235+1 0.0 0.000+0
   209                    0.9000 3.082+1 1.203+2  0.26   3.82  103.92 4.294+1 0.0 0.000+0
   210 DNSTREAM           1.0000 3.209+1 1.245+2  0.26   3.92  103.92 4.352+1 0.0 0.000+0

 BRANCH NUMBER =     3
  Node  Node Identifier     Stat    Flow    Area   Vel  Depth    Elev     Top  Fr Lat Inf
   300 UPSTREAM           0.0000 5.412+1 2.490+2  0.22   3.92  103.92 8.705+1 0.0 0.000+0
   301                    0.1000 5.660+1 2.282+2  0.25   3.82  103.92 8.153+1 0.0 0.000+0
   302                    0.2000 5.892+1 2.083+2  0.28   3.72  103.92 7.613+1 0.0 0.000+0
   303                    0.3000 6.110+1 1.893+2  0.32   3.61  103.91 7.084+1 0.0 0.000+0
   304                    0.4000 6.311+1 1.712+2  0.37   3.51  103.91 6.566+1 0.0 0.000+0
   305                    0.5000 6.497+1 1.540+2  0.42   3.40  103.90 6.059+1 0.0 0.000+0
   306                    0.6000 6.667+1 1.375+2  0.48   3.29  103.89 5.563+1 0.0 0.000+0
   307                    0.7000 6.819+1 1.219+2  0.56   3.18  103.88 5.077+1 0.0 0.000+0
   308                    0.8000 6.953+1 1.070+2  0.65   3.06  103.86 4.600+1 0.0 0.000+0
   309                    0.9000 7.068+1 9.271+1  0.76   2.93  103.83 4.133+1 0.0 0.000+0
   310 DNSTREAM           1.0000 7.163+1 7.908+1  0.91   2.79  103.79 3.673+1 0.0 0.000+0

 EXTERIOR NODES
  Node  Node Identifier        QE1     YE1    Elev    Storage    Storage
    U1 UPSTREAM          1.000E+01   2.930 103.930
    D1 DNSTREAM          2.204E+01   3.921 103.921
    U2 UPSTREAM          2.000E+01   2.947 103.947
    D2 DNSTREAM          3.209E+01   3.921 103.921
    U3 UPSTREAM          5.412E+01   3.921 103.921
    D3 DNSTREAM          7.163E+01   2.788 103.788
 Balance 1: S1=1.593E+06 S2=1.931E+06 BNI=1.361E+07 BNQ=1.327E+07 TAQ=0.000E+00 WSI=0.000E+00 WSQ=0.000E+00
 Bal diff=BAL=S2-S1-BNI-TAQ+BNQ-WSI+WSQ= 4.597E-01    Rel bal=BAL/(S2+BNQ)= 3.024E-08

 SIMULATION ending at  1990/ 1/ 1:14.8750000.  Time step=   450.00 sec
 ITER RCORECT  BRA   NODE   MXRES  LOC  SUMSQR NUMGT
    1 1.8E-02    3    310 1.6E+00   41 3.1E+01    15
    2 2.7E-05    1    110 3.8E-03   44 5.6E-05     0
 CSUR= 0.0E+00 AT ND=   0:     0 RLTQ= 0.0E+00 AT ND=   0:     0 DT/ITER=   225.0

 RESULTS at time          53550. JTIME =     47892.6197916670

 BRANCH NUMBER =     1
  Node  Node Identifier     Stat    Flow    Area   Vel  Depth    Elev     Top  Fr Lat Inf
   100 UPSTREAM           0.0000 1.000+1 8.345+1  0.12   2.91  103.91 3.744+1 0.0 0.000+0
   101                    0.1000 1.107+1 8.719+1  0.13   3.00  103.90 3.803+1 0.0 0.000+0
   102                    0.2000 1.217+1 9.099+1  0.13   3.10  103.90 3.863+1 0.0 0.000+0
   103                    0.3000 1.327+1 9.484+1  0.14   3.20  103.90 3.922+1 0.0 0.000+0
   104                    0.4000 1.438+1 9.876+1  0.15   3.30  103.90 3.981+1 0.0 0.000+0
   105                    0.5000 1.551+1 1.027+2  0.15   3.40  103.90 4.041+1 0.0 0.000+0
   106                    0.6000 1.665+1 1.068+2  0.16   3.50  103.90 4.100+1 0.0 0.000+0
   107                    0.7000 1.782+1 1.108+2  0.16   3.60  103.90 4.160+1 0.0 0.000+0
   108                    0.8000 1.901+1 1.150+2  0.17   3.70  103.90 4.219+1 0.0 0.000+0
   109                    0.9000 2.021+1 1.192+2  0.17   3.80  103.90 4.278+1 0.0 0.000+0
   110 DNSTREAM           1.0000 2.142+1 1.235+2  0.17   3.90  103.90 4.338+1 0.0 0.000+0

 BRANCH NUMBER =     2
  Node  Node Identifier     Stat    Flow    Area   Vel  Depth    Elev     Top  Fr Lat Inf
   200 UPSTREAM           0.0000 2.000+1 8.408+1  0.24   2.92  103.92 3.754+1 0.0 0.000+0
   201                    0.1000 2.103+1 8.775+1  0.24   3.02  103.92 3.812+1 0.0 0.000+0
   202                    0.2000 2.212+1 9.148+1  0.24   3.12  103.92 3.870+1 0.0 0.000+0
   203                    0.3000 2.320+1 9.527+1  0.24   3.21  103.91 3.929+1 0.0 0.000+0
   204                    0.4000 2.428+1 9.912+1  0.24   3.31  103.91 3.987+1 0.0 0.000+0
   205                    0.5000 2.538+1 1.030+2  0.25   3.41  103.91 4.045+1 0.0 0.000+0
   206                    0.6000 2.652+1 1.070+2  0.25   3.51  103.91 4.104+1 0.0 0.000+0
   207                    0.7000 2.769+1 1.110+2  0.25   3.60  103.90 4.162+1 0.0 0.000+0
   208                    0.8000 2.888+1 1.151+2  0.25   3.70  103.90 4.221+1 0.0 0.000+0
   209                    0.9000 3.009+1 1.193+2  0.25   3.80  103.90 4.279+1 0.0 0.000+0
   210 DNSTREAM           1.0000 3.131+1 1.235+2  0.25   3.90  103.90 4.338+1 0.0 0.000+0

 BRANCH NUMBER =     3
  Node  Node Identifier     Stat    Flow    Area   Vel  Depth    Elev     Top  Fr Lat Inf
   300 UPSTREAM           0.0000 5.273+1 2.469+2  0.21   3.90  103.90 8.675+1 0.0 0.000+0
   301                    0.1000 5.508+1 2.262+2  0.24   3.79  103.89 8.125+1 0.0 0.000+0
   302                    0.2000 5.726+1 2.065+2  0.28   3.69  103.89 7.587+1 0.0 0.000+0
   303                    0.3000 5.928+1 1.876+2  0.32   3.59  103.89 7.059+1 0.0 0.000+0
   304                    0.4000 6.114+1 1.696+2  0.36   3.48  103.88 6.543+1 0.0 0.000+0
   305                    0.5000 6.284+1 1.525+2  0.41   3.38  103.88 6.038+1 0.0 0.000+0
   306                    0.6000 6.440+1 1.362+2  0.47   3.27  103.87 5.543+1 0.0 0.000+0
   307                    0.7000 6.580+1 1.207+2  0.55   3.15  103.85 5.059+1 0.0 0.000+0
   308                    0.8000 6.704+1 1.059+2  0.63   3.03  103.83 4.584+1 0.0 0.000+0
   309                    0.9000 6.812+1 9.184+1  0.74   2.91  103.81 4.119+1 0.0 0.000+0
   310 DNSTREAM           1.0000 6.903+1 7.837+1  0.88   2.77  103.77 3.662+1 0.0 0.000+0

 EXTERIOR NODES
  Node  Node Identifier        QE1     YE1    Elev    Storage    Storage
    U1 UPSTREAM          1.000E+01   2.906 103.906
    D1 DNSTREAM          2.142E+01   3.896 103.896
    U2 UPSTREAM          2.000E+01   2.923 103.923
    D2 DNSTREAM          3.131E+01   3.896 103.896
    U3 UPSTREAM          5.273E+01   3.896 103.896
    D3 DNSTREAM          6.903E+01   2.769 103.769
 Balance 1: S1=1.593E+06 S2=1.913E+06 BNI=1.362E+07 BNQ=1.330E+07 TAQ=0.000E+00 WSI=0.000E+00 WSQ=0.000E+00
 Bal diff=BAL=S2-S1-BNI-TAQ+BNQ-WSI+WSQ= 4.591E-01    Rel bal=BAL/(S2+BNQ)= 3.017E-08

 SIMULATION ending at  1990/ 1/ 1:15.0000000.  Time step=   450.00 sec
 ITER RCORECT  BRA   NODE   MXRES  LOC  SUMSQR NUMGT
    1 1.6E-02    1    110 1.3E+00   43 2.2E+01    16
    2 2.0E-05    3    310 3.0E-03   44 4.9E-05     0
 CSUR= 0.0E+00 AT ND=   0:     0 RLTQ= 0.0E+00 AT ND=   0:     0 DT/ITER=   225.0

 RESULTS at time          54000. JTIME =     47892.6250000003

 BRANCH NUMBER =     1
  Node  Node Identifier     Stat    Flow    Area   Vel  Depth    Elev     Top  Fr Lat Inf
   100 UPSTREAM           0.0000 1.000+1 8.257+1  0.12   2.88  103.88 3.730+1 0.0 0.000+0
   101                    0.1000 1.101+1 8.630+1  0.13   2.98  103.88 3.789+1 0.0 0.000+0
   102                    0.2000 1.202+1 9.008+1  0.13   3.08  103.88 3.849+1 0.0 0.000+0
   103                    0.3000 1.307+1 9.392+1  0.14   3.18  103.88 3.908+1 0.0 0.000+0
   104                    0.4000 1.413+1 9.783+1  0.14   3.28  103.88 3.967+1 0.0 0.000+0
   105                    0.5000 1.521+1 1.018+2  0.15   3.38  103.88 4.027+1 0.0 0.000+0
   106                    0.6000 1.629+1 1.058+2  0.15   3.48  103.88 4.086+1 0.0 0.000+0
   107                    0.7000 1.738+1 1.099+2  0.16   3.58  103.88 4.146+1 0.0 0.000+0
   108                    0.8000 1.849+1 1.140+2  0.16   3.67  103.87 4.205+1 0.0 0.000+0
   109                    0.9000 1.961+1 1.182+2  0.17   3.77  103.87 4.264+1 0.0 0.000+0
   110 DNSTREAM           1.0000 2.076+1 1.225+2  0.17   3.87  103.87 4.324+1 0.0 0.000+0

 BRANCH NUMBER =     2
  Node  Node Identifier     Stat    Flow    Area   Vel  Depth    Elev     Top  Fr Lat Inf
   200 UPSTREAM           0.0000 2.000+1 8.323+1  0.24   2.90  103.90 3.740+1 0.0 0.000+0
   201                    0.1000 2.100+1 8.688+1  0.24   3.00  103.90 3.798+1 0.0 0.000+0
   202                    0.2000 2.198+1 9.059+1  0.24   3.09  103.89 3.857+1 0.0 0.000+0
   203                    0.3000 2.301+1 9.437+1  0.24   3.19  103.89 3.915+1 0.0 0.000+0
   204                    0.4000 2.407+1 9.820+1  0.25   3.29  103.89 3.973+1 0.0 0.000+0
   205                    0.5000 2.513+1 1.021+2  0.25   3.39  103.89 4.031+1 0.0 0.000+0
   206                    0.6000 2.619+1 1.060+2  0.25   3.48  103.88 4.090+1 0.0 0.000+0
   207                    0.7000 2.726+1 1.101+2  0.25   3.58  103.88 4.148+1 0.0 0.000+0
   208                    0.8000 2.835+1 1.141+2  0.25   3.68  103.88 4.207+1 0.0 0.000+0
   209                    0.9000 2.946+1 1.183+2  0.25   3.78  103.88 4.265+1 0.0 0.000+0
   210 DNSTREAM           1.0000 3.059+1 1.225+2  0.25   3.87  103.87 4.324+1 0.0 0.000+0

 BRANCH NUMBER =     3
  Node  Node Identifier     Stat    Flow    Area   Vel  Depth    Elev     Top  Fr Lat Inf
   300 UPSTREAM           0.0000 5.135+1 2.449+2  0.21   3.87  103.87 8.648+1 0.0 0.000+0
   301                    0.1000 5.357+1 2.244+2  0.24   3.77  103.87 8.099+1 0.0 0.000+0
   302                    0.2000 5.565+1 2.047+2  0.27   3.67  103.87 7.562+1 0.0 0.000+0
   303                    0.3000 5.757+1 1.860+2  0.31   3.56  103.86 7.036+1 0.0 0.000+0
   304                    0.4000 5.934+1 1.682+2  0.35   3.46  103.86 6.521+1 0.0 0.000+0
   305                    0.5000 6.096+1 1.512+2  0.40   3.35  103.85 6.018+1 0.0 0.000+0
   306                    0.6000 6.241+1 1.350+2  0.46   3.24  103.84 5.525+1 0.0 0.000+0
   307                    0.7000 6.371+1 1.196+2  0.53   3.13  103.83 5.042+1 0.0 0.000+0
   308                    0.8000 6.485+1 1.050+2  0.62   3.01  103.81 4.569+1 0.0 0.000+0
   309                    0.9000 6.583+1 9.104+1  0.72   2.89  103.79 4.106+1 0.0 0.000+0
   310 DNSTREAM           1.0000 6.664+1 7.772+1  0.86   2.75  103.75 3.651+1 0.0 0.000+0

 EXTERIOR NODES
  Node  Node Identifier        QE1     YE1    Elev    Storage    Storage
    U1 UPSTREAM          1.000E+01   2.882 103.882
    D1 DNSTREAM          2.076E+01   3.873 103.873
    U2 UPSTREAM          2.000E+01   2.900 103.900
    D2 DNSTREAM          3.059E+01   3.873 103.873
    U3 UPSTREAM          5.135E+01   3.873 103.873
    D3 DNSTREAM          6.664E+01   2.751 103.751
 Balance 1: S1=1.593E+06 S2=1.896E+06 BNI=1.364E+07 BNQ=1.333E+07 TAQ=0.000E+00 WSI=0.000E+00 WSQ=0.000E+00
 Bal diff=BAL=S2-S1-BNI-TAQ+BNQ-WSI+WSQ= 4.532E-01    Rel bal=BAL/(S2+BNQ)= 2.976E-08

 SIMULATION ending at  1990/ 1/ 1:15.1250000.  Time step=   450.00 sec
 ITER RCORECT  BRA   NODE   MXRES  LOC  SUMSQR NUMGT
    1 1.7E-02    1    110 1.2E+00   31 2.4E+01    18
    2 1.8E-05    3    310 2.6E-03   44 2.4E-05     0
 CSUR= 0.0E+00 AT ND=   0:     0 RLTQ= 0.0E+00 AT ND=   0:     0 DT/ITER=   225.0

 RESULTS at time          54450. JTIME =     47892.6302083336

 BRANCH NUMBER =     1
  Node  Node Identifier     Stat    Flow    Area   Vel  Depth    Elev     Top  Fr Lat Inf
   100 UPSTREAM           0.0000 1.000+1 8.175+1  0.12   2.86  103.86 3.716+1 0.0 0.000+0
   101                    0.1000 1.094+1 8.546+1  0.13   2.96  103.86 3.776+1 0.0 0.000+0
   102                    0.2000 1.191+1 8.923+1  0.13   3.06  103.86 3.835+1 0.0 0.000+0
   103                    0.3000 1.287+1 9.306+1  0.14   3.16  103.86 3.895+1 0.0 0.000+0
   104                    0.4000 1.385+1 9.695+1  0.14   3.26  103.86 3.954+1 0.0 0.000+0
   105                    0.5000 1.486+1 1.009+2  0.15   3.36  103.86 4.014+1 0.0 0.000+0
   106                    0.6000 1.588+1 1.049+2  0.15   3.45  103.85 4.073+1 0.0 0.000+0
   107                    0.7000 1.691+1 1.090+2  0.16   3.55  103.85 4.132+1 0.0 0.000+0
   108                    0.8000 1.796+1 1.131+2  0.16   3.65  103.85 4.192+1 0.0 0.000+0
   109                    0.9000 1.900+1 1.173+2  0.16   3.75  103.85 4.251+1 0.0 0.000+0
   110 DNSTREAM           1.0000 2.006+1 1.215+2  0.17   3.85  103.85 4.311+1 0.0 0.000+0

 BRANCH NUMBER =     2
  Node  Node Identifier     Stat    Flow    Area   Vel  Depth    Elev     Top  Fr Lat Inf
   200 UPSTREAM           0.0000 2.000+1 8.242+1  0.24   2.88  103.88 3.727+1 0.0 0.000+0
   201                    0.1000 2.093+1 8.606+1  0.24   2.98  103.88 3.785+1 0.0 0.000+0
   202                    0.2000 2.190+1 8.976+1  0.24   3.07  103.87 3.844+1 0.0 0.000+0
   203                    0.3000 2.286+1 9.351+1  0.24   3.17  103.87 3.902+1 0.0 0.000+0
   204                    0.4000 2.383+1 9.733+1  0.24   3.27  103.87 3.960+1 0.0 0.000+0
   205                    0.5000 2.484+1 1.012+2  0.25   3.36  103.86 4.018+1 0.0 0.000+0
   206                    0.6000 2.586+1 1.052+2  0.25   3.46  103.86 4.077+1 0.0 0.000+0
   207                    0.7000 2.690+1 1.092+2  0.25   3.56  103.86 4.135+1 0.0 0.000+0
   208                    0.8000 2.795+1 1.132+2  0.25   3.66  103.86 4.194+1 0.0 0.000+0
   209                    0.9000 2.901+1 1.173+2  0.25   3.75  103.85 4.252+1 0.0 0.000+0
   210 DNSTREAM           1.0000 3.007+1 1.215+2  0.25   3.85  103.85 4.311+1 0.0 0.000+0

 BRANCH NUMBER =     3
  Node  Node Identifier     Stat    Flow    Area   Vel  Depth    Elev     Top  Fr Lat Inf
   300 UPSTREAM           0.0000 5.013+1 2.430+2  0.21   3.85  103.85 8.621+1 0.0 0.000+0
   301                    0.1000 5.218+1 2.226+2  0.23   3.75  103.85 8.074+1 0.0 0.000+0
   302                    0.2000 5.410+1 2.031+2  0.27   3.65  103.85 7.538+1 0.0 0.000+0
   303                    0.3000 5.588+1 1.845+2  0.30   3.54  103.84 7.014+1 0.0 0.000+0
   304                    0.4000 5.753+1 1.668+2  0.34   3.44  103.84 6.501+1 0.0 0.000+0
   305                    0.5000 5.904+1 1.499+2  0.39   3.33  103.83 5.999+1 0.0 0.000+0
   306                    0.6000 6.042+1 1.339+2  0.45   3.22  103.82 5.507+1 0.0 0.000+0
   307                    0.7000 6.165+1 1.186+2  0.52   3.11  103.81 5.026+1 0.0 0.000+0
   308                    0.8000 6.274+1 1.041+2  0.60   2.99  103.79 4.556+1 0.0 0.000+0
   309                    0.9000 6.367+1 9.029+1  0.71   2.87  103.77 4.094+1 0.0 0.000+0
   310 DNSTREAM           1.0000 6.445+1 7.712+1  0.84   2.73  103.73 3.641+1 0.0 0.000+0

 EXTERIOR NODES
  Node  Node Identifier        QE1     YE1    Elev    Storage    Storage
    U1 UPSTREAM          1.000E+01   2.860 103.860
    D1 DNSTREAM          2.006E+01   3.851 103.851
    U2 UPSTREAM          2.000E+01   2.878 103.878
    D2 DNSTREAM          3.007E+01   3.851 103.851
    U3 UPSTREAM          5.013E+01   3.851 103.851
    D3 DNSTREAM          6.445E+01   2.734 103.734
 Balance 1: S1=1.593E+06 S2=1.880E+06 BNI=1.365E+07 BNQ=1.336E+07 TAQ=0.000E+00 WSI=0.000E+00 WSQ=0.000E+00
 Bal diff=BAL=S2-S1-BNI-TAQ+BNQ-WSI+WSQ= 4.381E-01    Rel bal=BAL/(S2+BNQ)= 2.874E-08

 SIMULATION ending at  1990/ 1/ 1:15.2500000.  Time step=   450.00 sec
 ITER RCORECT  BRA   NODE   MXRES  LOC  SUMSQR NUMGT
    1 1.6E-02    1    109 1.2E+00   39 2.1E+01    18
    2 2.1E-05    1    110 2.6E-03   44 1.9E-05     0
 CSUR= 0.0E+00 AT ND=   0:     0 RLTQ= 0.0E+00 AT ND=   0:     0 DT/ITER=   225.0

 RESULTS at time          54900. JTIME =     47892.6354166670

 BRANCH NUMBER =     1
  Node  Node Identifier     Stat    Flow    Area   Vel  Depth    Elev     Top  Fr Lat Inf
   100 UPSTREAM           0.0000 1.000+1 8.098+1  0.12   2.84  103.84 3.704+1 0.0 0.000+0
   101                    0.1000 1.088+1 8.468+1  0.13   2.94  103.84 3.763+1 0.0 0.000+0
   102                    0.2000 1.177+1 8.844+1  0.13   3.04  103.84 3.823+1 0.0 0.000+0
   103                    0.3000 1.268+1 9.226+1  0.14   3.14  103.84 3.882+1 0.0 0.000+0
   104                    0.4000 1.361+1 9.614+1  0.14   3.24  103.84 3.942+1 0.0 0.000+0
   105                    0.5000 1.453+1 1.001+2  0.15   3.34  103.84 4.001+1 0.0 0.000+0
   106                    0.6000 1.547+1 1.041+2  0.15   3.43  103.83 4.061+1 0.0 0.000+0
   107                    0.7000 1.643+1 1.081+2  0.15   3.53  103.83 4.120+1 0.0 0.000+0
   108                    0.8000 1.740+1 1.122+2  0.16   3.63  103.83 4.180+1 0.0 0.000+0
   109                    0.9000 1.839+1 1.164+2  0.16   3.73  103.83 4.239+1 0.0 0.000+0
   110 DNSTREAM           1.0000 1.940+1 1.206+2  0.16   3.83  103.83 4.298+1 0.0 0.000+0

 BRANCH NUMBER =     2
  Node  Node Identifier     Stat    Flow    Area   Vel  Depth    Elev     Top  Fr Lat Inf
   200 UPSTREAM           0.0000 2.000+1 8.165+1  0.24   2.86  103.86 3.715+1 0.0 0.000+0
   201                    0.1000 2.089+1 8.528+1  0.24   2.95  103.85 3.773+1 0.0 0.000+0
   202                    0.2000 2.177+1 8.896+1  0.24   3.05  103.85 3.831+1 0.0 0.000+0
   203                    0.3000 2.270+1 9.271+1  0.24   3.15  103.85 3.889+1 0.0 0.000+0
   204                    0.4000 2.364+1 9.651+1  0.24   3.25  103.85 3.948+1 0.0 0.000+0
   205                    0.5000 2.458+1 1.004+2  0.24   3.34  103.84 4.006+1 0.0 0.000+0
   206                    0.6000 2.553+1 1.043+2  0.24   3.44  103.84 4.064+1 0.0 0.000+0
   207                    0.7000 2.649+1 1.083+2  0.24   3.54  103.84 4.123+1 0.0 0.000+0
   208                    0.8000 2.747+1 1.124+2  0.24   3.64  103.84 4.181+1 0.0 0.000+0
   209                    0.9000 2.847+1 1.165+2  0.24   3.73  103.83 4.240+1 0.0 0.000+0
   210 DNSTREAM           1.0000 2.948+1 1.206+2  0.24   3.83  103.83 4.298+1 0.0 0.000+0

 BRANCH NUMBER =     3
  Node  Node Identifier     Stat    Flow    Area   Vel  Depth    Elev     Top  Fr Lat Inf
   300 UPSTREAM           0.0000 4.888+1 2.413+2  0.20   3.83  103.83 8.597+1 0.0 0.000+0
   301                    0.1000 5.084+1 2.210+2  0.23   3.73  103.83 8.051+1 0.0 0.000+0
   302                    0.2000 5.265+1 2.016+2  0.26   3.63  103.83 7.517+1 0.0 0.000+0
   303                    0.3000 5.433+1 1.831+2  0.30   3.52  103.82 6.993+1 0.0 0.000+0
   304                    0.4000 5.587+1 1.655+2  0.34   3.42  103.82 6.482+1 0.0 0.000+0
   305                    0.5000 5.729+1 1.487+2  0.39   3.31  103.81 5.981+1 0.0 0.000+0
   306                    0.6000 5.857+1 1.328+2  0.44   3.20  103.80 5.491+1 0.0 0.000+0
   307                    0.7000 5.972+1 1.177+2  0.51   3.09  103.79 5.012+1 0.0 0.000+0
   308                    0.8000 6.074+1 1.033+2  0.59   2.98  103.78 4.542+1 0.0 0.000+0
   309                    0.9000 6.163+1 8.958+1  0.69   2.85  103.75 4.083+1 0.0 0.000+0
   310 DNSTREAM           1.0000 6.237+1 7.654+1  0.81   2.72  103.72 3.631+1 0.0 0.000+0

 EXTERIOR NODES
  Node  Node Identifier        QE1     YE1    Elev    Storage    Storage
    U1 UPSTREAM          1.000E+01   2.840 103.840
    D1 DNSTREAM          1.940E+01   3.831 103.831
    U2 UPSTREAM          2.000E+01   2.858 103.858
    D2 DNSTREAM          2.948E+01   3.831 103.831
    U3 UPSTREAM          4.888E+01   3.831 103.831
    D3 DNSTREAM          6.237E+01   2.719 103.719
 Balance 1: S1=1.593E+06 S2=1.865E+06 BNI=1.366E+07 BNQ=1.339E+07 TAQ=0.000E+00 WSI=0.000E+00 WSQ=0.000E+00
 Bal diff=BAL=S2-S1-BNI-TAQ+BNQ-WSI+WSQ= 4.501E-01    Rel bal=BAL/(S2+BNQ)= 2.950E-08

 SIMULATION ending at  1990/ 1/ 1:15.3750000.  Time step=   450.00 sec
 ITER RCORECT  BRA   NODE   MXRES  LOC  SUMSQR NUMGT
    1 1.5E-02    3    310 1.1E+00   43 1.8E+01    14
    2 2.6E-05    1    110 2.3E-03   44 1.5E-05     0
 CSUR= 0.0E+00 AT ND=   0:     0 RLTQ= 0.0E+00 AT ND=   0:     0 DT/ITER=   225.0

 RESULTS at time          55350. JTIME =     47892.6406250003

 BRANCH NUMBER =     1
  Node  Node Identifier     Stat    Flow    Area   Vel  Depth    Elev     Top  Fr Lat Inf
   100 UPSTREAM           0.0000 1.000+1 8.027+1  0.12   2.82  103.82 3.692+1 0.0 0.000+0
   101                    0.1000 1.082+1 8.395+1  0.13   2.92  103.82 3.752+1 0.0 0.000+0
   102                    0.2000 1.166+1 8.770+1  0.13   3.02  103.82 3.811+1 0.0 0.000+0
   103                    0.3000 1.250+1 9.151+1  0.14   3.12  103.82 3.871+1 0.0 0.000+0
   104                    0.4000 1.336+1 9.537+1  0.14   3.22  103.82 3.930+1 0.0 0.000+0
   105                    0.5000 1.424+1 9.930+1  0.14   3.32  103.82 3.990+1 0.0 0.000+0
   106                    0.6000 1.514+1 1.033+2  0.15   3.41  103.81 4.049+1 0.0 0.000+0
   107                    0.7000 1.604+1 1.073+2  0.15   3.51  103.81 4.108+1 0.0 0.000+0
   108                    0.8000 1.696+1 1.114+2  0.15   3.61  103.81 4.168+1 0.0 0.000+0
   109                    0.9000 1.788+1 1.156+2  0.15   3.71  103.81 4.227+1 0.0 0.000+0
   110 DNSTREAM           1.0000 1.882+1 1.198+2  0.16   3.81  103.81 4.287+1 0.0 0.000+0

 BRANCH NUMBER =     2
  Node  Node Identifier     Stat    Flow    Area   Vel  Depth    Elev     Top  Fr Lat Inf
   200 UPSTREAM           0.0000 2.000+1 8.093+1  0.25   2.84  103.84 3.703+1 0.0 0.000+0
   201                    0.1000 2.083+1 8.454+1  0.25   2.93  103.83 3.761+1 0.0 0.000+0
   202                    0.2000 2.168+1 8.821+1  0.25   3.03  103.83 3.819+1 0.0 0.000+0
   203                    0.3000 2.253+1 9.195+1  0.25   3.13  103.83 3.878+1 0.0 0.000+0
   204                    0.4000 2.340+1 9.574+1  0.24   3.23  103.83 3.936+1 0.0 0.000+0
   205                    0.5000 2.429+1 9.960+1  0.24   3.32  103.82 3.994+1 0.0 0.000+0
   206                    0.6000 2.519+1 1.035+2  0.24   3.42  103.82 4.053+1 0.0 0.000+0
   207                    0.7000 2.609+1 1.075+2  0.24   3.52  103.82 4.111+1 0.0 0.000+0
   208                    0.8000 2.701+1 1.115+2  0.24   3.62  103.82 4.170+1 0.0 0.000+0
   209                    0.9000 2.793+1 1.156+2  0.24   3.71  103.81 4.228+1 0.0 0.000+0
   210 DNSTREAM           1.0000 2.887+1 1.198+2  0.24   3.81  103.81 4.287+1 0.0 0.000+0

 BRANCH NUMBER =     3
  Node  Node Identifier     Stat    Flow    Area   Vel  Depth    Elev     Top  Fr Lat Inf
   300 UPSTREAM           0.0000 4.769+1 2.396+2  0.20   3.81  103.81 8.574+1 0.0 0.000+0
   301                    0.1000 4.952+1 2.194+2  0.23   3.71  103.81 8.029+1 0.0 0.000+0
   302                    0.2000 5.124+1 2.001+2  0.26   3.61  103.81 7.496+1 0.0 0.000+0
   303                    0.3000 5.283+1 1.817+2  0.29   3.50  103.80 6.974+1 0.0 0.000+0
   304                    0.4000 5.431+1 1.643+2  0.33   3.40  103.80 6.463+1 0.0 0.000+0
   305                    0.5000 5.565+1 1.476+2  0.38   3.29  103.79 5.964+1 0.0 0.000+0
   306                    0.6000 5.687+1 1.318+2  0.43   3.19  103.79 5.476+1 0.0 0.000+0
   307                    0.7000 5.796+1 1.168+2  0.50   3.07  103.77 4.998+1 0.0 0.000+0
   308                    0.8000 5.892+1 1.025+2  0.57   2.96  103.76 4.530+1 0.0 0.000+0
   309                    0.9000 5.974+1 8.891+1  0.67   2.84  103.74 4.072+1 0.0 0.000+0
   310 DNSTREAM           1.0000 6.043+1 7.600+1  0.80   2.70  103.70 3.622+1 0.0 0.000+0

 EXTERIOR NODES
  Node  Node Identifier        QE1     YE1    Elev    Storage    Storage
    U1 UPSTREAM          1.000E+01   2.820 103.820
    D1 DNSTREAM          1.882E+01   3.811 103.811
    U2 UPSTREAM          2.000E+01   2.838 103.838
    D2 DNSTREAM          2.887E+01   3.811 103.811
    U3 UPSTREAM          4.769E+01   3.811 103.811
    D3 DNSTREAM          6.043E+01   2.704 103.704
 Balance 1: S1=1.593E+06 S2=1.851E+06 BNI=1.368E+07 BNQ=1.342E+07 TAQ=0.000E+00 WSI=0.000E+00 WSQ=0.000E+00
 Bal diff=BAL=S2-S1-BNI-TAQ+BNQ-WSI+WSQ= 4.469E-01    Rel bal=BAL/(S2+BNQ)= 2.927E-08

 SIMULATION ending at  1990/ 1/ 1:15.5000000.  Time step=   450.00 sec
 ITER RCORECT  BRA   NODE   MXRES  LOC  SUMSQR NUMGT
    1 1.4E-02    3    308 9.9E-01   43 1.6E+01    10
    2 1.5E-05    3    310 2.0E-03   44 1.1E-05     0
 CSUR= 0.0E+00 AT ND=   0:     0 RLTQ= 0.0E+00 AT ND=   0:     0 DT/ITER=   225.0

 RESULTS at time          55800. JTIME =     47892.6458333336

 BRANCH NUMBER =     1
  Node  Node Identifier     Stat    Flow    Area   Vel  Depth    Elev     Top  Fr Lat Inf
   100 UPSTREAM           0.0000 1.000+1 7.959+1  0.13   2.80  103.80 3.682+1 0.0 0.000+0
   101                    0.1000 1.078+1 8.327+1  0.13   2.90  103.80 3.741+1 0.0 0.000+0
   102                    0.2000 1.156+1 8.701+1  0.13   3.00  103.80 3.800+1 0.0 0.000+0
   103                    0.3000 1.237+1 9.080+1  0.14   3.10  103.80 3.860+1 0.0 0.000+0
   104                    0.4000 1.319+1 9.466+1  0.14   3.20  103.80 3.919+1 0.0 0.000+0
   105                    0.5000 1.401+1 9.857+1  0.14   3.30  103.80 3.979+1 0.0 0.000+0
   106                    0.6000 1.485+1 1.025+2  0.14   3.40  103.80 4.038+1 0.0 0.000+0
   107                    0.7000 1.570+1 1.066+2  0.15   3.50  103.80 4.097+1 0.0 0.000+0
   108                    0.8000 1.657+1 1.107+2  0.15   3.59  103.79 4.157+1 0.0 0.000+0
   109                    0.9000 1.744+1 1.148+2  0.15   3.69  103.79 4.216+1 0.0 0.000+0
   110 DNSTREAM           1.0000 1.833+1 1.190+2  0.15   3.79  103.79 4.276+1 0.0 0.000+0

 BRANCH NUMBER =     2
  Node  Node Identifier     Stat    Flow    Area   Vel  Depth    Elev     Top  Fr Lat Inf
   200 UPSTREAM           0.0000 2.000+1 8.026+1  0.25   2.82  103.82 3.692+1 0.0 0.000+0
   201                    0.1000 2.077+1 8.385+1  0.25   2.92  103.82 3.750+1 0.0 0.000+0
   202                    0.2000 2.155+1 8.751+1  0.25   3.01  103.81 3.808+1 0.0 0.000+0
   203                    0.3000 2.236+1 9.124+1  0.25   3.11  103.81 3.867+1 0.0 0.000+0
   204                    0.4000 2.318+1 9.502+1  0.24   3.21  103.81 3.925+1 0.0 0.000+0
   205                    0.5000 2.400+1 9.887+1  0.24   3.30  103.80 3.983+1 0.0 0.000+0
   206                    0.6000 2.484+1 1.028+2  0.24   3.40  103.80 4.042+1 0.0 0.000+0
   207                    0.7000 2.569+1 1.067+2  0.24   3.50  103.80 4.100+1 0.0 0.000+0
   208                    0.8000 2.656+1 1.108+2  0.24   3.60  103.80 4.159+1 0.0 0.000+0
   209                    0.9000 2.745+1 1.149+2  0.24   3.70  103.80 4.217+1 0.0 0.000+0
   210 DNSTREAM           1.0000 2.833+1 1.190+2  0.24   3.79  103.79 4.276+1 0.0 0.000+0

 BRANCH NUMBER =     3
  Node  Node Identifier     Stat    Flow    Area   Vel  Depth    Elev     Top  Fr Lat Inf
   300 UPSTREAM           0.0000 4.666+1 2.381+2  0.20   3.79  103.79 8.552+1 0.0 0.000+0
   301                    0.1000 4.838+1 2.179+2  0.22   3.69  103.79 8.008+1 0.0 0.000+0
   302                    0.2000 4.998+1 1.988+2  0.25   3.59  103.79 7.476+1 0.0 0.000+0
   303                    0.3000 5.146+1 1.805+2  0.29   3.49  103.79 6.956+1 0.0 0.000+0
   304                    0.4000 5.283+1 1.631+2  0.32   3.38  103.78 6.446+1 0.0 0.000+0
   305                    0.5000 5.409+1 1.466+2  0.37   3.28  103.78 5.948+1 0.0 0.000+0
   306                    0.6000 5.524+1 1.308+2  0.42   3.17  103.77 5.461+1 0.0 0.000+0
   307                    0.7000 5.627+1 1.159+2  0.49   3.06  103.76 4.984+1 0.0 0.000+0
   308                    0.8000 5.718+1 1.017+2  0.56   2.94  103.74 4.518+1 0.0 0.000+0
   309                    0.9000 5.796+1 8.829+1  0.66   2.82  103.72 4.062+1 0.0 0.000+0
   310 DNSTREAM           1.0000 5.861+1 7.548+1  0.78   2.69  103.69 3.614+1 0.0 0.000+0

 EXTERIOR NODES
  Node  Node Identifier        QE1     YE1    Elev    Storage    Storage
    U1 UPSTREAM          1.000E+01   2.802 103.802
    D1 DNSTREAM          1.833E+01   3.793 103.793
    U2 UPSTREAM          2.000E+01   2.820 103.820
    D2 DNSTREAM          2.833E+01   3.793 103.793
    U3 UPSTREAM          4.666E+01   3.793 103.793
    D3 DNSTREAM          5.861E+01   2.689 103.689
 Balance 1: S1=1.593E+06 S2=1.837E+06 BNI=1.369E+07 BNQ=1.344E+07 TAQ=0.000E+00 WSI=0.000E+00 WSQ=0.000E+00
 Bal diff=BAL=S2-S1-BNI-TAQ+BNQ-WSI+WSQ= 4.648E-01    Rel bal=BAL/(S2+BNQ)= 3.041E-08

 SIMULATION ending at  1990/ 1/ 1:15.6250000.  Time step=   450.00 sec
 ITER RCORECT  BRA   NODE   MXRES  LOC  SUMSQR NUMGT
    1 1.4E-02    3    310 9.8E-01   41 1.3E+01    13
    2 1.5E-05    3    310 1.9E-03   44 9.8E-06     0
 CSUR= 0.0E+00 AT ND=   0:     0 RLTQ= 0.0E+00 AT ND=   0:     0 DT/ITER=   225.0

 RESULTS at time          56250. JTIME =     47892.6510416670

 BRANCH NUMBER =     1
  Node  Node Identifier     Stat    Flow    Area   Vel  Depth    Elev     Top  Fr Lat Inf
   100 UPSTREAM           0.0000 1.000+1 7.896+1  0.13   2.78  103.78 3.671+1 0.0 0.000+0
   101                    0.1000 1.074+1 8.262+1  0.13   2.88  103.78 3.731+1 0.0 0.000+0
   102                    0.2000 1.149+1 8.635+1  0.13   2.98  103.78 3.790+1 0.0 0.000+0
   103                    0.3000 1.224+1 9.013+1  0.14   3.08  103.78 3.849+1 0.0 0.000+0
   104                    0.4000 1.302+1 9.398+1  0.14   3.18  103.78 3.909+1 0.0 0.000+0
   105                    0.5000 1.380+1 9.788+1  0.14   3.28  103.78 3.968+1 0.0 0.000+0
   106                    0.6000 1.459+1 1.018+2  0.14   3.38  103.78 4.028+1 0.0 0.000+0
   107                    0.7000 1.539+1 1.059+2  0.15   3.48  103.78 4.087+1 0.0 0.000+0
   108                    0.8000 1.620+1 1.099+2  0.15   3.58  103.78 4.147+1 0.0 0.000+0
   109                    0.9000 1.702+1 1.141+2  0.15   3.68  103.78 4.206+1 0.0 0.000+0
   110 DNSTREAM           1.0000 1.785+1 1.183+2  0.15   3.78  103.78 4.266+1 0.0 0.000+0

 BRANCH NUMBER =     2
  Node  Node Identifier     Stat    Flow    Area   Vel  Depth    Elev     Top  Fr Lat Inf
   200 UPSTREAM           0.0000 2.000+1 7.963+1  0.25   2.80  103.80 3.682+1 0.0 0.000+0
   201                    0.1000 2.072+1 8.321+1  0.25   2.90  103.80 3.740+1 0.0 0.000+0
   202                    0.2000 2.147+1 8.686+1  0.25   3.00  103.80 3.798+1 0.0 0.000+0
   203                    0.3000 2.221+1 9.057+1  0.25   3.09  103.79 3.856+1 0.0 0.000+0
   204                    0.4000 2.298+1 9.434+1  0.24   3.19  103.79 3.914+1 0.0 0.000+0
   205                    0.5000 2.377+1 9.818+1  0.24   3.29  103.79 3.973+1 0.0 0.000+0
   206                    0.6000 2.456+1 1.021+2  0.24   3.39  103.79 4.031+1 0.0 0.000+0
   207                    0.7000 2.535+1 1.060+2  0.24   3.48  103.78 4.090+1 0.0 0.000+0
   208                    0.8000 2.616+1 1.101+2  0.24   3.58  103.78 4.148+1 0.0 0.000+0
   209                    0.9000 2.698+1 1.141+2  0.24   3.68  103.78 4.207+1 0.0 0.000+0
   210 DNSTREAM           1.0000 2.781+1 1.183+2  0.24   3.78  103.78 4.266+1 0.0 0.000+0

 BRANCH NUMBER =     3
  Node  Node Identifier     Stat    Flow    Area   Vel  Depth    Elev     Top  Fr Lat Inf
   300 UPSTREAM           0.0000 4.567+1 2.366+2  0.19   3.78  103.78 8.531+1 0.0 0.000+0
   301                    0.1000 4.729+1 2.166+2  0.22   3.67  103.77 7.989+1 0.0 0.000+0
   302                    0.2000 4.880+1 1.975+2  0.25   3.57  103.77 7.458+1 0.0 0.000+0
   303                    0.3000 5.021+1 1.793+2  0.28   3.47  103.77 6.938+1 0.0 0.000+0
   304                    0.4000 5.150+1 1.620+2  0.32   3.36  103.76 6.430+1 0.0 0.000+0
   305                    0.5000 5.267+1 1.456+2  0.36   3.26  103.76 5.933+1 0.0 0.000+0
   306                    0.6000 5.374+1 1.299+2  0.41   3.15  103.75 5.447+1 0.0 0.000+0
   307                    0.7000 5.470+1 1.151+2  0.48   3.04  103.74 4.972+1 0.0 0.000+0
   308                    0.8000 5.555+1 1.010+2  0.55   2.93  103.73 4.507+1 0.0 0.000+0
   309                    0.9000 5.629+1 8.769+1  0.64   2.81  103.71 4.052+1 0.0 0.000+0
   310 DNSTREAM           1.0000 5.691+1 7.500+1  0.76   2.68  103.68 3.606+1 0.0 0.000+0

 EXTERIOR NODES
  Node  Node Identifier        QE1     YE1    Elev    Storage    Storage
    U1 UPSTREAM          1.000E+01   2.785 103.785
    D1 DNSTREAM          1.785E+01   3.776 103.776
    U2 UPSTREAM          2.000E+01   2.803 103.803
    D2 DNSTREAM          2.781E+01   3.776 103.776
    U3 UPSTREAM          4.567E+01   3.776 103.776
    D3 DNSTREAM          5.691E+01   2.676 103.676
 Balance 1: S1=1.593E+06 S2=1.825E+06 BNI=1.370E+07 BNQ=1.347E+07 TAQ=0.000E+00 WSI=0.000E+00 WSQ=0.000E+00
 Bal diff=BAL=S2-S1-BNI-TAQ+BNQ-WSI+WSQ= 4.859E-01    Rel bal=BAL/(S2+BNQ)= 3.177E-08

 SIMULATION ending at  1990/ 1/ 1:15.7500000.  Time step=   450.00 sec
 ITER RCORECT  BRA   NODE   MXRES  LOC  SUMSQR NUMGT
    1 1.3E-02    3    310 8.9E-01   43 1.2E+01    14
    2 1.5E-05    1    110 1.6E-03   44 7.3E-06     0
 CSUR= 0.0E+00 AT ND=   0:     0 RLTQ= 0.0E+00 AT ND=   0:     0 DT/ITER=   225.0

 RESULTS at time          56700. JTIME =     47892.6562500003

 BRANCH NUMBER =     1
  Node  Node Identifier     Stat    Flow    Area   Vel  Depth    Elev     Top  Fr Lat Inf
   100 UPSTREAM           0.0000 1.000+1 7.835+1  0.13   2.77  103.77 3.661+1 0.0 0.000+0
   101                    0.1000 1.069+1 8.201+1  0.13   2.87  103.77 3.721+1 0.0 0.000+0
   102                    0.2000 1.139+1 8.573+1  0.13   2.97  103.77 3.780+1 0.0 0.000+0
   103                    0.3000 1.211+1 8.950+1  0.14   3.07  103.77 3.840+1 0.0 0.000+0
   104                    0.4000 1.283+1 9.334+1  0.14   3.16  103.76 3.899+1 0.0 0.000+0
   105                    0.5000 1.356+1 9.723+1  0.14   3.26  103.76 3.958+1 0.0 0.000+0
   106                    0.6000 1.431+1 1.012+2  0.14   3.36  103.76 4.018+1 0.0 0.000+0
   107                    0.7000 1.507+1 1.052+2  0.14   3.46  103.76 4.077+1 0.0 0.000+0
   108                    0.8000 1.584+1 1.093+2  0.14   3.56  103.76 4.137+1 0.0 0.000+0
   109                    0.9000 1.661+1 1.134+2  0.15   3.66  103.76 4.196+1 0.0 0.000+0
   110 DNSTREAM           1.0000 1.739+1 1.176+2  0.15   3.76  103.76 4.256+1 0.0 0.000+0

 BRANCH NUMBER =     2
  Node  Node Identifier     Stat    Flow    Area   Vel  Depth    Elev     Top  Fr Lat Inf
   200 UPSTREAM           0.0000 2.000+1 7.903+1  0.25   2.79  103.79 3.672+1 0.0 0.000+0
   201                    0.1000 2.069+1 8.261+1  0.25   2.88  103.78 3.730+1 0.0 0.000+0
   202                    0.2000 2.138+1 8.624+1  0.25   2.98  103.78 3.788+1 0.0 0.000+0
   203                    0.3000 2.210+1 8.994+1  0.25   3.08  103.78 3.846+1 0.0 0.000+0
   204                    0.4000 2.282+1 9.371+1  0.24   3.17  103.77 3.905+1 0.0 0.000+0
   205                    0.5000 2.354+1 9.753+1  0.24   3.27  103.77 3.963+1 0.0 0.000+0
   206                    0.6000 2.428+1 1.014+2  0.24   3.37  103.77 4.021+1 0.0 0.000+0
   207                    0.7000 2.504+1 1.054+2  0.24   3.47  103.77 4.080+1 0.0 0.000+0
   208                    0.8000 2.580+1 1.094+2  0.24   3.56  103.76 4.138+1 0.0 0.000+0
   209                    0.9000 2.658+1 1.135+2  0.23   3.66  103.76 4.197+1 0.0 0.000+0
   210 DNSTREAM           1.0000 2.736+1 1.176+2  0.23   3.76  103.76 4.256+1 0.0 0.000+0

 BRANCH NUMBER =     3
  Node  Node Identifier     Stat    Flow    Area   Vel  Depth    Elev     Top  Fr Lat Inf
   300 UPSTREAM           0.0000 4.475+1 2.352+2  0.19   3.76  103.76 8.512+1 0.0 0.000+0
   301                    0.1000 4.627+1 2.153+2  0.21   3.66  103.76 7.970+1 0.0 0.000+0
   302                    0.2000 4.768+1 1.963+2  0.24   3.56  103.76 7.440+1 0.0 0.000+0
   303                    0.3000 4.900+1 1.782+2  0.27   3.45  103.75 6.922+1 0.0 0.000+0
   304                    0.4000 5.022+1 1.610+2  0.31   3.35  103.75 6.415+1 0.0 0.000+0
   305                    0.5000 5.134+1 1.446+2  0.35   3.24  103.74 5.919+1 0.0 0.000+0
   306                    0.6000 5.235+1 1.291+2  0.41   3.14  103.74 5.434+1 0.0 0.000+0
   307                    0.7000 5.326+1 1.144+2  0.47   3.03  103.73 4.960+1 0.0 0.000+0
   308                    0.8000 5.405+1 1.004+2  0.54   2.91  103.71 4.497+1 0.0 0.000+0
   309                    0.9000 5.474+1 8.713+1  0.63   2.79  103.69 4.043+1 0.0 0.000+0
   310 DNSTREAM           1.0000 5.532+1 7.454+1  0.74   2.66  103.66 3.598+1 0.0 0.000+0

 EXTERIOR NODES
  Node  Node Identifier        QE1     YE1    Elev    Storage    Storage
    U1 UPSTREAM          1.000E+01   2.768 103.768
    D1 DNSTREAM          1.739E+01   3.760 103.760
    U2 UPSTREAM          2.000E+01   2.787 103.787
    D2 DNSTREAM          2.736E+01   3.760 103.760
    U3 UPSTREAM          4.475E+01   3.760 103.760
    D3 DNSTREAM          5.532E+01   2.663 103.663
 Balance 1: S1=1.593E+06 S2=1.813E+06 BNI=1.372E+07 BNQ=1.350E+07 TAQ=0.000E+00 WSI=0.000E+00 WSQ=0.000E+00
 Bal diff=BAL=S2-S1-BNI-TAQ+BNQ-WSI+WSQ= 4.669E-01    Rel bal=BAL/(S2+BNQ)= 3.050E-08

 SIMULATION ending at  1990/ 1/ 1:15.8750000.  Time step=   450.00 sec
 ITER RCORECT  BRA   NODE   MXRES  LOC  SUMSQR NUMGT
    1 1.2E-02    3    309 8.2E-01   43 1.1E+01    12
    2 4.5E-05    1    110 1.5E-03   44 6.7E-06     0
 CSUR= 0.0E+00 AT ND=   0:     0 RLTQ= 0.0E+00 AT ND=   0:     0 DT/ITER=   225.0

 RESULTS at time          57150. JTIME =     47892.6614583336

 BRANCH NUMBER =     1
  Node  Node Identifier     Stat    Flow    Area   Vel  Depth    Elev     Top  Fr Lat Inf
   100 UPSTREAM           0.0000 1.000+1 7.779+1  0.13   2.75  103.75 3.652+1 0.0 0.000+0
   101                    0.1000 1.065+1 8.144+1  0.13   2.85  103.75 3.711+1 0.0 0.000+0
   102                    0.2000 1.131+1 8.514+1  0.13   2.95  103.75 3.771+1 0.0 0.000+0
   103                    0.3000 1.197+1 8.891+1  0.13   3.05  103.75 3.830+1 0.0 0.000+0
   104                    0.4000 1.265+1 9.274+1  0.14   3.15  103.75 3.890+1 0.0 0.000+0
   105                    0.5000 1.334+1 9.662+1  0.14   3.25  103.75 3.949+1 0.0 0.000+0
   106                    0.6000 1.404+1 1.006+2  0.14   3.35  103.75 4.009+1 0.0 0.000+0
   107                    0.7000 1.474+1 1.046+2  0.14   3.45  103.75 4.068+1 0.0 0.000+0
   108                    0.8000 1.546+1 1.086+2  0.14   3.55  103.75 4.128+1 0.0 0.000+0
   109                    0.9000 1.619+1 1.128+2  0.14   3.65  103.75 4.187+1 0.0 0.000+0
   110 DNSTREAM           1.0000 1.693+1 1.170+2  0.14   3.74  103.74 4.247+1 0.0 0.000+0

 BRANCH NUMBER =     2
  Node  Node Identifier     Stat    Flow    Area   Vel  Depth    Elev     Top  Fr Lat Inf
   200 UPSTREAM           0.0000 2.000+1 7.847+1  0.25   2.77  103.77 3.663+1 0.0 0.000+0
   201                    0.1000 2.064+1 8.204+1  0.25   2.87  103.77 3.721+1 0.0 0.000+0
   202                    0.2000 2.130+1 8.566+1  0.25   2.96  103.76 3.779+1 0.0 0.000+0
   203                    0.3000 2.196+1 8.935+1  0.25   3.06  103.76 3.837+1 0.0 0.000+0
   204                    0.4000 2.265+1 9.311+1  0.24   3.16  103.76 3.895+1 0.0 0.000+0
   205                    0.5000 2.334+1 9.693+1  0.24   3.26  103.76 3.954+1 0.0 0.000+0
   206                    0.6000 2.404+1 1.008+2  0.24   3.35  103.75 4.012+1 0.0 0.000+0
   207                    0.7000 2.475+1 1.047+2  0.24   3.45  103.75 4.071+1 0.0 0.000+0
   208                    0.8000 2.547+1 1.088+2  0.23   3.55  103.75 4.129+1 0.0 0.000+0
   209                    0.9000 2.620+1 1.128+2  0.23   3.65  103.75 4.188+1 0.0 0.000+0
   210 DNSTREAM           1.0000 2.694+1 1.170+2  0.23   3.74  103.74 4.247+1 0.0 0.000+0

 BRANCH NUMBER =     3
  Node  Node Identifier     Stat    Flow    Area   Vel  Depth    Elev     Top  Fr Lat Inf
   300 UPSTREAM           0.0000 4.387+1 2.339+2  0.19   3.74  103.74 8.493+1 0.0 0.000+0
   301                    0.1000 4.531+1 2.141+2  0.21   3.64  103.74 7.953+1 0.0 0.000+0
   302                    0.2000 4.665+1 1.952+2  0.24   3.54  103.74 7.424+1 0.0 0.000+0
   303                    0.3000 4.789+1 1.772+2  0.27   3.44  103.74 6.907+1 0.0 0.000+0
   304                    0.4000 4.903+1 1.600+2  0.31   3.33  103.73 6.401+1 0.0 0.000+0
   305                    0.5000 5.007+1 1.438+2  0.35   3.23  103.73 5.906+1 0.0 0.000+0
   306                    0.6000 5.102+1 1.283+2  0.40   3.12  103.72 5.422+1 0.0 0.000+0
   307                    0.7000 5.187+1 1.137+2  0.46   3.01  103.71 4.949+1 0.0 0.000+0
   308                    0.8000 5.263+1 9.978+1  0.53   2.90  103.70 4.487+1 0.0 0.000+0
   309                    0.9000 5.328+1 8.661+1  0.62   2.78  103.68 4.034+1 0.0 0.000+0
   310 DNSTREAM           1.0000 5.383+1 7.411+1  0.73   2.65  103.65 3.591+1 0.0 0.000+0

 EXTERIOR NODES
  Node  Node Identifier        QE1     YE1    Elev    Storage    Storage
    U1 UPSTREAM          1.000E+01   2.753 103.753
    D1 DNSTREAM          1.693E+01   3.744 103.744
    U2 UPSTREAM          2.000E+01   2.772 103.772
    D2 DNSTREAM          2.694E+01   3.744 103.744
    U3 UPSTREAM          4.387E+01   3.744 103.744
    D3 DNSTREAM          5.383E+01   2.651 103.651
 Balance 1: S1=1.593E+06 S2=1.802E+06 BNI=1.373E+07 BNQ=1.352E+07 TAQ=0.000E+00 WSI=0.000E+00 WSQ=0.000E+00
 Bal diff=BAL=S2-S1-BNI-TAQ+BNQ-WSI+WSQ= 4.814E-01    Rel bal=BAL/(S2+BNQ)= 3.142E-08

 SIMULATION ending at  1990/ 1/ 1:16.0000000.  Time step=   450.00 sec
 ITER RCORECT  BRA   NODE   MXRES  LOC  SUMSQR NUMGT
    1 1.2E-02    3    310 8.0E-01   43 9.4E+00    10
    2 1.2E-05    3    310 1.4E-03   44 5.1E-06     0
 CSUR= 0.0E+00 AT ND=   0:     0 RLTQ= 0.0E+00 AT ND=   0:     0 DT/ITER=   225.0

 RESULTS at time          57600. JTIME =     47892.6666666670

 BRANCH NUMBER =     1
  Node  Node Identifier     Stat    Flow    Area   Vel  Depth    Elev     Top  Fr Lat Inf
   100 UPSTREAM           0.0000 1.000+1 7.726+1  0.13   2.74  103.74 3.643+1 0.0 0.000+0
   101                    0.1000 1.061+1 8.090+1  0.13   2.84  103.74 3.703+1 0.0 0.000+0
   102                    0.2000 1.122+1 8.460+1  0.13   2.94  103.74 3.762+1 0.0 0.000+0
   103                    0.3000 1.185+1 8.836+1  0.13   3.04  103.74 3.822+1 0.0 0.000+0
   104                    0.4000 1.249+1 9.217+1  0.14   3.13  103.73 3.881+1 0.0 0.000+0
   105                    0.5000 1.313+1 9.605+1  0.14   3.23  103.73 3.940+1 0.0 0.000+0
   106                    0.6000 1.379+1 9.999+1  0.14   3.33  103.73 4.000+1 0.0 0.000+0
   107                    0.7000 1.446+1 1.040+2  0.14   3.43  103.73 4.059+1 0.0 0.000+0
   108                    0.8000 1.513+1 1.080+2  0.14   3.53  103.73 4.119+1 0.0 0.000+0
   109                    0.9000 1.582+1 1.122+2  0.14   3.63  103.73 4.178+1 0.0 0.000+0
   110 DNSTREAM           1.0000 1.651+1 1.163+2  0.14   3.73  103.73 4.238+1 0.0 0.000+0

 BRANCH NUMBER =     2
  Node  Node Identifier     Stat    Flow    Area   Vel  Depth    Elev     Top  Fr Lat Inf
   200 UPSTREAM           0.0000 2.000+1 7.795+1  0.26   2.76  103.76 3.655+1 0.0 0.000+0
   201                    0.1000 2.061+1 8.150+1  0.25   2.85  103.75 3.712+1 0.0 0.000+0
   202                    0.2000 2.122+1 8.512+1  0.25   2.95  103.75 3.770+1 0.0 0.000+0
   203                    0.3000 2.186+1 8.880+1  0.25   3.05  103.75 3.829+1 0.0 0.000+0
   204                    0.4000 2.250+1 9.254+1  0.24   3.14  103.74 3.887+1 0.0 0.000+0
   205                    0.5000 2.314+1 9.635+1  0.24   3.24  103.74 3.945+1 0.0 0.000+0
   206                    0.6000 2.381+1 1.002+2  0.24   3.34  103.74 4.003+1 0.0 0.000+0
   207                    0.7000 2.448+1 1.042+2  0.24   3.44  103.74 4.062+1 0.0 0.000+0
   208                    0.8000 2.516+1 1.082+2  0.23   3.53  103.73 4.121+1 0.0 0.000+0
   209                    0.9000 2.584+1 1.122+2  0.23   3.63  103.73 4.179+1 0.0 0.000+0
   210 DNSTREAM           1.0000 2.653+1 1.163+2  0.23   3.73  103.73 4.238+1 0.0 0.000+0

 BRANCH NUMBER =     3
  Node  Node Identifier     Stat    Flow    Area   Vel  Depth    Elev     Top  Fr Lat Inf
   300 UPSTREAM           0.0000 4.304+1 2.327+2  0.18   3.73  103.73 8.476+1 0.0 0.000+0
   301                    0.1000 4.439+1 2.129+2  0.21   3.63  103.73 7.936+1 0.0 0.000+0
   302                    0.2000 4.565+1 1.941+2  0.24   3.53  103.73 7.408+1 0.0 0.000+0
   303                    0.3000 4.682+1 1.762+2  0.27   3.42  103.72 6.892+1 0.0 0.000+0
   304                    0.4000 4.790+1 1.591+2  0.30   3.32  103.72 6.387+1 0.0 0.000+0
   305                    0.5000 4.889+1 1.429+2  0.34   3.21  103.71 5.893+1 0.0 0.000+0
   306                    0.6000 4.979+1 1.276+2  0.39   3.11  103.71 5.410+1 0.0 0.000+0
   307                    0.7000 5.059+1 1.130+2  0.45   3.00  103.70 4.939+1 0.0 0.000+0
   308                    0.8000 5.130+1 9.920+1  0.52   2.88  103.68 4.477+1 0.0 0.000+0
   309                    0.9000 5.191+1 8.611+1  0.60   2.77  103.67 4.026+1 0.0 0.000+0
   310 DNSTREAM           1.0000 5.243+1 7.371+1  0.71   2.64  103.64 3.584+1 0.0 0.000+0

 EXTERIOR NODES
  Node  Node Identifier        QE1     YE1    Elev    Storage    Storage
    U1 UPSTREAM          1.000E+01   2.738 103.738
    D1 DNSTREAM          1.651E+01   3.730 103.730
    U2 UPSTREAM          2.000E+01   2.757 103.757
    D2 DNSTREAM          2.653E+01   3.730 103.730
    U3 UPSTREAM          4.304E+01   3.730 103.730
    D3 DNSTREAM          5.243E+01   2.640 103.640
 Balance 1: S1=1.593E+06 S2=1.792E+06 BNI=1.374E+07 BNQ=1.354E+07 TAQ=0.000E+00 WSI=0.000E+00 WSQ=0.000E+00
 Bal diff=BAL=S2-S1-BNI-TAQ+BNQ-WSI+WSQ= 4.543E-01    Rel bal=BAL/(S2+BNQ)= 2.963E-08

 SIMULATION ending at  1990/ 1/ 1:16.1250000.  Time step=   450.00 sec
 ITER RCORECT  BRA   NODE   MXRES  LOC  SUMSQR NUMGT
    1 1.2E-02    3    310 7.3E-01   43 8.2E+00     7
    2 4.1E-05    1    110 1.2E-03   44 4.1E-06     0
 CSUR= 0.0E+00 AT ND=   0:     0 RLTQ= 0.0E+00 AT ND=   0:     0 DT/ITER=   225.0

 RESULTS at time          58050. JTIME =     47892.6718750003

 BRANCH NUMBER =     1
  Node  Node Identifier     Stat    Flow    Area   Vel  Depth    Elev     Top  Fr Lat Inf
   100 UPSTREAM           0.0000 1.000+1 7.677+1  0.13   2.72  103.72 3.635+1 0.0 0.000+0
   101                    0.1000 1.057+1 8.040+1  0.13   2.82  103.72 3.695+1 0.0 0.000+0
   102                    0.2000 1.115+1 8.408+1  0.13   2.92  103.72 3.754+1 0.0 0.000+0
   103                    0.3000 1.174+1 8.783+1  0.13   3.02  103.72 3.813+1 0.0 0.000+0
   104                    0.4000 1.234+1 9.164+1  0.13   3.12  103.72 3.873+1 0.0 0.000+0
   105                    0.5000 1.295+1 9.551+1  0.14   3.22  103.72 3.932+1 0.0 0.000+0
   106                    0.6000 1.357+1 9.944+1  0.14   3.32  103.72 3.992+1 0.0 0.000+0
   107                    0.7000 1.420+1 1.034+2  0.14   3.42  103.72 4.051+1 0.0 0.000+0
   108                    0.8000 1.484+1 1.075+2  0.14   3.52  103.72 4.111+1 0.0 0.000+0
   109                    0.9000 1.548+1 1.116+2  0.14   3.62  103.72 4.170+1 0.0 0.000+0
   110 DNSTREAM           1.0000 1.613+1 1.158+2  0.14   3.72  103.72 4.230+1 0.0 0.000+0

 BRANCH NUMBER =     2
  Node  Node Identifier     Stat    Flow    Area   Vel  Depth    Elev     Top  Fr Lat Inf
   200 UPSTREAM           0.0000 2.000+1 7.745+1  0.26   2.74  103.74 3.646+1 0.0 0.000+0
   201                    0.1000 2.057+1 8.099+1  0.25   2.84  103.74 3.704+1 0.0 0.000+0
   202                    0.2000 2.116+1 8.460+1  0.25   2.94  103.74 3.762+1 0.0 0.000+0
   203                    0.3000 2.175+1 8.827+1  0.25   3.03  103.73 3.820+1 0.0 0.000+0
   204                    0.4000 2.235+1 9.201+1  0.24   3.13  103.73 3.879+1 0.0 0.000+0
   205                    0.5000 2.296+1 9.581+1  0.24   3.23  103.73 3.937+1 0.0 0.000+0
   206                    0.6000 2.358+1 9.968+1  0.24   3.33  103.73 3.995+1 0.0 0.000+0
   207                    0.7000 2.421+1 1.036+2  0.23   3.42  103.72 4.054+1 0.0 0.000+0
   208                    0.8000 2.485+1 1.076+2  0.23   3.52  103.72 4.112+1 0.0 0.000+0
   209                    0.9000 2.549+1 1.116+2  0.23   3.62  103.72 4.171+1 0.0 0.000+0
   210 DNSTREAM           1.0000 2.615+1 1.158+2  0.23   3.72  103.72 4.230+1 0.0 0.000+0

 BRANCH NUMBER =     3
  Node  Node Identifier     Stat    Flow    Area   Vel  Depth    Elev     Top  Fr Lat Inf
   300 UPSTREAM           0.0000 4.228+1 2.315+2  0.18   3.72  103.72 8.460+1 0.0 0.000+0
   301                    0.1000 4.355+1 2.118+2  0.21   3.61  103.71 7.921+1 0.0 0.000+0
   302                    0.2000 4.473+1 1.931+2  0.23   3.51  103.71 7.394+1 0.0 0.000+0
   303                    0.3000 4.583+1 1.752+2  0.26   3.41  103.71 6.878+1 0.0 0.000+0
   304                    0.4000 4.685+1 1.583+2  0.30   3.31  103.71 6.374+1 0.0 0.000+0
   305                    0.5000 4.778+1 1.422+2  0.34   3.20  103.70 5.881+1 0.0 0.000+0
   306                    0.6000 4.862+1 1.269+2  0.38   3.09  103.69 5.400+1 0.0 0.000+0
   307                    0.7000 4.938+1 1.124+2  0.44   2.99  103.69 4.929+1 0.0 0.000+0
   308                    0.8000 5.005+1 9.865+1  0.51   2.87  103.67 4.468+1 0.0 0.000+0
   309                    0.9000 5.063+1 8.564+1  0.59   2.75  103.65 4.018+1 0.0 0.000+0
   310 DNSTREAM           1.0000 5.112+1 7.332+1  0.70   2.63  103.63 3.578+1 0.0 0.000+0

 EXTERIOR NODES
  Node  Node Identifier        QE1     YE1    Elev    Storage    Storage
    U1 UPSTREAM          1.000E+01   2.725 103.725
    D1 DNSTREAM          1.613E+01   3.716 103.716
    U2 UPSTREAM          2.000E+01   2.744 103.744
    D2 DNSTREAM          2.615E+01   3.716 103.716
    U3 UPSTREAM          4.228E+01   3.716 103.716
    D3 DNSTREAM          5.112E+01   2.629 103.629
 Balance 1: S1=1.593E+06 S2=1.782E+06 BNI=1.376E+07 BNQ=1.357E+07 TAQ=0.000E+00 WSI=0.000E+00 WSQ=0.000E+00
 Bal diff=BAL=S2-S1-BNI-TAQ+BNQ-WSI+WSQ= 4.672E-01    Rel bal=BAL/(S2+BNQ)= 3.044E-08

 SIMULATION ending at  1990/ 1/ 1:16.2500000.  Time step=   450.00 sec
 ITER RCORECT  BRA   NODE   MXRES  LOC  SUMSQR NUMGT
    1 1.1E-02    3    310 6.9E-01   43 7.1E+00     5
    2 9.8E-06    3    310 1.1E-03   44 3.2E-06     0
 CSUR= 0.0E+00 AT ND=   0:     0 RLTQ= 0.0E+00 AT ND=   0:     0 DT/ITER=   225.0

 RESULTS at time          58500. JTIME =     47892.6770833337

 BRANCH NUMBER =     1
  Node  Node Identifier     Stat    Flow    Area   Vel  Depth    Elev     Top  Fr Lat Inf
   100 UPSTREAM           0.0000 1.000+1 7.630+1  0.13   2.71  103.71 3.627+1 0.0 0.000+0
   101                    0.1000 1.054+1 7.992+1  0.13   2.81  103.71 3.687+1 0.0 0.000+0
   102                    0.2000 1.109+1 8.360+1  0.13   2.91  103.71 3.746+1 0.0 0.000+0
   103                    0.3000 1.165+1 8.734+1  0.13   3.01  103.71 3.806+1 0.0 0.000+0
   104                    0.4000 1.221+1 9.114+1  0.13   3.11  103.71 3.865+1 0.0 0.000+0
   105                    0.5000 1.279+1 9.501+1  0.13   3.21  103.71 3.925+1 0.0 0.000+0
   106                    0.6000 1.337+1 9.893+1  0.14   3.31  103.71 3.984+1 0.0 0.000+0
   107                    0.7000 1.396+1 1.029+2  0.14   3.41  103.71 4.044+1 0.0 0.000+0
   108                    0.8000 1.456+1 1.070+2  0.14   3.50  103.70 4.103+1 0.0 0.000+0
   109                    0.9000 1.517+1 1.111+2  0.14   3.60  103.70 4.163+1 0.0 0.000+0
   110 DNSTREAM           1.0000 1.579+1 1.152+2  0.14   3.70  103.70 4.222+1 0.0 0.000+0

 BRANCH NUMBER =     2
  Node  Node Identifier     Stat    Flow    Area   Vel  Depth    Elev     Top  Fr Lat Inf
   200 UPSTREAM           0.0000 2.000+1 7.699+1  0.26   2.73  103.73 3.639+1 0.0 0.000+0
   201                    0.1000 2.054+1 8.052+1  0.26   2.83  103.73 3.697+1 0.0 0.000+0
   202                    0.2000 2.108+1 8.412+1  0.25   2.92  103.72 3.754+1 0.0 0.000+0
   203                    0.3000 2.164+1 8.778+1  0.25   3.02  103.72 3.813+1 0.0 0.000+0
   204                    0.4000 2.221+1 9.151+1  0.24   3.12  103.72 3.871+1 0.0 0.000+0
   205                    0.5000 2.278+1 9.530+1  0.24   3.21  103.71 3.929+1 0.0 0.000+0
   206                    0.6000 2.337+1 9.916+1  0.24   3.31  103.71 3.988+1 0.0 0.000+0
   207                    0.7000 2.396+1 1.031+2  0.23   3.41  103.71 4.046+1 0.0 0.000+0
   208                    0.8000 2.456+1 1.071+2  0.23   3.51  103.71 4.105+1 0.0 0.000+0
   209                    0.9000 2.517+1 1.111+2  0.23   3.61  103.71 4.163+1 0.0 0.000+0
   210 DNSTREAM           1.0000 2.578+1 1.152+2  0.22   3.70  103.70 4.222+1 0.0 0.000+0

 BRANCH NUMBER =     3
  Node  Node Identifier     Stat    Flow    Area   Vel  Depth    Elev     Top  Fr Lat Inf
   300 UPSTREAM           0.0000 4.157+1 2.304+2  0.18   3.70  103.70 8.444+1 0.0 0.000+0
   301                    0.1000 4.277+1 2.108+2  0.20   3.60  103.70 7.906+1 0.0 0.000+0
   302                    0.2000 4.388+1 1.922+2  0.23   3.50  103.70 7.380+1 0.0 0.000+0
   303                    0.3000 4.492+1 1.744+2  0.26   3.40  103.70 6.865+1 0.0 0.000+0
   304                    0.4000 4.587+1 1.575+2  0.29   3.29  103.69 6.362+1 0.0 0.000+0
   305                    0.5000 4.674+1 1.414+2  0.33   3.19  103.69 5.870+1 0.0 0.000+0
   306                    0.6000 4.754+1 1.262+2  0.38   3.08  103.68 5.389+1 0.0 0.000+0
   307                    0.7000 4.825+1 1.118+2  0.43   2.97  103.67 4.919+1 0.0 0.000+0
   308                    0.8000 4.888+1 9.813+1  0.50   2.86  103.66 4.460+1 0.0 0.000+0
   309                    0.9000 4.943+1 8.520+1  0.58   2.74  103.64 4.011+1 0.0 0.000+0
   310 DNSTREAM           1.0000 4.989+1 7.296+1  0.68   2.62  103.62 3.572+1 0.0 0.000+0

 EXTERIOR NODES
  Node  Node Identifier        QE1     YE1    Elev    Storage    Storage
    U1 UPSTREAM          1.000E+01   2.712 103.712
    D1 DNSTREAM          1.579E+01   3.704 103.704
    U2 UPSTREAM          2.000E+01   2.731 103.731
    D2 DNSTREAM          2.578E+01   3.704 103.704
    U3 UPSTREAM          4.157E+01   3.704 103.704
    D3 DNSTREAM          4.989E+01   2.619 103.619
 Balance 1: S1=1.593E+06 S2=1.773E+06 BNI=1.377E+07 BNQ=1.359E+07 TAQ=0.000E+00 WSI=0.000E+00 WSQ=0.000E+00
 Bal diff=BAL=S2-S1-BNI-TAQ+BNQ-WSI+WSQ= 4.568E-01    Rel bal=BAL/(S2+BNQ)= 2.974E-08

 SIMULATION ending at  1990/ 1/ 1:16.3750000.  Time step=   450.00 sec
 ITER RCORECT  BRA   NODE   MXRES  LOC  SUMSQR NUMGT
    1 1.1E-02    3    310 6.5E-01   43 6.3E+00     3
    2 3.8E-05    1    110 1.0E-03   44 3.0E-06     0
 CSUR= 0.0E+00 AT ND=   0:     0 RLTQ= 0.0E+00 AT ND=   0:     0 DT/ITER=   225.0

 RESULTS at time          58950. JTIME =     47892.6822916670

 BRANCH NUMBER =     1
  Node  Node Identifier     Stat    Flow    Area   Vel  Depth    Elev     Top  Fr Lat Inf
   100 UPSTREAM           0.0000 1.000+1 7.586+1  0.13   2.70  103.70 3.620+1 0.0 0.000+0
   101                    0.1000 1.051+1 7.947+1  0.13   2.80  103.70 3.679+1 0.0 0.000+0
   102                    0.2000 1.103+1 8.314+1  0.13   2.90  103.70 3.739+1 0.0 0.000+0
   103                    0.3000 1.155+1 8.688+1  0.13   3.00  103.70 3.798+1 0.0 0.000+0
   104                    0.4000 1.209+1 9.067+1  0.13   3.10  103.70 3.858+1 0.0 0.000+0
   105                    0.5000 1.263+1 9.453+1  0.13   3.20  103.70 3.917+1 0.0 0.000+0
   106                    0.6000 1.318+1 9.844+1  0.13   3.29  103.69 3.977+1 0.0 0.000+0
   107                    0.7000 1.374+1 1.024+2  0.13   3.39  103.69 4.036+1 0.0 0.000+0
   108                    0.8000 1.430+1 1.065+2  0.13   3.49  103.69 4.096+1 0.0 0.000+0
   109                    0.9000 1.488+1 1.106+2  0.13   3.59  103.69 4.155+1 0.0 0.000+0
   110 DNSTREAM           1.0000 1.545+1 1.147+2  0.13   3.69  103.69 4.215+1 0.0 0.000+0

 BRANCH NUMBER =     2
  Node  Node Identifier     Stat    Flow    Area   Vel  Depth    Elev     Top  Fr Lat Inf
   200 UPSTREAM           0.0000 2.000+1 7.655+1  0.26   2.72  103.72 3.632+1 0.0 0.000+0
   201                    0.1000 2.051+1 8.007+1  0.26   2.81  103.71 3.689+1 0.0 0.000+0
   202                    0.2000 2.102+1 8.366+1  0.25   2.91  103.71 3.747+1 0.0 0.000+0
   203                    0.3000 2.154+1 8.732+1  0.25   3.01  103.71 3.805+1 0.0 0.000+0
   204                    0.4000 2.208+1 9.104+1  0.24   3.11  103.71 3.863+1 0.0 0.000+0
   205                    0.5000 2.262+1 9.483+1  0.24   3.20  103.70 3.922+1 0.0 0.000+0
   206                    0.6000 2.317+1 9.867+1  0.23   3.30  103.70 3.980+1 0.0 0.000+0
   207                    0.7000 2.372+1 1.026+2  0.23   3.40  103.70 4.039+1 0.0 0.000+0
   208                    0.8000 2.429+1 1.066+2  0.23   3.50  103.70 4.097+1 0.0 0.000+0
   209                    0.9000 2.486+1 1.106+2  0.22   3.59  103.69 4.156+1 0.0 0.000+0
   210 DNSTREAM           1.0000 2.544+1 1.147+2  0.22   3.69  103.69 4.215+1 0.0 0.000+0

 BRANCH NUMBER =     3
  Node  Node Identifier     Stat    Flow    Area   Vel  Depth    Elev     Top  Fr Lat Inf
   300 UPSTREAM           0.0000 4.090+1 2.294+2  0.18   3.69  103.69 8.430+1 0.0 0.000+0
   301                    0.1000 4.202+1 2.099+2  0.20   3.59  103.69 7.893+1 0.0 0.000+0
   302                    0.2000 4.307+1 1.913+2  0.23   3.49  103.69 7.367+1 0.0 0.000+0
   303                    0.3000 4.405+1 1.736+2  0.25   3.39  103.69 6.853+1 0.0 0.000+0
   304                    0.4000 4.495+1 1.567+2  0.29   3.28  103.68 6.351+1 0.0 0.000+0
   305                    0.5000 4.577+1 1.407+2  0.33   3.18  103.68 5.860+1 0.0 0.000+0
   306                    0.6000 4.652+1 1.256+2  0.37   3.07  103.67 5.380+1 0.0 0.000+0
   307                    0.7000 4.720+1 1.112+2  0.42   2.96  103.66 4.911+1 0.0 0.000+0
   308                    0.8000 4.779+1 9.764+1  0.49   2.85  103.65 4.452+1 0.0 0.000+0
   309                    0.9000 4.830+1 8.479+1  0.57   2.73  103.63 4.004+1 0.0 0.000+0
   310 DNSTREAM           1.0000 4.873+1 7.262+1  0.67   2.61  103.61 3.566+1 0.0 0.000+0

 EXTERIOR NODES
  Node  Node Identifier        QE1     YE1    Elev    Storage    Storage
    U1 UPSTREAM          1.000E+01   2.700 103.700
    D1 DNSTREAM          1.545E+01   3.691 103.691
    U2 UPSTREAM          2.000E+01   2.719 103.719
    D2 DNSTREAM          2.544E+01   3.691 103.691
    U3 UPSTREAM          4.090E+01   3.691 103.691
    D3 DNSTREAM          4.873E+01   2.610 103.610
 Balance 1: S1=1.593E+06 S2=1.764E+06 BNI=1.378E+07 BNQ=1.361E+07 TAQ=0.000E+00 WSI=0.000E+00 WSQ=0.000E+00
 Bal diff=BAL=S2-S1-BNI-TAQ+BNQ-WSI+WSQ= 4.299E-01    Rel bal=BAL/(S2+BNQ)= 2.796E-08

 SIMULATION ending at  1990/ 1/ 1:16.5000000.  Time step=   450.00 sec
 ITER RCORECT  BRA   NODE   MXRES  LOC  SUMSQR NUMGT
    1 1.0E-02    3    310 6.0E-01   43 5.7E+00     3
    2 4.0E-05    1    110 8.9E-04   44 2.6E-06     0
 CSUR= 0.0E+00 AT ND=   0:     0 RLTQ= 0.0E+00 AT ND=   0:     0 DT/ITER=   225.0

 RESULTS at time          59400. JTIME =     47892.6875000003

 BRANCH NUMBER =     1
  Node  Node Identifier     Stat    Flow    Area   Vel  Depth    Elev     Top  Fr Lat Inf
   100 UPSTREAM           0.0000 1.000+1 7.544+1  0.13   2.69  103.69 3.613+1 0.0 0.000+0
   101                    0.1000 1.048+1 7.905+1  0.13   2.79  103.69 3.673+1 0.0 0.000+0
   102                    0.2000 1.097+1 8.271+1  0.13   2.89  103.69 3.732+1 0.0 0.000+0
   103                    0.3000 1.146+1 8.644+1  0.13   2.99  103.69 3.791+1 0.0 0.000+0
   104                    0.4000 1.196+1 9.023+1  0.13   3.08  103.68 3.851+1 0.0 0.000+0
   105                    0.5000 1.247+1 9.408+1  0.13   3.18  103.68 3.910+1 0.0 0.000+0
   106                    0.6000 1.299+1 9.799+1  0.13   3.28  103.68 3.970+1 0.0 0.000+0
   107                    0.7000 1.352+1 1.020+2  0.13   3.38  103.68 4.029+1 0.0 0.000+0
   108                    0.8000 1.405+1 1.060+2  0.13   3.48  103.68 4.089+1 0.0 0.000+0
   109                    0.9000 1.459+1 1.101+2  0.13   3.58  103.68 4.148+1 0.0 0.000+0
   110 DNSTREAM           1.0000 1.513+1 1.142+2  0.13   3.68  103.68 4.208+1 0.0 0.000+0

 BRANCH NUMBER =     2
  Node  Node Identifier     Stat    Flow    Area   Vel  Depth    Elev     Top  Fr Lat Inf
   200 UPSTREAM           0.0000 2.000+1 7.613+1  0.26   2.71  103.71 3.625+1 0.0 0.000+0
   201                    0.1000 2.048+1 7.965+1  0.26   2.80  103.70 3.682+1 0.0 0.000+0
   202                    0.2000 2.096+1 8.323+1  0.25   2.90  103.70 3.740+1 0.0 0.000+0
   203                    0.3000 2.146+1 8.688+1  0.25   3.00  103.70 3.798+1 0.0 0.000+0
   204                    0.4000 2.196+1 9.060+1  0.24   3.09  103.69 3.857+1 0.0 0.000+0
   205                    0.5000 2.247+1 9.438+1  0.24   3.19  103.69 3.915+1 0.0 0.000+0
   206                    0.6000 2.299+1 9.822+1  0.23   3.29  103.69 3.973+1 0.0 0.000+0
   207                    0.7000 2.351+1 1.021+2  0.23   3.39  103.69 4.032+1 0.0 0.000+0
   208                    0.8000 2.404+1 1.061+2  0.23   3.48  103.68 4.091+1 0.0 0.000+0
   209                    0.9000 2.458+1 1.101+2  0.22   3.58  103.68 4.149+1 0.0 0.000+0
   210 DNSTREAM           1.0000 2.513+1 1.142+2  0.22   3.68  103.68 4.208+1 0.0 0.000+0

 BRANCH NUMBER =     3
  Node  Node Identifier     Stat    Flow    Area   Vel  Depth    Elev     Top  Fr Lat Inf
   300 UPSTREAM           0.0000 4.026+1 2.285+2  0.18   3.68  103.68 8.416+1 0.0 0.000+0
   301                    0.1000 4.132+1 2.090+2  0.20   3.58  103.68 7.880+1 0.0 0.000+0
   302                    0.2000 4.231+1 1.904+2  0.22   3.48  103.68 7.355+1 0.0 0.000+0
   303                    0.3000 4.323+1 1.728+2  0.25   3.37  103.67 6.842+1 0.0 0.000+0
   304                    0.4000 4.408+1 1.560+2  0.28   3.27  103.67 6.340+1 0.0 0.000+0
   305                    0.5000 4.486+1 1.401+2  0.32   3.17  103.67 5.850+1 0.0 0.000+0
   306                    0.6000 4.556+1 1.250+2  0.36   3.06  103.66 5.370+1 0.0 0.000+0
   307                    0.7000 4.620+1 1.107+2  0.42   2.95  103.65 4.902+1 0.0 0.000+0
   308                    0.8000 4.676+1 9.719+1  0.48   2.84  103.64 4.445+1 0.0 0.000+0
   309                    0.9000 4.724+1 8.440+1  0.56   2.72  103.62 3.998+1 0.0 0.000+0
   310 DNSTREAM           1.0000 4.765+1 7.230+1  0.66   2.60  103.60 3.561+1 0.0 0.000+0

 EXTERIOR NODES
  Node  Node Identifier        QE1     YE1    Elev    Storage    Storage
    U1 UPSTREAM          1.000E+01   2.688 103.688
    D1 DNSTREAM          1.513E+01   3.680 103.680
    U2 UPSTREAM          2.000E+01   2.707 103.707
    D2 DNSTREAM          2.513E+01   3.680 103.680
    U3 UPSTREAM          4.026E+01   3.680 103.680
    D3 DNSTREAM          4.765E+01   2.601 103.601
 Balance 1: S1=1.593E+06 S2=1.756E+06 BNI=1.380E+07 BNQ=1.363E+07 TAQ=0.000E+00 WSI=0.000E+00 WSQ=0.000E+00
 Bal diff=BAL=S2-S1-BNI-TAQ+BNQ-WSI+WSQ= 4.335E-01    Rel bal=BAL/(S2+BNQ)= 2.817E-08

 SIMULATION ending at  1990/ 1/ 1:16.6250000.  Time step=   450.00 sec
 ITER RCORECT  BRA   NODE   MXRES  LOC  SUMSQR NUMGT
    1 9.9E-03    3    310 5.8E-01   43 5.0E+00     0
 CSUR= 0.0E+00 AT ND=   0:     0 RLTQ= 0.0E+00 AT ND=   0:     0 DT/ITER=   225.8

 RESULTS at time          59850. JTIME =     47892.6927083337

 BRANCH NUMBER =     1
  Node  Node Identifier     Stat    Flow    Area   Vel  Depth    Elev     Top  Fr Lat Inf
   100 UPSTREAM           0.0000 1.000+1 7.505+1  0.13   2.68  103.68 3.607+1 0.0 0.000+0
   101                    0.1000 1.045+1 7.865+1  0.13   2.78  103.68 3.666+1 0.0 0.000+0
   102                    0.2000 1.091+1 8.231+1  0.13   2.88  103.68 3.725+1 0.0 0.000+0
   103                    0.3000 1.137+1 8.603+1  0.13   2.97  103.67 3.785+1 0.0 0.000+0
   104                    0.4000 1.185+1 8.981+1  0.13   3.07  103.67 3.844+1 0.0 0.000+0
   105                    0.5000 1.233+1 9.365+1  0.13   3.17  103.67 3.904+1 0.0 0.000+0
   106                    0.6000 1.281+1 9.756+1  0.13   3.27  103.67 3.963+1 0.0 0.000+0
   107                    0.7000 1.331+1 1.015+2  0.13   3.37  103.67 4.023+1 0.0 0.000+0
   108                    0.8000 1.381+1 1.055+2  0.13   3.47  103.67 4.082+1 0.0 0.000+0
   109                    0.9000 1.432+1 1.096+2  0.13   3.57  103.67 4.142+1 0.0 0.000+0
   110 DNSTREAM           1.0000 1.483+1 1.138+2  0.13   3.67  103.67 4.202+1 0.0 0.000+0

 BRANCH NUMBER =     2
  Node  Node Identifier     Stat    Flow    Area   Vel  Depth    Elev     Top  Fr Lat Inf
   200 UPSTREAM           0.0000 2.000+1 7.575+1  0.26   2.70  103.70 3.618+1 0.0 0.000+0
   201                    0.1000 2.045+1 7.925+1  0.26   2.79  103.69 3.676+1 0.0 0.000+0
   202                    0.2000 2.091+1 8.283+1  0.25   2.89  103.69 3.734+1 0.0 0.000+0
   203                    0.3000 2.137+1 8.647+1  0.25   2.99  103.69 3.792+1 0.0 0.000+0
   204                    0.4000 2.185+1 9.018+1  0.24   3.08  103.68 3.850+1 0.0 0.000+0
   205                    0.5000 2.233+1 9.395+1  0.24   3.18  103.68 3.908+1 0.0 0.000+0
   206                    0.6000 2.281+1 9.779+1  0.23   3.28  103.68 3.967+1 0.0 0.000+0
   207                    0.7000 2.331+1 1.017+2  0.23   3.38  103.68 4.025+1 0.0 0.000+0
   208                    0.8000 2.381+1 1.057+2  0.23   3.47  103.67 4.084+1 0.0 0.000+0
   209                    0.9000 2.432+1 1.097+2  0.22   3.57  103.67 4.143+1 0.0 0.000+0
   210 DNSTREAM           1.0000 2.484+1 1.138+2  0.22   3.67  103.67 4.202+1 0.0 0.000+0

 BRANCH NUMBER =     3
  Node  Node Identifier     Stat    Flow    Area   Vel  Depth    Elev     Top  Fr Lat Inf
   300 UPSTREAM           0.0000 3.967+1 2.276+2  0.17   3.67  103.67 8.403+1 0.0 0.000+0
   301                    0.1000 4.067+1 2.081+2  0.20   3.57  103.67 7.867+1 0.0 0.000+0
   302                    0.2000 4.160+1 1.896+2  0.22   3.47  103.67 7.343+1 0.0 0.000+0
   303                    0.3000 4.247+1 1.721+2  0.25   3.36  103.66 6.831+1 0.0 0.000+0
   304                    0.4000 4.327+1 1.553+2  0.28   3.26  103.66 6.330+1 0.0 0.000+0
   305                    0.5000 4.400+1 1.395+2  0.32   3.16  103.66 5.840+1 0.0 0.000+0
   306                    0.6000 4.466+1 1.244+2  0.36   3.05  103.65 5.362+1 0.0 0.000+0
   307                    0.7000 4.526+1 1.102+2  0.41   2.94  103.64 4.894+1 0.0 0.000+0
   308                    0.8000 4.579+1 9.675+1  0.47   2.83  103.63 4.438+1 0.0 0.000+0
   309                    0.9000 4.625+1 8.402+1  0.55   2.71  103.61 3.992+1 0.0 0.000+0
   310 DNSTREAM           1.0000 4.663+1 7.199+1  0.65   2.59  103.59 3.555+1 0.0 0.000+0

 EXTERIOR NODES
  Node  Node Identifier        QE1     YE1    Elev    Storage    Storage
    U1 UPSTREAM          1.000E+01   2.677 103.677
    D1 DNSTREAM          1.483E+01   3.669 103.669
    U2 UPSTREAM          2.000E+01   2.697 103.697
    D2 DNSTREAM          2.484E+01   3.669 103.669
    U3 UPSTREAM          3.967E+01   3.669 103.669
    D3 DNSTREAM          4.663E+01   2.592 103.592
 Balance 1: S1=1.593E+06 S2=1.748E+06 BNI=1.381E+07 BNQ=1.365E+07 TAQ=0.000E+00 WSI=0.000E+00 WSQ=0.000E+00
 Bal diff=BAL=S2-S1-BNI-TAQ+BNQ-WSI+WSQ= 1.829E+00    Rel bal=BAL/(S2+BNQ)= 1.188E-07

 SIMULATION ending at  1990/ 1/ 1:16.7500000.  Time step=   450.00 sec
 ITER RCORECT  BRA   NODE   MXRES  LOC  SUMSQR NUMGT
    1 9.5E-03    3    310 5.4E-01   43 4.4E+00     0
 CSUR= 0.0E+00 AT ND=   0:     0 RLTQ= 0.0E+00 AT ND=   0:     0 DT/ITER=   226.7

 RESULTS at time          60300. JTIME =     47892.6979166670

 BRANCH NUMBER =     1
  Node  Node Identifier     Stat    Flow    Area   Vel  Depth    Elev     Top  Fr Lat Inf
   100 UPSTREAM           0.0000 1.000+1 7.468+1  0.13   2.67  103.67 3.601+1 0.0 0.000+0
   101                    0.1000 1.042+1 7.827+1  0.13   2.77  103.67 3.660+1 0.0 0.000+0
   102                    0.2000 1.086+1 8.193+1  0.13   2.87  103.67 3.719+1 0.0 0.000+0
   103                    0.3000 1.129+1 8.564+1  0.13   2.96  103.66 3.779+1 0.0 0.000+0
   104                    0.4000 1.174+1 8.942+1  0.13   3.06  103.66 3.838+1 0.0 0.000+0
   105                    0.5000 1.219+1 9.325+1  0.13   3.16  103.66 3.898+1 0.0 0.000+0
   106                    0.6000 1.265+1 9.715+1  0.13   3.26  103.66 3.957+1 0.0 0.000+0
   107                    0.7000 1.312+1 1.011+2  0.13   3.36  103.66 4.017+1 0.0 0.000+0
   108                    0.8000 1.359+1 1.051+2  0.13   3.46  103.66 4.076+1 0.0 0.000+0
   109                    0.9000 1.407+1 1.092+2  0.13   3.56  103.66 4.136+1 0.0 0.000+0
   110 DNSTREAM           1.0000 1.455+1 1.133+2  0.13   3.66  103.66 4.195+1 0.0 0.000+0

 BRANCH NUMBER =     2
  Node  Node Identifier     Stat    Flow    Area   Vel  Depth    Elev     Top  Fr Lat Inf
   200 UPSTREAM           0.0000 2.000+1 7.538+1  0.27   2.69  103.69 3.612+1 0.0 0.000+0
   201                    0.1000 2.042+1 7.888+1  0.26   2.78  103.68 3.670+1 0.0 0.000+0
   202                    0.2000 2.085+1 8.245+1  0.25   2.88  103.68 3.728+1 0.0 0.000+0
   203                    0.3000 2.129+1 8.608+1  0.25   2.98  103.68 3.786+1 0.0 0.000+0
   204                    0.4000 2.174+1 8.978+1  0.24   3.07  103.67 3.844+1 0.0 0.000+0
   205                    0.5000 2.219+1 9.355+1  0.24   3.17  103.67 3.902+1 0.0 0.000+0
   206                    0.6000 2.265+1 9.738+1  0.23   3.27  103.67 3.961+1 0.0 0.000+0
   207                    0.7000 2.312+1 1.013+2  0.23   3.37  103.67 4.019+1 0.0 0.000+0
   208                    0.8000 2.359+1 1.052+2  0.22   3.46  103.66 4.078+1 0.0 0.000+0
   209                    0.9000 2.407+1 1.093+2  0.22   3.56  103.66 4.137+1 0.0 0.000+0
   210 DNSTREAM           1.0000 2.456+1 1.133+2  0.22   3.66  103.66 4.195+1 0.0 0.000+0

 BRANCH NUMBER =     3
  Node  Node Identifier     Stat    Flow    Area   Vel  Depth    Elev     Top  Fr Lat Inf
   300 UPSTREAM           0.0000 3.911+1 2.267+2  0.17   3.66  103.66 8.391+1 0.0 0.000+0
   301                    0.1000 4.005+1 2.073+2  0.19   3.56  103.66 7.856+1 0.0 0.000+0
   302                    0.2000 4.093+1 1.889+2  0.22   3.46  103.66 7.332+1 0.0 0.000+0
   303                    0.3000 4.175+1 1.714+2  0.24   3.35  103.65 6.820+1 0.0 0.000+0
   304                    0.4000 4.250+1 1.547+2  0.27   3.25  103.65 6.320+1 0.0 0.000+0
   305                    0.5000 4.319+1 1.389+2  0.31   3.15  103.65 5.831+1 0.0 0.000+0
   306                    0.6000 4.382+1 1.239+2  0.35   3.04  103.64 5.354+1 0.0 0.000+0
   307                    0.7000 4.438+1 1.098+2  0.40   2.93  103.63 4.887+1 0.0 0.000+0
   308                    0.8000 4.488+1 9.634+1  0.47   2.82  103.62 4.431+1 0.0 0.000+0
   309                    0.9000 4.531+1 8.368+1  0.54   2.71  103.61 3.986+1 0.0 0.000+0
   310 DNSTREAM           1.0000 4.568+1 7.170+1  0.64   2.58  103.58 3.551+1 0.0 0.000+0

 EXTERIOR NODES
  Node  Node Identifier        QE1     YE1    Elev    Storage    Storage
    U1 UPSTREAM          1.000E+01   2.667 103.667
    D1 DNSTREAM          1.455E+01   3.659 103.659
    U2 UPSTREAM          2.000E+01   2.686 103.686
    D2 DNSTREAM          2.456E+01   3.659 103.659
    U3 UPSTREAM          3.911E+01   3.659 103.659
    D3 DNSTREAM          4.568E+01   2.584 103.584
 Balance 1: S1=1.593E+06 S2=1.741E+06 BNI=1.382E+07 BNQ=1.368E+07 TAQ=0.000E+00 WSI=0.000E+00 WSQ=0.000E+00
 Bal diff=BAL=S2-S1-BNI-TAQ+BNQ-WSI+WSQ= 3.068E+00    Rel bal=BAL/(S2+BNQ)= 1.990E-07

 SIMULATION ending at  1990/ 1/ 1:16.8750000.  Time step=   450.00 sec
 ITER RCORECT  BRA   NODE   MXRES  LOC  SUMSQR NUMGT
    1 9.1E-03    3    310 5.0E-01   43 3.9E+00     0
 CSUR= 0.0E+00 AT ND=   0:     0 RLTQ= 0.0E+00 AT ND=   0:     0 DT/ITER=   227.5

 RESULTS at time          60750. JTIME =     47892.7031250003

 BRANCH NUMBER =     1
  Node  Node Identifier     Stat    Flow    Area   Vel  Depth    Elev     Top  Fr Lat Inf
   100 UPSTREAM           0.0000 1.000+1 7.433+1  0.13   2.66  103.66 3.595+1 0.0 0.000+0
   101                    0.1000 1.040+1 7.792+1  0.13   2.76  103.66 3.654+1 0.0 0.000+0
   102                    0.2000 1.081+1 8.157+1  0.13   2.86  103.66 3.714+1 0.0 0.000+0
   103                    0.3000 1.122+1 8.528+1  0.13   2.95  103.65 3.773+1 0.0 0.000+0
   104                    0.4000 1.164+1 8.905+1  0.13   3.05  103.65 3.832+1 0.0 0.000+0
   105                    0.5000 1.207+1 9.288+1  0.13   3.15  103.65 3.892+1 0.0 0.000+0
   106                    0.6000 1.250+1 9.677+1  0.13   3.25  103.65 3.951+1 0.0 0.000+0
   107                    0.7000 1.294+1 1.007+2  0.13   3.35  103.65 4.011+1 0.0 0.000+0
   108                    0.8000 1.338+1 1.047+2  0.13   3.45  103.65 4.071+1 0.0 0.000+0
   109                    0.9000 1.384+1 1.088+2  0.13   3.55  103.65 4.130+1 0.0 0.000+0
   110 DNSTREAM           1.0000 1.429+1 1.129+2  0.13   3.65  103.65 4.190+1 0.0 0.000+0

 BRANCH NUMBER =     2
  Node  Node Identifier     Stat    Flow    Area   Vel  Depth    Elev     Top  Fr Lat Inf
   200 UPSTREAM           0.0000 2.000+1 7.503+1  0.27   2.68  103.68 3.606+1 0.0 0.000+0
   201                    0.1000 2.040+1 7.853+1  0.26   2.77  103.67 3.664+1 0.0 0.000+0
   202                    0.2000 2.081+1 8.209+1  0.25   2.87  103.67 3.722+1 0.0 0.000+0
   203                    0.3000 2.122+1 8.572+1  0.25   2.97  103.67 3.780+1 0.0 0.000+0
   204                    0.4000 2.164+1 8.941+1  0.24   3.06  103.66 3.838+1 0.0 0.000+0
   205                    0.5000 2.207+1 9.317+1  0.24   3.16  103.66 3.896+1 0.0 0.000+0
   206                    0.6000 2.250+1 9.700+1  0.23   3.26  103.66 3.955+1 0.0 0.000+0
   207                    0.7000 2.294+1 1.009+2  0.23   3.36  103.66 4.013+1 0.0 0.000+0
   208                    0.8000 2.339+1 1.048+2  0.22   3.45  103.65 4.072+1 0.0 0.000+0
   209                    0.9000 2.384+1 1.089+2  0.22   3.55  103.65 4.131+1 0.0 0.000+0
   210 DNSTREAM           1.0000 2.429+1 1.129+2  0.22   3.65  103.65 4.190+1 0.0 0.000+0

 BRANCH NUMBER =     3
  Node  Node Identifier     Stat    Flow    Area   Vel  Depth    Elev     Top  Fr Lat Inf
   300 UPSTREAM           0.0000 3.859+1 2.259+2  0.17   3.65  103.65 8.379+1 0.0 0.000+0
   301                    0.1000 3.947+1 2.066+2  0.19   3.55  103.65 7.845+1 0.0 0.000+0
   302                    0.2000 4.030+1 1.882+2  0.21   3.45  103.65 7.322+1 0.0 0.000+0
   303                    0.3000 4.107+1 1.707+2  0.24   3.34  103.64 6.811+1 0.0 0.000+0
   304                    0.4000 4.179+1 1.541+2  0.27   3.24  103.64 6.311+1 0.0 0.000+0
   305                    0.5000 4.244+1 1.384+2  0.31   3.14  103.64 5.823+1 0.0 0.000+0
   306                    0.6000 4.303+1 1.234+2  0.35   3.03  103.63 5.346+1 0.0 0.000+0
   307                    0.7000 4.356+1 1.093+2  0.40   2.92  103.62 4.880+1 0.0 0.000+0
   308                    0.8000 4.403+1 9.596+1  0.46   2.81  103.61 4.425+1 0.0 0.000+0
   309                    0.9000 4.444+1 8.335+1  0.53   2.70  103.60 3.980+1 0.0 0.000+0
   310 DNSTREAM           1.0000 4.478+1 7.143+1  0.63   2.58  103.58 3.546+1 0.0 0.000+0

 EXTERIOR NODES
  Node  Node Identifier        QE1     YE1    Elev    Storage    Storage
    U1 UPSTREAM          1.000E+01   2.657 103.657
    D1 DNSTREAM          1.429E+01   3.649 103.649
    U2 UPSTREAM          2.000E+01   2.677 103.677
    D2 DNSTREAM          2.429E+01   3.649 103.649
    U3 UPSTREAM          3.859E+01   3.649 103.649
    D3 DNSTREAM          4.478E+01   2.576 103.576
 Balance 1: S1=1.593E+06 S2=1.734E+06 BNI=1.384E+07 BNQ=1.370E+07 TAQ=0.000E+00 WSI=0.000E+00 WSQ=0.000E+00
 Bal diff=BAL=S2-S1-BNI-TAQ+BNQ-WSI+WSQ= 4.169E+00    Rel bal=BAL/(S2+BNQ)= 2.702E-07

 SIMULATION ending at  1990/ 1/ 1:17.0000000.  Time step=   450.00 sec
 ITER RCORECT  BRA   NODE   MXRES  LOC  SUMSQR NUMGT
    1 8.7E-03    3    310 4.8E-01   43 3.5E+00     0
 CSUR= 0.0E+00 AT ND=   0:     0 RLTQ= 0.0E+00 AT ND=   0:     0 DT/ITER=   228.4

 RESULTS at time          61200. JTIME =     47892.7083333337

 BRANCH NUMBER =     1
  Node  Node Identifier     Stat    Flow    Area   Vel  Depth    Elev     Top  Fr Lat Inf
   100 UPSTREAM           0.0000 1.000+1 7.401+1  0.14   2.65  103.65 3.589+1 0.0 0.000+0
   101                    0.1000 1.038+1 7.759+1  0.13   2.75  103.65 3.649+1 0.0 0.000+0
   102                    0.2000 1.076+1 8.123+1  0.13   2.85  103.65 3.708+1 0.0 0.000+0
   103                    0.3000 1.115+1 8.493+1  0.13   2.95  103.65 3.767+1 0.0 0.000+0
   104                    0.4000 1.155+1 8.870+1  0.13   3.04  103.64 3.827+1 0.0 0.000+0
   105                    0.5000 1.195+1 9.252+1  0.13   3.14  103.64 3.886+1 0.0 0.000+0
   106                    0.6000 1.236+1 9.641+1  0.13   3.24  103.64 3.946+1 0.0 0.000+0
   107                    0.7000 1.277+1 1.004+2  0.13   3.34  103.64 4.006+1 0.0 0.000+0
   108                    0.8000 1.319+1 1.044+2  0.13   3.44  103.64 4.065+1 0.0 0.000+0
   109                    0.9000 1.362+1 1.084+2  0.13   3.54  103.64 4.125+1 0.0 0.000+0
   110 DNSTREAM           1.0000 1.405+1 1.126+2  0.12   3.64  103.64 4.184+1 0.0 0.000+0

 BRANCH NUMBER =     2
  Node  Node Identifier     Stat    Flow    Area   Vel  Depth    Elev     Top  Fr Lat Inf
   200 UPSTREAM           0.0000 2.000+1 7.471+1  0.27   2.67  103.67 3.601+1 0.0 0.000+0
   201                    0.1000 2.038+1 7.819+1  0.26   2.76  103.66 3.659+1 0.0 0.000+0
   202                    0.2000 2.076+1 8.175+1  0.25   2.86  103.66 3.716+1 0.0 0.000+0
   203                    0.3000 2.115+1 8.537+1  0.25   2.96  103.66 3.774+1 0.0 0.000+0
   204                    0.4000 2.154+1 8.906+1  0.24   3.05  103.65 3.833+1 0.0 0.000+0
   205                    0.5000 2.195+1 9.282+1  0.24   3.15  103.65 3.891+1 0.0 0.000+0
   206                    0.6000 2.236+1 9.664+1  0.23   3.25  103.65 3.949+1 0.0 0.000+0
   207                    0.7000 2.277+1 1.005+2  0.23   3.35  103.65 4.008+1 0.0 0.000+0
   208                    0.8000 2.319+1 1.045+2  0.22   3.44  103.64 4.067+1 0.0 0.000+0
   209                    0.9000 2.362+1 1.085+2  0.22   3.54  103.64 4.125+1 0.0 0.000+0
   210 DNSTREAM           1.0000 2.405+1 1.126+2  0.21   3.64  103.64 4.184+1 0.0 0.000+0

 BRANCH NUMBER =     3
  Node  Node Identifier     Stat    Flow    Area   Vel  Depth    Elev     Top  Fr Lat Inf
   300 UPSTREAM           0.0000 3.810+1 2.251+2  0.17   3.64  103.64 8.368+1 0.0 0.000+0
   301                    0.1000 3.894+1 2.059+2  0.19   3.54  103.64 7.835+1 0.0 0.000+0
   302                    0.2000 3.972+1 1.875+2  0.21   3.44  103.64 7.312+1 0.0 0.000+0
   303                    0.3000 4.044+1 1.701+2  0.24   3.33  103.63 6.802+1 0.0 0.000+0
   304                    0.4000 4.111+1 1.535+2  0.27   3.23  103.63 6.303+1 0.0 0.000+0
   305                    0.5000 4.172+1 1.378+2  0.30   3.13  103.63 5.815+1 0.0 0.000+0
   306                    0.6000 4.228+1 1.230+2  0.34   3.02  103.62 5.339+1 0.0 0.000+0
   307                    0.7000 4.278+1 1.089+2  0.39   2.91  103.61 4.873+1 0.0 0.000+0
   308                    0.8000 4.323+1 9.560+1  0.45   2.80  103.60 4.419+1 0.0 0.000+0
   309                    0.9000 4.361+1 8.303+1  0.53   2.69  103.59 3.975+1 0.0 0.000+0
   310 DNSTREAM           1.0000 4.394+1 7.117+1  0.62   2.57  103.57 3.542+1 0.0 0.000+0

 EXTERIOR NODES
  Node  Node Identifier        QE1     YE1    Elev    Storage    Storage
    U1 UPSTREAM          1.000E+01   2.648 103.648
    D1 DNSTREAM          1.405E+01   3.640 103.640
    U2 UPSTREAM          2.000E+01   2.668 103.668
    D2 DNSTREAM          2.405E+01   3.640 103.640
    U3 UPSTREAM          3.810E+01   3.640 103.640
    D3 DNSTREAM          4.394E+01   2.569 103.569
 Balance 1: S1=1.593E+06 S2=1.728E+06 BNI=1.385E+07 BNQ=1.372E+07 TAQ=0.000E+00 WSI=0.000E+00 WSQ=0.000E+00
 Bal diff=BAL=S2-S1-BNI-TAQ+BNQ-WSI+WSQ= 5.158E+00    Rel bal=BAL/(S2+BNQ)= 3.340E-07

 SIMULATION ending at  1990/ 1/ 1:17.1250000.  Time step=   450.00 sec
 ITER RCORECT  BRA   NODE   MXRES  LOC  SUMSQR NUMGT
    1 8.3E-03    3    310 4.4E-01   43 3.0E+00     0
 CSUR= 0.0E+00 AT ND=   0:     0 RLTQ= 0.0E+00 AT ND=   0:     0 DT/ITER=   229.2

 RESULTS at time          61650. JTIME =     47892.7135416670

 BRANCH NUMBER =     1
  Node  Node Identifier     Stat    Flow    Area   Vel  Depth    Elev     Top  Fr Lat Inf
   100 UPSTREAM           0.0000 1.000+1 7.370+1  0.14   2.64  103.64 3.584+1 0.0 0.000+0
   101                    0.1000 1.036+1 7.727+1  0.13   2.74  103.64 3.643+1 0.0 0.000+0
   102                    0.2000 1.072+1 8.091+1  0.13   2.84  103.64 3.703+1 0.0 0.000+0
   103                    0.3000 1.109+1 8.461+1  0.13   2.94  103.64 3.762+1 0.0 0.000+0
   104                    0.4000 1.146+1 8.837+1  0.13   3.04  103.64 3.822+1 0.0 0.000+0
   105                    0.5000 1.184+1 9.219+1  0.13   3.14  103.64 3.881+1 0.0 0.000+0
   106                    0.6000 1.222+1 9.607+1  0.13   3.23  103.63 3.941+1 0.0 0.000+0
   107                    0.7000 1.261+1 1.000+2  0.13   3.33  103.63 4.000+1 0.0 0.000+0
   108                    0.8000 1.301+1 1.040+2  0.13   3.43  103.63 4.060+1 0.0 0.000+0
   109                    0.9000 1.341+1 1.081+2  0.12   3.53  103.63 4.120+1 0.0 0.000+0
   110 DNSTREAM           1.0000 1.382+1 1.122+2  0.12   3.63  103.63 4.179+1 0.0 0.000+0

 BRANCH NUMBER =     2
  Node  Node Identifier     Stat    Flow    Area   Vel  Depth    Elev     Top  Fr Lat Inf
   200 UPSTREAM           0.0000 2.000+1 7.440+1  0.27   2.66  103.66 3.596+1 0.0 0.000+0
   201                    0.1000 2.035+1 7.788+1  0.26   2.76  103.66 3.653+1 0.0 0.000+0
   202                    0.2000 2.071+1 8.143+1  0.25   2.85  103.65 3.711+1 0.0 0.000+0
   203                    0.3000 2.108+1 8.505+1  0.25   2.95  103.65 3.769+1 0.0 0.000+0
   204                    0.4000 2.146+1 8.873+1  0.24   3.05  103.65 3.828+1 0.0 0.000+0
   205                    0.5000 2.183+1 9.248+1  0.24   3.14  103.64 3.886+1 0.0 0.000+0
   206                    0.6000 2.222+1 9.630+1  0.23   3.24  103.64 3.944+1 0.0 0.000+0
   207                    0.7000 2.261+1 1.002+2  0.23   3.34  103.64 4.003+1 0.0 0.000+0
   208                    0.8000 2.301+1 1.041+2  0.22   3.44  103.64 4.062+1 0.0 0.000+0
   209                    0.9000 2.341+1 1.081+2  0.22   3.53  103.63 4.120+1 0.0 0.000+0
   210 DNSTREAM           1.0000 2.381+1 1.122+2  0.21   3.63  103.63 4.179+1 0.0 0.000+0

 BRANCH NUMBER =     3
  Node  Node Identifier     Stat    Flow    Area   Vel  Depth    Elev     Top  Fr Lat Inf
   300 UPSTREAM           0.0000 3.763+1 2.244+2  0.17   3.63  103.63 8.358+1 0.0 0.000+0
   301                    0.1000 3.842+1 2.052+2  0.19   3.53  103.63 7.825+1 0.0 0.000+0
   302                    0.2000 3.916+1 1.869+2  0.21   3.43  103.63 7.303+1 0.0 0.000+0
   303                    0.3000 3.985+1 1.695+2  0.24   3.33  103.63 6.793+1 0.0 0.000+0
   304                    0.4000 4.048+1 1.530+2  0.26   3.22  103.62 6.295+1 0.0 0.000+0
   305                    0.5000 4.106+1 1.374+2  0.30   3.12  103.62 5.807+1 0.0 0.000+0
   306                    0.6000 4.158+1 1.225+2  0.34   3.01  103.61 5.332+1 0.0 0.000+0
   307                    0.7000 4.205+1 1.085+2  0.39   2.91  103.61 4.867+1 0.0 0.000+0
   308                    0.8000 4.247+1 9.525+1  0.45   2.80  103.60 4.413+1 0.0 0.000+0
   309                    0.9000 4.284+1 8.274+1  0.52   2.68  103.58 3.970+1 0.0 0.000+0
   310 DNSTREAM           1.0000 4.314+1 7.093+1  0.61   2.56  103.56 3.537+1 0.0 0.000+0

 EXTERIOR NODES
  Node  Node Identifier        QE1     YE1    Elev    Storage    Storage
    U1 UPSTREAM          1.000E+01   2.640 103.640
    D1 DNSTREAM          1.382E+01   3.632 103.632
    U2 UPSTREAM          2.000E+01   2.659 103.659
    D2 DNSTREAM          2.381E+01   3.632 103.632
    U3 UPSTREAM          3.763E+01   3.632 103.632
    D3 DNSTREAM          4.314E+01   2.562 103.562
 Balance 1: S1=1.593E+06 S2=1.722E+06 BNI=1.386E+07 BNQ=1.374E+07 TAQ=0.000E+00 WSI=0.000E+00 WSQ=0.000E+00
 Bal diff=BAL=S2-S1-BNI-TAQ+BNQ-WSI+WSQ= 6.031E+00    Rel bal=BAL/(S2+BNQ)= 3.902E-07

 SIMULATION ending at  1990/ 1/ 1:17.2500000.  Time step=   450.00 sec
 ITER RCORECT  BRA   NODE   MXRES  LOC  SUMSQR NUMGT
    1 8.0E-03    3    310 4.2E-01   43 2.7E+00     0
 CSUR= 0.0E+00 AT ND=   0:     0 RLTQ= 0.0E+00 AT ND=   0:     0 DT/ITER=   230.0

 RESULTS at time          62100. JTIME =     47892.7187500003

 BRANCH NUMBER =     1
  Node  Node Identifier     Stat    Flow    Area   Vel  Depth    Elev     Top  Fr Lat Inf
   100 UPSTREAM           0.0000 1.000+1 7.341+1  0.14   2.63  103.63 3.579+1 0.0 0.000+0
   101                    0.1000 1.034+1 7.698+1  0.13   2.73  103.63 3.639+1 0.0 0.000+0
   102                    0.2000 1.068+1 8.061+1  0.13   2.83  103.63 3.698+1 0.0 0.000+0
   103                    0.3000 1.102+1 8.430+1  0.13   2.93  103.63 3.757+1 0.0 0.000+0
   104                    0.4000 1.138+1 8.806+1  0.13   3.03  103.63 3.817+1 0.0 0.000+0
   105                    0.5000 1.173+1 9.187+1  0.13   3.13  103.63 3.876+1 0.0 0.000+0
   106                    0.6000 1.210+1 9.575+1  0.13   3.23  103.63 3.936+1 0.0 0.000+0
   107                    0.7000 1.246+1 9.969+1  0.13   3.33  103.63 3.995+1 0.0 0.000+0
   108                    0.8000 1.284+1 1.037+2  0.12   3.42  103.62 4.055+1 0.0 0.000+0
   109                    0.9000 1.322+1 1.077+2  0.12   3.52  103.62 4.115+1 0.0 0.000+0
   110 DNSTREAM           1.0000 1.360+1 1.119+2  0.12   3.62  103.62 4.174+1 0.0 0.000+0

 BRANCH NUMBER =     2
  Node  Node Identifier     Stat    Flow    Area   Vel  Depth    Elev     Top  Fr Lat Inf
   200 UPSTREAM           0.0000 2.000+1 7.411+1  0.27   2.65  103.65 3.591+1 0.0 0.000+0
   201                    0.1000 2.033+1 7.759+1  0.26   2.75  103.65 3.649+1 0.0 0.000+0
   202                    0.2000 2.067+1 8.113+1  0.25   2.84  103.64 3.706+1 0.0 0.000+0
   203                    0.3000 2.102+1 8.474+1  0.25   2.94  103.64 3.764+1 0.0 0.000+0
   204                    0.4000 2.137+1 8.842+1  0.24   3.04  103.64 3.823+1 0.0 0.000+0
   205                    0.5000 2.173+1 9.217+1  0.24   3.13  103.63 3.881+1 0.0 0.000+0
   206                    0.6000 2.209+1 9.598+1  0.23   3.23  103.63 3.939+1 0.0 0.000+0
   207                    0.7000 2.246+1 9.986+1  0.22   3.33  103.63 3.998+1 0.0 0.000+0
   208                    0.8000 2.284+1 1.038+2  0.22   3.43  103.63 4.057+1 0.0 0.000+0
   209                    0.9000 2.322+1 1.078+2  0.22   3.53  103.63 4.115+1 0.0 0.000+0
   210 DNSTREAM           1.0000 2.360+1 1.119+2  0.21   3.62  103.62 4.174+1 0.0 0.000+0

 BRANCH NUMBER =     3
  Node  Node Identifier     Stat    Flow    Area   Vel  Depth    Elev     Top  Fr Lat Inf
   300 UPSTREAM           0.0000 3.720+1 2.237+2  0.17   3.62  103.62 8.349+1 0.0 0.000+0
   301                    0.1000 3.794+1 2.046+2  0.19   3.52  103.62 7.816+1 0.0 0.000+0
   302                    0.2000 3.864+1 1.863+2  0.21   3.42  103.62 7.294+1 0.0 0.000+0
   303                    0.3000 3.928+1 1.690+2  0.23   3.32  103.62 6.785+1 0.0 0.000+0
   304                    0.4000 3.988+1 1.525+2  0.26   3.22  103.62 6.287+1 0.0 0.000+0
   305                    0.5000 4.043+1 1.369+2  0.30   3.11  103.61 5.800+1 0.0 0.000+0
   306                    0.6000 4.092+1 1.221+2  0.34   3.01  103.61 5.325+1 0.0 0.000+0
   307                    0.7000 4.137+1 1.081+2  0.38   2.90  103.60 4.861+1 0.0 0.000+0
   308                    0.8000 4.176+1 9.493+1  0.44   2.79  103.59 4.408+1 0.0 0.000+0
   309                    0.9000 4.211+1 8.246+1  0.51   2.67  103.58 3.966+1 0.0 0.000+0
   310 DNSTREAM           1.0000 4.240+1 7.070+1  0.60   2.56  103.56 3.534+1 0.0 0.000+0

 EXTERIOR NODES
  Node  Node Identifier        QE1     YE1    Elev    Storage    Storage
    U1 UPSTREAM          1.000E+01   2.632 103.632
    D1 DNSTREAM          1.360E+01   3.624 103.624
    U2 UPSTREAM          2.000E+01   2.651 103.651
    D2 DNSTREAM          2.360E+01   3.624 103.624
    U3 UPSTREAM          3.720E+01   3.624 103.624
    D3 DNSTREAM          4.240E+01   2.556 103.556
 Balance 1: S1=1.593E+06 S2=1.716E+06 BNI=1.388E+07 BNQ=1.375E+07 TAQ=0.000E+00 WSI=0.000E+00 WSQ=0.000E+00
 Bal diff=BAL=S2-S1-BNI-TAQ+BNQ-WSI+WSQ= 6.794E+00    Rel bal=BAL/(S2+BNQ)= 4.392E-07

 SIMULATION ending at  1990/ 1/ 1:17.3750000.  Time step=   450.00 sec
 ITER RCORECT  BRA   NODE   MXRES  LOC  SUMSQR NUMGT
    1 7.6E-03    3    310 4.0E-01   43 2.4E+00     0
 CSUR= 0.0E+00 AT ND=   0:     0 RLTQ= 0.0E+00 AT ND=   0:     0 DT/ITER=   230.8

 RESULTS at time          62550. JTIME =     47892.7239583337

 BRANCH NUMBER =     1
  Node  Node Identifier     Stat    Flow    Area   Vel  Depth    Elev     Top  Fr Lat Inf
   100 UPSTREAM           0.0000 1.000+1 7.313+1  0.14   2.62  103.62 3.575+1 0.0 0.000+0
   101                    0.1000 1.032+1 7.670+1  0.13   2.72  103.62 3.634+1 0.0 0.000+0
   102                    0.2000 1.064+1 8.032+1  0.13   2.82  103.62 3.693+1 0.0 0.000+0
   103                    0.3000 1.096+1 8.401+1  0.13   2.92  103.62 3.753+1 0.0 0.000+0
   104                    0.4000 1.130+1 8.776+1  0.13   3.02  103.62 3.812+1 0.0 0.000+0
   105                    0.5000 1.163+1 9.158+1  0.13   3.12  103.62 3.872+1 0.0 0.000+0
   106                    0.6000 1.198+1 9.545+1  0.13   3.22  103.62 3.931+1 0.0 0.000+0
   107                    0.7000 1.232+1 9.938+1  0.12   3.32  103.62 3.991+1 0.0 0.000+0
   108                    0.8000 1.268+1 1.034+2  0.12   3.42  103.62 4.050+1 0.0 0.000+0
   109                    0.9000 1.303+1 1.074+2  0.12   3.52  103.62 4.110+1 0.0 0.000+0
   110 DNSTREAM           1.0000 1.339+1 1.116+2  0.12   3.62  103.62 4.170+1 0.0 0.000+0

 BRANCH NUMBER =     2
  Node  Node Identifier     Stat    Flow    Area   Vel  Depth    Elev     Top  Fr Lat Inf
   200 UPSTREAM           0.0000 2.000+1 7.384+1  0.27   2.64  103.64 3.586+1 0.0 0.000+0
   201                    0.1000 2.031+1 7.731+1  0.26   2.74  103.64 3.644+1 0.0 0.000+0
   202                    0.2000 2.064+1 8.085+1  0.26   2.84  103.64 3.702+1 0.0 0.000+0
   203                    0.3000 2.096+1 8.445+1  0.25   2.93  103.63 3.760+1 0.0 0.000+0
   204                    0.4000 2.130+1 8.813+1  0.24   3.03  103.63 3.818+1 0.0 0.000+0
   205                    0.5000 2.163+1 9.187+1  0.24   3.13  103.63 3.876+1 0.0 0.000+0
   206                    0.6000 2.198+1 9.568+1  0.23   3.22  103.62 3.935+1 0.0 0.000+0
   207                    0.7000 2.232+1 9.955+1  0.22   3.32  103.62 3.993+1 0.0 0.000+0
   208                    0.8000 2.268+1 1.035+2  0.22   3.42  103.62 4.052+1 0.0 0.000+0
   209                    0.9000 2.303+1 1.075+2  0.21   3.52  103.62 4.111+1 0.0 0.000+0
   210 DNSTREAM           1.0000 2.340+1 1.116+2  0.21   3.62  103.62 4.170+1 0.0 0.000+0

 BRANCH NUMBER =     3
  Node  Node Identifier     Stat    Flow    Area   Vel  Depth    Elev     Top  Fr Lat Inf
   300 UPSTREAM           0.0000 3.679+1 2.231+2  0.16   3.62  103.62 8.339+1 0.0 0.000+0
   301                    0.1000 3.749+1 2.040+2  0.18   3.51  103.61 7.807+1 0.0 0.000+0
   302                    0.2000 3.815+1 1.858+2  0.21   3.41  103.61 7.286+1 0.0 0.000+0
   303                    0.3000 3.876+1 1.685+2  0.23   3.31  103.61 6.777+1 0.0 0.000+0
   304                    0.4000 3.932+1 1.521+2  0.26   3.21  103.61 6.280+1 0.0 0.000+0
   305                    0.5000 3.983+1 1.365+2  0.29   3.10  103.60 5.794+1 0.0 0.000+0
   306                    0.6000 4.030+1 1.217+2  0.33   3.00  103.60 5.319+1 0.0 0.000+0
   307                    0.7000 4.072+1 1.078+2  0.38   2.89  103.59 4.856+1 0.0 0.000+0
   308                    0.8000 4.110+1 9.462+1  0.43   2.78  103.58 4.403+1 0.0 0.000+0
   309                    0.9000 4.142+1 8.220+1  0.50   2.67  103.57 3.961+1 0.0 0.000+0
   310 DNSTREAM           1.0000 4.169+1 7.048+1  0.59   2.55  103.55 3.530+1 0.0 0.000+0

 EXTERIOR NODES
  Node  Node Identifier        QE1     YE1    Elev    Storage    Storage
    U1 UPSTREAM          1.000E+01   2.624 103.624
    D1 DNSTREAM          1.339E+01   3.616 103.616
    U2 UPSTREAM          2.000E+01   2.644 103.644
    D2 DNSTREAM          2.340E+01   3.616 103.616
    U3 UPSTREAM          3.679E+01   3.616 103.616
    D3 DNSTREAM          4.169E+01   2.549 103.549
 Balance 1: S1=1.593E+06 S2=1.711E+06 BNI=1.389E+07 BNQ=1.377E+07 TAQ=0.000E+00 WSI=0.000E+00 WSQ=0.000E+00
 Bal diff=BAL=S2-S1-BNI-TAQ+BNQ-WSI+WSQ= 7.509E+00    Rel bal=BAL/(S2+BNQ)= 4.849E-07

 SIMULATION ending at  1990/ 1/ 1:17.5000000.  Time step=   450.00 sec
 ITER RCORECT  BRA   NODE   MXRES  LOC  SUMSQR NUMGT
    1 7.3E-03    3    310 3.7E-01   43 2.1E+00     0
 CSUR= 0.0E+00 AT ND=   0:     0 RLTQ= 0.0E+00 AT ND=   0:     0 DT/ITER=   231.6

 RESULTS at time          63000. JTIME =     47892.7291666670

 BRANCH NUMBER =     1
  Node  Node Identifier     Stat    Flow    Area   Vel  Depth    Elev     Top  Fr Lat Inf
   100 UPSTREAM           0.0000 1.000+1 7.287+1  0.14   2.62  103.62 3.570+1 0.0 0.000+0
   101                    0.1000 1.030+1 7.643+1  0.13   2.72  103.62 3.630+1 0.0 0.000+0
   102                    0.2000 1.060+1 8.006+1  0.13   2.81  103.61 3.689+1 0.0 0.000+0
   103                    0.3000 1.091+1 8.374+1  0.13   2.91  103.61 3.748+1 0.0 0.000+0
   104                    0.4000 1.122+1 8.749+1  0.13   3.01  103.61 3.808+1 0.0 0.000+0
   105                    0.5000 1.154+1 9.130+1  0.13   3.11  103.61 3.867+1 0.0 0.000+0
   106                    0.6000 1.186+1 9.516+1  0.12   3.21  103.61 3.927+1 0.0 0.000+0
   107                    0.7000 1.219+1 9.909+1  0.12   3.31  103.61 3.987+1 0.0 0.000+0
   108                    0.8000 1.252+1 1.031+2  0.12   3.41  103.61 4.046+1 0.0 0.000+0
   109                    0.9000 1.286+1 1.071+2  0.12   3.51  103.61 4.106+1 0.0 0.000+0
   110 DNSTREAM           1.0000 1.320+1 1.113+2  0.12   3.61  103.61 4.165+1 0.0 0.000+0

 BRANCH NUMBER =     2
  Node  Node Identifier     Stat    Flow    Area   Vel  Depth    Elev     Top  Fr Lat Inf
   200 UPSTREAM           0.0000 2.000+1 7.358+1  0.27   2.64  103.64 3.582+1 0.0 0.000+0
   201                    0.1000 2.030+1 7.705+1  0.26   2.73  103.63 3.640+1 0.0 0.000+0
   202                    0.2000 2.060+1 8.058+1  0.26   2.83  103.63 3.698+1 0.0 0.000+0
   203                    0.3000 2.091+1 8.418+1  0.25   2.93  103.63 3.756+1 0.0 0.000+0
   204                    0.4000 2.122+1 8.785+1  0.24   3.02  103.62 3.814+1 0.0 0.000+0
   205                    0.5000 2.154+1 9.159+1  0.24   3.12  103.62 3.872+1 0.0 0.000+0
   206                    0.6000 2.186+1 9.539+1  0.23   3.22  103.62 3.930+1 0.0 0.000+0
   207                    0.7000 2.219+1 9.926+1  0.22   3.31  103.61 3.989+1 0.0 0.000+0
   208                    0.8000 2.252+1 1.032+2  0.22   3.41  103.61 4.048+1 0.0 0.000+0
   209                    0.9000 2.286+1 1.072+2  0.21   3.51  103.61 4.107+1 0.0 0.000+0
   210 DNSTREAM           1.0000 2.320+1 1.113+2  0.21   3.61  103.61 4.165+1 0.0 0.000+0

 BRANCH NUMBER =     3
  Node  Node Identifier     Stat    Flow    Area   Vel  Depth    Elev     Top  Fr Lat Inf
   300 UPSTREAM           0.0000 3.640+1 2.225+2  0.16   3.61  103.61 8.331+1 0.0 0.000+0
   301                    0.1000 3.707+1 2.034+2  0.18   3.51  103.61 7.799+1 0.0 0.000+0
   302                    0.2000 3.769+1 1.853+2  0.20   3.41  103.61 7.278+1 0.0 0.000+0
   303                    0.3000 3.826+1 1.680+2  0.23   3.30  103.60 6.770+1 0.0 0.000+0
   304                    0.4000 3.879+1 1.516+2  0.26   3.20  103.60 6.273+1 0.0 0.000+0
   305                    0.5000 3.928+1 1.361+2  0.29   3.10  103.60 5.787+1 0.0 0.000+0
   306                    0.6000 3.972+1 1.214+2  0.33   2.99  103.59 5.313+1 0.0 0.000+0
   307                    0.7000 4.012+1 1.075+2  0.37   2.88  103.58 4.850+1 0.0 0.000+0
   308                    0.8000 4.047+1 9.434+1  0.43   2.78  103.58 4.398+1 0.0 0.000+0
   309                    0.9000 4.077+1 8.195+1  0.50   2.66  103.56 3.957+1 0.0 0.000+0
   310 DNSTREAM           1.0000 4.103+1 7.028+1  0.58   2.54  103.54 3.526+1 0.0 0.000+0

 EXTERIOR NODES
  Node  Node Identifier        QE1     YE1    Elev    Storage    Storage
    U1 UPSTREAM          1.000E+01   2.617 103.617
    D1 DNSTREAM          1.320E+01   3.609 103.609
    U2 UPSTREAM          2.000E+01   2.637 103.637
    D2 DNSTREAM          2.320E+01   3.609 103.609
    U3 UPSTREAM          3.640E+01   3.609 103.609
    D3 DNSTREAM          4.103E+01   2.544 103.544
 Balance 1: S1=1.593E+06 S2=1.706E+06 BNI=1.391E+07 BNQ=1.379E+07 TAQ=0.000E+00 WSI=0.000E+00 WSQ=0.000E+00
 Bal diff=BAL=S2-S1-BNI-TAQ+BNQ-WSI+WSQ= 8.134E+00    Rel bal=BAL/(S2+BNQ)= 5.248E-07

 SIMULATION ending at  1990/ 1/ 1:17.6250000.  Time step=   450.00 sec
 ITER RCORECT  BRA   NODE   MXRES  LOC  SUMSQR NUMGT
    1 7.0E-03    3    310 3.5E-01   43 1.9E+00     0
 CSUR= 0.0E+00 AT ND=   0:     0 RLTQ= 0.0E+00 AT ND=   0:     0 DT/ITER=   232.4

 RESULTS at time          63450. JTIME =     47892.7343750003

 BRANCH NUMBER =     1
  Node  Node Identifier     Stat    Flow    Area   Vel  Depth    Elev     Top  Fr Lat Inf
   100 UPSTREAM           0.0000 1.000+1 7.263+1  0.14   2.61  103.61 3.566+1 0.0 0.000+0
   101                    0.1000 1.028+1 7.619+1  0.13   2.71  103.61 3.626+1 0.0 0.000+0
   102                    0.2000 1.057+1 7.980+1  0.13   2.81  103.61 3.685+1 0.0 0.000+0
   103                    0.3000 1.086+1 8.349+1  0.13   2.91  103.61 3.744+1 0.0 0.000+0
   104                    0.4000 1.115+1 8.723+1  0.13   3.01  103.61 3.804+1 0.0 0.000+0
   105                    0.5000 1.145+1 9.103+1  0.13   3.11  103.61 3.863+1 0.0 0.000+0
   106                    0.6000 1.176+1 9.490+1  0.12   3.20  103.60 3.923+1 0.0 0.000+0
   107                    0.7000 1.207+1 9.882+1  0.12   3.30  103.60 3.982+1 0.0 0.000+0
   108                    0.8000 1.238+1 1.028+2  0.12   3.40  103.60 4.042+1 0.0 0.000+0
   109                    0.9000 1.270+1 1.069+2  0.12   3.50  103.60 4.102+1 0.0 0.000+0
   110 DNSTREAM           1.0000 1.302+1 1.110+2  0.12   3.60  103.60 4.161+1 0.0 0.000+0

 BRANCH NUMBER =     2
  Node  Node Identifier     Stat    Flow    Area   Vel  Depth    Elev     Top  Fr Lat Inf
   200 UPSTREAM           0.0000 2.000+1 7.334+1  0.27   2.63  103.63 3.578+1 0.0 0.000+0
   201                    0.1000 2.028+1 7.680+1  0.26   2.73  103.63 3.636+1 0.0 0.000+0
   202                    0.2000 2.057+1 8.033+1  0.26   2.82  103.62 3.693+1 0.0 0.000+0
   203                    0.3000 2.086+1 8.393+1  0.25   2.92  103.62 3.751+1 0.0 0.000+0
   204                    0.4000 2.115+1 8.759+1  0.24   3.02  103.62 3.810+1 0.0 0.000+0
   205                    0.5000 2.145+1 9.132+1  0.23   3.11  103.61 3.868+1 0.0 0.000+0
   206                    0.6000 2.176+1 9.512+1  0.23   3.21  103.61 3.926+1 0.0 0.000+0
   207                    0.7000 2.207+1 9.899+1  0.22   3.31  103.61 3.985+1 0.0 0.000+0
   208                    0.8000 2.238+1 1.029+2  0.22   3.41  103.61 4.044+1 0.0 0.000+0
   209                    0.9000 2.270+1 1.069+2  0.21   3.50  103.60 4.102+1 0.0 0.000+0
   210 DNSTREAM           1.0000 2.302+1 1.110+2  0.21   3.60  103.60 4.161+1 0.0 0.000+0

 BRANCH NUMBER =     3
  Node  Node Identifier     Stat    Flow    Area   Vel  Depth    Elev     Top  Fr Lat Inf
   300 UPSTREAM           0.0000 3.604+1 2.219+2  0.16   3.60  103.60 8.323+1 0.0 0.000+0
   301                    0.1000 3.667+1 2.029+2  0.18   3.50  103.60 7.791+1 0.0 0.000+0
   302                    0.2000 3.725+1 1.848+2  0.20   3.40  103.60 7.271+1 0.0 0.000+0
   303                    0.3000 3.779+1 1.675+2  0.23   3.30  103.60 6.763+1 0.0 0.000+0
   304                    0.4000 3.829+1 1.512+2  0.25   3.19  103.59 6.266+1 0.0 0.000+0
   305                    0.5000 3.875+1 1.357+2  0.29   3.09  103.59 5.781+1 0.0 0.000+0
   306                    0.6000 3.917+1 1.210+2  0.32   2.99  103.59 5.308+1 0.0 0.000+0
   307                    0.7000 3.955+1 1.072+2  0.37   2.88  103.58 4.845+1 0.0 0.000+0
   308                    0.8000 3.988+1 9.406+1  0.42   2.77  103.57 4.394+1 0.0 0.000+0
   309                    0.9000 4.017+1 8.172+1  0.49   2.66  103.56 3.953+1 0.0 0.000+0
   310 DNSTREAM           1.0000 4.041+1 7.008+1  0.58   2.54  103.54 3.523+1 0.0 0.000+0

 EXTERIOR NODES
  Node  Node Identifier        QE1     YE1    Elev    Storage    Storage
    U1 UPSTREAM          1.000E+01   2.610 103.610
    D1 DNSTREAM          1.302E+01   3.602 103.602
    U2 UPSTREAM          2.000E+01   2.630 103.630
    D2 DNSTREAM          2.302E+01   3.602 103.602
    U3 UPSTREAM          3.604E+01   3.602 103.602
    D3 DNSTREAM          4.041E+01   2.538 103.538
 Balance 1: S1=1.593E+06 S2=1.701E+06 BNI=1.392E+07 BNQ=1.381E+07 TAQ=0.000E+00 WSI=0.000E+00 WSQ=0.000E+00
 Bal diff=BAL=S2-S1-BNI-TAQ+BNQ-WSI+WSQ= 8.685E+00    Rel bal=BAL/(S2+BNQ)= 5.599E-07

 SIMULATION ending at  1990/ 1/ 1:17.7500000.  Time step=   450.00 sec
 ITER RCORECT  BRA   NODE   MXRES  LOC  SUMSQR NUMGT
    1 6.7E-03    3    310 3.3E-01   43 1.7E+00     0
 CSUR= 0.0E+00 AT ND=   0:     0 RLTQ= 0.0E+00 AT ND=   0:     0 DT/ITER=   233.2

 RESULTS at time          63900. JTIME =     47892.7395833337

 BRANCH NUMBER =     1
  Node  Node Identifier     Stat    Flow    Area   Vel  Depth    Elev     Top  Fr Lat Inf
   100 UPSTREAM           0.0000 1.000+1 7.240+1  0.14   2.60  103.60 3.562+1 0.0 0.000+0
   101                    0.1000 1.027+1 7.595+1  0.14   2.70  103.60 3.622+1 0.0 0.000+0
   102                    0.2000 1.054+1 7.957+1  0.13   2.80  103.60 3.681+1 0.0 0.000+0
   103                    0.3000 1.081+1 8.324+1  0.13   2.90  103.60 3.740+1 0.0 0.000+0
   104                    0.4000 1.109+1 8.698+1  0.13   3.00  103.60 3.800+1 0.0 0.000+0
   105                    0.5000 1.137+1 9.078+1  0.13   3.10  103.60 3.859+1 0.0 0.000+0
   106                    0.6000 1.166+1 9.464+1  0.12   3.20  103.60 3.919+1 0.0 0.000+0
   107                    0.7000 1.195+1 9.857+1  0.12   3.30  103.60 3.979+1 0.0 0.000+0
   108                    0.8000 1.225+1 1.025+2  0.12   3.40  103.60 4.038+1 0.0 0.000+0
   109                    0.9000 1.255+1 1.066+2  0.12   3.50  103.60 4.098+1 0.0 0.000+0
   110 DNSTREAM           1.0000 1.285+1 1.107+2  0.12   3.60  103.60 4.157+1 0.0 0.000+0

 BRANCH NUMBER =     2
  Node  Node Identifier     Stat    Flow    Area   Vel  Depth    Elev     Top  Fr Lat Inf
   200 UPSTREAM           0.0000 2.000+1 7.311+1  0.27   2.62  103.62 3.574+1 0.0 0.000+0
   201                    0.1000 2.026+1 7.656+1  0.26   2.72  103.62 3.632+1 0.0 0.000+0
   202                    0.2000 2.053+1 8.009+1  0.26   2.82  103.62 3.690+1 0.0 0.000+0
   203                    0.3000 2.081+1 8.368+1  0.25   2.91  103.61 3.748+1 0.0 0.000+0
   204                    0.4000 2.109+1 8.734+1  0.24   3.01  103.61 3.806+1 0.0 0.000+0
   205                    0.5000 2.137+1 9.107+1  0.23   3.11  103.61 3.864+1 0.0 0.000+0
   206                    0.6000 2.166+1 9.487+1  0.23   3.20  103.60 3.922+1 0.0 0.000+0
   207                    0.7000 2.195+1 9.873+1  0.22   3.30  103.60 3.981+1 0.0 0.000+0
   208                    0.8000 2.225+1 1.027+2  0.22   3.40  103.60 4.040+1 0.0 0.000+0
   209                    0.9000 2.255+1 1.066+2  0.21   3.50  103.60 4.099+1 0.0 0.000+0
   210 DNSTREAM           1.0000 2.285+1 1.107+2  0.21   3.60  103.60 4.157+1 0.0 0.000+0

 BRANCH NUMBER =     3
  Node  Node Identifier     Stat    Flow    Area   Vel  Depth    Elev     Top  Fr Lat Inf
   300 UPSTREAM           0.0000 3.570+1 2.214+2  0.16   3.60  103.60 8.315+1 0.0 0.000+0
   301                    0.1000 3.629+1 2.024+2  0.18   3.49  103.59 7.784+1 0.0 0.000+0
   302                    0.2000 3.684+1 1.843+2  0.20   3.39  103.59 7.264+1 0.0 0.000+0
   303                    0.3000 3.736+1 1.671+2  0.22   3.29  103.59 6.757+1 0.0 0.000+0
   304                    0.4000 3.783+1 1.508+2  0.25   3.19  103.59 6.260+1 0.0 0.000+0
   305                    0.5000 3.826+1 1.353+2  0.28   3.08  103.58 5.776+1 0.0 0.000+0
   306                    0.6000 3.865+1 1.207+2  0.32   2.98  103.58 5.303+1 0.0 0.000+0
   307                    0.7000 3.901+1 1.069+2  0.37   2.87  103.57 4.841+1 0.0 0.000+0
   308                    0.8000 3.932+1 9.381+1  0.42   2.76  103.56 4.390+1 0.0 0.000+0
   309                    0.9000 3.959+1 8.150+1  0.49   2.65  103.55 3.950+1 0.0 0.000+0
   310 DNSTREAM           1.0000 3.983+1 6.990+1  0.57   2.53  103.53 3.520+1 0.0 0.000+0

 EXTERIOR NODES
  Node  Node Identifier        QE1     YE1    Elev    Storage    Storage
    U1 UPSTREAM          1.000E+01   2.603 103.603
    D1 DNSTREAM          1.285E+01   3.596 103.596
    U2 UPSTREAM          2.000E+01   2.623 103.623
    D2 DNSTREAM          2.285E+01   3.596 103.596
    U3 UPSTREAM          3.570E+01   3.596 103.596
    D3 DNSTREAM          3.983E+01   2.533 103.533
 Balance 1: S1=1.593E+06 S2=1.696E+06 BNI=1.393E+07 BNQ=1.383E+07 TAQ=0.000E+00 WSI=0.000E+00 WSQ=0.000E+00
 Bal diff=BAL=S2-S1-BNI-TAQ+BNQ-WSI+WSQ= 9.196E+00    Rel bal=BAL/(S2+BNQ)= 5.924E-07

 SIMULATION ending at  1990/ 1/ 1:17.8750000.  Time step=   450.00 sec
 ITER RCORECT  BRA   NODE   MXRES  LOC  SUMSQR NUMGT
    1 6.4E-03    3    310 3.1E-01   43 1.5E+00     0
 CSUR= 0.0E+00 AT ND=   0:     0 RLTQ= 0.0E+00 AT ND=   0:     0 DT/ITER=   234.0

 RESULTS at time          64350. JTIME =     47892.7447916670

 BRANCH NUMBER =     1
  Node  Node Identifier     Stat    Flow    Area   Vel  Depth    Elev     Top  Fr Lat Inf
   100 UPSTREAM           0.0000 1.000+1 7.218+1  0.14   2.60  103.60 3.559+1 0.0 0.000+0
   101                    0.1000 1.025+1 7.573+1  0.14   2.70  103.60 3.618+1 0.0 0.000+0
   102                    0.2000 1.051+1 7.934+1  0.13   2.80  103.60 3.677+1 0.0 0.000+0
   103                    0.3000 1.076+1 8.301+1  0.13   2.89  103.59 3.737+1 0.0 0.000+0
   104                    0.4000 1.103+1 8.675+1  0.13   2.99  103.59 3.796+1 0.0 0.000+0
   105                    0.5000 1.130+1 9.055+1  0.12   3.09  103.59 3.856+1 0.0 0.000+0
   106                    0.6000 1.157+1 9.440+1  0.12   3.19  103.59 3.915+1 0.0 0.000+0
   107                    0.7000 1.184+1 9.832+1  0.12   3.29  103.59 3.975+1 0.0 0.000+0
   108                    0.8000 1.212+1 1.023+2  0.12   3.39  103.59 4.035+1 0.0 0.000+0
   109                    0.9000 1.240+1 1.063+2  0.12   3.49  103.59 4.094+1 0.0 0.000+0
   110 DNSTREAM           1.0000 1.269+1 1.104+2  0.11   3.59  103.59 4.154+1 0.0 0.000+0

 BRANCH NUMBER =     2
  Node  Node Identifier     Stat    Flow    Area   Vel  Depth    Elev     Top  Fr Lat Inf
   200 UPSTREAM           0.0000 2.000+1 7.289+1  0.27   2.62  103.62 3.571+1 0.0 0.000+0
   201                    0.1000 2.025+1 7.634+1  0.27   2.71  103.61 3.628+1 0.0 0.000+0
   202                    0.2000 2.050+1 7.986+1  0.26   2.81  103.61 3.686+1 0.0 0.000+0
   203                    0.3000 2.076+1 8.345+1  0.25   2.91  103.61 3.744+1 0.0 0.000+0
   204                    0.4000 2.103+1 8.711+1  0.24   3.00  103.60 3.802+1 0.0 0.000+0
   205                    0.5000 2.129+1 9.084+1  0.23   3.10  103.60 3.860+1 0.0 0.000+0
   206                    0.6000 2.157+1 9.463+1  0.23   3.20  103.60 3.919+1 0.0 0.000+0
   207                    0.7000 2.184+1 9.849+1  0.22   3.30  103.60 3.977+1 0.0 0.000+0
   208                    0.8000 2.212+1 1.024+2  0.22   3.39  103.59 4.036+1 0.0 0.000+0
   209                    0.9000 2.240+1 1.064+2  0.21   3.49  103.59 4.095+1 0.0 0.000+0
   210 DNSTREAM           1.0000 2.269+1 1.104+2  0.21   3.59  103.59 4.154+1 0.0 0.000+0

 BRANCH NUMBER =     3
  Node  Node Identifier     Stat    Flow    Area   Vel  Depth    Elev     Top  Fr Lat Inf
   300 UPSTREAM           0.0000 3.538+1 2.209+2  0.16   3.59  103.59 8.308+1 0.0 0.000+0
   301                    0.1000 3.594+1 2.019+2  0.18   3.49  103.59 7.777+1 0.0 0.000+0
   302                    0.2000 3.646+1 1.839+2  0.20   3.39  103.59 7.258+1 0.0 0.000+0
   303                    0.3000 3.694+1 1.667+2  0.22   3.28  103.58 6.750+1 0.0 0.000+0
   304                    0.4000 3.739+1 1.504+2  0.25   3.18  103.58 6.255+1 0.0 0.000+0
   305                    0.5000 3.780+1 1.350+2  0.28   3.08  103.58 5.771+1 0.0 0.000+0
   306                    0.6000 3.817+1 1.204+2  0.32   2.97  103.57 5.298+1 0.0 0.000+0
   307                    0.7000 3.850+1 1.066+2  0.36   2.87  103.57 4.836+1 0.0 0.000+0
   308                    0.8000 3.880+1 9.356+1  0.41   2.76  103.56 4.386+1 0.0 0.000+0
   309                    0.9000 3.906+1 8.129+1  0.48   2.65  103.55 3.946+1 0.0 0.000+0
   310 DNSTREAM           1.0000 3.927+1 6.973+1  0.56   2.53  103.53 3.517+1 0.0 0.000+0

 EXTERIOR NODES
  Node  Node Identifier        QE1     YE1    Elev    Storage    Storage
    U1 UPSTREAM          1.000E+01   2.597 103.597
    D1 DNSTREAM          1.269E+01   3.590 103.590
    U2 UPSTREAM          2.000E+01   2.617 103.617
    D2 DNSTREAM          2.269E+01   3.590 103.590
    U3 UPSTREAM          3.538E+01   3.590 103.590
    D3 DNSTREAM          3.927E+01   2.528 103.528
 Balance 1: S1=1.593E+06 S2=1.692E+06 BNI=1.395E+07 BNQ=1.385E+07 TAQ=0.000E+00 WSI=0.000E+00 WSQ=0.000E+00
 Bal diff=BAL=S2-S1-BNI-TAQ+BNQ-WSI+WSQ= 9.641E+00    Rel bal=BAL/(S2+BNQ)= 6.205E-07

 SIMULATION ending at  1990/ 1/ 1:18.0000000.  Time step=   450.00 sec
 ITER RCORECT  BRA   NODE   MXRES  LOC  SUMSQR NUMGT
    1 6.1E-03    3    310 2.9E-01   43 1.3E+00     0
 CSUR= 0.0E+00 AT ND=   0:     0 RLTQ= 0.0E+00 AT ND=   0:     0 DT/ITER=   234.8

 RESULTS at time          64800. JTIME =     47892.7500000004

 BRANCH NUMBER =     1
  Node  Node Identifier     Stat    Flow    Area   Vel  Depth    Elev     Top  Fr Lat Inf
   100 UPSTREAM           0.0000 1.000+1 7.198+1  0.14   2.59  103.59 3.555+1 0.0 0.000+0
   101                    0.1000 1.024+1 7.552+1  0.14   2.69  103.59 3.614+1 0.0 0.000+0
   102                    0.2000 1.048+1 7.913+1  0.13   2.79  103.59 3.674+1 0.0 0.000+0
   103                    0.3000 1.072+1 8.280+1  0.13   2.89  103.59 3.733+1 0.0 0.000+0
   104                    0.4000 1.097+1 8.653+1  0.13   2.99  103.59 3.793+1 0.0 0.000+0
   105                    0.5000 1.122+1 9.032+1  0.12   3.09  103.59 3.852+1 0.0 0.000+0
   106                    0.6000 1.148+1 9.418+1  0.12   3.19  103.59 3.912+1 0.0 0.000+0
   107                    0.7000 1.174+1 9.809+1  0.12   3.29  103.59 3.971+1 0.0 0.000+0
   108                    0.8000 1.200+1 1.021+2  0.12   3.38  103.58 4.031+1 0.0 0.000+0
   109                    0.9000 1.227+1 1.061+2  0.12   3.48  103.58 4.091+1 0.0 0.000+0
   110 DNSTREAM           1.0000 1.254+1 1.102+2  0.11   3.58  103.58 4.150+1 0.0 0.000+0

 BRANCH NUMBER =     2
  Node  Node Identifier     Stat    Flow    Area   Vel  Depth    Elev     Top  Fr Lat Inf
   200 UPSTREAM           0.0000 2.000+1 7.269+1  0.28   2.61  103.61 3.567+1 0.0 0.000+0
   201                    0.1000 2.024+1 7.614+1  0.27   2.71  103.61 3.625+1 0.0 0.000+0
   202                    0.2000 2.048+1 7.965+1  0.26   2.80  103.60 3.682+1 0.0 0.000+0
   203                    0.3000 2.072+1 8.324+1  0.25   2.90  103.60 3.740+1 0.0 0.000+0
   204                    0.4000 2.097+1 8.689+1  0.24   3.00  103.60 3.799+1 0.0 0.000+0
   205                    0.5000 2.122+1 9.061+1  0.23   3.09  103.59 3.857+1 0.0 0.000+0
   206                    0.6000 2.148+1 9.440+1  0.23   3.19  103.59 3.915+1 0.0 0.000+0
   207                    0.7000 2.174+1 9.826+1  0.22   3.29  103.59 3.974+1 0.0 0.000+0
   208                    0.8000 2.200+1 1.022+2  0.22   3.39  103.59 4.033+1 0.0 0.000+0
   209                    0.9000 2.227+1 1.062+2  0.21   3.49  103.59 4.091+1 0.0 0.000+0
   210 DNSTREAM           1.0000 2.254+1 1.102+2  0.20   3.58  103.58 4.150+1 0.0 0.000+0

 BRANCH NUMBER =     3
  Node  Node Identifier     Stat    Flow    Area   Vel  Depth    Elev     Top  Fr Lat Inf
   300 UPSTREAM           0.0000 3.508+1 2.204+2  0.16   3.58  103.58 8.301+1 0.0 0.000+0
   301                    0.1000 3.561+1 2.015+2  0.18   3.48  103.58 7.770+1 0.0 0.000+0
   302                    0.2000 3.610+1 1.834+2  0.20   3.38  103.58 7.252+1 0.0 0.000+0
   303                    0.3000 3.655+1 1.663+2  0.22   3.28  103.58 6.745+1 0.0 0.000+0
   304                    0.4000 3.697+1 1.501+2  0.25   3.18  103.58 6.249+1 0.0 0.000+0
   305                    0.5000 3.736+1 1.347+2  0.28   3.07  103.57 5.765+1 0.0 0.000+0
   306                    0.6000 3.771+1 1.201+2  0.31   2.97  103.57 5.293+1 0.0 0.000+0
   307                    0.7000 3.802+1 1.063+2  0.36   2.86  103.56 4.832+1 0.0 0.000+0
   308                    0.8000 3.830+1 9.333+1  0.41   2.75  103.55 4.382+1 0.0 0.000+0
   309                    0.9000 3.855+1 8.109+1  0.48   2.64  103.54 3.943+1 0.0 0.000+0
   310 DNSTREAM           1.0000 3.876+1 6.956+1  0.56   2.52  103.52 3.514+1 0.0 0.000+0

 EXTERIOR NODES
  Node  Node Identifier        QE1     YE1    Elev    Storage    Storage
    U1 UPSTREAM          1.000E+01   2.591 103.591
    D1 DNSTREAM          1.254E+01   3.584 103.584
    U2 UPSTREAM          2.000E+01   2.612 103.612
    D2 DNSTREAM          2.254E+01   3.584 103.584
    U3 UPSTREAM          3.508E+01   3.584 103.584
    D3 DNSTREAM          3.876E+01   2.523 103.523
 Balance 1: S1=1.593E+06 S2=1.688E+06 BNI=1.396E+07 BNQ=1.386E+07 TAQ=0.000E+00 WSI=0.000E+00 WSQ=0.000E+00
 Bal diff=BAL=S2-S1-BNI-TAQ+BNQ-WSI+WSQ= 1.003E+01    Rel bal=BAL/(S2+BNQ)= 6.446E-07

 SIMULATION ending at  1990/ 1/ 1:18.1250000.  Time step=   450.00 sec
 ITER RCORECT  BRA   NODE   MXRES  LOC  SUMSQR NUMGT
    1 5.8E-03    3    310 2.8E-01   43 1.2E+00     0
 CSUR= 0.0E+00 AT ND=   0:     0 RLTQ= 0.0E+00 AT ND=   0:     0 DT/ITER=   235.6

 RESULTS at time          65250. JTIME =     47892.7552083337

 BRANCH NUMBER =     1
  Node  Node Identifier     Stat    Flow    Area   Vel  Depth    Elev     Top  Fr Lat Inf
   100 UPSTREAM           0.0000 1.000+1 7.178+1  0.14   2.59  103.59 3.552+1 0.0 0.000+0
   101                    0.1000 1.022+1 7.532+1  0.14   2.68  103.58 3.611+1 0.0 0.000+0
   102                    0.2000 1.045+1 7.893+1  0.13   2.78  103.58 3.671+1 0.0 0.000+0
   103                    0.3000 1.068+1 8.259+1  0.13   2.88  103.58 3.730+1 0.0 0.000+0
   104                    0.4000 1.092+1 8.632+1  0.13   2.98  103.58 3.790+1 0.0 0.000+0
   105                    0.5000 1.115+1 9.011+1  0.12   3.08  103.58 3.849+1 0.0 0.000+0
   106                    0.6000 1.140+1 9.397+1  0.12   3.18  103.58 3.909+1 0.0 0.000+0
   107                    0.7000 1.164+1 9.788+1  0.12   3.28  103.58 3.968+1 0.0 0.000+0
   108                    0.8000 1.189+1 1.019+2  0.12   3.38  103.58 4.028+1 0.0 0.000+0
   109                    0.9000 1.214+1 1.059+2  0.11   3.48  103.58 4.087+1 0.0 0.000+0
   110 DNSTREAM           1.0000 1.240+1 1.100+2  0.11   3.58  103.58 4.147+1 0.0 0.000+0

 BRANCH NUMBER =     2
  Node  Node Identifier     Stat    Flow    Area   Vel  Depth    Elev     Top  Fr Lat Inf
   200 UPSTREAM           0.0000 2.000+1 7.250+1  0.28   2.61  103.61 3.564+1 0.0 0.000+0
   201                    0.1000 2.022+1 7.594+1  0.27   2.70  103.60 3.621+1 0.0 0.000+0
   202                    0.2000 2.045+1 7.945+1  0.26   2.80  103.60 3.679+1 0.0 0.000+0
   203                    0.3000 2.068+1 8.303+1  0.25   2.89  103.59 3.737+1 0.0 0.000+0
   204                    0.4000 2.091+1 8.669+1  0.24   2.99  103.59 3.795+1 0.0 0.000+0
   205                    0.5000 2.115+1 9.040+1  0.23   3.09  103.59 3.854+1 0.0 0.000+0
   206                    0.6000 2.140+1 9.419+1  0.23   3.19  103.59 3.912+1 0.0 0.000+0
   207                    0.7000 2.164+1 9.804+1  0.22   3.28  103.58 3.971+1 0.0 0.000+0
   208                    0.8000 2.189+1 1.020+2  0.21   3.38  103.58 4.029+1 0.0 0.000+0
   209                    0.9000 2.214+1 1.059+2  0.21   3.48  103.58 4.088+1 0.0 0.000+0
   210 DNSTREAM           1.0000 2.240+1 1.100+2  0.20   3.58  103.58 4.147+1 0.0 0.000+0

 BRANCH NUMBER =     3
  Node  Node Identifier     Stat    Flow    Area   Vel  Depth    Elev     Top  Fr Lat Inf
   300 UPSTREAM           0.0000 3.480+1 2.200+2  0.16   3.58  103.58 8.294+1 0.0 0.000+0
   301                    0.1000 3.529+1 2.011+2  0.18   3.48  103.58 7.764+1 0.0 0.000+0
   302                    0.2000 3.576+1 1.831+2  0.20   3.38  103.58 7.246+1 0.0 0.000+0
   303                    0.3000 3.619+1 1.660+2  0.22   3.27  103.57 6.739+1 0.0 0.000+0
   304                    0.4000 3.658+1 1.497+2  0.24   3.17  103.57 6.244+1 0.0 0.000+0
   305                    0.5000 3.695+1 1.344+2  0.27   3.07  103.57 5.761+1 0.0 0.000+0
   306                    0.6000 3.728+1 1.198+2  0.31   2.96  103.56 5.289+1 0.0 0.000+0
   307                    0.7000 3.758+1 1.061+2  0.35   2.86  103.56 4.828+1 0.0 0.000+0
   308                    0.8000 3.784+1 9.312+1  0.41   2.75  103.55 4.378+1 0.0 0.000+0
   309                    0.9000 3.807+1 8.090+1  0.47   2.64  103.54 3.940+1 0.0 0.000+0
   310 DNSTREAM           1.0000 3.827+1 6.941+1  0.55   2.52  103.52 3.511+1 0.0 0.000+0

 EXTERIOR NODES
  Node  Node Identifier        QE1     YE1    Elev    Storage    Storage
    U1 UPSTREAM          1.000E+01   2.586 103.586
    D1 DNSTREAM          1.240E+01   3.578 103.578
    U2 UPSTREAM          2.000E+01   2.606 103.606
    D2 DNSTREAM          2.240E+01   3.578 103.578
    U3 UPSTREAM          3.480E+01   3.578 103.578
    D3 DNSTREAM          3.827E+01   2.519 103.519
 Balance 1: S1=1.593E+06 S2=1.684E+06 BNI=1.397E+07 BNQ=1.388E+07 TAQ=0.000E+00 WSI=0.000E+00 WSQ=0.000E+00
 Bal diff=BAL=S2-S1-BNI-TAQ+BNQ-WSI+WSQ= 1.039E+01    Rel bal=BAL/(S2+BNQ)= 6.673E-07

 SIMULATION ending at  1990/ 1/ 1:18.2500000.  Time step=   450.00 sec
 ITER RCORECT  BRA   NODE   MXRES  LOC  SUMSQR NUMGT
    1 5.5E-03    3    310 2.6E-01   43 1.1E+00     0
 CSUR= 0.0E+00 AT ND=   0:     0 RLTQ= 0.0E+00 AT ND=   0:     0 DT/ITER=   236.3

 RESULTS at time          65700. JTIME =     47892.7604166670

 BRANCH NUMBER =     1
  Node  Node Identifier     Stat    Flow    Area   Vel  Depth    Elev     Top  Fr Lat Inf
   100 UPSTREAM           0.0000 1.000+1 7.160+1  0.14   2.58  103.58 3.549+1 0.0 0.000+0
   101                    0.1000 1.021+1 7.514+1  0.14   2.68  103.58 3.608+1 0.0 0.000+0
   102                    0.2000 1.043+1 7.874+1  0.13   2.78  103.58 3.668+1 0.0 0.000+0
   103                    0.3000 1.064+1 8.240+1  0.13   2.88  103.58 3.727+1 0.0 0.000+0
   104                    0.4000 1.087+1 8.613+1  0.13   2.98  103.58 3.786+1 0.0 0.000+0
   105                    0.5000 1.109+1 8.992+1  0.12   3.08  103.58 3.846+1 0.0 0.000+0
   106                    0.6000 1.132+1 9.376+1  0.12   3.18  103.58 3.906+1 0.0 0.000+0
   107                    0.7000 1.155+1 9.767+1  0.12   3.27  103.57 3.965+1 0.0 0.000+0
   108                    0.8000 1.178+1 1.016+2  0.12   3.37  103.57 4.025+1 0.0 0.000+0
   109                    0.9000 1.202+1 1.057+2  0.11   3.47  103.57 4.084+1 0.0 0.000+0
   110 DNSTREAM           1.0000 1.226+1 1.098+2  0.11   3.57  103.57 4.144+1 0.0 0.000+0

 BRANCH NUMBER =     2
  Node  Node Identifier     Stat    Flow    Area   Vel  Depth    Elev     Top  Fr Lat Inf
   200 UPSTREAM           0.0000 2.000+1 7.232+1  0.28   2.60  103.60 3.561+1 0.0 0.000+0
   201                    0.1000 2.021+1 7.575+1  0.27   2.70  103.60 3.618+1 0.0 0.000+0
   202                    0.2000 2.042+1 7.926+1  0.26   2.79  103.59 3.676+1 0.0 0.000+0
   203                    0.3000 2.064+1 8.284+1  0.25   2.89  103.59 3.734+1 0.0 0.000+0
   204                    0.4000 2.086+1 8.649+1  0.24   2.99  103.59 3.792+1 0.0 0.000+0
   205                    0.5000 2.109+1 9.021+1  0.23   3.08  103.58 3.851+1 0.0 0.000+0
   206                    0.6000 2.132+1 9.399+1  0.23   3.18  103.58 3.909+1 0.0 0.000+0
   207                    0.7000 2.155+1 9.784+1  0.22   3.28  103.58 3.968+1 0.0 0.000+0
   208                    0.8000 2.179+1 1.018+2  0.21   3.38  103.58 4.026+1 0.0 0.000+0
   209                    0.9000 2.202+1 1.057+2  0.21   3.48  103.58 4.085+1 0.0 0.000+0
   210 DNSTREAM           1.0000 2.226+1 1.098+2  0.20   3.57  103.57 4.144+1 0.0 0.000+0

 BRANCH NUMBER =     3
  Node  Node Identifier     Stat    Flow    Area   Vel  Depth    Elev     Top  Fr Lat Inf
   300 UPSTREAM           0.0000 3.453+1 2.195+2  0.16   3.57  103.57 8.288+1 0.0 0.000+0
   301                    0.1000 3.500+1 2.007+2  0.17   3.47  103.57 7.758+1 0.0 0.000+0
   302                    0.2000 3.544+1 1.827+2  0.19   3.37  103.57 7.240+1 0.0 0.000+0
   303                    0.3000 3.584+1 1.656+2  0.22   3.27  103.57 6.734+1 0.0 0.000+0
   304                    0.4000 3.622+1 1.494+2  0.24   3.17  103.57 6.239+1 0.0 0.000+0
   305                    0.5000 3.656+1 1.341+2  0.27   3.06  103.56 5.756+1 0.0 0.000+0
   306                    0.6000 3.687+1 1.196+2  0.31   2.96  103.56 5.285+1 0.0 0.000+0
   307                    0.7000 3.715+1 1.058+2  0.35   2.85  103.55 4.824+1 0.0 0.000+0
   308                    0.8000 3.740+1 9.291+1  0.40   2.74  103.54 4.375+1 0.0 0.000+0
   309                    0.9000 3.762+1 8.073+1  0.47   2.63  103.53 3.937+1 0.0 0.000+0
   310 DNSTREAM           1.0000 3.780+1 6.926+1  0.55   2.51  103.51 3.509+1 0.0 0.000+0

 EXTERIOR NODES
  Node  Node Identifier        QE1     YE1    Elev    Storage    Storage
    U1 UPSTREAM          1.000E+01   2.581 103.581
    D1 DNSTREAM          1.226E+01   3.573 103.573
    U2 UPSTREAM          2.000E+01   2.601 103.601
    D2 DNSTREAM          2.226E+01   3.573 103.573
    U3 UPSTREAM          3.453E+01   3.573 103.573
    D3 DNSTREAM          3.780E+01   2.515 103.515
 Balance 1: S1=1.593E+06 S2=1.680E+06 BNI=1.399E+07 BNQ=1.390E+07 TAQ=0.000E+00 WSI=0.000E+00 WSQ=0.000E+00
 Bal diff=BAL=S2-S1-BNI-TAQ+BNQ-WSI+WSQ= 1.071E+01    Rel bal=BAL/(S2+BNQ)= 6.873E-07

 SIMULATION ending at  1990/ 1/ 1:18.3750000.  Time step=   450.00 sec
 ITER RCORECT  BRA   NODE   MXRES  LOC  SUMSQR NUMGT
    1 5.3E-03    3    310 2.4E-01   43 9.4E-01     0
 CSUR= 0.0E+00 AT ND=   0:     0 RLTQ= 0.0E+00 AT ND=   0:     0 DT/ITER=   237.1

 RESULTS at time          66150. JTIME =     47892.7656250004

 BRANCH NUMBER =     1
  Node  Node Identifier     Stat    Flow    Area   Vel  Depth    Elev     Top  Fr Lat Inf
   100 UPSTREAM           0.0000 1.000+1 7.143+1  0.14   2.58  103.58 3.546+1 0.0 0.000+0
   101                    0.1000 1.020+1 7.496+1  0.14   2.67  103.57 3.605+1 0.0 0.000+0
   102                    0.2000 1.040+1 7.856+1  0.13   2.77  103.57 3.665+1 0.0 0.000+0
   103                    0.3000 1.061+1 8.222+1  0.13   2.87  103.57 3.724+1 0.0 0.000+0
   104                    0.4000 1.082+1 8.594+1  0.13   2.97  103.57 3.784+1 0.0 0.000+0
   105                    0.5000 1.103+1 8.973+1  0.12   3.07  103.57 3.843+1 0.0 0.000+0
   106                    0.6000 1.124+1 9.357+1  0.12   3.17  103.57 3.903+1 0.0 0.000+0
   107                    0.7000 1.146+1 9.748+1  0.12   3.27  103.57 3.962+1 0.0 0.000+0
   108                    0.8000 1.168+1 1.015+2  0.12   3.37  103.57 4.022+1 0.0 0.000+0
   109                    0.9000 1.191+1 1.055+2  0.11   3.47  103.57 4.081+1 0.0 0.000+0
   110 DNSTREAM           1.0000 1.214+1 1.096+2  0.11   3.57  103.57 4.141+1 0.0 0.000+0

 BRANCH NUMBER =     2
  Node  Node Identifier     Stat    Flow    Area   Vel  Depth    Elev     Top  Fr Lat Inf
   200 UPSTREAM           0.0000 2.000+1 7.215+1  0.28   2.60  103.60 3.558+1 0.0 0.000+0
   201                    0.1000 2.020+1 7.558+1  0.27   2.69  103.59 3.615+1 0.0 0.000+0
   202                    0.2000 2.040+1 7.908+1  0.26   2.79  103.59 3.673+1 0.0 0.000+0
   203                    0.3000 2.061+1 8.266+1  0.25   2.88  103.58 3.731+1 0.0 0.000+0
   204                    0.4000 2.081+1 8.631+1  0.24   2.98  103.58 3.789+1 0.0 0.000+0
   205                    0.5000 2.103+1 9.002+1  0.23   3.08  103.58 3.848+1 0.0 0.000+0
   206                    0.6000 2.124+1 9.380+1  0.23   3.18  103.58 3.906+1 0.0 0.000+0
   207                    0.7000 2.146+1 9.764+1  0.22   3.27  103.57 3.965+1 0.0 0.000+0
   208                    0.8000 2.168+1 1.016+2  0.21   3.37  103.57 4.023+1 0.0 0.000+0
   209                    0.9000 2.191+1 1.055+2  0.21   3.47  103.57 4.082+1 0.0 0.000+0
   210 DNSTREAM           1.0000 2.214+1 1.096+2  0.20   3.57  103.57 4.141+1 0.0 0.000+0

 BRANCH NUMBER =     3
  Node  Node Identifier     Stat    Flow    Area   Vel  Depth    Elev     Top  Fr Lat Inf
   300 UPSTREAM           0.0000 3.427+1 2.191+2  0.16   3.57  103.57 8.282+1 0.0 0.000+0
   301                    0.1000 3.472+1 2.003+2  0.17   3.47  103.57 7.753+1 0.0 0.000+0
   302                    0.2000 3.513+1 1.823+2  0.19   3.37  103.57 7.235+1 0.0 0.000+0
   303                    0.3000 3.551+1 1.653+2  0.21   3.26  103.56 6.729+1 0.0 0.000+0
   304                    0.4000 3.587+1 1.491+2  0.24   3.16  103.56 6.235+1 0.0 0.000+0
   305                    0.5000 3.619+1 1.338+2  0.27   3.06  103.56 5.752+1 0.0 0.000+0
   306                    0.6000 3.649+1 1.193+2  0.31   2.95  103.55 5.281+1 0.0 0.000+0
   307                    0.7000 3.675+1 1.056+2  0.35   2.85  103.55 4.821+1 0.0 0.000+0
   308                    0.8000 3.699+1 9.272+1  0.40   2.74  103.54 4.372+1 0.0 0.000+0
   309                    0.9000 3.720+1 8.056+1  0.46   2.63  103.53 3.934+1 0.0 0.000+0
   310 DNSTREAM           1.0000 3.737+1 6.912+1  0.54   2.51  103.51 3.507+1 0.0 0.000+0

 EXTERIOR NODES
  Node  Node Identifier        QE1     YE1    Elev    Storage    Storage
    U1 UPSTREAM          1.000E+01   2.576 103.576
    D1 DNSTREAM          1.214E+01   3.568 103.568
    U2 UPSTREAM          2.000E+01   2.596 103.596
    D2 DNSTREAM          2.214E+01   3.568 103.568
    U3 UPSTREAM          3.427E+01   3.568 103.568
    D3 DNSTREAM          3.737E+01   2.511 103.511
 Balance 1: S1=1.593E+06 S2=1.677E+06 BNI=1.400E+07 BNQ=1.392E+07 TAQ=0.000E+00 WSI=0.000E+00 WSQ=0.000E+00
 Bal diff=BAL=S2-S1-BNI-TAQ+BNQ-WSI+WSQ= 1.099E+01    Rel bal=BAL/(S2+BNQ)= 7.046E-07

 SIMULATION ending at  1990/ 1/ 1:18.5000000.  Time step=   450.00 sec
 ITER RCORECT  BRA   NODE   MXRES  LOC  SUMSQR NUMGT
    1 5.1E-03    3    310 2.3E-01   43 8.5E-01     0
 CSUR= 0.0E+00 AT ND=   0:     0 RLTQ= 0.0E+00 AT ND=   0:     0 DT/ITER=   237.9

 RESULTS at time          66600. JTIME =     47892.7708333337

 BRANCH NUMBER =     1
  Node  Node Identifier     Stat    Flow    Area   Vel  Depth    Elev     Top  Fr Lat Inf
   100 UPSTREAM           0.0000 1.000+1 7.126+1  0.14   2.57  103.57 3.543+1 0.0 0.000+0
   101                    0.1000 1.019+1 7.480+1  0.14   2.67  103.57 3.602+1 0.0 0.000+0
   102                    0.2000 1.038+1 7.839+1  0.13   2.77  103.57 3.662+1 0.0 0.000+0
   103                    0.3000 1.057+1 8.205+1  0.13   2.87  103.57 3.721+1 0.0 0.000+0
   104                    0.4000 1.077+1 8.577+1  0.13   2.97  103.57 3.781+1 0.0 0.000+0
   105                    0.5000 1.097+1 8.955+1  0.12   3.07  103.57 3.840+1 0.0 0.000+0
   106                    0.6000 1.117+1 9.339+1  0.12   3.17  103.57 3.900+1 0.0 0.000+0
   107                    0.7000 1.138+1 9.730+1  0.12   3.27  103.57 3.959+1 0.0 0.000+0
   108                    0.8000 1.159+1 1.013+2  0.11   3.36  103.56 4.019+1 0.0 0.000+0
   109                    0.9000 1.180+1 1.053+2  0.11   3.46  103.56 4.079+1 0.0 0.000+0
   110 DNSTREAM           1.0000 1.202+1 1.094+2  0.11   3.56  103.56 4.138+1 0.0 0.000+0

 BRANCH NUMBER =     2
  Node  Node Identifier     Stat    Flow    Area   Vel  Depth    Elev     Top  Fr Lat Inf
   200 UPSTREAM           0.0000 2.000+1 7.198+1  0.28   2.59  103.59 3.555+1 0.0 0.000+0
   201                    0.1000 2.019+1 7.541+1  0.27   2.69  103.59 3.613+1 0.0 0.000+0
   202                    0.2000 2.038+1 7.892+1  0.26   2.78  103.58 3.670+1 0.0 0.000+0
   203                    0.3000 2.057+1 8.249+1  0.25   2.88  103.58 3.728+1 0.0 0.000+0
   204                    0.4000 2.077+1 8.613+1  0.24   2.98  103.58 3.787+1 0.0 0.000+0
   205                    0.5000 2.097+1 8.984+1  0.23   3.07  103.57 3.845+1 0.0 0.000+0
   206                    0.6000 2.117+1 9.362+1  0.23   3.17  103.57 3.903+1 0.0 0.000+0
   207                    0.7000 2.138+1 9.746+1  0.22   3.27  103.57 3.962+1 0.0 0.000+0
   208                    0.8000 2.159+1 1.014+2  0.21   3.37  103.57 4.021+1 0.0 0.000+0
   209                    0.9000 2.180+1 1.053+2  0.21   3.47  103.57 4.079+1 0.0 0.000+0
   210 DNSTREAM           1.0000 2.202+1 1.094+2  0.20   3.56  103.56 4.138+1 0.0 0.000+0

 BRANCH NUMBER =     3
  Node  Node Identifier     Stat    Flow    Area   Vel  Depth    Elev     Top  Fr Lat Inf
   300 UPSTREAM           0.0000 3.404+1 2.188+2  0.16   3.56  103.56 8.277+1 0.0 0.000+0
   301                    0.1000 3.445+1 1.999+2  0.17   3.46  103.56 7.748+1 0.0 0.000+0
   302                    0.2000 3.484+1 1.820+2  0.19   3.36  103.56 7.230+1 0.0 0.000+0
   303                    0.3000 3.521+1 1.650+2  0.21   3.26  103.56 6.724+1 0.0 0.000+0
   304                    0.4000 3.554+1 1.488+2  0.24   3.16  103.56 6.230+1 0.0 0.000+0
   305                    0.5000 3.585+1 1.335+2  0.27   3.05  103.55 5.748+1 0.0 0.000+0
   306                    0.6000 3.613+1 1.191+2  0.30   2.95  103.55 5.277+1 0.0 0.000+0
   307                    0.7000 3.638+1 1.054+2  0.35   2.84  103.54 4.817+1 0.0 0.000+0
   308                    0.8000 3.660+1 9.254+1  0.40   2.73  103.53 4.369+1 0.0 0.000+0
   309                    0.9000 3.680+1 8.041+1  0.46   2.62  103.52 3.931+1 0.0 0.000+0
   310 DNSTREAM           1.0000 3.696+1 6.899+1  0.54   2.51  103.51 3.504+1 0.0 0.000+0

 EXTERIOR NODES
  Node  Node Identifier        QE1     YE1    Elev    Storage    Storage
    U1 UPSTREAM          1.000E+01   2.571 103.571
    D1 DNSTREAM          1.202E+01   3.564 103.564
    U2 UPSTREAM          2.000E+01   2.592 103.592
    D2 DNSTREAM          2.202E+01   3.564 103.564
    U3 UPSTREAM          3.404E+01   3.564 103.564
    D3 DNSTREAM          3.696E+01   2.507 103.507
 Balance 1: S1=1.593E+06 S2=1.674E+06 BNI=1.401E+07 BNQ=1.393E+07 TAQ=0.000E+00 WSI=0.000E+00 WSQ=0.000E+00
 Bal diff=BAL=S2-S1-BNI-TAQ+BNQ-WSI+WSQ= 1.124E+01    Rel bal=BAL/(S2+BNQ)= 7.200E-07

 SIMULATION ending at  1990/ 1/ 1:18.6250000.  Time step=   450.00 sec
 ITER RCORECT  BRA   NODE   MXRES  LOC  SUMSQR NUMGT
    1 4.8E-03    3    310 2.2E-01   43 7.4E-01     0
 CSUR= 0.0E+00 AT ND=   0:     0 RLTQ= 0.0E+00 AT ND=   0:     0 DT/ITER=   238.6

 RESULTS at time          67050. JTIME =     47892.7760416670

 BRANCH NUMBER =     1
  Node  Node Identifier     Stat    Flow    Area   Vel  Depth    Elev     Top  Fr Lat Inf
   100 UPSTREAM           0.0000 1.000+1 7.111+1  0.14   2.57  103.57 3.540+1 0.0 0.000+0
   101                    0.1000 1.018+1 7.464+1  0.14   2.67  103.57 3.600+1 0.0 0.000+0
   102                    0.2000 1.036+1 7.823+1  0.13   2.76  103.56 3.659+1 0.0 0.000+0
   103                    0.3000 1.054+1 8.189+1  0.13   2.86  103.56 3.719+1 0.0 0.000+0
   104                    0.4000 1.073+1 8.561+1  0.13   2.96  103.56 3.778+1 0.0 0.000+0
   105                    0.5000 1.092+1 8.938+1  0.12   3.06  103.56 3.838+1 0.0 0.000+0
   106                    0.6000 1.111+1 9.323+1  0.12   3.16  103.56 3.897+1 0.0 0.000+0
   107                    0.7000 1.130+1 9.713+1  0.12   3.26  103.56 3.957+1 0.0 0.000+0
   108                    0.8000 1.150+1 1.011+2  0.11   3.36  103.56 4.016+1 0.0 0.000+0
   109                    0.9000 1.170+1 1.051+2  0.11   3.46  103.56 4.076+1 0.0 0.000+0
   110 DNSTREAM           1.0000 1.191+1 1.092+2  0.11   3.56  103.56 4.136+1 0.0 0.000+0

 BRANCH NUMBER =     2
  Node  Node Identifier     Stat    Flow    Area   Vel  Depth    Elev     Top  Fr Lat Inf
   200 UPSTREAM           0.0000 2.000+1 7.183+1  0.28   2.59  103.59 3.553+1 0.0 0.000+0
   201                    0.1000 2.018+1 7.526+1  0.27   2.68  103.58 3.610+1 0.0 0.000+0
   202                    0.2000 2.036+1 7.876+1  0.26   2.78  103.58 3.668+1 0.0 0.000+0
   203                    0.3000 2.054+1 8.233+1  0.25   2.88  103.58 3.726+1 0.0 0.000+0
   204                    0.4000 2.073+1 8.597+1  0.24   2.97  103.57 3.784+1 0.0 0.000+0
   205                    0.5000 2.092+1 8.967+1  0.23   3.07  103.57 3.842+1 0.0 0.000+0
   206                    0.6000 2.111+1 9.345+1  0.23   3.17  103.57 3.901+1 0.0 0.000+0
   207                    0.7000 2.130+1 9.729+1  0.22   3.27  103.57 3.959+1 0.0 0.000+0
   208                    0.8000 2.150+1 1.012+2  0.21   3.36  103.56 4.018+1 0.0 0.000+0
   209                    0.9000 2.170+1 1.052+2  0.21   3.46  103.56 4.077+1 0.0 0.000+0
   210 DNSTREAM           1.0000 2.191+1 1.092+2  0.20   3.56  103.56 4.136+1 0.0 0.000+0

 BRANCH NUMBER =     3
  Node  Node Identifier     Stat    Flow    Area   Vel  Depth    Elev     Top  Fr Lat Inf
   300 UPSTREAM           0.0000 3.381+1 2.184+2  0.15   3.56  103.56 8.271+1 0.0 0.000+0
   301                    0.1000 3.421+1 1.996+2  0.17   3.46  103.56 7.743+1 0.0 0.000+0
   302                    0.2000 3.458+1 1.817+2  0.19   3.36  103.56 7.225+1 0.0 0.000+0
   303                    0.3000 3.492+1 1.647+2  0.21   3.25  103.55 6.720+1 0.0 0.000+0
   304                    0.4000 3.523+1 1.486+2  0.24   3.15  103.55 6.226+1 0.0 0.000+0
   305                    0.5000 3.552+1 1.333+2  0.27   3.05  103.55 5.744+1 0.0 0.000+0
   306                    0.6000 3.579+1 1.189+2  0.30   2.94  103.54 5.274+1 0.0 0.000+0
   307                    0.7000 3.602+1 1.052+2  0.34   2.84  103.54 4.814+1 0.0 0.000+0
   308                    0.8000 3.623+1 9.236+1  0.39   2.73  103.53 4.366+1 0.0 0.000+0
   309                    0.9000 3.642+1 8.026+1  0.45   2.62  103.52 3.929+1 0.0 0.000+0
   310 DNSTREAM           1.0000 3.657+1 6.887+1  0.53   2.50  103.50 3.502+1 0.0 0.000+0

 EXTERIOR NODES
  Node  Node Identifier        QE1     YE1    Elev    Storage    Storage
    U1 UPSTREAM          1.000E+01   2.567 103.567
    D1 DNSTREAM          1.191E+01   3.560 103.560
    U2 UPSTREAM          2.000E+01   2.587 103.587
    D2 DNSTREAM          2.191E+01   3.560 103.560
    U3 UPSTREAM          3.381E+01   3.560 103.560
    D3 DNSTREAM          3.657E+01   2.503 103.503
 Balance 1: S1=1.593E+06 S2=1.671E+06 BNI=1.403E+07 BNQ=1.395E+07 TAQ=0.000E+00 WSI=0.000E+00 WSQ=0.000E+00
 Bal diff=BAL=S2-S1-BNI-TAQ+BNQ-WSI+WSQ= 1.147E+01    Rel bal=BAL/(S2+BNQ)= 7.346E-07

 SIMULATION ending at  1990/ 1/ 1:18.7500000.  Time step=   450.00 sec
 ITER RCORECT  BRA   NODE   MXRES  LOC  SUMSQR NUMGT
    1 4.6E-03    3    310 2.1E-01   43 6.6E-01     0
 CSUR= 0.0E+00 AT ND=   0:     0 RLTQ= 0.0E+00 AT ND=   0:     0 DT/ITER=   239.4

 RESULTS at time          67500. JTIME =     47892.7812500004

 BRANCH NUMBER =     1
  Node  Node Identifier     Stat    Flow    Area   Vel  Depth    Elev     Top  Fr Lat Inf
   100 UPSTREAM           0.0000 1.000+1 7.096+1  0.14   2.56  103.56 3.538+1 0.0 0.000+0
   101                    0.1000 1.017+1 7.449+1  0.14   2.66  103.56 3.597+1 0.0 0.000+0
   102                    0.2000 1.034+1 7.808+1  0.13   2.76  103.56 3.657+1 0.0 0.000+0
   103                    0.3000 1.051+1 8.173+1  0.13   2.86  103.56 3.716+1 0.0 0.000+0
   104                    0.4000 1.069+1 8.545+1  0.13   2.96  103.56 3.776+1 0.0 0.000+0
   105                    0.5000 1.087+1 8.923+1  0.12   3.06  103.56 3.835+1 0.0 0.000+0
   106                    0.6000 1.105+1 9.307+1  0.12   3.16  103.56 3.895+1 0.0 0.000+0
   107                    0.7000 1.123+1 9.697+1  0.12   3.26  103.56 3.954+1 0.0 0.000+0
   108                    0.8000 1.142+1 1.009+2  0.11   3.36  103.56 4.014+1 0.0 0.000+0
   109                    0.9000 1.161+1 1.050+2  0.11   3.46  103.56 4.074+1 0.0 0.000+0
   110 DNSTREAM           1.0000 1.180+1 1.090+2  0.11   3.56  103.56 4.133+1 0.0 0.000+0

 BRANCH NUMBER =     2
  Node  Node Identifier     Stat    Flow    Area   Vel  Depth    Elev     Top  Fr Lat Inf
   200 UPSTREAM           0.0000 2.000+1 7.169+1  0.28   2.58  103.58 3.550+1 0.0 0.000+0
   201                    0.1000 2.017+1 7.511+1  0.27   2.68  103.58 3.608+1 0.0 0.000+0
   202                    0.2000 2.034+1 7.861+1  0.26   2.78  103.58 3.665+1 0.0 0.000+0
   203                    0.3000 2.051+1 8.217+1  0.25   2.87  103.57 3.723+1 0.0 0.000+0
   204                    0.4000 2.069+1 8.581+1  0.24   2.97  103.57 3.781+1 0.0 0.000+0
   205                    0.5000 2.087+1 8.952+1  0.23   3.07  103.57 3.840+1 0.0 0.000+0
   206                    0.6000 2.105+1 9.329+1  0.23   3.16  103.56 3.898+1 0.0 0.000+0
   207                    0.7000 2.123+1 9.713+1  0.22   3.26  103.56 3.957+1 0.0 0.000+0
   208                    0.8000 2.142+1 1.010+2  0.21   3.36  103.56 4.016+1 0.0 0.000+0
   209                    0.9000 2.161+1 1.050+2  0.21   3.46  103.56 4.074+1 0.0 0.000+0
   210 DNSTREAM           1.0000 2.180+1 1.090+2  0.20   3.56  103.56 4.133+1 0.0 0.000+0

 BRANCH NUMBER =     3
  Node  Node Identifier     Stat    Flow    Area   Vel  Depth    Elev     Top  Fr Lat Inf
   300 UPSTREAM           0.0000 3.360+1 2.181+2  0.15   3.56  103.56 8.267+1 0.0 0.000+0
   301                    0.1000 3.397+1 1.993+2  0.17   3.45  103.55 7.738+1 0.0 0.000+0
   302                    0.2000 3.432+1 1.814+2  0.19   3.35  103.55 7.221+1 0.0 0.000+0
   303                    0.3000 3.465+1 1.644+2  0.21   3.25  103.55 6.716+1 0.0 0.000+0
   304                    0.4000 3.494+1 1.483+2  0.24   3.15  103.55 6.223+1 0.0 0.000+0
   305                    0.5000 3.522+1 1.331+2  0.26   3.05  103.55 5.741+1 0.0 0.000+0
   306                    0.6000 3.547+1 1.187+2  0.30   2.94  103.54 5.270+1 0.0 0.000+0
   307                    0.7000 3.569+1 1.050+2  0.34   2.83  103.53 4.811+1 0.0 0.000+0
   308                    0.8000 3.589+1 9.220+1  0.39   2.73  103.53 4.363+1 0.0 0.000+0
   309                    0.9000 3.606+1 8.012+1  0.45   2.62  103.52 3.926+1 0.0 0.000+0
   310 DNSTREAM           1.0000 3.621+1 6.875+1  0.53   2.50  103.50 3.500+1 0.0 0.000+0

 EXTERIOR NODES
  Node  Node Identifier        QE1     YE1    Elev    Storage    Storage
    U1 UPSTREAM          1.000E+01   2.563 103.563
    D1 DNSTREAM          1.180E+01   3.555 103.555
    U2 UPSTREAM          2.000E+01   2.583 103.583
    D2 DNSTREAM          2.180E+01   3.555 103.555
    U3 UPSTREAM          3.360E+01   3.555 103.555
    D3 DNSTREAM          3.621E+01   2.500 103.500
 Balance 1: S1=1.593E+06 S2=1.668E+06 BNI=1.404E+07 BNQ=1.396E+07 TAQ=0.000E+00 WSI=0.000E+00 WSQ=0.000E+00
 Bal diff=BAL=S2-S1-BNI-TAQ+BNQ-WSI+WSQ= 1.173E+01    Rel bal=BAL/(S2+BNQ)= 7.502E-07

 SIMULATION ending at  1990/ 1/ 1:18.8750000.  Time step=   450.00 sec
 ITER RCORECT  BRA   NODE   MXRES  LOC  SUMSQR NUMGT
    1 4.4E-03    3    310 1.9E-01   43 5.9E-01     0
 CSUR= 0.0E+00 AT ND=   0:     0 RLTQ= 0.0E+00 AT ND=   0:     0 DT/ITER=   240.1

 RESULTS at time          67950. JTIME =     47892.7864583337

 BRANCH NUMBER =     1
  Node  Node Identifier     Stat    Flow    Area   Vel  Depth    Elev     Top  Fr Lat Inf
   100 UPSTREAM           0.0000 1.000+1 7.083+1  0.14   2.56  103.56 3.536+1 0.0 0.000+0
   101                    0.1000 1.016+1 7.435+1  0.14   2.66  103.56 3.595+1 0.0 0.000+0
   102                    0.2000 1.032+1 7.794+1  0.13   2.76  103.56 3.654+1 0.0 0.000+0
   103                    0.3000 1.048+1 8.159+1  0.13   2.86  103.56 3.714+1 0.0 0.000+0
   104                    0.4000 1.065+1 8.530+1  0.12   2.96  103.56 3.773+1 0.0 0.000+0
   105                    0.5000 1.082+1 8.908+1  0.12   3.05  103.55 3.833+1 0.0 0.000+0
   106                    0.6000 1.099+1 9.291+1  0.12   3.15  103.55 3.892+1 0.0 0.000+0
   107                    0.7000 1.116+1 9.681+1  0.12   3.25  103.55 3.952+1 0.0 0.000+0
   108                    0.8000 1.134+1 1.008+2  0.11   3.35  103.55 4.012+1 0.0 0.000+0
   109                    0.9000 1.152+1 1.048+2  0.11   3.45  103.55 4.071+1 0.0 0.000+0
   110 DNSTREAM           1.0000 1.170+1 1.089+2  0.11   3.55  103.55 4.131+1 0.0 0.000+0

 BRANCH NUMBER =     2
  Node  Node Identifier     Stat    Flow    Area   Vel  Depth    Elev     Top  Fr Lat Inf
   200 UPSTREAM           0.0000 2.000+1 7.155+1  0.28   2.58  103.58 3.548+1 0.0 0.000+0
   201                    0.1000 2.016+1 7.497+1  0.27   2.68  103.58 3.605+1 0.0 0.000+0
   202                    0.2000 2.032+1 7.847+1  0.26   2.77  103.57 3.663+1 0.0 0.000+0
   203                    0.3000 2.048+1 8.203+1  0.25   2.87  103.57 3.721+1 0.0 0.000+0
   204                    0.4000 2.065+1 8.566+1  0.24   2.96  103.56 3.779+1 0.0 0.000+0
   205                    0.5000 2.082+1 8.937+1  0.23   3.06  103.56 3.837+1 0.0 0.000+0
   206                    0.6000 2.099+1 9.314+1  0.23   3.16  103.56 3.896+1 0.0 0.000+0
   207                    0.7000 2.116+1 9.697+1  0.22   3.26  103.56 3.954+1 0.0 0.000+0
   208                    0.8000 2.134+1 1.009+2  0.21   3.36  103.56 4.013+1 0.0 0.000+0
   209                    0.9000 2.152+1 1.048+2  0.21   3.45  103.55 4.072+1 0.0 0.000+0
   210 DNSTREAM           1.0000 2.170+1 1.089+2  0.20   3.55  103.55 4.131+1 0.0 0.000+0

 BRANCH NUMBER =     3
  Node  Node Identifier     Stat    Flow    Area   Vel  Depth    Elev     Top  Fr Lat Inf
   300 UPSTREAM           0.0000 3.340+1 2.177+2  0.15   3.55  103.55 8.262+1 0.0 0.000+0
   301                    0.1000 3.375+1 1.990+2  0.17   3.45  103.55 7.734+1 0.0 0.000+0
   302                    0.2000 3.408+1 1.811+2  0.19   3.35  103.55 7.217+1 0.0 0.000+0
   303                    0.3000 3.439+1 1.642+2  0.21   3.25  103.55 6.712+1 0.0 0.000+0
   304                    0.4000 3.467+1 1.481+2  0.23   3.14  103.54 6.219+1 0.0 0.000+0
   305                    0.5000 3.493+1 1.329+2  0.26   3.04  103.54 5.737+1 0.0 0.000+0
   306                    0.6000 3.516+1 1.185+2  0.30   2.94  103.54 5.267+1 0.0 0.000+0
   307                    0.7000 3.538+1 1.049+2  0.34   2.83  103.53 4.808+1 0.0 0.000+0
   308                    0.8000 3.556+1 9.205+1  0.39   2.72  103.52 4.361+1 0.0 0.000+0
   309                    0.9000 3.573+1 7.998+1  0.45   2.61  103.51 3.924+1 0.0 0.000+0
   310 DNSTREAM           1.0000 3.587+1 6.864+1  0.52   2.50  103.50 3.498+1 0.0 0.000+0

 EXTERIOR NODES
  Node  Node Identifier        QE1     YE1    Elev    Storage    Storage
    U1 UPSTREAM          1.000E+01   2.559 103.559
    D1 DNSTREAM          1.170E+01   3.552 103.552
    U2 UPSTREAM          2.000E+01   2.580 103.580
    D2 DNSTREAM          2.170E+01   3.552 103.552
    U3 UPSTREAM          3.340E+01   3.552 103.552
    D3 DNSTREAM          3.587E+01   2.497 103.497
 Balance 1: S1=1.593E+06 S2=1.665E+06 BNI=1.405E+07 BNQ=1.398E+07 TAQ=0.000E+00 WSI=0.000E+00 WSQ=0.000E+00
 Bal diff=BAL=S2-S1-BNI-TAQ+BNQ-WSI+WSQ= 1.191E+01    Rel bal=BAL/(S2+BNQ)= 7.615E-07

 SIMULATION ending at  1990/ 1/ 1:19.0000000.  Time step=   450.00 sec
 ITER RCORECT  BRA   NODE   MXRES  LOC  SUMSQR NUMGT
    1 4.2E-03    3    310 1.8E-01   43 5.3E-01     0
 CSUR= 0.0E+00 AT ND=   0:     0 RLTQ= 0.0E+00 AT ND=   0:     0 DT/ITER=   240.8

 RESULTS at time          68400. JTIME =     47892.7916666670

 BRANCH NUMBER =     1
  Node  Node Identifier     Stat    Flow    Area   Vel  Depth    Elev     Top  Fr Lat Inf
   100 UPSTREAM           0.0000 1.000+1 7.070+1  0.14   2.56  103.56 3.533+1 0.0 0.000+0
   101                    0.1000 1.015+1 7.422+1  0.14   2.65  103.55 3.593+1 0.0 0.000+0
   102                    0.2000 1.030+1 7.781+1  0.13   2.75  103.55 3.652+1 0.0 0.000+0
   103                    0.3000 1.046+1 8.145+1  0.13   2.85  103.55 3.712+1 0.0 0.000+0
   104                    0.4000 1.061+1 8.516+1  0.12   2.95  103.55 3.771+1 0.0 0.000+0
   105                    0.5000 1.077+1 8.894+1  0.12   3.05  103.55 3.831+1 0.0 0.000+0
   106                    0.6000 1.093+1 9.277+1  0.12   3.15  103.55 3.890+1 0.0 0.000+0
   107                    0.7000 1.110+1 9.667+1  0.11   3.25  103.55 3.950+1 0.0 0.000+0
   108                    0.8000 1.127+1 1.006+2  0.11   3.35  103.55 4.009+1 0.0 0.000+0
   109                    0.9000 1.143+1 1.046+2  0.11   3.45  103.55 4.069+1 0.0 0.000+0
   110 DNSTREAM           1.0000 1.161+1 1.087+2  0.11   3.55  103.55 4.129+1 0.0 0.000+0

 BRANCH NUMBER =     2
  Node  Node Identifier     Stat    Flow    Area   Vel  Depth    Elev     Top  Fr Lat Inf
   200 UPSTREAM           0.0000 2.000+1 7.142+1  0.28   2.58  103.58 3.546+1 0.0 0.000+0
   201                    0.1000 2.015+1 7.484+1  0.27   2.67  103.57 3.603+1 0.0 0.000+0
   202                    0.2000 2.030+1 7.833+1  0.26   2.77  103.57 3.661+1 0.0 0.000+0
   203                    0.3000 2.045+1 8.189+1  0.25   2.86  103.56 3.719+1 0.0 0.000+0
   204                    0.4000 2.061+1 8.553+1  0.24   2.96  103.56 3.777+1 0.0 0.000+0
   205                    0.5000 2.077+1 8.923+1  0.23   3.06  103.56 3.835+1 0.0 0.000+0
   206                    0.6000 2.093+1 9.299+1  0.23   3.16  103.56 3.894+1 0.0 0.000+0
   207                    0.7000 2.110+1 9.683+1  0.22   3.25  103.55 3.952+1 0.0 0.000+0
   208                    0.8000 2.127+1 1.007+2  0.21   3.35  103.55 4.011+1 0.0 0.000+0
   209                    0.9000 2.143+1 1.047+2  0.20   3.45  103.55 4.070+1 0.0 0.000+0
   210 DNSTREAM           1.0000 2.161+1 1.087+2  0.20   3.55  103.55 4.129+1 0.0 0.000+0

 BRANCH NUMBER =     3
  Node  Node Identifier     Stat    Flow    Area   Vel  Depth    Elev     Top  Fr Lat Inf
   300 UPSTREAM           0.0000 3.321+1 2.174+2  0.15   3.55  103.55 8.258+1 0.0 0.000+0
   301                    0.1000 3.355+1 1.987+2  0.17   3.45  103.55 7.729+1 0.0 0.000+0
   302                    0.2000 3.386+1 1.809+2  0.19   3.35  103.55 7.213+1 0.0 0.000+0
   303                    0.3000 3.415+1 1.639+2  0.21   3.24  103.54 6.708+1 0.0 0.000+0
   304                    0.4000 3.441+1 1.479+2  0.23   3.14  103.54 6.215+1 0.0 0.000+0
   305                    0.5000 3.466+1 1.327+2  0.26   3.04  103.54 5.734+1 0.0 0.000+0
   306                    0.6000 3.488+1 1.183+2  0.29   2.93  103.53 5.264+1 0.0 0.000+0
   307                    0.7000 3.508+1 1.047+2  0.34   2.83  103.53 4.806+1 0.0 0.000+0
   308                    0.8000 3.526+1 9.190+1  0.38   2.72  103.52 4.358+1 0.0 0.000+0
   309                    0.9000 3.541+1 7.986+1  0.44   2.61  103.51 3.922+1 0.0 0.000+0
   310 DNSTREAM           1.0000 3.554+1 6.853+1  0.52   2.49  103.49 3.497+1 0.0 0.000+0

 EXTERIOR NODES
  Node  Node Identifier        QE1     YE1    Elev    Storage    Storage
    U1 UPSTREAM          1.000E+01   2.555 103.555
    D1 DNSTREAM          1.161E+01   3.548 103.548
    U2 UPSTREAM          2.000E+01   2.576 103.576
    D2 DNSTREAM          2.161E+01   3.548 103.548
    U3 UPSTREAM          3.321E+01   3.548 103.548
    D3 DNSTREAM          3.554E+01   2.494 103.494
 Balance 1: S1=1.593E+06 S2=1.663E+06 BNI=1.407E+07 BNQ=1.400E+07 TAQ=0.000E+00 WSI=0.000E+00 WSQ=0.000E+00
 Bal diff=BAL=S2-S1-BNI-TAQ+BNQ-WSI+WSQ= 1.208E+01    Rel bal=BAL/(S2+BNQ)= 7.712E-07

 SIMULATION ending at  1990/ 1/ 1:19.1250000.  Time step=   450.00 sec
 ITER RCORECT  BRA   NODE   MXRES  LOC  SUMSQR NUMGT
    1 4.0E-03    3    310 1.7E-01   43 4.7E-01     0
 CSUR= 0.0E+00 AT ND=   0:     0 RLTQ= 0.0E+00 AT ND=   0:     0 DT/ITER=   241.6

 RESULTS at time          68850. JTIME =     47892.7968750004

 BRANCH NUMBER =     1
  Node  Node Identifier     Stat    Flow    Area   Vel  Depth    Elev     Top  Fr Lat Inf
   100 UPSTREAM           0.0000 1.000+1 7.057+1  0.14   2.55  103.55 3.531+1 0.0 0.000+0
   101                    0.1000 1.014+1 7.410+1  0.14   2.65  103.55 3.591+1 0.0 0.000+0
   102                    0.2000 1.028+1 7.768+1  0.13   2.75  103.55 3.650+1 0.0 0.000+0
   103                    0.3000 1.043+1 8.133+1  0.13   2.85  103.55 3.710+1 0.0 0.000+0
   104                    0.4000 1.058+1 8.503+1  0.12   2.95  103.55 3.769+1 0.0 0.000+0
   105                    0.5000 1.073+1 8.880+1  0.12   3.05  103.55 3.829+1 0.0 0.000+0
   106                    0.6000 1.088+1 9.264+1  0.12   3.15  103.55 3.888+1 0.0 0.000+0
   107                    0.7000 1.104+1 9.653+1  0.11   3.25  103.55 3.948+1 0.0 0.000+0
   108                    0.8000 1.120+1 1.005+2  0.11   3.35  103.55 4.007+1 0.0 0.000+0
   109                    0.9000 1.136+1 1.045+2  0.11   3.44  103.54 4.067+1 0.0 0.000+0
   110 DNSTREAM           1.0000 1.152+1 1.086+2  0.11   3.54  103.54 4.127+1 0.0 0.000+0

 BRANCH NUMBER =     2
  Node  Node Identifier     Stat    Flow    Area   Vel  Depth    Elev     Top  Fr Lat Inf
   200 UPSTREAM           0.0000 2.000+1 7.130+1  0.28   2.57  103.57 3.544+1 0.0 0.000+0
   201                    0.1000 2.014+1 7.472+1  0.27   2.67  103.57 3.601+1 0.0 0.000+0
   202                    0.2000 2.028+1 7.820+1  0.26   2.76  103.56 3.659+1 0.0 0.000+0
   203                    0.3000 2.043+1 8.176+1  0.25   2.86  103.56 3.717+1 0.0 0.000+0
   204                    0.4000 2.058+1 8.539+1  0.24   2.96  103.56 3.775+1 0.0 0.000+0
   205                    0.5000 2.073+1 8.909+1  0.23   3.05  103.55 3.833+1 0.0 0.000+0
   206                    0.6000 2.088+1 9.286+1  0.22   3.15  103.55 3.892+1 0.0 0.000+0
   207                    0.7000 2.104+1 9.669+1  0.22   3.25  103.55 3.950+1 0.0 0.000+0
   208                    0.8000 2.120+1 1.006+2  0.21   3.35  103.55 4.009+1 0.0 0.000+0
   209                    0.9000 2.136+1 1.046+2  0.20   3.45  103.55 4.068+1 0.0 0.000+0
   210 DNSTREAM           1.0000 2.152+1 1.086+2  0.20   3.54  103.54 4.127+1 0.0 0.000+0

 BRANCH NUMBER =     3
  Node  Node Identifier     Stat    Flow    Area   Vel  Depth    Elev     Top  Fr Lat Inf
   300 UPSTREAM           0.0000 3.304+1 2.172+2  0.15   3.54  103.54 8.253+1 0.0 0.000+0
   301                    0.1000 3.335+1 1.984+2  0.17   3.44  103.54 7.725+1 0.0 0.000+0
   302                    0.2000 3.364+1 1.806+2  0.19   3.34  103.54 7.209+1 0.0 0.000+0
   303                    0.3000 3.392+1 1.637+2  0.21   3.24  103.54 6.705+1 0.0 0.000+0
   304                    0.4000 3.417+1 1.477+2  0.23   3.14  103.54 6.212+1 0.0 0.000+0
   305                    0.5000 3.440+1 1.325+2  0.26   3.03  103.53 5.731+1 0.0 0.000+0
   306                    0.6000 3.461+1 1.181+2  0.29   2.93  103.53 5.261+1 0.0 0.000+0
   307                    0.7000 3.480+1 1.045+2  0.33   2.82  103.52 4.803+1 0.0 0.000+0
   308                    0.8000 3.497+1 9.176+1  0.38   2.72  103.52 4.356+1 0.0 0.000+0
   309                    0.9000 3.511+1 7.974+1  0.44   2.61  103.51 3.920+1 0.0 0.000+0
   310 DNSTREAM           1.0000 3.524+1 6.844+1  0.51   2.49  103.49 3.495+1 0.0 0.000+0

 EXTERIOR NODES
  Node  Node Identifier        QE1     YE1    Elev    Storage    Storage
    U1 UPSTREAM          1.000E+01   2.552 103.552
    D1 DNSTREAM          1.152E+01   3.545 103.545
    U2 UPSTREAM          2.000E+01   2.572 103.572
    D2 DNSTREAM          2.152E+01   3.545 103.545
    U3 UPSTREAM          3.304E+01   3.545 103.545
    D3 DNSTREAM          3.524E+01   2.491 103.491
 Balance 1: S1=1.593E+06 S2=1.660E+06 BNI=1.408E+07 BNQ=1.401E+07 TAQ=0.000E+00 WSI=0.000E+00 WSQ=0.000E+00
 Bal diff=BAL=S2-S1-BNI-TAQ+BNQ-WSI+WSQ= 1.223E+01    Rel bal=BAL/(S2+BNQ)= 7.802E-07

 SIMULATION ending at  1990/ 1/ 1:19.2500000.  Time step=   450.00 sec
 ITER RCORECT  BRA   NODE   MXRES  LOC  SUMSQR NUMGT
    1 3.8E-03    3    310 1.6E-01   43 4.2E-01     0
 CSUR= 0.0E+00 AT ND=   0:     0 RLTQ= 0.0E+00 AT ND=   0:     0 DT/ITER=   242.3

 RESULTS at time          69300. JTIME =     47892.8020833337

 BRANCH NUMBER =     1
  Node  Node Identifier     Stat    Flow    Area   Vel  Depth    Elev     Top  Fr Lat Inf
   100 UPSTREAM           0.0000 1.000+1 7.046+1  0.14   2.55  103.55 3.529+1 0.0 0.000+0
   101                    0.1000 1.013+1 7.398+1  0.14   2.65  103.55 3.589+1 0.0 0.000+0
   102                    0.2000 1.027+1 7.756+1  0.13   2.75  103.55 3.648+1 0.0 0.000+0
   103                    0.3000 1.041+1 8.120+1  0.13   2.85  103.55 3.708+1 0.0 0.000+0
   104                    0.4000 1.055+1 8.491+1  0.12   2.94  103.54 3.767+1 0.0 0.000+0
   105                    0.5000 1.069+1 8.868+1  0.12   3.04  103.54 3.827+1 0.0 0.000+0
   106                    0.6000 1.083+1 9.251+1  0.12   3.14  103.54 3.886+1 0.0 0.000+0
   107                    0.7000 1.098+1 9.640+1  0.11   3.24  103.54 3.946+1 0.0 0.000+0
   108                    0.8000 1.113+1 1.004+2  0.11   3.34  103.54 4.005+1 0.0 0.000+0
   109                    0.9000 1.128+1 1.044+2  0.11   3.44  103.54 4.065+1 0.0 0.000+0
   110 DNSTREAM           1.0000 1.143+1 1.084+2  0.11   3.54  103.54 4.125+1 0.0 0.000+0

 BRANCH NUMBER =     2
  Node  Node Identifier     Stat    Flow    Area   Vel  Depth    Elev     Top  Fr Lat Inf
   200 UPSTREAM           0.0000 2.000+1 7.119+1  0.28   2.57  103.57 3.542+1 0.0 0.000+0
   201                    0.1000 2.013+1 7.460+1  0.27   2.66  103.56 3.599+1 0.0 0.000+0
   202                    0.2000 2.027+1 7.809+1  0.26   2.76  103.56 3.657+1 0.0 0.000+0
   203                    0.3000 2.041+1 8.164+1  0.25   2.86  103.56 3.715+1 0.0 0.000+0
   204                    0.4000 2.055+1 8.527+1  0.24   2.95  103.55 3.773+1 0.0 0.000+0
   205                    0.5000 2.069+1 8.897+1  0.23   3.05  103.55 3.831+1 0.0 0.000+0
   206                    0.6000 2.083+1 9.273+1  0.22   3.15  103.55 3.890+1 0.0 0.000+0
   207                    0.7000 2.098+1 9.656+1  0.22   3.25  103.55 3.948+1 0.0 0.000+0
   208                    0.8000 2.113+1 1.005+2  0.21   3.34  103.54 4.007+1 0.0 0.000+0
   209                    0.9000 2.128+1 1.044+2  0.20   3.44  103.54 4.066+1 0.0 0.000+0
   210 DNSTREAM           1.0000 2.143+1 1.084+2  0.20   3.54  103.54 4.125+1 0.0 0.000+0

 BRANCH NUMBER =     3
  Node  Node Identifier     Stat    Flow    Area   Vel  Depth    Elev     Top  Fr Lat Inf
   300 UPSTREAM           0.0000 3.287+1 2.169+2  0.15   3.54  103.54 8.250+1 0.0 0.000+0
   301                    0.1000 3.317+1 1.982+2  0.17   3.44  103.54 7.722+1 0.0 0.000+0
   302                    0.2000 3.344+1 1.804+2  0.19   3.34  103.54 7.206+1 0.0 0.000+0
   303                    0.3000 3.370+1 1.635+2  0.21   3.24  103.54 6.702+1 0.0 0.000+0
   304                    0.4000 3.394+1 1.475+2  0.23   3.13  103.53 6.209+1 0.0 0.000+0
   305                    0.5000 3.416+1 1.323+2  0.26   3.03  103.53 5.728+1 0.0 0.000+0
   306                    0.6000 3.435+1 1.179+2  0.29   2.93  103.53 5.259+1 0.0 0.000+0
   307                    0.7000 3.453+1 1.044+2  0.33   2.82  103.52 4.801+1 0.0 0.000+0
   308                    0.8000 3.469+1 9.163+1  0.38   2.71  103.51 4.354+1 0.0 0.000+0
   309                    0.9000 3.483+1 7.963+1  0.44   2.60  103.50 3.918+1 0.0 0.000+0
   310 DNSTREAM           1.0000 3.495+1 6.834+1  0.51   2.49  103.49 3.493+1 0.0 0.000+0

 EXTERIOR NODES
  Node  Node Identifier        QE1     YE1    Elev    Storage    Storage
    U1 UPSTREAM          1.000E+01   2.549 103.549
    D1 DNSTREAM          1.143E+01   3.541 103.541
    U2 UPSTREAM          2.000E+01   2.569 103.569
    D2 DNSTREAM          2.143E+01   3.541 103.541
    U3 UPSTREAM          3.287E+01   3.541 103.541
    D3 DNSTREAM          3.495E+01   2.488 103.488
 Balance 1: S1=1.593E+06 S2=1.658E+06 BNI=1.409E+07 BNQ=1.403E+07 TAQ=0.000E+00 WSI=0.000E+00 WSQ=0.000E+00
 Bal diff=BAL=S2-S1-BNI-TAQ+BNQ-WSI+WSQ= 1.235E+01    Rel bal=BAL/(S2+BNQ)= 7.872E-07

 SIMULATION ending at  1990/ 1/ 1:19.3750000.  Time step=   450.00 sec
 ITER RCORECT  BRA   NODE   MXRES  LOC  SUMSQR NUMGT
    1 3.6E-03    3    310 1.5E-01   43 3.8E-01     0
 CSUR= 0.0E+00 AT ND=   0:     0 RLTQ= 0.0E+00 AT ND=   0:     0 DT/ITER=   243.0

 RESULTS at time          69750. JTIME =     47892.8072916670

 BRANCH NUMBER =     1
  Node  Node Identifier     Stat    Flow    Area   Vel  Depth    Elev     Top  Fr Lat Inf
   100 UPSTREAM           0.0000 1.000+1 7.035+1  0.14   2.55  103.55 3.528+1 0.0 0.000+0
   101                    0.1000 1.013+1 7.387+1  0.14   2.64  103.54 3.587+1 0.0 0.000+0
   102                    0.2000 1.025+1 7.745+1  0.13   2.74  103.54 3.646+1 0.0 0.000+0
   103                    0.3000 1.038+1 8.109+1  0.13   2.84  103.54 3.706+1 0.0 0.000+0
   104                    0.4000 1.052+1 8.479+1  0.12   2.94  103.54 3.765+1 0.0 0.000+0
   105                    0.5000 1.065+1 8.856+1  0.12   3.04  103.54 3.825+1 0.0 0.000+0
   106                    0.6000 1.079+1 9.239+1  0.12   3.14  103.54 3.884+1 0.0 0.000+0
   107                    0.7000 1.093+1 9.628+1  0.11   3.24  103.54 3.944+1 0.0 0.000+0
   108                    0.8000 1.107+1 1.002+2  0.11   3.34  103.54 4.004+1 0.0 0.000+0
   109                    0.9000 1.121+1 1.042+2  0.11   3.44  103.54 4.063+1 0.0 0.000+0
   110 DNSTREAM           1.0000 1.135+1 1.083+2  0.10   3.54  103.54 4.123+1 0.0 0.000+0

 BRANCH NUMBER =     2
  Node  Node Identifier     Stat    Flow    Area   Vel  Depth    Elev     Top  Fr Lat Inf
   200 UPSTREAM           0.0000 2.000+1 7.108+1  0.28   2.57  103.57 3.540+1 0.0 0.000+0
   201                    0.1000 2.013+1 7.449+1  0.27   2.66  103.56 3.597+1 0.0 0.000+0
   202                    0.2000 2.025+1 7.797+1  0.26   2.76  103.56 3.655+1 0.0 0.000+0
   203                    0.3000 2.038+1 8.153+1  0.25   2.85  103.55 3.713+1 0.0 0.000+0
   204                    0.4000 2.052+1 8.515+1  0.24   2.95  103.55 3.771+1 0.0 0.000+0
   205                    0.5000 2.065+1 8.885+1  0.23   3.05  103.55 3.829+1 0.0 0.000+0
   206                    0.6000 2.079+1 9.261+1  0.22   3.15  103.55 3.888+1 0.0 0.000+0
   207                    0.7000 2.093+1 9.644+1  0.22   3.24  103.54 3.946+1 0.0 0.000+0
   208                    0.8000 2.107+1 1.003+2  0.21   3.34  103.54 4.005+1 0.0 0.000+0
   209                    0.9000 2.121+1 1.043+2  0.20   3.44  103.54 4.064+1 0.0 0.000+0
   210 DNSTREAM           1.0000 2.135+1 1.083+2  0.20   3.54  103.54 4.123+1 0.0 0.000+0

 BRANCH NUMBER =     3
  Node  Node Identifier     Stat    Flow    Area   Vel  Depth    Elev     Top  Fr Lat Inf
   300 UPSTREAM           0.0000 3.271+1 2.166+2  0.15   3.54  103.54 8.246+1 0.0 0.000+0
   301                    0.1000 3.299+1 1.979+2  0.17   3.44  103.54 7.718+1 0.0 0.000+0
   302                    0.2000 3.325+1 1.802+2  0.18   3.34  103.54 7.202+1 0.0 0.000+0
   303                    0.3000 3.350+1 1.633+2  0.21   3.23  103.53 6.698+1 0.0 0.000+0
   304                    0.4000 3.372+1 1.473+2  0.23   3.13  103.53 6.206+1 0.0 0.000+0
   305                    0.5000 3.393+1 1.321+2  0.26   3.03  103.53 5.725+1 0.0 0.000+0
   306                    0.6000 3.411+1 1.178+2  0.29   2.92  103.52 5.256+1 0.0 0.000+0
   307                    0.7000 3.428+1 1.043+2  0.33   2.82  103.52 4.799+1 0.0 0.000+0
   308                    0.8000 3.443+1 9.151+1  0.38   2.71  103.51 4.352+1 0.0 0.000+0
   309                    0.9000 3.456+1 7.952+1  0.43   2.60  103.50 3.916+1 0.0 0.000+0
   310 DNSTREAM           1.0000 3.468+1 6.825+1  0.51   2.49  103.49 3.492+1 0.0 0.000+0

 EXTERIOR NODES
  Node  Node Identifier        QE1     YE1    Elev    Storage    Storage
    U1 UPSTREAM          1.000E+01   2.546 103.546
    D1 DNSTREAM          1.135E+01   3.538 103.538
    U2 UPSTREAM          2.000E+01   2.566 103.566
    D2 DNSTREAM          2.135E+01   3.538 103.538
    U3 UPSTREAM          3.271E+01   3.538 103.538
    D3 DNSTREAM          3.468E+01   2.486 103.486
 Balance 1: S1=1.593E+06 S2=1.656E+06 BNI=1.411E+07 BNQ=1.404E+07 TAQ=0.000E+00 WSI=0.000E+00 WSQ=0.000E+00
 Bal diff=BAL=S2-S1-BNI-TAQ+BNQ-WSI+WSQ= 1.247E+01    Rel bal=BAL/(S2+BNQ)= 7.940E-07

 SIMULATION ending at  1990/ 1/ 1:19.5000000.  Time step=   450.00 sec
 ITER RCORECT  BRA   NODE   MXRES  LOC  SUMSQR NUMGT
    1 3.4E-03    3    310 1.4E-01   43 3.3E-01     0
 CSUR= 0.0E+00 AT ND=   0:     0 RLTQ= 0.0E+00 AT ND=   0:     0 DT/ITER=   243.8

 RESULTS at time          70200. JTIME =     47892.8125000004

 BRANCH NUMBER =     1
  Node  Node Identifier     Stat    Flow    Area   Vel  Depth    Elev     Top  Fr Lat Inf
   100 UPSTREAM           0.0000 1.000+1 7.025+1  0.14   2.54  103.54 3.526+1 0.0 0.000+0
   101                    0.1000 1.012+1 7.376+1  0.14   2.64  103.54 3.585+1 0.0 0.000+0
   102                    0.2000 1.024+1 7.734+1  0.13   2.74  103.54 3.645+1 0.0 0.000+0
   103                    0.3000 1.036+1 8.098+1  0.13   2.84  103.54 3.704+1 0.0 0.000+0
   104                    0.4000 1.049+1 8.468+1  0.12   2.94  103.54 3.764+1 0.0 0.000+0
   105                    0.5000 1.062+1 8.845+1  0.12   3.04  103.54 3.823+1 0.0 0.000+0
   106                    0.6000 1.075+1 9.228+1  0.12   3.14  103.54 3.883+1 0.0 0.000+0
   107                    0.7000 1.088+1 9.616+1  0.11   3.24  103.54 3.942+1 0.0 0.000+0
   108                    0.8000 1.101+1 1.001+2  0.11   3.34  103.54 4.002+1 0.0 0.000+0
   109                    0.9000 1.114+1 1.041+2  0.11   3.44  103.54 4.062+1 0.0 0.000+0
   110 DNSTREAM           1.0000 1.128+1 1.082+2  0.10   3.54  103.54 4.121+1 0.0 0.000+0

 BRANCH NUMBER =     2
  Node  Node Identifier     Stat    Flow    Area   Vel  Depth    Elev     Top  Fr Lat Inf
   200 UPSTREAM           0.0000 2.000+1 7.097+1  0.28   2.56  103.56 3.538+1 0.0 0.000+0
   201                    0.1000 2.012+1 7.438+1  0.27   2.66  103.56 3.596+1 0.0 0.000+0
   202                    0.2000 2.024+1 7.787+1  0.26   2.75  103.55 3.653+1 0.0 0.000+0
   203                    0.3000 2.036+1 8.142+1  0.25   2.85  103.55 3.711+1 0.0 0.000+0
   204                    0.4000 2.049+1 8.504+1  0.24   2.95  103.55 3.769+1 0.0 0.000+0
   205                    0.5000 2.062+1 8.874+1  0.23   3.05  103.55 3.828+1 0.0 0.000+0
   206                    0.6000 2.074+1 9.250+1  0.22   3.14  103.54 3.886+1 0.0 0.000+0
   207                    0.7000 2.088+1 9.632+1  0.22   3.24  103.54 3.945+1 0.0 0.000+0
   208                    0.8000 2.101+1 1.002+2  0.21   3.34  103.54 4.003+1 0.0 0.000+0
   209                    0.9000 2.114+1 1.042+2  0.20   3.44  103.54 4.062+1 0.0 0.000+0
   210 DNSTREAM           1.0000 2.128+1 1.082+2  0.20   3.54  103.54 4.121+1 0.0 0.000+0

 BRANCH NUMBER =     3
  Node  Node Identifier     Stat    Flow    Area   Vel  Depth    Elev     Top  Fr Lat Inf
   300 UPSTREAM           0.0000 3.256+1 2.164+2  0.15   3.54  103.54 8.242+1 0.0 0.000+0
   301                    0.1000 3.283+1 1.977+2  0.17   3.43  103.53 7.715+1 0.0 0.000+0
   302                    0.2000 3.307+1 1.800+2  0.18   3.33  103.53 7.199+1 0.0 0.000+0
   303                    0.3000 3.330+1 1.631+2  0.20   3.23  103.53 6.696+1 0.0 0.000+0
   304                    0.4000 3.352+1 1.471+2  0.23   3.13  103.53 6.203+1 0.0 0.000+0
   305                    0.5000 3.371+1 1.319+2  0.26   3.03  103.53 5.723+1 0.0 0.000+0
   306                    0.6000 3.389+1 1.176+2  0.29   2.92  103.52 5.254+1 0.0 0.000+0
   307                    0.7000 3.405+1 1.041+2  0.33   2.82  103.52 4.796+1 0.0 0.000+0
   308                    0.8000 3.419+1 9.140+1  0.37   2.71  103.51 4.350+1 0.0 0.000+0
   309                    0.9000 3.431+1 7.942+1  0.43   2.60  103.50 3.915+1 0.0 0.000+0
   310 DNSTREAM           1.0000 3.442+1 6.817+1  0.50   2.48  103.48 3.490+1 0.0 0.000+0

 EXTERIOR NODES
  Node  Node Identifier        QE1     YE1    Elev    Storage    Storage
    U1 UPSTREAM          1.000E+01   2.543 103.543
    D1 DNSTREAM          1.128E+01   3.535 103.535
    U2 UPSTREAM          2.000E+01   2.563 103.563
    D2 DNSTREAM          2.128E+01   3.535 103.535
    U3 UPSTREAM          3.256E+01   3.535 103.535
    D3 DNSTREAM          3.442E+01   2.483 103.483
 Balance 1: S1=1.593E+06 S2=1.654E+06 BNI=1.412E+07 BNQ=1.406E+07 TAQ=0.000E+00 WSI=0.000E+00 WSQ=0.000E+00
 Bal diff=BAL=S2-S1-BNI-TAQ+BNQ-WSI+WSQ= 1.255E+01    Rel bal=BAL/(S2+BNQ)= 7.990E-07

 SIMULATION ending at  1990/ 1/ 1:19.6250000.  Time step=   450.00 sec
 ITER RCORECT  BRA   NODE   MXRES  LOC  SUMSQR NUMGT
    1 3.2E-03    3    310 1.4E-01   43 3.0E-01     0
 CSUR= 0.0E+00 AT ND=   0:     0 RLTQ= 0.0E+00 AT ND=   0:     0 DT/ITER=   244.5

 RESULTS at time          70650. JTIME =     47892.8177083337

 BRANCH NUMBER =     1
  Node  Node Identifier     Stat    Flow    Area   Vel  Depth    Elev     Top  Fr Lat Inf
   100 UPSTREAM           0.0000 1.000+1 7.015+1  0.14   2.54  103.54 3.524+1 0.0 0.000+0
   101                    0.1000 1.011+1 7.366+1  0.14   2.64  103.54 3.583+1 0.0 0.000+0
   102                    0.2000 1.023+1 7.724+1  0.13   2.74  103.54 3.643+1 0.0 0.000+0
   103                    0.3000 1.034+1 8.088+1  0.13   2.84  103.54 3.702+1 0.0 0.000+0
   104                    0.4000 1.046+1 8.458+1  0.12   2.94  103.54 3.762+1 0.0 0.000+0
   105                    0.5000 1.058+1 8.834+1  0.12   3.04  103.54 3.821+1 0.0 0.000+0
   106                    0.6000 1.070+1 9.217+1  0.12   3.13  103.53 3.881+1 0.0 0.000+0
   107                    0.7000 1.083+1 9.606+1  0.11   3.23  103.53 3.941+1 0.0 0.000+0
   108                    0.8000 1.095+1 1.000+2  0.11   3.33  103.53 4.000+1 0.0 0.000+0
   109                    0.9000 1.108+1 1.040+2  0.11   3.43  103.53 4.060+1 0.0 0.000+0
   110 DNSTREAM           1.0000 1.121+1 1.081+2  0.10   3.53  103.53 4.120+1 0.0 0.000+0

 BRANCH NUMBER =     2
  Node  Node Identifier     Stat    Flow    Area   Vel  Depth    Elev     Top  Fr Lat Inf
   200 UPSTREAM           0.0000 2.000+1 7.088+1  0.28   2.56  103.56 3.537+1 0.0 0.000+0
   201                    0.1000 2.011+1 7.428+1  0.27   2.66  103.56 3.594+1 0.0 0.000+0
   202                    0.2000 2.023+1 7.776+1  0.26   2.75  103.55 3.652+1 0.0 0.000+0
   203                    0.3000 2.034+1 8.132+1  0.25   2.85  103.55 3.709+1 0.0 0.000+0
   204                    0.4000 2.046+1 8.494+1  0.24   2.95  103.55 3.768+1 0.0 0.000+0
   205                    0.5000 2.058+1 8.863+1  0.23   3.04  103.54 3.826+1 0.0 0.000+0
   206                    0.6000 2.070+1 9.239+1  0.22   3.14  103.54 3.884+1 0.0 0.000+0
   207                    0.7000 2.083+1 9.621+1  0.22   3.24  103.54 3.943+1 0.0 0.000+0
   208                    0.8000 2.095+1 1.001+2  0.21   3.34  103.54 4.002+1 0.0 0.000+0
   209                    0.9000 2.108+1 1.041+2  0.20   3.43  103.53 4.061+1 0.0 0.000+0
   210 DNSTREAM           1.0000 2.121+1 1.081+2  0.20   3.53  103.53 4.120+1 0.0 0.000+0

 BRANCH NUMBER =     3
  Node  Node Identifier     Stat    Flow    Area   Vel  Depth    Elev     Top  Fr Lat Inf
   300 UPSTREAM           0.0000 3.242+1 2.162+2  0.15   3.53  103.53 8.239+1 0.0 0.000+0
   301                    0.1000 3.267+1 1.975+2  0.17   3.43  103.53 7.712+1 0.0 0.000+0
   302                    0.2000 3.291+1 1.798+2  0.18   3.33  103.53 7.196+1 0.0 0.000+0
   303                    0.3000 3.312+1 1.629+2  0.20   3.23  103.53 6.693+1 0.0 0.000+0
   304                    0.4000 3.332+1 1.469+2  0.23   3.13  103.53 6.201+1 0.0 0.000+0
   305                    0.5000 3.351+1 1.318+2  0.25   3.02  103.52 5.721+1 0.0 0.000+0
   306                    0.6000 3.367+1 1.175+2  0.29   2.92  103.52 5.252+1 0.0 0.000+0
   307                    0.7000 3.383+1 1.040+2  0.33   2.81  103.51 4.794+1 0.0 0.000+0
   308                    0.8000 3.396+1 9.129+1  0.37   2.71  103.51 4.348+1 0.0 0.000+0
   309                    0.9000 3.408+1 7.933+1  0.43   2.60  103.50 3.913+1 0.0 0.000+0
   310 DNSTREAM           1.0000 3.418+1 6.809+1  0.50   2.48  103.48 3.489+1 0.0 0.000+0

 EXTERIOR NODES
  Node  Node Identifier        QE1     YE1    Elev    Storage    Storage
    U1 UPSTREAM          1.000E+01   2.540 103.540
    D1 DNSTREAM          1.121E+01   3.532 103.532
    U2 UPSTREAM          2.000E+01   2.561 103.561
    D2 DNSTREAM          2.121E+01   3.532 103.532
    U3 UPSTREAM          3.242E+01   3.532 103.532
    D3 DNSTREAM          3.418E+01   2.481 103.481
 Balance 1: S1=1.593E+06 S2=1.652E+06 BNI=1.413E+07 BNQ=1.408E+07 TAQ=0.000E+00 WSI=0.000E+00 WSQ=0.000E+00
 Bal diff=BAL=S2-S1-BNI-TAQ+BNQ-WSI+WSQ= 1.264E+01    Rel bal=BAL/(S2+BNQ)= 8.040E-07

 SIMULATION ending at  1990/ 1/ 1:19.7500000.  Time step=   450.00 sec
 ITER RCORECT  BRA   NODE   MXRES  LOC  SUMSQR NUMGT
    1 3.1E-03    3    310 1.3E-01   43 2.7E-01     0
 CSUR= 0.0E+00 AT ND=   0:     0 RLTQ= 0.0E+00 AT ND=   0:     0 DT/ITER=   245.2

 RESULTS at time          71100. JTIME =     47892.8229166671

 BRANCH NUMBER =     1
  Node  Node Identifier     Stat    Flow    Area   Vel  Depth    Elev     Top  Fr Lat Inf
   100 UPSTREAM           0.0000 1.000+1 7.006+1  0.14   2.54  103.54 3.523+1 0.0 0.000+0
   101                    0.1000 1.011+1 7.357+1  0.14   2.64  103.54 3.582+1 0.0 0.000+0
   102                    0.2000 1.021+1 7.714+1  0.13   2.74  103.54 3.641+1 0.0 0.000+0
   103                    0.3000 1.032+1 8.078+1  0.13   2.83  103.53 3.701+1 0.0 0.000+0
   104                    0.4000 1.044+1 8.448+1  0.12   2.93  103.53 3.760+1 0.0 0.000+0
   105                    0.5000 1.055+1 8.824+1  0.12   3.03  103.53 3.820+1 0.0 0.000+0
   106                    0.6000 1.067+1 9.207+1  0.12   3.13  103.53 3.879+1 0.0 0.000+0
   107                    0.7000 1.078+1 9.595+1  0.11   3.23  103.53 3.939+1 0.0 0.000+0
   108                    0.8000 1.090+1 9.990+1  0.11   3.33  103.53 3.999+1 0.0 0.000+0
   109                    0.9000 1.102+1 1.039+2  0.11   3.43  103.53 4.058+1 0.0 0.000+0
   110 DNSTREAM           1.0000 1.114+1 1.080+2  0.10   3.53  103.53 4.118+1 0.0 0.000+0

 BRANCH NUMBER =     2
  Node  Node Identifier     Stat    Flow    Area   Vel  Depth    Elev     Top  Fr Lat Inf
   200 UPSTREAM           0.0000 2.000+1 7.079+1  0.28   2.56  103.56 3.535+1 0.0 0.000+0
   201                    0.1000 2.011+1 7.419+1  0.27   2.65  103.55 3.592+1 0.0 0.000+0
   202                    0.2000 2.021+1 7.767+1  0.26   2.75  103.55 3.650+1 0.0 0.000+0
   203                    0.3000 2.032+1 8.122+1  0.25   2.85  103.55 3.708+1 0.0 0.000+0
   204                    0.4000 2.044+1 8.484+1  0.24   2.94  103.54 3.766+1 0.0 0.000+0
   205                    0.5000 2.055+1 8.853+1  0.23   3.04  103.54 3.824+1 0.0 0.000+0
   206                    0.6000 2.067+1 9.229+1  0.22   3.14  103.54 3.883+1 0.0 0.000+0
   207                    0.7000 2.078+1 9.611+1  0.22   3.24  103.54 3.941+1 0.0 0.000+0
   208                    0.8000 2.090+1 1.000+2  0.21   3.33  103.53 4.000+1 0.0 0.000+0
   209                    0.9000 2.102+1 1.040+2  0.20   3.43  103.53 4.059+1 0.0 0.000+0
   210 DNSTREAM           1.0000 2.114+1 1.080+2  0.20   3.53  103.53 4.118+1 0.0 0.000+0

 BRANCH NUMBER =     3
  Node  Node Identifier     Stat    Flow    Area   Vel  Depth    Elev     Top  Fr Lat Inf
   300 UPSTREAM           0.0000 3.229+1 2.160+2  0.15   3.53  103.53 8.236+1 0.0 0.000+0
   301                    0.1000 3.252+1 1.973+2  0.16   3.43  103.53 7.709+1 0.0 0.000+0
   302                    0.2000 3.275+1 1.796+2  0.18   3.33  103.53 7.194+1 0.0 0.000+0
   303                    0.3000 3.295+1 1.627+2  0.20   3.23  103.53 6.690+1 0.0 0.000+0
   304                    0.4000 3.314+1 1.468+2  0.23   3.12  103.52 6.198+1 0.0 0.000+0
   305                    0.5000 3.331+1 1.316+2  0.25   3.02  103.52 5.718+1 0.0 0.000+0
   306                    0.6000 3.347+1 1.174+2  0.29   2.92  103.52 5.250+1 0.0 0.000+0
   307                    0.7000 3.362+1 1.039+2  0.32   2.81  103.51 4.792+1 0.0 0.000+0
   308                    0.8000 3.374+1 9.118+1  0.37   2.70  103.50 4.347+1 0.0 0.000+0
   309                    0.9000 3.385+1 7.924+1  0.43   2.59  103.49 3.912+1 0.0 0.000+0
   310 DNSTREAM           1.0000 3.395+1 6.801+1  0.50   2.48  103.48 3.488+1 0.0 0.000+0

 EXTERIOR NODES
  Node  Node Identifier        QE1     YE1    Elev    Storage    Storage
    U1 UPSTREAM          1.000E+01   2.537 103.537
    D1 DNSTREAM          1.114E+01   3.530 103.530
    U2 UPSTREAM          2.000E+01   2.558 103.558
    D2 DNSTREAM          2.114E+01   3.530 103.530
    U3 UPSTREAM          3.229E+01   3.530 103.530
    D3 DNSTREAM          3.395E+01   2.479 103.479
 Balance 1: S1=1.593E+06 S2=1.650E+06 BNI=1.415E+07 BNQ=1.409E+07 TAQ=0.000E+00 WSI=0.000E+00 WSQ=0.000E+00
 Bal diff=BAL=S2-S1-BNI-TAQ+BNQ-WSI+WSQ= 1.272E+01    Rel bal=BAL/(S2+BNQ)= 8.081E-07

 SIMULATION ending at  1990/ 1/ 1:19.8750000.  Time step=   450.00 sec
 ITER RCORECT  BRA   NODE   MXRES  LOC  SUMSQR NUMGT
    1 2.9E-03    3    310 1.2E-01   43 2.4E-01     0
 CSUR= 0.0E+00 AT ND=   0:     0 RLTQ= 0.0E+00 AT ND=   0:     0 DT/ITER=   245.9

 RESULTS at time          71550. JTIME =     47892.8281250004

 BRANCH NUMBER =     1
  Node  Node Identifier     Stat    Flow    Area   Vel  Depth    Elev     Top  Fr Lat Inf
   100 UPSTREAM           0.0000 1.000+1 6.997+1  0.14   2.53  103.53 3.521+1 0.0 0.000+0
   101                    0.1000 1.010+1 7.348+1  0.14   2.63  103.53 3.580+1 0.0 0.000+0
   102                    0.2000 1.020+1 7.705+1  0.13   2.73  103.53 3.640+1 0.0 0.000+0
   103                    0.3000 1.031+1 8.069+1  0.13   2.83  103.53 3.699+1 0.0 0.000+0
   104                    0.4000 1.041+1 8.439+1  0.12   2.93  103.53 3.759+1 0.0 0.000+0
   105                    0.5000 1.052+1 8.815+1  0.12   3.03  103.53 3.818+1 0.0 0.000+0
   106                    0.6000 1.063+1 9.197+1  0.12   3.13  103.53 3.878+1 0.0 0.000+0
   107                    0.7000 1.074+1 9.585+1  0.11   3.23  103.53 3.938+1 0.0 0.000+0
   108                    0.8000 1.085+1 9.980+1  0.11   3.33  103.53 3.997+1 0.0 0.000+0
   109                    0.9000 1.097+1 1.038+2  0.11   3.43  103.53 4.057+1 0.0 0.000+0
   110 DNSTREAM           1.0000 1.108+1 1.079+2  0.10   3.53  103.53 4.117+1 0.0 0.000+0

 BRANCH NUMBER =     2
  Node  Node Identifier     Stat    Flow    Area   Vel  Depth    Elev     Top  Fr Lat Inf
   200 UPSTREAM           0.0000 2.000+1 7.070+1  0.28   2.56  103.56 3.534+1 0.0 0.000+0
   201                    0.1000 2.010+1 7.410+1  0.27   2.65  103.55 3.591+1 0.0 0.000+0
   202                    0.2000 2.020+1 7.758+1  0.26   2.75  103.55 3.649+1 0.0 0.000+0
   203                    0.3000 2.031+1 8.113+1  0.25   2.84  103.54 3.706+1 0.0 0.000+0
   204                    0.4000 2.041+1 8.475+1  0.24   2.94  103.54 3.765+1 0.0 0.000+0
   205                    0.5000 2.052+1 8.843+1  0.23   3.04  103.54 3.823+1 0.0 0.000+0
   206                    0.6000 2.063+1 9.219+1  0.22   3.14  103.54 3.881+1 0.0 0.000+0
   207                    0.7000 2.074+1 9.601+1  0.22   3.23  103.53 3.940+1 0.0 0.000+0
   208                    0.8000 2.085+1 9.990+1  0.21   3.33  103.53 3.999+1 0.0 0.000+0
   209                    0.9000 2.097+1 1.039+2  0.20   3.43  103.53 4.058+1 0.0 0.000+0
   210 DNSTREAM           1.0000 2.108+1 1.079+2  0.20   3.53  103.53 4.117+1 0.0 0.000+0

 BRANCH NUMBER =     3
  Node  Node Identifier     Stat    Flow    Area   Vel  Depth    Elev     Top  Fr Lat Inf
   300 UPSTREAM           0.0000 3.216+1 2.158+2  0.15   3.53  103.53 8.233+1 0.0 0.000+0
   301                    0.1000 3.239+1 1.971+2  0.16   3.43  103.53 7.706+1 0.0 0.000+0
   302                    0.2000 3.260+1 1.794+2  0.18   3.32  103.52 7.191+1 0.0 0.000+0
   303                    0.3000 3.279+1 1.626+2  0.20   3.22  103.52 6.688+1 0.0 0.000+0
   304                    0.4000 3.297+1 1.466+2  0.22   3.12  103.52 6.196+1 0.0 0.000+0
   305                    0.5000 3.313+1 1.315+2  0.25   3.02  103.52 5.716+1 0.0 0.000+0
   306                    0.6000 3.328+1 1.172+2  0.28   2.91  103.51 5.248+1 0.0 0.000+0
   307                    0.7000 3.342+1 1.038+2  0.32   2.81  103.51 4.791+1 0.0 0.000+0
   308                    0.8000 3.354+1 9.108+1  0.37   2.70  103.50 4.345+1 0.0 0.000+0
   309                    0.9000 3.364+1 7.915+1  0.43   2.59  103.49 3.910+1 0.0 0.000+0
   310 DNSTREAM           1.0000 3.373+1 6.794+1  0.50   2.48  103.48 3.486+1 0.0 0.000+0

 EXTERIOR NODES
  Node  Node Identifier        QE1     YE1    Elev    Storage    Storage
    U1 UPSTREAM          1.000E+01   2.535 103.535
    D1 DNSTREAM          1.108E+01   3.527 103.527
    U2 UPSTREAM          2.000E+01   2.555 103.555
    D2 DNSTREAM          2.108E+01   3.527 103.527
    U3 UPSTREAM          3.216E+01   3.527 103.527
    D3 DNSTREAM          3.373E+01   2.477 103.477
 Balance 1: S1=1.593E+06 S2=1.648E+06 BNI=1.416E+07 BNQ=1.411E+07 TAQ=0.000E+00 WSI=0.000E+00 WSQ=0.000E+00
 Bal diff=BAL=S2-S1-BNI-TAQ+BNQ-WSI+WSQ= 1.281E+01    Rel bal=BAL/(S2+BNQ)= 8.130E-07

 SIMULATION ending at  1990/ 1/ 1:20.0000000.  Time step=   450.00 sec
 ITER RCORECT  BRA   NODE   MXRES  LOC  SUMSQR NUMGT
    1 2.8E-03    3    310 1.2E-01   43 2.1E-01     0
 CSUR= 0.0E+00 AT ND=   0:     0 RLTQ= 0.0E+00 AT ND=   0:     0 DT/ITER=   246.6

 RESULTS at time          72000. JTIME =     47892.8333333337

 BRANCH NUMBER =     1
  Node  Node Identifier     Stat    Flow    Area   Vel  Depth    Elev     Top  Fr Lat Inf
   100 UPSTREAM           0.0000 1.000+1 6.989+1  0.14   2.53  103.53 3.520+1 0.0 0.000+0
   101                    0.1000 1.010+1 7.340+1  0.14   2.63  103.53 3.579+1 0.0 0.000+0
   102                    0.2000 1.019+1 7.697+1  0.13   2.73  103.53 3.638+1 0.0 0.000+0
   103                    0.3000 1.029+1 8.060+1  0.13   2.83  103.53 3.698+1 0.0 0.000+0
   104                    0.4000 1.039+1 8.430+1  0.12   2.93  103.53 3.757+1 0.0 0.000+0
   105                    0.5000 1.049+1 8.806+1  0.12   3.03  103.53 3.817+1 0.0 0.000+0
   106                    0.6000 1.059+1 9.188+1  0.12   3.13  103.53 3.876+1 0.0 0.000+0
   107                    0.7000 1.070+1 9.576+1  0.11   3.23  103.53 3.936+1 0.0 0.000+0
   108                    0.8000 1.081+1 9.971+1  0.11   3.33  103.53 3.996+1 0.0 0.000+0
   109                    0.9000 1.091+1 1.037+2  0.11   3.43  103.53 4.055+1 0.0 0.000+0
   110 DNSTREAM           1.0000 1.102+1 1.078+2  0.10   3.53  103.53 4.115+1 0.0 0.000+0

 BRANCH NUMBER =     2
  Node  Node Identifier     Stat    Flow    Area   Vel  Depth    Elev     Top  Fr Lat Inf
   200 UPSTREAM           0.0000 2.000+1 7.062+1  0.28   2.55  103.55 3.532+1 0.0 0.000+0
   201                    0.1000 2.009+1 7.402+1  0.27   2.65  103.55 3.589+1 0.0 0.000+0
   202                    0.2000 2.019+1 7.749+1  0.26   2.74  103.54 3.647+1 0.0 0.000+0
   203                    0.3000 2.029+1 8.104+1  0.25   2.84  103.54 3.705+1 0.0 0.000+0
   204                    0.4000 2.039+1 8.466+1  0.24   2.94  103.54 3.763+1 0.0 0.000+0
   205                    0.5000 2.049+1 8.834+1  0.23   3.04  103.54 3.821+1 0.0 0.000+0
   206                    0.6000 2.059+1 9.210+1  0.22   3.13  103.53 3.880+1 0.0 0.000+0
   207                    0.7000 2.070+1 9.592+1  0.22   3.23  103.53 3.939+1 0.0 0.000+0
   208                    0.8000 2.081+1 9.981+1  0.21   3.33  103.53 3.997+1 0.0 0.000+0
   209                    0.9000 2.091+1 1.038+2  0.20   3.43  103.53 4.056+1 0.0 0.000+0
   210 DNSTREAM           1.0000 2.102+1 1.078+2  0.20   3.53  103.53 4.115+1 0.0 0.000+0

 BRANCH NUMBER =     3
  Node  Node Identifier     Stat    Flow    Area   Vel  Depth    Elev     Top  Fr Lat Inf
   300 UPSTREAM           0.0000 3.204+1 2.156+2  0.15   3.53  103.53 8.230+1 0.0 0.000+0
   301                    0.1000 3.226+1 1.969+2  0.16   3.42  103.52 7.703+1 0.0 0.000+0
   302                    0.2000 3.245+1 1.792+2  0.18   3.32  103.52 7.188+1 0.0 0.000+0
   303                    0.3000 3.264+1 1.624+2  0.20   3.22  103.52 6.685+1 0.0 0.000+0
   304                    0.4000 3.281+1 1.465+2  0.22   3.12  103.52 6.194+1 0.0 0.000+0
   305                    0.5000 3.296+1 1.314+2  0.25   3.02  103.52 5.714+1 0.0 0.000+0
   306                    0.6000 3.310+1 1.171+2  0.28   2.91  103.51 5.246+1 0.0 0.000+0
   307                    0.7000 3.323+1 1.037+2  0.32   2.81  103.51 4.789+1 0.0 0.000+0
   308                    0.8000 3.334+1 9.099+1  0.37   2.70  103.50 4.343+1 0.0 0.000+0
   309                    0.9000 3.344+1 7.907+1  0.42   2.59  103.49 3.909+1 0.0 0.000+0
   310 DNSTREAM           1.0000 3.353+1 6.788+1  0.49   2.48  103.48 3.485+1 0.0 0.000+0

 EXTERIOR NODES
  Node  Node Identifier        QE1     YE1    Elev    Storage    Storage
    U1 UPSTREAM          1.000E+01   2.532 103.532
    D1 DNSTREAM          1.102E+01   3.525 103.525
    U2 UPSTREAM          2.000E+01   2.553 103.553
    D2 DNSTREAM          2.102E+01   3.525 103.525
    U3 UPSTREAM          3.204E+01   3.525 103.525
    D3 DNSTREAM          3.353E+01   2.475 103.475
 Balance 1: S1=1.593E+06 S2=1.647E+06 BNI=1.418E+07 BNQ=1.412E+07 TAQ=0.000E+00 WSI=0.000E+00 WSQ=0.000E+00
 Bal diff=BAL=S2-S1-BNI-TAQ+BNQ-WSI+WSQ= 1.287E+01    Rel bal=BAL/(S2+BNQ)= 8.161E-07

 SIMULATION ending at  1990/ 1/ 1:20.1250000.  Time step=   450.00 sec
 ITER RCORECT  BRA   NODE   MXRES  LOC  SUMSQR NUMGT
    1 2.6E-03    3    310 1.1E-01   43 1.9E-01     0
 CSUR= 0.0E+00 AT ND=   0:     0 RLTQ= 0.0E+00 AT ND=   0:     0 DT/ITER=   247.3

 RESULTS at time          72450. JTIME =     47892.8385416671

 BRANCH NUMBER =     1
  Node  Node Identifier     Stat    Flow    Area   Vel  Depth    Elev     Top  Fr Lat Inf
   100 UPSTREAM           0.0000 1.000+1 6.981+1  0.14   2.53  103.53 3.518+1 0.0 0.000+0
   101                    0.1000 1.009+1 7.332+1  0.14   2.63  103.53 3.578+1 0.0 0.000+0
   102                    0.2000 1.018+1 7.689+1  0.13   2.73  103.53 3.637+1 0.0 0.000+0
   103                    0.3000 1.027+1 8.052+1  0.13   2.83  103.53 3.697+1 0.0 0.000+0
   104                    0.4000 1.037+1 8.422+1  0.12   2.93  103.53 3.756+1 0.0 0.000+0
   105                    0.5000 1.046+1 8.797+1  0.12   3.03  103.53 3.816+1 0.0 0.000+0
   106                    0.6000 1.056+1 9.179+1  0.12   3.12  103.52 3.875+1 0.0 0.000+0
   107                    0.7000 1.066+1 9.568+1  0.11   3.22  103.52 3.935+1 0.0 0.000+0
   108                    0.8000 1.076+1 9.962+1  0.11   3.32  103.52 3.994+1 0.0 0.000+0
   109                    0.9000 1.086+1 1.036+2  0.10   3.42  103.52 4.054+1 0.0 0.000+0
   110 DNSTREAM           1.0000 1.096+1 1.077+2  0.10   3.52  103.52 4.114+1 0.0 0.000+0

 BRANCH NUMBER =     2
  Node  Node Identifier     Stat    Flow    Area   Vel  Depth    Elev     Top  Fr Lat Inf
   200 UPSTREAM           0.0000 2.000+1 7.054+1  0.28   2.55  103.55 3.531+1 0.0 0.000+0
   201                    0.1000 2.009+1 7.394+1  0.27   2.65  103.55 3.588+1 0.0 0.000+0
   202                    0.2000 2.018+1 7.741+1  0.26   2.74  103.54 3.646+1 0.0 0.000+0
   203                    0.3000 2.027+1 8.096+1  0.25   2.84  103.54 3.704+1 0.0 0.000+0
   204                    0.4000 2.037+1 8.457+1  0.24   2.94  103.54 3.762+1 0.0 0.000+0
   205                    0.5000 2.046+1 8.826+1  0.23   3.03  103.53 3.820+1 0.0 0.000+0
   206                    0.6000 2.056+1 9.201+1  0.22   3.13  103.53 3.879+1 0.0 0.000+0
   207                    0.7000 2.066+1 9.583+1  0.22   3.23  103.53 3.937+1 0.0 0.000+0
   208                    0.8000 2.076+1 9.972+1  0.21   3.33  103.53 3.996+1 0.0 0.000+0
   209                    0.9000 2.086+1 1.037+2  0.20   3.42  103.52 4.055+1 0.0 0.000+0
   210 DNSTREAM           1.0000 2.096+1 1.077+2  0.19   3.52  103.52 4.114+1 0.0 0.000+0

 BRANCH NUMBER =     3
  Node  Node Identifier     Stat    Flow    Area   Vel  Depth    Elev     Top  Fr Lat Inf
   300 UPSTREAM           0.0000 3.193+1 2.154+2  0.15   3.52  103.52 8.227+1 0.0 0.000+0
   301                    0.1000 3.213+1 1.968+2  0.16   3.42  103.52 7.701+1 0.0 0.000+0
   302                    0.2000 3.232+1 1.791+2  0.18   3.32  103.52 7.186+1 0.0 0.000+0
   303                    0.3000 3.249+1 1.623+2  0.20   3.22  103.52 6.683+1 0.0 0.000+0
   304                    0.4000 3.265+1 1.463+2  0.22   3.12  103.52 6.192+1 0.0 0.000+0
   305                    0.5000 3.280+1 1.313+2  0.25   3.01  103.51 5.712+1 0.0 0.000+0
   306                    0.6000 3.293+1 1.170+2  0.28   2.91  103.51 5.244+1 0.0 0.000+0
   307                    0.7000 3.305+1 1.036+2  0.32   2.80  103.50 4.787+1 0.0 0.000+0
   308                    0.8000 3.316+1 9.090+1  0.36   2.70  103.50 4.342+1 0.0 0.000+0
   309                    0.9000 3.325+1 7.899+1  0.42   2.59  103.49 3.908+1 0.0 0.000+0
   310 DNSTREAM           1.0000 3.333+1 6.781+1  0.49   2.47  103.47 3.484+1 0.0 0.000+0

 EXTERIOR NODES
  Node  Node Identifier        QE1     YE1    Elev    Storage    Storage
    U1 UPSTREAM          1.000E+01   2.530 103.530
    D1 DNSTREAM          1.096E+01   3.523 103.523
    U2 UPSTREAM          2.000E+01   2.551 103.551
    D2 DNSTREAM          2.096E+01   3.523 103.523
    U3 UPSTREAM          3.193E+01   3.523 103.523
    D3 DNSTREAM          3.333E+01   2.473 103.473
 Balance 1: S1=1.593E+06 S2=1.645E+06 BNI=1.419E+07 BNQ=1.414E+07 TAQ=0.000E+00 WSI=0.000E+00 WSQ=0.000E+00
 Bal diff=BAL=S2-S1-BNI-TAQ+BNQ-WSI+WSQ= 1.293E+01    Rel bal=BAL/(S2+BNQ)= 8.194E-07

 SIMULATION ending at  1990/ 1/ 1:20.2500000.  Time step=   450.00 sec
 ITER RCORECT  BRA   NODE   MXRES  LOC  SUMSQR NUMGT
    1 2.5E-03    3    310 1.0E-01   43 1.7E-01     0
 CSUR= 0.0E+00 AT ND=   0:     0 RLTQ= 0.0E+00 AT ND=   0:     0 DT/ITER=   248.0

 RESULTS at time          72900. JTIME =     47892.8437500004

 BRANCH NUMBER =     1
  Node  Node Identifier     Stat    Flow    Area   Vel  Depth    Elev     Top  Fr Lat Inf
   100 UPSTREAM           0.0000 1.000+1 6.974+1  0.14   2.53  103.53 3.517+1 0.0 0.000+0
   101                    0.1000 1.008+1 7.324+1  0.14   2.63  103.53 3.576+1 0.0 0.000+0
   102                    0.2000 1.017+1 7.681+1  0.13   2.73  103.53 3.636+1 0.0 0.000+0
   103                    0.3000 1.026+1 8.044+1  0.13   2.83  103.53 3.695+1 0.0 0.000+0
   104                    0.4000 1.035+1 8.414+1  0.12   2.92  103.52 3.755+1 0.0 0.000+0
   105                    0.5000 1.044+1 8.789+1  0.12   3.02  103.52 3.814+1 0.0 0.000+0
   106                    0.6000 1.053+1 9.171+1  0.11   3.12  103.52 3.874+1 0.0 0.000+0
   107                    0.7000 1.062+1 9.559+1  0.11   3.22  103.52 3.934+1 0.0 0.000+0
   108                    0.8000 1.072+1 9.954+1  0.11   3.32  103.52 3.993+1 0.0 0.000+0
   109                    0.9000 1.081+1 1.035+2  0.10   3.42  103.52 4.053+1 0.0 0.000+0
   110 DNSTREAM           1.0000 1.091+1 1.076+2  0.10   3.52  103.52 4.113+1 0.0 0.000+0

 BRANCH NUMBER =     2
  Node  Node Identifier     Stat    Flow    Area   Vel  Depth    Elev     Top  Fr Lat Inf
   200 UPSTREAM           0.0000 2.000+1 7.047+1  0.28   2.55  103.55 3.530+1 0.0 0.000+0
   201                    0.1000 2.008+1 7.387+1  0.27   2.64  103.54 3.587+1 0.0 0.000+0
   202                    0.2000 2.017+1 7.734+1  0.26   2.74  103.54 3.645+1 0.0 0.000+0
   203                    0.3000 2.026+1 8.088+1  0.25   2.84  103.54 3.702+1 0.0 0.000+0
   204                    0.4000 2.035+1 8.450+1  0.24   2.93  103.53 3.761+1 0.0 0.000+0
   205                    0.5000 2.044+1 8.818+1  0.23   3.03  103.53 3.819+1 0.0 0.000+0
   206                    0.6000 2.053+1 9.193+1  0.22   3.13  103.53 3.877+1 0.0 0.000+0
   207                    0.7000 2.062+1 9.575+1  0.22   3.23  103.53 3.936+1 0.0 0.000+0
   208                    0.8000 2.072+1 9.964+1  0.21   3.32  103.52 3.995+1 0.0 0.000+0
   209                    0.9000 2.082+1 1.036+2  0.20   3.42  103.52 4.054+1 0.0 0.000+0
   210 DNSTREAM           1.0000 2.091+1 1.076+2  0.19   3.52  103.52 4.113+1 0.0 0.000+0

 BRANCH NUMBER =     3
  Node  Node Identifier     Stat    Flow    Area   Vel  Depth    Elev     Top  Fr Lat Inf
   300 UPSTREAM           0.0000 3.183+1 2.152+2  0.15   3.52  103.52 8.225+1 0.0 0.000+0
   301                    0.1000 3.201+1 1.966+2  0.16   3.42  103.52 7.699+1 0.0 0.000+0
   302                    0.2000 3.219+1 1.789+2  0.18   3.32  103.52 7.184+1 0.0 0.000+0
   303                    0.3000 3.236+1 1.621+2  0.20   3.22  103.52 6.681+1 0.0 0.000+0
   304                    0.4000 3.251+1 1.462+2  0.22   3.11  103.51 6.190+1 0.0 0.000+0
   305                    0.5000 3.265+1 1.311+2  0.25   3.01  103.51 5.710+1 0.0 0.000+0
   306                    0.6000 3.277+1 1.169+2  0.28   2.91  103.51 5.242+1 0.0 0.000+0
   307                    0.7000 3.289+1 1.035+2  0.32   2.80  103.50 4.786+1 0.0 0.000+0
   308                    0.8000 3.299+1 9.082+1  0.36   2.69  103.49 4.341+1 0.0 0.000+0
   309                    0.9000 3.308+1 7.892+1  0.42   2.59  103.49 3.906+1 0.0 0.000+0
   310 DNSTREAM           1.0000 3.315+1 6.775+1  0.49   2.47  103.47 3.483+1 0.0 0.000+0

 EXTERIOR NODES
  Node  Node Identifier        QE1     YE1    Elev    Storage    Storage
    U1 UPSTREAM          1.000E+01   2.528 103.528
    D1 DNSTREAM          1.091E+01   3.521 103.521
    U2 UPSTREAM          2.000E+01   2.549 103.549
    D2 DNSTREAM          2.091E+01   3.521 103.521
    U3 UPSTREAM          3.183E+01   3.521 103.521
    D3 DNSTREAM          3.315E+01   2.471 103.471
 Balance 1: S1=1.593E+06 S2=1.644E+06 BNI=1.420E+07 BNQ=1.415E+07 TAQ=0.000E+00 WSI=0.000E+00 WSQ=0.000E+00
 Bal diff=BAL=S2-S1-BNI-TAQ+BNQ-WSI+WSQ= 1.297E+01    Rel bal=BAL/(S2+BNQ)= 8.213E-07

 SIMULATION ending at  1990/ 1/ 1:20.3750000.  Time step=   450.00 sec
 ITER RCORECT  BRA   NODE   MXRES  LOC  SUMSQR NUMGT
    1 2.4E-03    3    310 9.7E-02   43 1.5E-01     0
 CSUR= 0.0E+00 AT ND=   0:     0 RLTQ= 0.0E+00 AT ND=   0:     0 DT/ITER=   248.6

 RESULTS at time          73350. JTIME =     47892.8489583337

 BRANCH NUMBER =     1
  Node  Node Identifier     Stat    Flow    Area   Vel  Depth    Elev     Top  Fr Lat Inf
   100 UPSTREAM           0.0000 1.000+1 6.967+1  0.14   2.53  103.53 3.516+1 0.0 0.000+0
   101                    0.1000 1.008+1 7.317+1  0.14   2.63  103.53 3.575+1 0.0 0.000+0
   102                    0.2000 1.016+1 7.674+1  0.13   2.72  103.52 3.635+1 0.0 0.000+0
   103                    0.3000 1.025+1 8.037+1  0.13   2.82  103.52 3.694+1 0.0 0.000+0
   104                    0.4000 1.033+1 8.406+1  0.12   2.92  103.52 3.754+1 0.0 0.000+0
   105                    0.5000 1.042+1 8.782+1  0.12   3.02  103.52 3.813+1 0.0 0.000+0
   106                    0.6000 1.050+1 9.164+1  0.11   3.12  103.52 3.873+1 0.0 0.000+0
   107                    0.7000 1.059+1 9.552+1  0.11   3.22  103.52 3.932+1 0.0 0.000+0
   108                    0.8000 1.068+1 9.946+1  0.11   3.32  103.52 3.992+1 0.0 0.000+0
   109                    0.9000 1.077+1 1.035+2  0.10   3.42  103.52 4.052+1 0.0 0.000+0
   110 DNSTREAM           1.0000 1.086+1 1.075+2  0.10   3.52  103.52 4.111+1 0.0 0.000+0

 BRANCH NUMBER =     2
  Node  Node Identifier     Stat    Flow    Area   Vel  Depth    Elev     Top  Fr Lat Inf
   200 UPSTREAM           0.0000 2.000+1 7.040+1  0.28   2.55  103.55 3.528+1 0.0 0.000+0
   201                    0.1000 2.008+1 7.379+1  0.27   2.64  103.54 3.586+1 0.0 0.000+0
   202                    0.2000 2.016+1 7.727+1  0.26   2.74  103.54 3.643+1 0.0 0.000+0
   203                    0.3000 2.024+1 8.081+1  0.25   2.83  103.53 3.701+1 0.0 0.000+0
   204                    0.4000 2.033+1 8.442+1  0.24   2.93  103.53 3.759+1 0.0 0.000+0
   205                    0.5000 2.041+1 8.810+1  0.23   3.03  103.53 3.818+1 0.0 0.000+0
   206                    0.6000 2.050+1 9.186+1  0.22   3.13  103.53 3.876+1 0.0 0.000+0
   207                    0.7000 2.059+1 9.567+1  0.22   3.22  103.52 3.935+1 0.0 0.000+0
   208                    0.8000 2.068+1 9.956+1  0.21   3.32  103.52 3.994+1 0.0 0.000+0
   209                    0.9000 2.077+1 1.035+2  0.20   3.42  103.52 4.052+1 0.0 0.000+0
   210 DNSTREAM           1.0000 2.086+1 1.075+2  0.19   3.52  103.52 4.111+1 0.0 0.000+0

 BRANCH NUMBER =     3
  Node  Node Identifier     Stat    Flow    Area   Vel  Depth    Elev     Top  Fr Lat Inf
   300 UPSTREAM           0.0000 3.173+1 2.150+2  0.15   3.52  103.52 8.223+1 0.0 0.000+0
   301                    0.1000 3.191+1 1.965+2  0.16   3.42  103.52 7.696+1 0.0 0.000+0
   302                    0.2000 3.207+1 1.788+2  0.18   3.32  103.52 7.182+1 0.0 0.000+0
   303                    0.3000 3.223+1 1.620+2  0.20   3.21  103.51 6.679+1 0.0 0.000+0
   304                    0.4000 3.237+1 1.461+2  0.22   3.11  103.51 6.188+1 0.0 0.000+0
   305                    0.5000 3.250+1 1.310+2  0.25   3.01  103.51 5.709+1 0.0 0.000+0
   306                    0.6000 3.262+1 1.168+2  0.28   2.91  103.51 5.241+1 0.0 0.000+0
   307                    0.7000 3.273+1 1.034+2  0.32   2.80  103.50 4.784+1 0.0 0.000+0
   308                    0.8000 3.282+1 9.074+1  0.36   2.69  103.49 4.339+1 0.0 0.000+0
   309                    0.9000 3.291+1 7.885+1  0.42   2.58  103.48 3.905+1 0.0 0.000+0
   310 DNSTREAM           1.0000 3.298+1 6.770+1  0.49   2.47  103.47 3.482+1 0.0 0.000+0

 EXTERIOR NODES
  Node  Node Identifier        QE1     YE1    Elev    Storage    Storage
    U1 UPSTREAM          1.000E+01   2.526 103.526
    D1 DNSTREAM          1.086E+01   3.519 103.519
    U2 UPSTREAM          2.000E+01   2.547 103.547
    D2 DNSTREAM          2.086E+01   3.519 103.519
    U3 UPSTREAM          3.173E+01   3.519 103.519
    D3 DNSTREAM          3.298E+01   2.470 103.470
 Balance 1: S1=1.593E+06 S2=1.642E+06 BNI=1.422E+07 BNQ=1.417E+07 TAQ=0.000E+00 WSI=0.000E+00 WSQ=0.000E+00
 Bal diff=BAL=S2-S1-BNI-TAQ+BNQ-WSI+WSQ= 1.303E+01    Rel bal=BAL/(S2+BNQ)= 8.244E-07

 SIMULATION ending at  1990/ 1/ 1:20.5000000.  Time step=   450.00 sec
 ITER RCORECT  BRA   NODE   MXRES  LOC  SUMSQR NUMGT
    1 2.2E-03    3    310 9.1E-02   43 1.3E-01     0
 CSUR= 0.0E+00 AT ND=   0:     0 RLTQ= 0.0E+00 AT ND=   0:     0 DT/ITER=   249.3

 RESULTS at time          73800. JTIME =     47892.8541666671

 BRANCH NUMBER =     1
  Node  Node Identifier     Stat    Flow    Area   Vel  Depth    Elev     Top  Fr Lat Inf
   100 UPSTREAM           0.0000 1.000+1 6.960+1  0.14   2.52  103.52 3.515+1 0.0 0.000+0
   101                    0.1000 1.008+1 7.310+1  0.14   2.62  103.52 3.574+1 0.0 0.000+0
   102                    0.2000 1.015+1 7.667+1  0.13   2.72  103.52 3.634+1 0.0 0.000+0
   103                    0.3000 1.023+1 8.030+1  0.13   2.82  103.52 3.693+1 0.0 0.000+0
   104                    0.4000 1.031+1 8.399+1  0.12   2.92  103.52 3.752+1 0.0 0.000+0
   105                    0.5000 1.039+1 8.775+1  0.12   3.02  103.52 3.812+1 0.0 0.000+0
   106                    0.6000 1.048+1 9.156+1  0.11   3.12  103.52 3.872+1 0.0 0.000+0
   107                    0.7000 1.056+1 9.544+1  0.11   3.22  103.52 3.931+1 0.0 0.000+0
   108                    0.8000 1.064+1 9.938+1  0.11   3.32  103.52 3.991+1 0.0 0.000+0
   109                    0.9000 1.073+1 1.034+2  0.10   3.42  103.52 4.051+1 0.0 0.000+0
   110 DNSTREAM           1.0000 1.082+1 1.074+2  0.10   3.52  103.52 4.110+1 0.0 0.000+0

 BRANCH NUMBER =     2
  Node  Node Identifier     Stat    Flow    Area   Vel  Depth    Elev     Top  Fr Lat Inf
   200 UPSTREAM           0.0000 2.000+1 7.033+1  0.28   2.55  103.55 3.527+1 0.0 0.000+0
   201                    0.1000 2.008+1 7.373+1  0.27   2.64  103.54 3.585+1 0.0 0.000+0
   202                    0.2000 2.015+1 7.720+1  0.26   2.74  103.54 3.642+1 0.0 0.000+0
   203                    0.3000 2.023+1 8.074+1  0.25   2.83  103.53 3.700+1 0.0 0.000+0
   204                    0.4000 2.031+1 8.435+1  0.24   2.93  103.53 3.758+1 0.0 0.000+0
   205                    0.5000 2.039+1 8.803+1  0.23   3.03  103.53 3.817+1 0.0 0.000+0
   206                    0.6000 2.048+1 9.178+1  0.22   3.12  103.52 3.875+1 0.0 0.000+0
   207                    0.7000 2.056+1 9.560+1  0.22   3.22  103.52 3.934+1 0.0 0.000+0
   208                    0.8000 2.064+1 9.948+1  0.21   3.32  103.52 3.992+1 0.0 0.000+0
   209                    0.9000 2.073+1 1.034+2  0.20   3.42  103.52 4.051+1 0.0 0.000+0
   210 DNSTREAM           1.0000 2.082+1 1.074+2  0.19   3.52  103.52 4.110+1 0.0 0.000+0

 BRANCH NUMBER =     3
  Node  Node Identifier     Stat    Flow    Area   Vel  Depth    Elev     Top  Fr Lat Inf
   300 UPSTREAM           0.0000 3.163+1 2.149+2  0.15   3.52  103.52 8.220+1 0.0 0.000+0
   301                    0.1000 3.180+1 1.963+2  0.16   3.42  103.52 7.694+1 0.0 0.000+0
   302                    0.2000 3.196+1 1.786+2  0.18   3.31  103.51 7.180+1 0.0 0.000+0
   303                    0.3000 3.211+1 1.619+2  0.20   3.21  103.51 6.677+1 0.0 0.000+0
   304                    0.4000 3.224+1 1.460+2  0.22   3.11  103.51 6.186+1 0.0 0.000+0
   305                    0.5000 3.237+1 1.309+2  0.25   3.01  103.51 5.707+1 0.0 0.000+0
   306                    0.6000 3.248+1 1.167+2  0.28   2.90  103.50 5.239+1 0.0 0.000+0
   307                    0.7000 3.258+1 1.033+2  0.32   2.80  103.50 4.783+1 0.0 0.000+0
   308                    0.8000 3.267+1 9.067+1  0.36   2.69  103.49 4.338+1 0.0 0.000+0
   309                    0.9000 3.275+1 7.879+1  0.42   2.58  103.48 3.904+1 0.0 0.000+0
   310 DNSTREAM           1.0000 3.282+1 6.764+1  0.49   2.47  103.47 3.481+1 0.0 0.000+0

 EXTERIOR NODES
  Node  Node Identifier        QE1     YE1    Elev    Storage    Storage
    U1 UPSTREAM          1.000E+01   2.524 103.524
    D1 DNSTREAM          1.082E+01   3.517 103.517
    U2 UPSTREAM          2.000E+01   2.545 103.545
    D2 DNSTREAM          2.082E+01   3.517 103.517
    U3 UPSTREAM          3.163E+01   3.517 103.517
    D3 DNSTREAM          3.282E+01   2.468 103.468
 Balance 1: S1=1.593E+06 S2=1.641E+06 BNI=1.423E+07 BNQ=1.418E+07 TAQ=0.000E+00 WSI=0.000E+00 WSQ=0.000E+00
 Bal diff=BAL=S2-S1-BNI-TAQ+BNQ-WSI+WSQ= 1.308E+01    Rel bal=BAL/(S2+BNQ)= 8.266E-07

 SIMULATION ending at  1990/ 1/ 1:20.6250000.  Time step=   450.00 sec
 ITER RCORECT  BRA   NODE   MXRES  LOC  SUMSQR NUMGT
    1 2.1E-03    3    310 8.6E-02   43 1.2E-01     0
 CSUR= 0.0E+00 AT ND=   0:     0 RLTQ= 0.0E+00 AT ND=   0:     0 DT/ITER=   250.0

 RESULTS at time          74250. JTIME =     47892.8593750004

 BRANCH NUMBER =     1
  Node  Node Identifier     Stat    Flow    Area   Vel  Depth    Elev     Top  Fr Lat Inf
   100 UPSTREAM           0.0000 1.000+1 6.954+1  0.14   2.52  103.52 3.514+1 0.0 0.000+0
   101                    0.1000 1.007+1 7.304+1  0.14   2.62  103.52 3.573+1 0.0 0.000+0
   102                    0.2000 1.014+1 7.661+1  0.13   2.72  103.52 3.632+1 0.0 0.000+0
   103                    0.3000 1.022+1 8.023+1  0.13   2.82  103.52 3.692+1 0.0 0.000+0
   104                    0.4000 1.029+1 8.393+1  0.12   2.92  103.52 3.751+1 0.0 0.000+0
   105                    0.5000 1.037+1 8.768+1  0.12   3.02  103.52 3.811+1 0.0 0.000+0
   106                    0.6000 1.045+1 9.149+1  0.11   3.12  103.52 3.871+1 0.0 0.000+0
   107                    0.7000 1.053+1 9.537+1  0.11   3.22  103.52 3.930+1 0.0 0.000+0
   108                    0.8000 1.061+1 9.931+1  0.11   3.32  103.52 3.990+1 0.0 0.000+0
   109                    0.9000 1.069+1 1.033+2  0.10   3.42  103.52 4.049+1 0.0 0.000+0
   110 DNSTREAM           1.0000 1.077+1 1.074+2  0.10   3.52  103.52 4.109+1 0.0 0.000+0

 BRANCH NUMBER =     2
  Node  Node Identifier     Stat    Flow    Area   Vel  Depth    Elev     Top  Fr Lat Inf
   200 UPSTREAM           0.0000 2.000+1 7.027+1  0.28   2.54  103.54 3.526+1 0.0 0.000+0
   201                    0.1000 2.007+1 7.366+1  0.27   2.64  103.54 3.584+1 0.0 0.000+0
   202                    0.2000 2.014+1 7.713+1  0.26   2.73  103.53 3.641+1 0.0 0.000+0
   203                    0.3000 2.022+1 8.067+1  0.25   2.83  103.53 3.699+1 0.0 0.000+0
   204                    0.4000 2.029+1 8.428+1  0.24   2.93  103.53 3.757+1 0.0 0.000+0
   205                    0.5000 2.037+1 8.797+1  0.23   3.03  103.53 3.815+1 0.0 0.000+0
   206                    0.6000 2.045+1 9.171+1  0.22   3.12  103.52 3.874+1 0.0 0.000+0
   207                    0.7000 2.053+1 9.553+1  0.21   3.22  103.52 3.933+1 0.0 0.000+0
   208                    0.8000 2.061+1 9.941+1  0.21   3.32  103.52 3.991+1 0.0 0.000+0
   209                    0.9000 2.069+1 1.034+2  0.20   3.42  103.52 4.050+1 0.0 0.000+0
   210 DNSTREAM           1.0000 2.077+1 1.074+2  0.19   3.52  103.52 4.109+1 0.0 0.000+0

 BRANCH NUMBER =     3
  Node  Node Identifier     Stat    Flow    Area   Vel  Depth    Elev     Top  Fr Lat Inf
   300 UPSTREAM           0.0000 3.154+1 2.147+2  0.15   3.52  103.52 8.218+1 0.0 0.000+0
   301                    0.1000 3.170+1 1.962+2  0.16   3.41  103.51 7.692+1 0.0 0.000+0
   302                    0.2000 3.185+1 1.785+2  0.18   3.31  103.51 7.178+1 0.0 0.000+0
   303                    0.3000 3.199+1 1.618+2  0.20   3.21  103.51 6.675+1 0.0 0.000+0
   304                    0.4000 3.212+1 1.459+2  0.22   3.11  103.51 6.185+1 0.0 0.000+0
   305                    0.5000 3.224+1 1.308+2  0.25   3.01  103.51 5.705+1 0.0 0.000+0
   306                    0.6000 3.234+1 1.166+2  0.28   2.90  103.50 5.238+1 0.0 0.000+0
   307                    0.7000 3.244+1 1.032+2  0.31   2.80  103.50 4.782+1 0.0 0.000+0
   308                    0.8000 3.253+1 9.060+1  0.36   2.69  103.49 4.337+1 0.0 0.000+0
   309                    0.9000 3.260+1 7.873+1  0.41   2.58  103.48 3.903+1 0.0 0.000+0
   310 DNSTREAM           1.0000 3.266+1 6.759+1  0.48   2.47  103.47 3.480+1 0.0 0.000+0

 EXTERIOR NODES
  Node  Node Identifier        QE1     YE1    Elev    Storage    Storage
    U1 UPSTREAM          1.000E+01   2.523 103.523
    D1 DNSTREAM          1.077E+01   3.515 103.515
    U2 UPSTREAM          2.000E+01   2.543 103.543
    D2 DNSTREAM          2.077E+01   3.515 103.515
    U3 UPSTREAM          3.154E+01   3.515 103.515
    D3 DNSTREAM          3.266E+01   2.467 103.467
 Balance 1: S1=1.593E+06 S2=1.640E+06 BNI=1.424E+07 BNQ=1.420E+07 TAQ=0.000E+00 WSI=0.000E+00 WSQ=0.000E+00
 Bal diff=BAL=S2-S1-BNI-TAQ+BNQ-WSI+WSQ= 1.311E+01    Rel bal=BAL/(S2+BNQ)= 8.281E-07

 SIMULATION ending at  1990/ 1/ 1:20.7500000.  Time step=   450.00 sec
 ITER RCORECT  BRA   NODE   MXRES  LOC  SUMSQR NUMGT
    1 2.0E-03    3    310 8.3E-02   43 1.1E-01     0
 CSUR= 0.0E+00 AT ND=   0:     0 RLTQ= 0.0E+00 AT ND=   0:     0 DT/ITER=   250.7

 RESULTS at time          74700. JTIME =     47892.8645833337

 BRANCH NUMBER =     1
  Node  Node Identifier     Stat    Flow    Area   Vel  Depth    Elev     Top  Fr Lat Inf
   100 UPSTREAM           0.0000 1.000+1 6.948+1  0.14   2.52  103.52 3.513+1 0.0 0.000+0
   101                    0.1000 1.007+1 7.298+1  0.14   2.62  103.52 3.572+1 0.0 0.000+0
   102                    0.2000 1.014+1 7.654+1  0.13   2.72  103.52 3.631+1 0.0 0.000+0
   103                    0.3000 1.021+1 8.017+1  0.13   2.82  103.52 3.691+1 0.0 0.000+0
   104                    0.4000 1.028+1 8.386+1  0.12   2.92  103.52 3.750+1 0.0 0.000+0
   105                    0.5000 1.035+1 8.762+1  0.12   3.02  103.52 3.810+1 0.0 0.000+0
   106                    0.6000 1.042+1 9.143+1  0.11   3.12  103.52 3.870+1 0.0 0.000+0
   107                    0.7000 1.050+1 9.531+1  0.11   3.21  103.51 3.929+1 0.0 0.000+0
   108                    0.8000 1.057+1 9.925+1  0.11   3.31  103.51 3.989+1 0.0 0.000+0
   109                    0.9000 1.065+1 1.032+2  0.10   3.41  103.51 4.048+1 0.0 0.000+0
   110 DNSTREAM           1.0000 1.073+1 1.073+2  0.10   3.51  103.51 4.108+1 0.0 0.000+0

 BRANCH NUMBER =     2
  Node  Node Identifier     Stat    Flow    Area   Vel  Depth    Elev     Top  Fr Lat Inf
   200 UPSTREAM           0.0000 2.000+1 7.021+1  0.28   2.54  103.54 3.525+1 0.0 0.000+0
   201                    0.1000 2.007+1 7.361+1  0.27   2.64  103.54 3.583+1 0.0 0.000+0
   202                    0.2000 2.014+1 7.707+1  0.26   2.73  103.53 3.640+1 0.0 0.000+0
   203                    0.3000 2.021+1 8.061+1  0.25   2.83  103.53 3.698+1 0.0 0.000+0
   204                    0.4000 2.028+1 8.422+1  0.24   2.93  103.53 3.756+1 0.0 0.000+0
   205                    0.5000 2.035+1 8.790+1  0.23   3.02  103.52 3.814+1 0.0 0.000+0
   206                    0.6000 2.042+1 9.165+1  0.22   3.12  103.52 3.873+1 0.0 0.000+0
   207                    0.7000 2.050+1 9.546+1  0.21   3.22  103.52 3.932+1 0.0 0.000+0
   208                    0.8000 2.057+1 9.935+1  0.21   3.32  103.52 3.990+1 0.0 0.000+0
   209                    0.9000 2.065+1 1.033+2  0.20   3.42  103.52 4.049+1 0.0 0.000+0
   210 DNSTREAM           1.0000 2.073+1 1.073+2  0.19   3.51  103.51 4.108+1 0.0 0.000+0

 BRANCH NUMBER =     3
  Node  Node Identifier     Stat    Flow    Area   Vel  Depth    Elev     Top  Fr Lat Inf
   300 UPSTREAM           0.0000 3.146+1 2.146+2  0.15   3.51  103.51 8.216+1 0.0 0.000+0
   301                    0.1000 3.161+1 1.961+2  0.16   3.41  103.51 7.690+1 0.0 0.000+0
   302                    0.2000 3.175+1 1.784+2  0.18   3.31  103.51 7.176+1 0.0 0.000+0
   303                    0.3000 3.188+1 1.616+2  0.20   3.21  103.51 6.674+1 0.0 0.000+0
   304                    0.4000 3.200+1 1.458+2  0.22   3.11  103.51 6.183+1 0.0 0.000+0
   305                    0.5000 3.211+1 1.307+2  0.25   3.00  103.50 5.704+1 0.0 0.000+0
   306                    0.6000 3.221+1 1.165+2  0.28   2.90  103.50 5.236+1 0.0 0.000+0
   307                    0.7000 3.231+1 1.031+2  0.31   2.80  103.50 4.780+1 0.0 0.000+0
   308                    0.8000 3.239+1 9.053+1  0.36   2.69  103.49 4.336+1 0.0 0.000+0
   309                    0.9000 3.246+1 7.867+1  0.41   2.58  103.48 3.902+1 0.0 0.000+0
   310 DNSTREAM           1.0000 3.252+1 6.754+1  0.48   2.47  103.47 3.479+1 0.0 0.000+0

 EXTERIOR NODES
  Node  Node Identifier        QE1     YE1    Elev    Storage    Storage
    U1 UPSTREAM          1.000E+01   2.521 103.521
    D1 DNSTREAM          1.073E+01   3.514 103.514
    U2 UPSTREAM          2.000E+01   2.542 103.542
    D2 DNSTREAM          2.073E+01   3.514 103.514
    U3 UPSTREAM          3.146E+01   3.514 103.514
    D3 DNSTREAM          3.252E+01   2.465 103.465
 Balance 1: S1=1.593E+06 S2=1.639E+06 BNI=1.426E+07 BNQ=1.421E+07 TAQ=0.000E+00 WSI=0.000E+00 WSQ=0.000E+00
 Bal diff=BAL=S2-S1-BNI-TAQ+BNQ-WSI+WSQ= 1.315E+01    Rel bal=BAL/(S2+BNQ)= 8.299E-07

 SIMULATION ending at  1990/ 1/ 1:20.8750000.  Time step=   450.00 sec
 ITER RCORECT  BRA   NODE   MXRES  LOC  SUMSQR NUMGT
    1 1.9E-03    3    310 7.7E-02   43 9.4E-02     0
 CSUR= 0.0E+00 AT ND=   0:     0 RLTQ= 0.0E+00 AT ND=   0:     0 DT/ITER=   251.3

 RESULTS at time          75150. JTIME =     47892.8697916671

 BRANCH NUMBER =     1
  Node  Node Identifier     Stat    Flow    Area   Vel  Depth    Elev     Top  Fr Lat Inf
   100 UPSTREAM           0.0000 1.000+1 6.942+1  0.14   2.52  103.52 3.512+1 0.0 0.000+0
   101                    0.1000 1.006+1 7.292+1  0.14   2.62  103.52 3.571+1 0.0 0.000+0
   102                    0.2000 1.013+1 7.649+1  0.13   2.72  103.52 3.631+1 0.0 0.000+0
   103                    0.3000 1.020+1 8.011+1  0.13   2.82  103.52 3.690+1 0.0 0.000+0
   104                    0.4000 1.026+1 8.380+1  0.12   2.92  103.52 3.749+1 0.0 0.000+0
   105                    0.5000 1.033+1 8.756+1  0.12   3.01  103.51 3.809+1 0.0 0.000+0
   106                    0.6000 1.040+1 9.137+1  0.11   3.11  103.51 3.869+1 0.0 0.000+0
   107                    0.7000 1.047+1 9.524+1  0.11   3.21  103.51 3.928+1 0.0 0.000+0
   108                    0.8000 1.054+1 9.918+1  0.11   3.31  103.51 3.988+1 0.0 0.000+0
   109                    0.9000 1.062+1 1.032+2  0.10   3.41  103.51 4.048+1 0.0 0.000+0
   110 DNSTREAM           1.0000 1.069+1 1.072+2  0.10   3.51  103.51 4.107+1 0.0 0.000+0

 BRANCH NUMBER =     2
  Node  Node Identifier     Stat    Flow    Area   Vel  Depth    Elev     Top  Fr Lat Inf
   200 UPSTREAM           0.0000 2.000+1 7.016+1  0.29   2.54  103.54 3.524+1 0.0 0.000+0
   201                    0.1000 2.006+1 7.355+1  0.27   2.64  103.54 3.582+1 0.0 0.000+0
   202                    0.2000 2.013+1 7.701+1  0.26   2.73  103.53 3.639+1 0.0 0.000+0
   203                    0.3000 2.020+1 8.055+1  0.25   2.83  103.53 3.697+1 0.0 0.000+0
   204                    0.4000 2.026+1 8.416+1  0.24   2.92  103.52 3.755+1 0.0 0.000+0
   205                    0.5000 2.033+1 8.784+1  0.23   3.02  103.52 3.813+1 0.0 0.000+0
   206                    0.6000 2.040+1 9.159+1  0.22   3.12  103.52 3.872+1 0.0 0.000+0
   207                    0.7000 2.047+1 9.540+1  0.21   3.22  103.52 3.931+1 0.0 0.000+0
   208                    0.8000 2.054+1 9.928+1  0.21   3.32  103.52 3.989+1 0.0 0.000+0
   209                    0.9000 2.062+1 1.032+2  0.20   3.41  103.51 4.048+1 0.0 0.000+0
   210 DNSTREAM           1.0000 2.069+1 1.072+2  0.19   3.51  103.51 4.107+1 0.0 0.000+0

 BRANCH NUMBER =     3
  Node  Node Identifier     Stat    Flow    Area   Vel  Depth    Elev     Top  Fr Lat Inf
   300 UPSTREAM           0.0000 3.138+1 2.145+2  0.15   3.51  103.51 8.214+1 0.0 0.000+0
   301                    0.1000 3.152+1 1.959+2  0.16   3.41  103.51 7.688+1 0.0 0.000+0
   302                    0.2000 3.166+1 1.783+2  0.18   3.31  103.51 7.174+1 0.0 0.000+0
   303                    0.3000 3.178+1 1.615+2  0.20   3.21  103.51 6.672+1 0.0 0.000+0
   304                    0.4000 3.189+1 1.457+2  0.22   3.11  103.51 6.181+1 0.0 0.000+0
   305                    0.5000 3.200+1 1.307+2  0.24   3.00  103.50 5.703+1 0.0 0.000+0
   306                    0.6000 3.209+1 1.165+2  0.28   2.90  103.50 5.235+1 0.0 0.000+0
   307                    0.7000 3.218+1 1.031+2  0.31   2.79  103.49 4.779+1 0.0 0.000+0
   308                    0.8000 3.226+1 9.047+1  0.36   2.69  103.49 4.335+1 0.0 0.000+0
   309                    0.9000 3.232+1 7.862+1  0.41   2.58  103.48 3.901+1 0.0 0.000+0
   310 DNSTREAM           1.0000 3.238+1 6.750+1  0.48   2.46  103.46 3.479+1 0.0 0.000+0

 EXTERIOR NODES
  Node  Node Identifier        QE1     YE1    Elev    Storage    Storage
    U1 UPSTREAM          1.000E+01   2.519 103.519
    D1 DNSTREAM          1.069E+01   3.512 103.512
    U2 UPSTREAM          2.000E+01   2.540 103.540
    D2 DNSTREAM          2.069E+01   3.512 103.512
    U3 UPSTREAM          3.138E+01   3.512 103.512
    D3 DNSTREAM          3.238E+01   2.464 103.464
 Balance 1: S1=1.593E+06 S2=1.637E+06 BNI=1.427E+07 BNQ=1.422E+07 TAQ=0.000E+00 WSI=0.000E+00 WSQ=0.000E+00
 Bal diff=BAL=S2-S1-BNI-TAQ+BNQ-WSI+WSQ= 1.318E+01    Rel bal=BAL/(S2+BNQ)= 8.311E-07

 SIMULATION ending at  1990/ 1/ 1:21.0000000.  Time step=   450.00 sec
 ITER RCORECT  BRA   NODE   MXRES  LOC  SUMSQR NUMGT
    1 1.8E-03    3    310 7.3E-02   43 8.5E-02     0
 CSUR= 0.0E+00 AT ND=   0:     0 RLTQ= 0.0E+00 AT ND=   0:     0 DT/ITER=   252.0

 RESULTS at time          75600. JTIME =     47892.8750000004

 BRANCH NUMBER =     1
  Node  Node Identifier     Stat    Flow    Area   Vel  Depth    Elev     Top  Fr Lat Inf
   100 UPSTREAM           0.0000 1.000+1 6.937+1  0.14   2.52  103.52 3.511+1 0.0 0.000+0
   101                    0.1000 1.006+1 7.287+1  0.14   2.62  103.52 3.570+1 0.0 0.000+0
   102                    0.2000 1.012+1 7.643+1  0.13   2.72  103.52 3.630+1 0.0 0.000+0
   103                    0.3000 1.019+1 8.006+1  0.13   2.81  103.51 3.689+1 0.0 0.000+0
   104                    0.4000 1.025+1 8.375+1  0.12   2.91  103.51 3.749+1 0.0 0.000+0
   105                    0.5000 1.031+1 8.750+1  0.12   3.01  103.51 3.808+1 0.0 0.000+0
   106                    0.6000 1.038+1 9.131+1  0.11   3.11  103.51 3.868+1 0.0 0.000+0
   107                    0.7000 1.045+1 9.519+1  0.11   3.21  103.51 3.927+1 0.0 0.000+0
   108                    0.8000 1.051+1 9.912+1  0.11   3.31  103.51 3.987+1 0.0 0.000+0
   109                    0.9000 1.058+1 1.031+2  0.10   3.41  103.51 4.047+1 0.0 0.000+0
   110 DNSTREAM           1.0000 1.065+1 1.072+2  0.10   3.51  103.51 4.106+1 0.0 0.000+0

 BRANCH NUMBER =     2
  Node  Node Identifier     Stat    Flow    Area   Vel  Depth    Elev     Top  Fr Lat Inf
   200 UPSTREAM           0.0000 2.000+1 7.011+1  0.29   2.54  103.54 3.523+1 0.0 0.000+0
   201                    0.1000 2.006+1 7.350+1  0.27   2.63  103.53 3.581+1 0.0 0.000+0
   202                    0.2000 2.012+1 7.696+1  0.26   2.73  103.53 3.638+1 0.0 0.000+0
   203                    0.3000 2.018+1 8.050+1  0.25   2.83  103.53 3.696+1 0.0 0.000+0
   204                    0.4000 2.025+1 8.411+1  0.24   2.92  103.52 3.754+1 0.0 0.000+0
   205                    0.5000 2.031+1 8.778+1  0.23   3.02  103.52 3.813+1 0.0 0.000+0
   206                    0.6000 2.038+1 9.153+1  0.22   3.12  103.52 3.871+1 0.0 0.000+0
   207                    0.7000 2.045+1 9.534+1  0.21   3.22  103.52 3.930+1 0.0 0.000+0
   208                    0.8000 2.051+1 9.922+1  0.21   3.31  103.51 3.988+1 0.0 0.000+0
   209                    0.9000 2.058+1 1.032+2  0.20   3.41  103.51 4.047+1 0.0 0.000+0
   210 DNSTREAM           1.0000 2.065+1 1.072+2  0.19   3.51  103.51 4.106+1 0.0 0.000+0

 BRANCH NUMBER =     3
  Node  Node Identifier     Stat    Flow    Area   Vel  Depth    Elev     Top  Fr Lat Inf
   300 UPSTREAM           0.0000 3.130+1 2.144+2  0.15   3.51  103.51 8.213+1 0.0 0.000+0
   301                    0.1000 3.144+1 1.958+2  0.16   3.41  103.51 7.687+1 0.0 0.000+0
   302                    0.2000 3.157+1 1.782+2  0.18   3.31  103.51 7.173+1 0.0 0.000+0
   303                    0.3000 3.168+1 1.614+2  0.20   3.21  103.51 6.671+1 0.0 0.000+0
   304                    0.4000 3.179+1 1.456+2  0.22   3.10  103.50 6.180+1 0.0 0.000+0
   305                    0.5000 3.189+1 1.306+2  0.24   3.00  103.50 5.701+1 0.0 0.000+0
   306                    0.6000 3.198+1 1.164+2  0.27   2.90  103.50 5.234+1 0.0 0.000+0
   307                    0.7000 3.206+1 1.030+2  0.31   2.79  103.49 4.778+1 0.0 0.000+0
   308                    0.8000 3.213+1 9.041+1  0.36   2.69  103.49 4.334+1 0.0 0.000+0
   309                    0.9000 3.220+1 7.857+1  0.41   2.58  103.48 3.900+1 0.0 0.000+0
   310 DNSTREAM           1.0000 3.225+1 6.745+1  0.48   2.46  103.46 3.478+1 0.0 0.000+0

 EXTERIOR NODES
  Node  Node Identifier        QE1     YE1    Elev    Storage    Storage
    U1 UPSTREAM          1.000E+01   2.518 103.518
    D1 DNSTREAM          1.065E+01   3.510 103.510
    U2 UPSTREAM          2.000E+01   2.539 103.539
    D2 DNSTREAM          2.065E+01   3.510 103.510
    U3 UPSTREAM          3.130E+01   3.510 103.510
    D3 DNSTREAM          3.225E+01   2.463 103.463
 Balance 1: S1=1.593E+06 S2=1.636E+06 BNI=1.428E+07 BNQ=1.424E+07 TAQ=0.000E+00 WSI=0.000E+00 WSQ=0.000E+00
 Bal diff=BAL=S2-S1-BNI-TAQ+BNQ-WSI+WSQ= 1.323E+01    Rel bal=BAL/(S2+BNQ)= 8.332E-07

 SIMULATION ending at  1990/ 1/ 1:21.1250000.  Time step=   450.00 sec
 ITER RCORECT  BRA   NODE   MXRES  LOC  SUMSQR NUMGT
    1 1.7E-03    3    310 6.9E-02   43 7.8E-02     0
 CSUR= 0.0E+00 AT ND=   0:     0 RLTQ= 0.0E+00 AT ND=   0:     0 DT/ITER=   252.7

 RESULTS at time          76050. JTIME =     47892.8802083337

 BRANCH NUMBER =     1
  Node  Node Identifier     Stat    Flow    Area   Vel  Depth    Elev     Top  Fr Lat Inf
   100 UPSTREAM           0.0000 1.000+1 6.932+1  0.14   2.52  103.52 3.510+1 0.0 0.000+0
   101                    0.1000 1.006+1 7.282+1  0.14   2.62  103.52 3.569+1 0.0 0.000+0
   102                    0.2000 1.012+1 7.638+1  0.13   2.71  103.51 3.629+1 0.0 0.000+0
   103                    0.3000 1.018+1 8.001+1  0.13   2.81  103.51 3.688+1 0.0 0.000+0
   104                    0.4000 1.024+1 8.369+1  0.12   2.91  103.51 3.748+1 0.0 0.000+0
   105                    0.5000 1.030+1 8.744+1  0.12   3.01  103.51 3.807+1 0.0 0.000+0
   106                    0.6000 1.036+1 9.126+1  0.11   3.11  103.51 3.867+1 0.0 0.000+0
   107                    0.7000 1.042+1 9.513+1  0.11   3.21  103.51 3.926+1 0.0 0.000+0
   108                    0.8000 1.049+1 9.907+1  0.11   3.31  103.51 3.986+1 0.0 0.000+0
   109                    0.9000 1.055+1 1.031+2  0.10   3.41  103.51 4.046+1 0.0 0.000+0
   110 DNSTREAM           1.0000 1.062+1 1.071+2  0.10   3.51  103.51 4.106+1 0.0 0.000+0

 BRANCH NUMBER =     2
  Node  Node Identifier     Stat    Flow    Area   Vel  Depth    Elev     Top  Fr Lat Inf
   200 UPSTREAM           0.0000 2.000+1 7.006+1  0.29   2.54  103.54 3.523+1 0.0 0.000+0
   201                    0.1000 2.006+1 7.345+1  0.27   2.63  103.53 3.580+1 0.0 0.000+0
   202                    0.2000 2.012+1 7.691+1  0.26   2.73  103.53 3.637+1 0.0 0.000+0
   203                    0.3000 2.017+1 8.045+1  0.25   2.83  103.53 3.695+1 0.0 0.000+0
   204                    0.4000 2.023+1 8.405+1  0.24   2.92  103.52 3.753+1 0.0 0.000+0
   205                    0.5000 2.030+1 8.773+1  0.23   3.02  103.52 3.812+1 0.0 0.000+0
   206                    0.6000 2.036+1 9.147+1  0.22   3.12  103.52 3.870+1 0.0 0.000+0
   207                    0.7000 2.042+1 9.529+1  0.21   3.21  103.51 3.929+1 0.0 0.000+0
   208                    0.8000 2.049+1 9.917+1  0.21   3.31  103.51 3.988+1 0.0 0.000+0
   209                    0.9000 2.055+1 1.031+2  0.20   3.41  103.51 4.047+1 0.0 0.000+0
   210 DNSTREAM           1.0000 2.062+1 1.071+2  0.19   3.51  103.51 4.106+1 0.0 0.000+0

 BRANCH NUMBER =     3
  Node  Node Identifier     Stat    Flow    Area   Vel  Depth    Elev     Top  Fr Lat Inf
   300 UPSTREAM           0.0000 3.123+1 2.142+2  0.15   3.51  103.51 8.211+1 0.0 0.000+0
   301                    0.1000 3.136+1 1.957+2  0.16   3.41  103.51 7.685+1 0.0 0.000+0
   302                    0.2000 3.148+1 1.781+2  0.18   3.31  103.51 7.171+1 0.0 0.000+0
   303                    0.3000 3.159+1 1.614+2  0.20   3.20  103.50 6.669+1 0.0 0.000+0
   304                    0.4000 3.169+1 1.455+2  0.22   3.10  103.50 6.179+1 0.0 0.000+0
   305                    0.5000 3.179+1 1.305+2  0.24   3.00  103.50 5.700+1 0.0 0.000+0
   306                    0.6000 3.187+1 1.163+2  0.27   2.90  103.50 5.233+1 0.0 0.000+0
   307                    0.7000 3.195+1 1.029+2  0.31   2.79  103.49 4.777+1 0.0 0.000+0
   308                    0.8000 3.202+1 9.035+1  0.35   2.68  103.48 4.333+1 0.0 0.000+0
   309                    0.9000 3.208+1 7.852+1  0.41   2.57  103.47 3.900+1 0.0 0.000+0
   310 DNSTREAM           1.0000 3.213+1 6.741+1  0.48   2.46  103.46 3.477+1 0.0 0.000+0

 EXTERIOR NODES
  Node  Node Identifier        QE1     YE1    Elev    Storage    Storage
    U1 UPSTREAM          1.000E+01   2.516 103.516
    D1 DNSTREAM          1.062E+01   3.509 103.509
    U2 UPSTREAM          2.000E+01   2.537 103.537
    D2 DNSTREAM          2.062E+01   3.509 103.509
    U3 UPSTREAM          3.123E+01   3.509 103.509
    D3 DNSTREAM          3.213E+01   2.462 103.462
 Balance 1: S1=1.593E+06 S2=1.635E+06 BNI=1.430E+07 BNQ=1.425E+07 TAQ=0.000E+00 WSI=0.000E+00 WSQ=0.000E+00
 Bal diff=BAL=S2-S1-BNI-TAQ+BNQ-WSI+WSQ= 1.326E+01    Rel bal=BAL/(S2+BNQ)= 8.348E-07

 SIMULATION ending at  1990/ 1/ 1:21.2500000.  Time step=   450.00 sec
 ITER RCORECT  BRA   NODE   MXRES  LOC  SUMSQR NUMGT
    1 1.7E-03    3    310 6.6E-02   43 6.8E-02     0
 CSUR= 0.0E+00 AT ND=   0:     0 RLTQ= 0.0E+00 AT ND=   0:     0 DT/ITER=   253.3

 RESULTS at time          76500. JTIME =     47892.8854166671

 BRANCH NUMBER =     1
  Node  Node Identifier     Stat    Flow    Area   Vel  Depth    Elev     Top  Fr Lat Inf
   100 UPSTREAM           0.0000 1.000+1 6.927+1  0.14   2.52  103.52 3.509+1 0.0 0.000+0
   101                    0.1000 1.005+1 7.277+1  0.14   2.61  103.51 3.569+1 0.0 0.000+0
   102                    0.2000 1.011+1 7.633+1  0.13   2.71  103.51 3.628+1 0.0 0.000+0
   103                    0.3000 1.017+1 7.996+1  0.13   2.81  103.51 3.687+1 0.0 0.000+0
   104                    0.4000 1.022+1 8.364+1  0.12   2.91  103.51 3.747+1 0.0 0.000+0
   105                    0.5000 1.028+1 8.739+1  0.12   3.01  103.51 3.806+1 0.0 0.000+0
   106                    0.6000 1.034+1 9.120+1  0.11   3.11  103.51 3.866+1 0.0 0.000+0
   107                    0.7000 1.040+1 9.508+1  0.11   3.21  103.51 3.926+1 0.0 0.000+0
   108                    0.8000 1.046+1 9.901+1  0.11   3.31  103.51 3.985+1 0.0 0.000+0
   109                    0.9000 1.052+1 1.030+2  0.10   3.41  103.51 4.045+1 0.0 0.000+0
   110 DNSTREAM           1.0000 1.058+1 1.071+2  0.10   3.51  103.51 4.105+1 0.0 0.000+0

 BRANCH NUMBER =     2
  Node  Node Identifier     Stat    Flow    Area   Vel  Depth    Elev     Top  Fr Lat Inf
   200 UPSTREAM           0.0000 2.000+1 7.001+1  0.29   2.54  103.54 3.522+1 0.0 0.000+0
   201                    0.1000 2.005+1 7.340+1  0.27   2.63  103.53 3.579+1 0.0 0.000+0
   202                    0.2000 2.011+1 7.686+1  0.26   2.73  103.53 3.637+1 0.0 0.000+0
   203                    0.3000 2.016+1 8.040+1  0.25   2.82  103.52 3.695+1 0.0 0.000+0
   204                    0.4000 2.022+1 8.400+1  0.24   2.92  103.52 3.753+1 0.0 0.000+0
   205                    0.5000 2.028+1 8.768+1  0.23   3.02  103.52 3.811+1 0.0 0.000+0
   206                    0.6000 2.034+1 9.142+1  0.22   3.12  103.52 3.869+1 0.0 0.000+0
   207                    0.7000 2.040+1 9.523+1  0.21   3.21  103.51 3.928+1 0.0 0.000+0
   208                    0.8000 2.046+1 9.911+1  0.21   3.31  103.51 3.987+1 0.0 0.000+0
   209                    0.9000 2.052+1 1.031+2  0.20   3.41  103.51 4.046+1 0.0 0.000+0
   210 DNSTREAM           1.0000 2.058+1 1.071+2  0.19   3.51  103.51 4.105+1 0.0 0.000+0

 BRANCH NUMBER =     3
  Node  Node Identifier     Stat    Flow    Area   Vel  Depth    Elev     Top  Fr Lat Inf
   300 UPSTREAM           0.0000 3.117+1 2.141+2  0.15   3.51  103.51 8.209+1 0.0 0.000+0
   301                    0.1000 3.129+1 1.956+2  0.16   3.41  103.51 7.684+1 0.0 0.000+0
   302                    0.2000 3.140+1 1.780+2  0.18   3.31  103.51 7.170+1 0.0 0.000+0
   303                    0.3000 3.151+1 1.613+2  0.20   3.20  103.50 6.668+1 0.0 0.000+0
   304                    0.4000 3.160+1 1.454+2  0.22   3.10  103.50 6.177+1 0.0 0.000+0
   305                    0.5000 3.169+1 1.304+2  0.24   3.00  103.50 5.699+1 0.0 0.000+0
   306                    0.6000 3.177+1 1.162+2  0.27   2.89  103.49 5.232+1 0.0 0.000+0
   307                    0.7000 3.184+1 1.029+2  0.31   2.79  103.49 4.776+1 0.0 0.000+0
   308                    0.8000 3.191+1 9.030+1  0.35   2.68  103.48 4.332+1 0.0 0.000+0
   309                    0.9000 3.197+1 7.847+1  0.41   2.57  103.47 3.899+1 0.0 0.000+0
   310 DNSTREAM           1.0000 3.201+1 6.737+1  0.48   2.46  103.46 3.477+1 0.0 0.000+0

 EXTERIOR NODES
  Node  Node Identifier        QE1     YE1    Elev    Storage    Storage
    U1 UPSTREAM          1.000E+01   2.515 103.515
    D1 DNSTREAM          1.058E+01   3.508 103.508
    U2 UPSTREAM          2.000E+01   2.536 103.536
    D2 DNSTREAM          2.058E+01   3.508 103.508
    U3 UPSTREAM          3.117E+01   3.508 103.508
    D3 DNSTREAM          3.201E+01   2.461 103.461
 Balance 1: S1=1.593E+06 S2=1.634E+06 BNI=1.431E+07 BNQ=1.427E+07 TAQ=0.000E+00 WSI=0.000E+00 WSQ=0.000E+00
 Bal diff=BAL=S2-S1-BNI-TAQ+BNQ-WSI+WSQ= 1.326E+01    Rel bal=BAL/(S2+BNQ)= 8.339E-07

 SIMULATION ending at  1990/ 1/ 1:21.3750000.  Time step=   450.00 sec
 ITER RCORECT  BRA   NODE   MXRES  LOC  SUMSQR NUMGT
    1 1.6E-03    3    310 6.2E-02   43 6.2E-02     0
 CSUR= 0.0E+00 AT ND=   0:     0 RLTQ= 0.0E+00 AT ND=   0:     0 DT/ITER=   254.0

 RESULTS at time          76950. JTIME =     47892.8906250004

 BRANCH NUMBER =     1
  Node  Node Identifier     Stat    Flow    Area   Vel  Depth    Elev     Top  Fr Lat Inf
   100 UPSTREAM           0.0000 1.000+1 6.923+1  0.14   2.51  103.51 3.508+1 0.0 0.000+0
   101                    0.1000 1.005+1 7.273+1  0.14   2.61  103.51 3.568+1 0.0 0.000+0
   102                    0.2000 1.010+1 7.629+1  0.13   2.71  103.51 3.627+1 0.0 0.000+0
   103                    0.3000 1.016+1 7.991+1  0.13   2.81  103.51 3.687+1 0.0 0.000+0
   104                    0.4000 1.021+1 8.360+1  0.12   2.91  103.51 3.746+1 0.0 0.000+0
   105                    0.5000 1.027+1 8.734+1  0.12   3.01  103.51 3.806+1 0.0 0.000+0
   106                    0.6000 1.032+1 9.116+1  0.11   3.11  103.51 3.865+1 0.0 0.000+0
   107                    0.7000 1.038+1 9.503+1  0.11   3.21  103.51 3.925+1 0.0 0.000+0
   108                    0.8000 1.043+1 9.896+1  0.11   3.31  103.51 3.985+1 0.0 0.000+0
   109                    0.9000 1.049+1 1.030+2  0.10   3.41  103.51 4.044+1 0.0 0.000+0
   110 DNSTREAM           1.0000 1.055+1 1.070+2  0.10   3.51  103.51 4.104+1 0.0 0.000+0

 BRANCH NUMBER =     2
  Node  Node Identifier     Stat    Flow    Area   Vel  Depth    Elev     Top  Fr Lat Inf
   200 UPSTREAM           0.0000 2.000+1 6.997+1  0.29   2.53  103.53 3.521+1 0.0 0.000+0
   201                    0.1000 2.005+1 7.335+1  0.27   2.63  103.53 3.578+1 0.0 0.000+0
   202                    0.2000 2.010+1 7.681+1  0.26   2.73  103.53 3.636+1 0.0 0.000+0
   203                    0.3000 2.016+1 8.035+1  0.25   2.82  103.52 3.694+1 0.0 0.000+0
   204                    0.4000 2.021+1 8.395+1  0.24   2.92  103.52 3.752+1 0.0 0.000+0
   205                    0.5000 2.027+1 8.763+1  0.23   3.02  103.52 3.810+1 0.0 0.000+0
   206                    0.6000 2.032+1 9.137+1  0.22   3.11  103.51 3.869+1 0.0 0.000+0
   207                    0.7000 2.038+1 9.519+1  0.21   3.21  103.51 3.927+1 0.0 0.000+0
   208                    0.8000 2.043+1 9.906+1  0.21   3.31  103.51 3.986+1 0.0 0.000+0
   209                    0.9000 2.049+1 1.030+2  0.20   3.41  103.51 4.045+1 0.0 0.000+0
   210 DNSTREAM           1.0000 2.055+1 1.070+2  0.19   3.51  103.51 4.104+1 0.0 0.000+0

 BRANCH NUMBER =     3
  Node  Node Identifier     Stat    Flow    Area   Vel  Depth    Elev     Top  Fr Lat Inf
   300 UPSTREAM           0.0000 3.110+1 2.140+2  0.15   3.51  103.51 8.208+1 0.0 0.000+0
   301                    0.1000 3.122+1 1.955+2  0.16   3.41  103.51 7.682+1 0.0 0.000+0
   302                    0.2000 3.132+1 1.779+2  0.18   3.30  103.50 7.168+1 0.0 0.000+0
   303                    0.3000 3.142+1 1.612+2  0.19   3.20  103.50 6.666+1 0.0 0.000+0
   304                    0.4000 3.151+1 1.453+2  0.22   3.10  103.50 6.176+1 0.0 0.000+0
   305                    0.5000 3.160+1 1.303+2  0.24   3.00  103.50 5.698+1 0.0 0.000+0
   306                    0.6000 3.168+1 1.162+2  0.27   2.89  103.49 5.231+1 0.0 0.000+0
   307                    0.7000 3.174+1 1.028+2  0.31   2.79  103.49 4.775+1 0.0 0.000+0
   308                    0.8000 3.181+1 9.025+1  0.35   2.68  103.48 4.331+1 0.0 0.000+0
   309                    0.9000 3.186+1 7.843+1  0.41   2.57  103.47 3.898+1 0.0 0.000+0
   310 DNSTREAM           1.0000 3.190+1 6.734+1  0.47   2.46  103.46 3.476+1 0.0 0.000+0

 EXTERIOR NODES
  Node  Node Identifier        QE1     YE1    Elev    Storage    Storage
    U1 UPSTREAM          1.000E+01   2.514 103.514
    D1 DNSTREAM          1.055E+01   3.506 103.506
    U2 UPSTREAM          2.000E+01   2.535 103.535
    D2 DNSTREAM          2.055E+01   3.506 103.506
    U3 UPSTREAM          3.110E+01   3.506 103.506
    D3 DNSTREAM          3.190E+01   2.460 103.460
 Balance 1: S1=1.593E+06 S2=1.634E+06 BNI=1.432E+07 BNQ=1.428E+07 TAQ=0.000E+00 WSI=0.000E+00 WSQ=0.000E+00
 Bal diff=BAL=S2-S1-BNI-TAQ+BNQ-WSI+WSQ= 1.327E+01    Rel bal=BAL/(S2+BNQ)= 8.338E-07

 SIMULATION ending at  1990/ 1/ 1:21.5000000.  Time step=   450.00 sec
 ITER RCORECT  BRA   NODE   MXRES  LOC  SUMSQR NUMGT
    1 1.5E-03    3    310 5.7E-02   43 5.6E-02     0
 CSUR= 0.0E+00 AT ND=   0:     0 RLTQ= 0.0E+00 AT ND=   0:     0 DT/ITER=   254.6

 RESULTS at time          77400. JTIME =     47892.8958333338

 BRANCH NUMBER =     1
  Node  Node Identifier     Stat    Flow    Area   Vel  Depth    Elev     Top  Fr Lat Inf
   100 UPSTREAM           0.0000 1.000+1 6.919+1  0.14   2.51  103.51 3.508+1 0.0 0.000+0
   101                    0.1000 1.005+1 7.268+1  0.14   2.61  103.51 3.567+1 0.0 0.000+0
   102                    0.2000 1.010+1 7.624+1  0.13   2.71  103.51 3.626+1 0.0 0.000+0
   103                    0.3000 1.015+1 7.987+1  0.13   2.81  103.51 3.686+1 0.0 0.000+0
   104                    0.4000 1.020+1 8.355+1  0.12   2.91  103.51 3.745+1 0.0 0.000+0
   105                    0.5000 1.025+1 8.730+1  0.12   3.01  103.51 3.805+1 0.0 0.000+0
   106                    0.6000 1.030+1 9.111+1  0.11   3.11  103.51 3.865+1 0.0 0.000+0
   107                    0.7000 1.036+1 9.498+1  0.11   3.21  103.51 3.924+1 0.0 0.000+0
   108                    0.8000 1.041+1 9.892+1  0.11   3.31  103.51 3.984+1 0.0 0.000+0
   109                    0.9000 1.047+1 1.029+2  0.10   3.41  103.51 4.044+1 0.0 0.000+0
   110 DNSTREAM           1.0000 1.052+1 1.070+2  0.10   3.51  103.51 4.103+1 0.0 0.000+0

 BRANCH NUMBER =     2
  Node  Node Identifier     Stat    Flow    Area   Vel  Depth    Elev     Top  Fr Lat Inf
   200 UPSTREAM           0.0000 2.000+1 6.992+1  0.29   2.53  103.53 3.520+1 0.0 0.000+0
   201                    0.1000 2.005+1 7.331+1  0.27   2.63  103.53 3.578+1 0.0 0.000+0
   202                    0.2000 2.010+1 7.677+1  0.26   2.72  103.52 3.635+1 0.0 0.000+0
   203                    0.3000 2.015+1 8.030+1  0.25   2.82  103.52 3.693+1 0.0 0.000+0
   204                    0.4000 2.020+1 8.391+1  0.24   2.92  103.52 3.751+1 0.0 0.000+0
   205                    0.5000 2.025+1 8.758+1  0.23   3.02  103.52 3.809+1 0.0 0.000+0
   206                    0.6000 2.030+1 9.133+1  0.22   3.11  103.51 3.868+1 0.0 0.000+0
   207                    0.7000 2.036+1 9.514+1  0.21   3.21  103.51 3.927+1 0.0 0.000+0
   208                    0.8000 2.041+1 9.902+1  0.21   3.31  103.51 3.985+1 0.0 0.000+0
   209                    0.9000 2.047+1 1.030+2  0.20   3.41  103.51 4.044+1 0.0 0.000+0
   210 DNSTREAM           1.0000 2.052+1 1.070+2  0.19   3.51  103.51 4.103+1 0.0 0.000+0

 BRANCH NUMBER =     3
  Node  Node Identifier     Stat    Flow    Area   Vel  Depth    Elev     Top  Fr Lat Inf
   300 UPSTREAM           0.0000 3.104+1 2.139+2  0.15   3.51  103.51 8.206+1 0.0 0.000+0
   301                    0.1000 3.115+1 1.954+2  0.16   3.40  103.50 7.681+1 0.0 0.000+0
   302                    0.2000 3.125+1 1.778+2  0.18   3.30  103.50 7.167+1 0.0 0.000+0
   303                    0.3000 3.135+1 1.611+2  0.19   3.20  103.50 6.665+1 0.0 0.000+0
   304                    0.4000 3.143+1 1.453+2  0.22   3.10  103.50 6.175+1 0.0 0.000+0
   305                    0.5000 3.151+1 1.303+2  0.24   3.00  103.50 5.697+1 0.0 0.000+0
   306                    0.6000 3.158+1 1.161+2  0.27   2.89  103.49 5.230+1 0.0 0.000+0
   307                    0.7000 3.165+1 1.028+2  0.31   2.79  103.49 4.774+1 0.0 0.000+0
   308                    0.8000 3.171+1 9.020+1  0.35   2.68  103.48 4.330+1 0.0 0.000+0
   309                    0.9000 3.176+1 7.839+1  0.41   2.57  103.47 3.897+1 0.0 0.000+0
   310 DNSTREAM           1.0000 3.180+1 6.730+1  0.47   2.46  103.46 3.475+1 0.0 0.000+0

 EXTERIOR NODES
  Node  Node Identifier        QE1     YE1    Elev    Storage    Storage
    U1 UPSTREAM          1.000E+01   2.513 103.513
    D1 DNSTREAM          1.052E+01   3.505 103.505
    U2 UPSTREAM          2.000E+01   2.534 103.534
    D2 DNSTREAM          2.052E+01   3.505 103.505
    U3 UPSTREAM          3.104E+01   3.505 103.505
    D3 DNSTREAM          3.180E+01   2.459 103.459
 Balance 1: S1=1.593E+06 S2=1.633E+06 BNI=1.434E+07 BNQ=1.430E+07 TAQ=0.000E+00 WSI=0.000E+00 WSQ=0.000E+00
 Bal diff=BAL=S2-S1-BNI-TAQ+BNQ-WSI+WSQ= 1.330E+01    Rel bal=BAL/(S2+BNQ)= 8.350E-07

 SIMULATION ending at  1990/ 1/ 1:21.6250000.  Time step=   450.00 sec
 ITER RCORECT  BRA   NODE   MXRES  LOC  SUMSQR NUMGT
    1 1.4E-03    3    310 5.6E-02   43 4.8E-02     0
 CSUR= 0.0E+00 AT ND=   0:     0 RLTQ= 0.0E+00 AT ND=   0:     0 DT/ITER=   255.2

 RESULTS at time          77850. JTIME =     47892.9010416671

 BRANCH NUMBER =     1
  Node  Node Identifier     Stat    Flow    Area   Vel  Depth    Elev     Top  Fr Lat Inf
   100 UPSTREAM           0.0000 1.000+1 6.915+1  0.14   2.51  103.51 3.507+1 0.0 0.000+0
   101                    0.1000 1.005+1 7.264+1  0.14   2.61  103.51 3.566+1 0.0 0.000+0
   102                    0.2000 1.009+1 7.620+1  0.13   2.71  103.51 3.626+1 0.0 0.000+0
   103                    0.3000 1.014+1 7.982+1  0.13   2.81  103.51 3.685+1 0.0 0.000+0
   104                    0.4000 1.019+1 8.351+1  0.12   2.91  103.51 3.745+1 0.0 0.000+0
   105                    0.5000 1.024+1 8.726+1  0.12   3.01  103.51 3.804+1 0.0 0.000+0
   106                    0.6000 1.029+1 9.107+1  0.11   3.11  103.51 3.864+1 0.0 0.000+0
   107                    0.7000 1.034+1 9.494+1  0.11   3.21  103.51 3.923+1 0.0 0.000+0
   108                    0.8000 1.039+1 9.887+1  0.11   3.31  103.51 3.983+1 0.0 0.000+0
   109                    0.9000 1.044+1 1.029+2  0.10   3.40  103.50 4.043+1 0.0 0.000+0
   110 DNSTREAM           1.0000 1.049+1 1.069+2  0.10   3.50  103.50 4.103+1 0.0 0.000+0

 BRANCH NUMBER =     2
  Node  Node Identifier     Stat    Flow    Area   Vel  Depth    Elev     Top  Fr Lat Inf
   200 UPSTREAM           0.0000 2.000+1 6.988+1  0.29   2.53  103.53 3.520+1 0.0 0.000+0
   201                    0.1000 2.005+1 7.327+1  0.27   2.63  103.53 3.577+1 0.0 0.000+0
   202                    0.2000 2.009+1 7.673+1  0.26   2.72  103.52 3.635+1 0.0 0.000+0
   203                    0.3000 2.014+1 8.026+1  0.25   2.82  103.52 3.692+1 0.0 0.000+0
   204                    0.4000 2.019+1 8.387+1  0.24   2.92  103.52 3.750+1 0.0 0.000+0
   205                    0.5000 2.024+1 8.754+1  0.23   3.01  103.51 3.809+1 0.0 0.000+0
   206                    0.6000 2.029+1 9.128+1  0.22   3.11  103.51 3.867+1 0.0 0.000+0
   207                    0.7000 2.034+1 9.509+1  0.21   3.21  103.51 3.926+1 0.0 0.000+0
   208                    0.8000 2.039+1 9.897+1  0.21   3.31  103.51 3.985+1 0.0 0.000+0
   209                    0.9000 2.044+1 1.029+2  0.20   3.41  103.51 4.044+1 0.0 0.000+0
   210 DNSTREAM           1.0000 2.049+1 1.069+2  0.19   3.50  103.50 4.103+1 0.0 0.000+0

 BRANCH NUMBER =     3
  Node  Node Identifier     Stat    Flow    Area   Vel  Depth    Elev     Top  Fr Lat Inf
   300 UPSTREAM           0.0000 3.099+1 2.138+2  0.14   3.50  103.50 8.205+1 0.0 0.000+0
   301                    0.1000 3.109+1 1.953+2  0.16   3.40  103.50 7.680+1 0.0 0.000+0
   302                    0.2000 3.118+1 1.777+2  0.18   3.30  103.50 7.166+1 0.0 0.000+0
   303                    0.3000 3.127+1 1.610+2  0.19   3.20  103.50 6.664+1 0.0 0.000+0
   304                    0.4000 3.136+1 1.452+2  0.22   3.10  103.50 6.174+1 0.0 0.000+0
   305                    0.5000 3.143+1 1.302+2  0.24   3.00  103.50 5.696+1 0.0 0.000+0
   306                    0.6000 3.150+1 1.161+2  0.27   2.89  103.49 5.229+1 0.0 0.000+0
   307                    0.7000 3.156+1 1.027+2  0.31   2.79  103.49 4.774+1 0.0 0.000+0
   308                    0.8000 3.161+1 9.016+1  0.35   2.68  103.48 4.329+1 0.0 0.000+0
   309                    0.9000 3.166+1 7.835+1  0.40   2.57  103.47 3.897+1 0.0 0.000+0
   310 DNSTREAM           1.0000 3.170+1 6.727+1  0.47   2.46  103.46 3.475+1 0.0 0.000+0

 EXTERIOR NODES
  Node  Node Identifier        QE1     YE1    Elev    Storage    Storage
    U1 UPSTREAM          1.000E+01   2.511 103.511
    D1 DNSTREAM          1.049E+01   3.504 103.504
    U2 UPSTREAM          2.000E+01   2.532 103.532
    D2 DNSTREAM          2.049E+01   3.504 103.504
    U3 UPSTREAM          3.099E+01   3.504 103.504
    D3 DNSTREAM          3.170E+01   2.458 103.458
 Balance 1: S1=1.593E+06 S2=1.632E+06 BNI=1.435E+07 BNQ=1.431E+07 TAQ=0.000E+00 WSI=0.000E+00 WSQ=0.000E+00
 Bal diff=BAL=S2-S1-BNI-TAQ+BNQ-WSI+WSQ= 1.335E+01    Rel bal=BAL/(S2+BNQ)= 8.371E-07

 SIMULATION ending at  1990/ 1/ 1:21.7500000.  Time step=   450.00 sec
 ITER RCORECT  BRA   NODE   MXRES  LOC  SUMSQR NUMGT
    1 1.3E-03    3    310 5.1E-02   43 4.5E-02     0
 CSUR= 0.0E+00 AT ND=   0:     0 RLTQ= 0.0E+00 AT ND=   0:     0 DT/ITER=   255.9

 RESULTS at time          78300. JTIME =     47892.9062500004

 BRANCH NUMBER =     1
  Node  Node Identifier     Stat    Flow    Area   Vel  Depth    Elev     Top  Fr Lat Inf
   100 UPSTREAM           0.0000 1.000+1 6.911+1  0.14   2.51  103.51 3.506+1 0.0 0.000+0
   101                    0.1000 1.004+1 7.260+1  0.14   2.61  103.51 3.566+1 0.0 0.000+0
   102                    0.2000 1.009+1 7.616+1  0.13   2.71  103.51 3.625+1 0.0 0.000+0
   103                    0.3000 1.013+1 7.978+1  0.13   2.81  103.51 3.685+1 0.0 0.000+0
   104                    0.4000 1.018+1 8.347+1  0.12   2.91  103.51 3.744+1 0.0 0.000+0
   105                    0.5000 1.022+1 8.722+1  0.12   3.01  103.51 3.804+1 0.0 0.000+0
   106                    0.6000 1.027+1 9.102+1  0.11   3.11  103.51 3.863+1 0.0 0.000+0
   107                    0.7000 1.032+1 9.489+1  0.11   3.20  103.50 3.923+1 0.0 0.000+0
   108                    0.8000 1.037+1 9.883+1  0.10   3.30  103.50 3.983+1 0.0 0.000+0
   109                    0.9000 1.042+1 1.028+2  0.10   3.40  103.50 4.042+1 0.0 0.000+0
   110 DNSTREAM           1.0000 1.047+1 1.069+2  0.10   3.50  103.50 4.102+1 0.0 0.000+0

 BRANCH NUMBER =     2
  Node  Node Identifier     Stat    Flow    Area   Vel  Depth    Elev     Top  Fr Lat Inf
   200 UPSTREAM           0.0000 2.000+1 6.985+1  0.29   2.53  103.53 3.519+1 0.0 0.000+0
   201                    0.1000 2.004+1 7.323+1  0.27   2.63  103.53 3.576+1 0.0 0.000+0
   202                    0.2000 2.009+1 7.669+1  0.26   2.72  103.52 3.634+1 0.0 0.000+0
   203                    0.3000 2.013+1 8.022+1  0.25   2.82  103.52 3.692+1 0.0 0.000+0
   204                    0.4000 2.018+1 8.383+1  0.24   2.92  103.52 3.750+1 0.0 0.000+0
   205                    0.5000 2.022+1 8.750+1  0.23   3.01  103.51 3.808+1 0.0 0.000+0
   206                    0.6000 2.027+1 9.124+1  0.22   3.11  103.51 3.867+1 0.0 0.000+0
   207                    0.7000 2.032+1 9.505+1  0.21   3.21  103.51 3.925+1 0.0 0.000+0
   208                    0.8000 2.037+1 9.893+1  0.21   3.31  103.51 3.984+1 0.0 0.000+0
   209                    0.9000 2.042+1 1.029+2  0.20   3.40  103.50 4.043+1 0.0 0.000+0
   210 DNSTREAM           1.0000 2.047+1 1.069+2  0.19   3.50  103.50 4.102+1 0.0 0.000+0

 BRANCH NUMBER =     3
  Node  Node Identifier     Stat    Flow    Area   Vel  Depth    Elev     Top  Fr Lat Inf
   300 UPSTREAM           0.0000 3.093+1 2.138+2  0.14   3.50  103.50 8.204+1 0.0 0.000+0
   301                    0.1000 3.103+1 1.952+2  0.16   3.40  103.50 7.678+1 0.0 0.000+0
   302                    0.2000 3.112+1 1.777+2  0.18   3.30  103.50 7.165+1 0.0 0.000+0
   303                    0.3000 3.120+1 1.610+2  0.19   3.20  103.50 6.663+1 0.0 0.000+0
   304                    0.4000 3.128+1 1.451+2  0.22   3.10  103.50 6.173+1 0.0 0.000+0
   305                    0.5000 3.135+1 1.302+2  0.24   2.99  103.49 5.695+1 0.0 0.000+0
   306                    0.6000 3.142+1 1.160+2  0.27   2.89  103.49 5.228+1 0.0 0.000+0
   307                    0.7000 3.148+1 1.027+2  0.31   2.79  103.49 4.773+1 0.0 0.000+0
   308                    0.8000 3.153+1 9.011+1  0.35   2.68  103.48 4.329+1 0.0 0.000+0
   309                    0.9000 3.157+1 7.831+1  0.40   2.57  103.47 3.896+1 0.0 0.000+0
   310 DNSTREAM           1.0000 3.161+1 6.724+1  0.47   2.46  103.46 3.474+1 0.0 0.000+0

 EXTERIOR NODES
  Node  Node Identifier        QE1     YE1    Elev    Storage    Storage
    U1 UPSTREAM          1.000E+01   2.510 103.510
    D1 DNSTREAM          1.047E+01   3.503 103.503
    U2 UPSTREAM          2.000E+01   2.531 103.531
    D2 DNSTREAM          2.047E+01   3.503 103.503
    U3 UPSTREAM          3.093E+01   3.503 103.503
    D3 DNSTREAM          3.161E+01   2.457 103.457
 Balance 1: S1=1.593E+06 S2=1.631E+06 BNI=1.436E+07 BNQ=1.433E+07 TAQ=0.000E+00 WSI=0.000E+00 WSQ=0.000E+00
 Bal diff=BAL=S2-S1-BNI-TAQ+BNQ-WSI+WSQ= 1.336E+01    Rel bal=BAL/(S2+BNQ)= 8.372E-07

 SIMULATION ending at  1990/ 1/ 1:21.8750000.  Time step=   450.00 sec
 ITER RCORECT  BRA   NODE   MXRES  LOC  SUMSQR NUMGT
    1 1.3E-03    3    310 5.0E-02   43 3.9E-02     0
 CSUR= 0.0E+00 AT ND=   0:     0 RLTQ= 0.0E+00 AT ND=   0:     0 DT/ITER=   256.5

 RESULTS at time          78750. JTIME =     47892.9114583338

 BRANCH NUMBER =     1
  Node  Node Identifier     Stat    Flow    Area   Vel  Depth    Elev     Top  Fr Lat Inf
   100 UPSTREAM           0.0000 1.000+1 6.908+1  0.14   2.51  103.51 3.506+1 0.0 0.000+0
   101                    0.1000 1.004+1 7.257+1  0.14   2.61  103.51 3.565+1 0.0 0.000+0
   102                    0.2000 1.008+1 7.613+1  0.13   2.71  103.51 3.625+1 0.0 0.000+0
   103                    0.3000 1.013+1 7.975+1  0.13   2.81  103.51 3.684+1 0.0 0.000+0
   104                    0.4000 1.017+1 8.343+1  0.12   2.91  103.51 3.744+1 0.0 0.000+0
   105                    0.5000 1.021+1 8.718+1  0.12   3.00  103.50 3.803+1 0.0 0.000+0
   106                    0.6000 1.026+1 9.098+1  0.11   3.10  103.50 3.863+1 0.0 0.000+0
   107                    0.7000 1.030+1 9.486+1  0.11   3.20  103.50 3.922+1 0.0 0.000+0
   108                    0.8000 1.035+1 9.879+1  0.10   3.30  103.50 3.982+1 0.0 0.000+0
   109                    0.9000 1.039+1 1.028+2  0.10   3.40  103.50 4.042+1 0.0 0.000+0
   110 DNSTREAM           1.0000 1.044+1 1.068+2  0.10   3.50  103.50 4.101+1 0.0 0.000+0

 BRANCH NUMBER =     2
  Node  Node Identifier     Stat    Flow    Area   Vel  Depth    Elev     Top  Fr Lat Inf
   200 UPSTREAM           0.0000 2.000+1 6.981+1  0.29   2.53  103.53 3.518+1 0.0 0.000+0
   201                    0.1000 2.004+1 7.320+1  0.27   2.63  103.53 3.576+1 0.0 0.000+0
   202                    0.2000 2.008+1 7.665+1  0.26   2.72  103.52 3.633+1 0.0 0.000+0
   203                    0.3000 2.012+1 8.019+1  0.25   2.82  103.52 3.691+1 0.0 0.000+0
   204                    0.4000 2.017+1 8.379+1  0.24   2.91  103.51 3.749+1 0.0 0.000+0
   205                    0.5000 2.021+1 8.746+1  0.23   3.01  103.51 3.808+1 0.0 0.000+0
   206                    0.6000 2.026+1 9.120+1  0.22   3.11  103.51 3.866+1 0.0 0.000+0
   207                    0.7000 2.030+1 9.501+1  0.21   3.21  103.51 3.925+1 0.0 0.000+0
   208                    0.8000 2.035+1 9.889+1  0.21   3.31  103.51 3.983+1 0.0 0.000+0
   209                    0.9000 2.039+1 1.028+2  0.20   3.40  103.50 4.042+1 0.0 0.000+0
   210 DNSTREAM           1.0000 2.044+1 1.068+2  0.19   3.50  103.50 4.101+1 0.0 0.000+0

 BRANCH NUMBER =     3
  Node  Node Identifier     Stat    Flow    Area   Vel  Depth    Elev     Top  Fr Lat Inf
   300 UPSTREAM           0.0000 3.088+1 2.137+2  0.14   3.50  103.50 8.202+1 0.0 0.000+0
   301                    0.1000 3.097+1 1.952+2  0.16   3.40  103.50 7.677+1 0.0 0.000+0
   302                    0.2000 3.106+1 1.776+2  0.17   3.30  103.50 7.164+1 0.0 0.000+0
   303                    0.3000 3.114+1 1.609+2  0.19   3.20  103.50 6.662+1 0.0 0.000+0
   304                    0.4000 3.121+1 1.451+2  0.22   3.10  103.50 6.172+1 0.0 0.000+0
   305                    0.5000 3.128+1 1.301+2  0.24   2.99  103.49 5.694+1 0.0 0.000+0
   306                    0.6000 3.134+1 1.160+2  0.27   2.89  103.49 5.227+1 0.0 0.000+0
   307                    0.7000 3.140+1 1.026+2  0.31   2.78  103.48 4.772+1 0.0 0.000+0
   308                    0.8000 3.144+1 9.007+1  0.35   2.68  103.48 4.328+1 0.0 0.000+0
   309                    0.9000 3.149+1 7.828+1  0.40   2.57  103.47 3.895+1 0.0 0.000+0
   310 DNSTREAM           1.0000 3.152+1 6.721+1  0.47   2.46  103.46 3.474+1 0.0 0.000+0

 EXTERIOR NODES
  Node  Node Identifier        QE1     YE1    Elev    Storage    Storage
    U1 UPSTREAM          1.000E+01   2.509 103.509
    D1 DNSTREAM          1.044E+01   3.502 103.502
    U2 UPSTREAM          2.000E+01   2.530 103.530
    D2 DNSTREAM          2.044E+01   3.502 103.502
    U3 UPSTREAM          3.088E+01   3.502 103.502
    D3 DNSTREAM          3.152E+01   2.456 103.456
 Balance 1: S1=1.593E+06 S2=1.631E+06 BNI=1.438E+07 BNQ=1.434E+07 TAQ=0.000E+00 WSI=0.000E+00 WSQ=0.000E+00
 Bal diff=BAL=S2-S1-BNI-TAQ+BNQ-WSI+WSQ= 1.338E+01    Rel bal=BAL/(S2+BNQ)= 8.376E-07

 SIMULATION ending at  1990/ 1/ 1:22.0000000.  Time step=   450.00 sec
 ITER RCORECT  BRA   NODE   MXRES  LOC  SUMSQR NUMGT
    1 1.2E-03    3    310 4.6E-02   41 3.4E-02     0
 CSUR= 0.0E+00 AT ND=   0:     0 RLTQ= 0.0E+00 AT ND=   0:     0 DT/ITER=   257.1

 RESULTS at time          79200. JTIME =     47892.9166666671

 BRANCH NUMBER =     1
  Node  Node Identifier     Stat    Flow    Area   Vel  Depth    Elev     Top  Fr Lat Inf
   100 UPSTREAM           0.0000 1.000+1 6.904+1  0.14   2.51  103.51 3.505+1 0.0 0.000+0
   101                    0.1000 1.004+1 7.253+1  0.14   2.61  103.51 3.565+1 0.0 0.000+0
   102                    0.2000 1.008+1 7.609+1  0.13   2.71  103.51 3.624+1 0.0 0.000+0
   103                    0.3000 1.012+1 7.971+1  0.13   2.81  103.51 3.683+1 0.0 0.000+0
   104                    0.4000 1.016+1 8.339+1  0.12   2.90  103.50 3.743+1 0.0 0.000+0
   105                    0.5000 1.020+1 8.714+1  0.12   3.00  103.50 3.802+1 0.0 0.000+0
   106                    0.6000 1.024+1 9.095+1  0.11   3.10  103.50 3.862+1 0.0 0.000+0
   107                    0.7000 1.029+1 9.482+1  0.11   3.20  103.50 3.922+1 0.0 0.000+0
   108                    0.8000 1.033+1 9.875+1  0.10   3.30  103.50 3.981+1 0.0 0.000+0
   109                    0.9000 1.037+1 1.027+2  0.10   3.40  103.50 4.041+1 0.0 0.000+0
   110 DNSTREAM           1.0000 1.042+1 1.068+2  0.10   3.50  103.50 4.101+1 0.0 0.000+0

 BRANCH NUMBER =     2
  Node  Node Identifier     Stat    Flow    Area   Vel  Depth    Elev     Top  Fr Lat Inf
   200 UPSTREAM           0.0000 2.000+1 6.978+1  0.29   2.53  103.53 3.518+1 0.0 0.000+0
   201                    0.1000 2.004+1 7.316+1  0.27   2.62  103.52 3.575+1 0.0 0.000+0
   202                    0.2000 2.008+1 7.662+1  0.26   2.72  103.52 3.633+1 0.0 0.000+0
   203                    0.3000 2.012+1 8.015+1  0.25   2.82  103.52 3.691+1 0.0 0.000+0
   204                    0.4000 2.016+1 8.375+1  0.24   2.91  103.51 3.749+1 0.0 0.000+0
   205                    0.5000 2.020+1 8.742+1  0.23   3.01  103.51 3.807+1 0.0 0.000+0
   206                    0.6000 2.024+1 9.117+1  0.22   3.11  103.51 3.865+1 0.0 0.000+0
   207                    0.7000 2.029+1 9.497+1  0.21   3.21  103.51 3.924+1 0.0 0.000+0
   208                    0.8000 2.033+1 9.885+1  0.21   3.30  103.50 3.983+1 0.0 0.000+0
   209                    0.9000 2.037+1 1.028+2  0.20   3.40  103.50 4.042+1 0.0 0.000+0
   210 DNSTREAM           1.0000 2.042+1 1.068+2  0.19   3.50  103.50 4.101+1 0.0 0.000+0

 BRANCH NUMBER =     3
  Node  Node Identifier     Stat    Flow    Area   Vel  Depth    Elev     Top  Fr Lat Inf
   300 UPSTREAM           0.0000 3.083+1 2.136+2  0.14   3.50  103.50 8.201+1 0.0 0.000+0
   301                    0.1000 3.092+1 1.951+2  0.16   3.40  103.50 7.676+1 0.0 0.000+0
   302                    0.2000 3.100+1 1.775+2  0.17   3.30  103.50 7.163+1 0.0 0.000+0
   303                    0.3000 3.108+1 1.608+2  0.19   3.20  103.50 6.661+1 0.0 0.000+0
   304                    0.4000 3.115+1 1.450+2  0.21   3.09  103.49 6.171+1 0.0 0.000+0
   305                    0.5000 3.121+1 1.300+2  0.24   2.99  103.49 5.693+1 0.0 0.000+0
   306                    0.6000 3.127+1 1.159+2  0.27   2.89  103.49 5.226+1 0.0 0.000+0
   307                    0.7000 3.132+1 1.026+2  0.31   2.78  103.48 4.771+1 0.0 0.000+0
   308                    0.8000 3.137+1 9.003+1  0.35   2.68  103.48 4.327+1 0.0 0.000+0
   309                    0.9000 3.141+1 7.824+1  0.40   2.57  103.47 3.895+1 0.0 0.000+0
   310 DNSTREAM           1.0000 3.144+1 6.718+1  0.47   2.46  103.46 3.473+1 0.0 0.000+0

 EXTERIOR NODES
  Node  Node Identifier        QE1     YE1    Elev    Storage    Storage
    U1 UPSTREAM          1.000E+01   2.508 103.508
    D1 DNSTREAM          1.042E+01   3.501 103.501
    U2 UPSTREAM          2.000E+01   2.529 103.529
    D2 DNSTREAM          2.042E+01   3.501 103.501
    U3 UPSTREAM          3.083E+01   3.501 103.501
    D3 DNSTREAM          3.144E+01   2.455 103.455
 Balance 1: S1=1.593E+06 S2=1.630E+06 BNI=1.439E+07 BNQ=1.435E+07 TAQ=0.000E+00 WSI=0.000E+00 WSQ=0.000E+00
 Bal diff=BAL=S2-S1-BNI-TAQ+BNQ-WSI+WSQ= 1.337E+01    Rel bal=BAL/(S2+BNQ)= 8.367E-07

 SIMULATION ending at  1990/ 1/ 1:22.1250000.  Time step=   450.00 sec
 ITER RCORECT  BRA   NODE   MXRES  LOC  SUMSQR NUMGT
    1 1.1E-03    3    310 4.3E-02   43 3.2E-02     0
 CSUR= 0.0E+00 AT ND=   0:     0 RLTQ= 0.0E+00 AT ND=   0:     0 DT/ITER=   257.8

 RESULTS at time          79650. JTIME =     47892.9218750004

 BRANCH NUMBER =     1
  Node  Node Identifier     Stat    Flow    Area   Vel  Depth    Elev     Top  Fr Lat Inf
   100 UPSTREAM           0.0000 1.000+1 6.901+1  0.14   2.51  103.51 3.505+1 0.0 0.000+0
   101                    0.1000 1.004+1 7.250+1  0.14   2.61  103.51 3.564+1 0.0 0.000+0
   102                    0.2000 1.007+1 7.606+1  0.13   2.71  103.51 3.623+1 0.0 0.000+0
   103                    0.3000 1.011+1 7.968+1  0.13   2.80  103.50 3.683+1 0.0 0.000+0
   104                    0.4000 1.015+1 8.336+1  0.12   2.90  103.50 3.742+1 0.0 0.000+0
   105                    0.5000 1.019+1 8.711+1  0.12   3.00  103.50 3.802+1 0.0 0.000+0
   106                    0.6000 1.023+1 9.091+1  0.11   3.10  103.50 3.862+1 0.0 0.000+0
   107                    0.7000 1.027+1 9.478+1  0.11   3.20  103.50 3.921+1 0.0 0.000+0
   108                    0.8000 1.031+1 9.871+1  0.10   3.30  103.50 3.981+1 0.0 0.000+0
   109                    0.9000 1.035+1 1.027+2  0.10   3.40  103.50 4.040+1 0.0 0.000+0
   110 DNSTREAM           1.0000 1.040+1 1.068+2  0.10   3.50  103.50 4.100+1 0.0 0.000+0

 BRANCH NUMBER =     2
  Node  Node Identifier     Stat    Flow    Area   Vel  Depth    Elev     Top  Fr Lat Inf
   200 UPSTREAM           0.0000 2.000+1 6.975+1  0.29   2.53  103.53 3.517+1 0.0 0.000+0
   201                    0.1000 2.004+1 7.313+1  0.27   2.62  103.52 3.575+1 0.0 0.000+0
   202                    0.2000 2.007+1 7.659+1  0.26   2.72  103.52 3.632+1 0.0 0.000+0
   203                    0.3000 2.011+1 8.012+1  0.25   2.82  103.52 3.690+1 0.0 0.000+0
   204                    0.4000 2.015+1 8.372+1  0.24   2.91  103.51 3.748+1 0.0 0.000+0
   205                    0.5000 2.019+1 8.739+1  0.23   3.01  103.51 3.806+1 0.0 0.000+0
   206                    0.6000 2.023+1 9.113+1  0.22   3.11  103.51 3.865+1 0.0 0.000+0
   207                    0.7000 2.027+1 9.494+1  0.21   3.21  103.51 3.924+1 0.0 0.000+0
   208                    0.8000 2.031+1 9.881+1  0.21   3.30  103.50 3.982+1 0.0 0.000+0
   209                    0.9000 2.035+1 1.028+2  0.20   3.40  103.50 4.041+1 0.0 0.000+0
   210 DNSTREAM           1.0000 2.040+1 1.068+2  0.19   3.50  103.50 4.100+1 0.0 0.000+0

 BRANCH NUMBER =     3
  Node  Node Identifier     Stat    Flow    Area   Vel  Depth    Elev     Top  Fr Lat Inf
   300 UPSTREAM           0.0000 3.079+1 2.135+2  0.14   3.50  103.50 8.200+1 0.0 0.000+0
   301                    0.1000 3.087+1 1.950+2  0.16   3.40  103.50 7.675+1 0.0 0.000+0
   302                    0.2000 3.095+1 1.775+2  0.17   3.30  103.50 7.162+1 0.0 0.000+0
   303                    0.3000 3.102+1 1.608+2  0.19   3.20  103.50 6.660+1 0.0 0.000+0
   304                    0.4000 3.108+1 1.450+2  0.21   3.09  103.49 6.170+1 0.0 0.000+0
   305                    0.5000 3.114+1 1.300+2  0.24   2.99  103.49 5.692+1 0.0 0.000+0
   306                    0.6000 3.120+1 1.159+2  0.27   2.89  103.49 5.226+1 0.0 0.000+0
   307                    0.7000 3.125+1 1.025+2  0.30   2.78  103.48 4.771+1 0.0 0.000+0
   308                    0.8000 3.129+1 9.000+1  0.35   2.68  103.48 4.327+1 0.0 0.000+0
   309                    0.9000 3.133+1 7.821+1  0.40   2.57  103.47 3.894+1 0.0 0.000+0
   310 DNSTREAM           1.0000 3.136+1 6.716+1  0.47   2.45  103.45 3.473+1 0.0 0.000+0

 EXTERIOR NODES
  Node  Node Identifier        QE1     YE1    Elev    Storage    Storage
    U1 UPSTREAM          1.000E+01   2.507 103.507
    D1 DNSTREAM          1.040E+01   3.500 103.500
    U2 UPSTREAM          2.000E+01   2.528 103.528
    D2 DNSTREAM          2.040E+01   3.500 103.500
    U3 UPSTREAM          3.079E+01   3.500 103.500
    D3 DNSTREAM          3.136E+01   2.454 103.454
 Balance 1: S1=1.593E+06 S2=1.629E+06 BNI=1.440E+07 BNQ=1.437E+07 TAQ=0.000E+00 WSI=0.000E+00 WSQ=0.000E+00
 Bal diff=BAL=S2-S1-BNI-TAQ+BNQ-WSI+WSQ= 1.338E+01    Rel bal=BAL/(S2+BNQ)= 8.362E-07

 SIMULATION ending at  1990/ 1/ 1:22.2500000.  Time step=   450.00 sec
 ITER RCORECT  BRA   NODE   MXRES  LOC  SUMSQR NUMGT
    1 1.1E-03    3    310 4.2E-02   43 2.8E-02     0
 CSUR= 0.0E+00 AT ND=   0:     0 RLTQ= 0.0E+00 AT ND=   0:     0 DT/ITER=   258.4

 RESULTS at time          80100. JTIME =     47892.9270833338

 BRANCH NUMBER =     1
  Node  Node Identifier     Stat    Flow    Area   Vel  Depth    Elev     Top  Fr Lat Inf
   100 UPSTREAM           0.0000 1.000+1 6.898+1  0.14   2.51  103.51 3.504+1 0.0 0.000+0
   101                    0.1000 1.003+1 7.247+1  0.14   2.61  103.51 3.563+1 0.0 0.000+0
   102                    0.2000 1.007+1 7.603+1  0.13   2.70  103.50 3.623+1 0.0 0.000+0
   103                    0.3000 1.011+1 7.965+1  0.13   2.80  103.50 3.682+1 0.0 0.000+0
   104                    0.4000 1.014+1 8.333+1  0.12   2.90  103.50 3.742+1 0.0 0.000+0
   105                    0.5000 1.018+1 8.707+1  0.12   3.00  103.50 3.801+1 0.0 0.000+0
   106                    0.6000 1.022+1 9.088+1  0.11   3.10  103.50 3.861+1 0.0 0.000+0
   107                    0.7000 1.026+1 9.475+1  0.11   3.20  103.50 3.921+1 0.0 0.000+0
   108                    0.8000 1.029+1 9.868+1  0.10   3.30  103.50 3.980+1 0.0 0.000+0
   109                    0.9000 1.033+1 1.027+2  0.10   3.40  103.50 4.040+1 0.0 0.000+0
   110 DNSTREAM           1.0000 1.037+1 1.067+2  0.10   3.50  103.50 4.100+1 0.0 0.000+0

 BRANCH NUMBER =     2
  Node  Node Identifier     Stat    Flow    Area   Vel  Depth    Elev     Top  Fr Lat Inf
   200 UPSTREAM           0.0000 2.000+1 6.972+1  0.29   2.53  103.53 3.517+1 0.0 0.000+0
   201                    0.1000 2.003+1 7.310+1  0.27   2.62  103.52 3.574+1 0.0 0.000+0
   202                    0.2000 2.007+1 7.656+1  0.26   2.72  103.52 3.632+1 0.0 0.000+0
   203                    0.3000 2.011+1 8.009+1  0.25   2.82  103.52 3.690+1 0.0 0.000+0
   204                    0.4000 2.014+1 8.369+1  0.24   2.91  103.51 3.748+1 0.0 0.000+0
   205                    0.5000 2.018+1 8.736+1  0.23   3.01  103.51 3.806+1 0.0 0.000+0
   206                    0.6000 2.022+1 9.110+1  0.22   3.11  103.51 3.864+1 0.0 0.000+0
   207                    0.7000 2.026+1 9.490+1  0.21   3.20  103.50 3.923+1 0.0 0.000+0
   208                    0.8000 2.029+1 9.878+1  0.21   3.30  103.50 3.982+1 0.0 0.000+0
   209                    0.9000 2.033+1 1.027+2  0.20   3.40  103.50 4.041+1 0.0 0.000+0
   210 DNSTREAM           1.0000 2.037+1 1.067+2  0.19   3.50  103.50 4.100+1 0.0 0.000+0

 BRANCH NUMBER =     3
  Node  Node Identifier     Stat    Flow    Area   Vel  Depth    Elev     Top  Fr Lat Inf
   300 UPSTREAM           0.0000 3.075+1 2.134+2  0.14   3.50  103.50 8.199+1 0.0 0.000+0
   301                    0.1000 3.082+1 1.950+2  0.16   3.40  103.50 7.674+1 0.0 0.000+0
   302                    0.2000 3.090+1 1.774+2  0.17   3.30  103.50 7.161+1 0.0 0.000+0
   303                    0.3000 3.096+1 1.607+2  0.19   3.20  103.50 6.659+1 0.0 0.000+0
   304                    0.4000 3.103+1 1.449+2  0.21   3.09  103.49 6.170+1 0.0 0.000+0
   305                    0.5000 3.108+1 1.300+2  0.24   2.99  103.49 5.691+1 0.0 0.000+0
   306                    0.6000 3.113+1 1.158+2  0.27   2.89  103.49 5.225+1 0.0 0.000+0
   307                    0.7000 3.118+1 1.025+2  0.30   2.78  103.48 4.770+1 0.0 0.000+0
   308                    0.8000 3.122+1 8.996+1  0.35   2.68  103.48 4.326+1 0.0 0.000+0
   309                    0.9000 3.126+1 7.818+1  0.40   2.57  103.47 3.894+1 0.0 0.000+0
   310 DNSTREAM           1.0000 3.129+1 6.713+1  0.47   2.45  103.45 3.472+1 0.0 0.000+0

 EXTERIOR NODES
  Node  Node Identifier        QE1     YE1    Elev    Storage    Storage
    U1 UPSTREAM          1.000E+01   2.507 103.507
    D1 DNSTREAM          1.037E+01   3.499 103.499
    U2 UPSTREAM          2.000E+01   2.528 103.528
    D2 DNSTREAM          2.037E+01   3.499 103.499
    U3 UPSTREAM          3.075E+01   3.499 103.499
    D3 DNSTREAM          3.129E+01   2.454 103.454
 Balance 1: S1=1.593E+06 S2=1.629E+06 BNI=1.442E+07 BNQ=1.438E+07 TAQ=0.000E+00 WSI=0.000E+00 WSQ=0.000E+00
 Bal diff=BAL=S2-S1-BNI-TAQ+BNQ-WSI+WSQ= 1.337E+01    Rel bal=BAL/(S2+BNQ)= 8.351E-07

 SIMULATION ending at  1990/ 1/ 1:22.3750000.  Time step=   450.00 sec
 ITER RCORECT  BRA   NODE   MXRES  LOC  SUMSQR NUMGT
    1 1.0E-03    3    310 4.0E-02   43 2.6E-02     0
 CSUR= 0.0E+00 AT ND=   0:     0 RLTQ= 0.0E+00 AT ND=   0:     0 DT/ITER=   259.0

 RESULTS at time          80550. JTIME =     47892.9322916671

 BRANCH NUMBER =     1
  Node  Node Identifier     Stat    Flow    Area   Vel  Depth    Elev     Top  Fr Lat Inf
   100 UPSTREAM           0.0000 1.000+1 6.895+1  0.15   2.51  103.51 3.504+1 0.0 0.000+0
   101                    0.1000 1.003+1 7.244+1  0.14   2.60  103.50 3.563+1 0.0 0.000+0
   102                    0.2000 1.007+1 7.600+1  0.13   2.70  103.50 3.622+1 0.0 0.000+0
   103                    0.3000 1.010+1 7.962+1  0.13   2.80  103.50 3.682+1 0.0 0.000+0
   104                    0.4000 1.013+1 8.330+1  0.12   2.90  103.50 3.741+1 0.0 0.000+0
   105                    0.5000 1.017+1 8.704+1  0.12   3.00  103.50 3.801+1 0.0 0.000+0
   106                    0.6000 1.021+1 9.085+1  0.11   3.10  103.50 3.860+1 0.0 0.000+0
   107                    0.7000 1.024+1 9.472+1  0.11   3.20  103.50 3.920+1 0.0 0.000+0
   108                    0.8000 1.028+1 9.865+1  0.10   3.30  103.50 3.980+1 0.0 0.000+0
   109                    0.9000 1.032+1 1.026+2  0.10   3.40  103.50 4.039+1 0.0 0.000+0
   110 DNSTREAM           1.0000 1.035+1 1.067+2  0.10   3.50  103.50 4.099+1 0.0 0.000+0

 BRANCH NUMBER =     2
  Node  Node Identifier     Stat    Flow    Area   Vel  Depth    Elev     Top  Fr Lat Inf
   200 UPSTREAM           0.0000 2.000+1 6.969+1  0.29   2.53  103.53 3.516+1 0.0 0.000+0
   201                    0.1000 2.003+1 7.307+1  0.27   2.62  103.52 3.574+1 0.0 0.000+0
   202                    0.2000 2.007+1 7.653+1  0.26   2.72  103.52 3.631+1 0.0 0.000+0
   203                    0.3000 2.010+1 8.006+1  0.25   2.81  103.51 3.689+1 0.0 0.000+0
   204                    0.4000 2.013+1 8.366+1  0.24   2.91  103.51 3.747+1 0.0 0.000+0
   205                    0.5000 2.017+1 8.733+1  0.23   3.01  103.51 3.805+1 0.0 0.000+0
   206                    0.6000 2.021+1 9.107+1  0.22   3.11  103.51 3.864+1 0.0 0.000+0
   207                    0.7000 2.024+1 9.487+1  0.21   3.20  103.50 3.923+1 0.0 0.000+0
   208                    0.8000 2.028+1 9.875+1  0.21   3.30  103.50 3.981+1 0.0 0.000+0
   209                    0.9000 2.032+1 1.027+2  0.20   3.40  103.50 4.040+1 0.0 0.000+0
   210 DNSTREAM           1.0000 2.035+1 1.067+2  0.19   3.50  103.50 4.099+1 0.0 0.000+0

 BRANCH NUMBER =     3
  Node  Node Identifier     Stat    Flow    Area   Vel  Depth    Elev     Top  Fr Lat Inf
   300 UPSTREAM           0.0000 3.071+1 2.134+2  0.14   3.50  103.50 8.198+1 0.0 0.000+0
   301                    0.1000 3.078+1 1.949+2  0.16   3.40  103.50 7.673+1 0.0 0.000+0
   302                    0.2000 3.085+1 1.773+2  0.17   3.30  103.50 7.160+1 0.0 0.000+0
   303                    0.3000 3.091+1 1.607+2  0.19   3.19  103.49 6.658+1 0.0 0.000+0
   304                    0.4000 3.097+1 1.449+2  0.21   3.09  103.49 6.169+1 0.0 0.000+0
   305                    0.5000 3.102+1 1.299+2  0.24   2.99  103.49 5.691+1 0.0 0.000+0
   306                    0.6000 3.107+1 1.158+2  0.27   2.89  103.49 5.224+1 0.0 0.000+0
   307                    0.7000 3.112+1 1.025+2  0.30   2.78  103.48 4.769+1 0.0 0.000+0
   308                    0.8000 3.116+1 8.993+1  0.35   2.67  103.47 4.326+1 0.0 0.000+0
   309                    0.9000 3.119+1 7.816+1  0.40   2.57  103.47 3.893+1 0.0 0.000+0
   310 DNSTREAM           1.0000 3.122+1 6.711+1  0.47   2.45  103.45 3.472+1 0.0 0.000+0

 EXTERIOR NODES
  Node  Node Identifier        QE1     YE1    Elev    Storage    Storage
    U1 UPSTREAM          1.000E+01   2.506 103.506
    D1 DNSTREAM          1.035E+01   3.499 103.499
    U2 UPSTREAM          2.000E+01   2.527 103.527
    D2 DNSTREAM          2.035E+01   3.499 103.499
    U3 UPSTREAM          3.071E+01   3.499 103.499
    D3 DNSTREAM          3.122E+01   2.453 103.453
 Balance 1: S1=1.593E+06 S2=1.628E+06 BNI=1.443E+07 BNQ=1.440E+07 TAQ=0.000E+00 WSI=0.000E+00 WSQ=0.000E+00
 Bal diff=BAL=S2-S1-BNI-TAQ+BNQ-WSI+WSQ= 1.338E+01    Rel bal=BAL/(S2+BNQ)= 8.348E-07

 SIMULATION ending at  1990/ 1/ 1:22.5000000.  Time step=   450.00 sec
 ITER RCORECT  BRA   NODE   MXRES  LOC  SUMSQR NUMGT
    1 9.6E-04    3    310 3.6E-02   43 2.2E-02     0
 CSUR= 0.0E+00 AT ND=   0:     0 RLTQ= 0.0E+00 AT ND=   0:     0 DT/ITER=   259.6

 RESULTS at time          81000. JTIME =     47892.9375000004

 BRANCH NUMBER =     1
  Node  Node Identifier     Stat    Flow    Area   Vel  Depth    Elev     Top  Fr Lat Inf
   100 UPSTREAM           0.0000 1.000+1 6.892+1  0.15   2.51  103.51 3.503+1 0.0 0.000+0
   101                    0.1000 1.003+1 7.241+1  0.14   2.60  103.50 3.563+1 0.0 0.000+0
   102                    0.2000 1.006+1 7.597+1  0.13   2.70  103.50 3.622+1 0.0 0.000+0
   103                    0.3000 1.009+1 7.959+1  0.13   2.80  103.50 3.681+1 0.0 0.000+0
   104                    0.4000 1.013+1 8.327+1  0.12   2.90  103.50 3.741+1 0.0 0.000+0
   105                    0.5000 1.016+1 8.701+1  0.12   3.00  103.50 3.800+1 0.0 0.000+0
   106                    0.6000 1.019+1 9.082+1  0.11   3.10  103.50 3.860+1 0.0 0.000+0
   107                    0.7000 1.023+1 9.469+1  0.11   3.20  103.50 3.920+1 0.0 0.000+0
   108                    0.8000 1.026+1 9.862+1  0.10   3.30  103.50 3.979+1 0.0 0.000+0
   109                    0.9000 1.030+1 1.026+2  0.10   3.40  103.50 4.039+1 0.0 0.000+0
   110 DNSTREAM           1.0000 1.033+1 1.067+2  0.10   3.50  103.50 4.099+1 0.0 0.000+0

 BRANCH NUMBER =     2
  Node  Node Identifier     Stat    Flow    Area   Vel  Depth    Elev     Top  Fr Lat Inf
   200 UPSTREAM           0.0000 2.000+1 6.966+1  0.29   2.53  103.53 3.516+1 0.0 0.000+0
   201                    0.1000 2.003+1 7.304+1  0.27   2.62  103.52 3.573+1 0.0 0.000+0
   202                    0.2000 2.006+1 7.650+1  0.26   2.72  103.52 3.631+1 0.0 0.000+0
   203                    0.3000 2.009+1 8.003+1  0.25   2.81  103.51 3.689+1 0.0 0.000+0
   204                    0.4000 2.013+1 8.363+1  0.24   2.91  103.51 3.747+1 0.0 0.000+0
   205                    0.5000 2.016+1 8.730+1  0.23   3.01  103.51 3.805+1 0.0 0.000+0
   206                    0.6000 2.019+1 9.104+1  0.22   3.11  103.51 3.863+1 0.0 0.000+0
   207                    0.7000 2.023+1 9.484+1  0.21   3.20  103.50 3.922+1 0.0 0.000+0
   208                    0.8000 2.026+1 9.872+1  0.21   3.30  103.50 3.981+1 0.0 0.000+0
   209                    0.9000 2.030+1 1.027+2  0.20   3.40  103.50 4.040+1 0.0 0.000+0
   210 DNSTREAM           1.0000 2.033+1 1.067+2  0.19   3.50  103.50 4.099+1 0.0 0.000+0

 BRANCH NUMBER =     3
  Node  Node Identifier     Stat    Flow    Area   Vel  Depth    Elev     Top  Fr Lat Inf
   300 UPSTREAM           0.0000 3.067+1 2.133+2  0.14   3.50  103.50 8.197+1 0.0 0.000+0
   301                    0.1000 3.074+1 1.948+2  0.16   3.40  103.50 7.672+1 0.0 0.000+0
   302                    0.2000 3.080+1 1.773+2  0.17   3.30  103.50 7.159+1 0.0 0.000+0
   303                    0.3000 3.086+1 1.606+2  0.19   3.19  103.49 6.658+1 0.0 0.000+0
   304                    0.4000 3.092+1 1.448+2  0.21   3.09  103.49 6.168+1 0.0 0.000+0
   305                    0.5000 3.097+1 1.299+2  0.24   2.99  103.49 5.690+1 0.0 0.000+0
   306                    0.6000 3.101+1 1.157+2  0.27   2.89  103.49 5.224+1 0.0 0.000+0
   307                    0.7000 3.106+1 1.024+2  0.30   2.78  103.48 4.769+1 0.0 0.000+0
   308                    0.8000 3.109+1 8.990+1  0.35   2.67  103.47 4.325+1 0.0 0.000+0
   309                    0.9000 3.113+1 7.813+1  0.40   2.56  103.46 3.893+1 0.0 0.000+0
   310 DNSTREAM           1.0000 3.115+1 6.709+1  0.46   2.45  103.45 3.472+1 0.0 0.000+0

 EXTERIOR NODES
  Node  Node Identifier        QE1     YE1    Elev    Storage    Storage
    U1 UPSTREAM          1.000E+01   2.505 103.505
    D1 DNSTREAM          1.033E+01   3.498 103.498
    U2 UPSTREAM          2.000E+01   2.526 103.526
    D2 DNSTREAM          2.033E+01   3.498 103.498
    U3 UPSTREAM          3.067E+01   3.498 103.498
    D3 DNSTREAM          3.115E+01   2.452 103.452
 Balance 1: S1=1.593E+06 S2=1.628E+06 BNI=1.445E+07 BNQ=1.441E+07 TAQ=0.000E+00 WSI=0.000E+00 WSQ=0.000E+00
 Bal diff=BAL=S2-S1-BNI-TAQ+BNQ-WSI+WSQ= 1.336E+01    Rel bal=BAL/(S2+BNQ)= 8.331E-07

 SIMULATION ending at  1990/ 1/ 1:22.6250000.  Time step=   450.00 sec
 ITER RCORECT  BRA   NODE   MXRES  LOC  SUMSQR NUMGT
    1 9.1E-04    3    310 3.5E-02   41 2.0E-02     0
 CSUR= 0.0E+00 AT ND=   0:     0 RLTQ= 0.0E+00 AT ND=   0:     0 DT/ITER=   260.2

 RESULTS at time          81450. JTIME =     47892.9427083338

 BRANCH NUMBER =     1
  Node  Node Identifier     Stat    Flow    Area   Vel  Depth    Elev     Top  Fr Lat Inf
   100 UPSTREAM           0.0000 1.000+1 6.890+1  0.15   2.50  103.50 3.503+1 0.0 0.000+0
   101                    0.1000 1.003+1 7.239+1  0.14   2.60  103.50 3.562+1 0.0 0.000+0
   102                    0.2000 1.006+1 7.594+1  0.13   2.70  103.50 3.622+1 0.0 0.000+0
   103                    0.3000 1.009+1 7.956+1  0.13   2.80  103.50 3.681+1 0.0 0.000+0
   104                    0.4000 1.012+1 8.324+1  0.12   2.90  103.50 3.740+1 0.0 0.000+0
   105                    0.5000 1.015+1 8.698+1  0.12   3.00  103.50 3.800+1 0.0 0.000+0
   106                    0.6000 1.018+1 9.079+1  0.11   3.10  103.50 3.860+1 0.0 0.000+0
   107                    0.7000 1.022+1 9.466+1  0.11   3.20  103.50 3.919+1 0.0 0.000+0
   108                    0.8000 1.025+1 9.859+1  0.10   3.30  103.50 3.979+1 0.0 0.000+0
   109                    0.9000 1.028+1 1.026+2  0.10   3.40  103.50 4.039+1 0.0 0.000+0
   110 DNSTREAM           1.0000 1.032+1 1.066+2  0.10   3.50  103.50 4.098+1 0.0 0.000+0

 BRANCH NUMBER =     2
  Node  Node Identifier     Stat    Flow    Area   Vel  Depth    Elev     Top  Fr Lat Inf
   200 UPSTREAM           0.0000 2.000+1 6.964+1  0.29   2.53  103.53 3.515+1 0.0 0.000+0
   201                    0.1000 2.003+1 7.302+1  0.27   2.62  103.52 3.573+1 0.0 0.000+0
   202                    0.2000 2.006+1 7.647+1  0.26   2.72  103.52 3.630+1 0.0 0.000+0
   203                    0.3000 2.009+1 8.000+1  0.25   2.81  103.51 3.688+1 0.0 0.000+0
   204                    0.4000 2.012+1 8.360+1  0.24   2.91  103.51 3.746+1 0.0 0.000+0
   205                    0.5000 2.015+1 8.727+1  0.23   3.01  103.51 3.805+1 0.0 0.000+0
   206                    0.6000 2.018+1 9.101+1  0.22   3.10  103.50 3.863+1 0.0 0.000+0
   207                    0.7000 2.022+1 9.481+1  0.21   3.20  103.50 3.922+1 0.0 0.000+0
   208                    0.8000 2.025+1 9.869+1  0.21   3.30  103.50 3.980+1 0.0 0.000+0
   209                    0.9000 2.028+1 1.026+2  0.20   3.40  103.50 4.039+1 0.0 0.000+0
   210 DNSTREAM           1.0000 2.032+1 1.066+2  0.19   3.50  103.50 4.098+1 0.0 0.000+0

 BRANCH NUMBER =     3
  Node  Node Identifier     Stat    Flow    Area   Vel  Depth    Elev     Top  Fr Lat Inf
   300 UPSTREAM           0.0000 3.063+1 2.133+2  0.14   3.50  103.50 8.196+1 0.0 0.000+0
   301                    0.1000 3.070+1 1.948+2  0.16   3.40  103.50 7.671+1 0.0 0.000+0
   302                    0.2000 3.076+1 1.772+2  0.17   3.29  103.49 7.158+1 0.0 0.000+0
   303                    0.3000 3.082+1 1.606+2  0.19   3.19  103.49 6.657+1 0.0 0.000+0
   304                    0.4000 3.087+1 1.448+2  0.21   3.09  103.49 6.167+1 0.0 0.000+0
   305                    0.5000 3.092+1 1.298+2  0.24   2.99  103.49 5.689+1 0.0 0.000+0
   306                    0.6000 3.096+1 1.157+2  0.27   2.88  103.48 5.223+1 0.0 0.000+0
   307                    0.7000 3.100+1 1.024+2  0.30   2.78  103.48 4.768+1 0.0 0.000+0
   308                    0.8000 3.103+1 8.987+1  0.35   2.67  103.47 4.325+1 0.0 0.000+0
   309                    0.9000 3.107+1 7.810+1  0.40   2.56  103.46 3.893+1 0.0 0.000+0
   310 DNSTREAM           1.0000 3.109+1 6.707+1  0.46   2.45  103.45 3.471+1 0.0 0.000+0

 EXTERIOR NODES
  Node  Node Identifier        QE1     YE1    Elev    Storage    Storage
    U1 UPSTREAM          1.000E+01   2.504 103.504
    D1 DNSTREAM          1.032E+01   3.497 103.497
    U2 UPSTREAM          2.000E+01   2.525 103.525
    D2 DNSTREAM          2.032E+01   3.497 103.497
    U3 UPSTREAM          3.063E+01   3.497 103.497
    D3 DNSTREAM          3.109E+01   2.452 103.452
 Balance 1: S1=1.593E+06 S2=1.627E+06 BNI=1.446E+07 BNQ=1.442E+07 TAQ=0.000E+00 WSI=0.000E+00 WSQ=0.000E+00
 Bal diff=BAL=S2-S1-BNI-TAQ+BNQ-WSI+WSQ= 1.336E+01    Rel bal=BAL/(S2+BNQ)= 8.320E-07

 SIMULATION ending at  1990/ 1/ 1:22.7500000.  Time step=   450.00 sec
 ITER RCORECT  BRA   NODE   MXRES  LOC  SUMSQR NUMGT
    1 8.6E-04    3    310 3.3E-02   43 1.9E-02     0
 CSUR= 0.0E+00 AT ND=   0:     0 RLTQ= 0.0E+00 AT ND=   0:     0 DT/ITER=   260.8

 RESULTS at time          81900. JTIME =     47892.9479166671

 BRANCH NUMBER =     1
  Node  Node Identifier     Stat    Flow    Area   Vel  Depth    Elev     Top  Fr Lat Inf
   100 UPSTREAM           0.0000 1.000+1 6.887+1  0.15   2.50  103.50 3.502+1 0.0 0.000+0
   101                    0.1000 1.003+1 7.236+1  0.14   2.60  103.50 3.562+1 0.0 0.000+0
   102                    0.2000 1.006+1 7.592+1  0.13   2.70  103.50 3.621+1 0.0 0.000+0
   103                    0.3000 1.008+1 7.954+1  0.13   2.80  103.50 3.681+1 0.0 0.000+0
   104                    0.4000 1.011+1 8.322+1  0.12   2.90  103.50 3.740+1 0.0 0.000+0
   105                    0.5000 1.014+1 8.696+1  0.12   3.00  103.50 3.800+1 0.0 0.000+0
   106                    0.6000 1.017+1 9.076+1  0.11   3.10  103.50 3.859+1 0.0 0.000+0
   107                    0.7000 1.020+1 9.463+1  0.11   3.20  103.50 3.919+1 0.0 0.000+0
   108                    0.8000 1.024+1 9.856+1  0.10   3.30  103.50 3.978+1 0.0 0.000+0
   109                    0.9000 1.027+1 1.026+2  0.10   3.40  103.50 4.038+1 0.0 0.000+0
   110 DNSTREAM           1.0000 1.030+1 1.066+2  0.10   3.50  103.50 4.098+1 0.0 0.000+0

 BRANCH NUMBER =     2
  Node  Node Identifier     Stat    Flow    Area   Vel  Depth    Elev     Top  Fr Lat Inf
   200 UPSTREAM           0.0000 2.000+1 6.961+1  0.29   2.52  103.52 3.515+1 0.0 0.000+0
   201                    0.1000 2.003+1 7.299+1  0.27   2.62  103.52 3.572+1 0.0 0.000+0
   202                    0.2000 2.006+1 7.645+1  0.26   2.72  103.52 3.630+1 0.0 0.000+0
   203                    0.3000 2.008+1 7.997+1  0.25   2.81  103.51 3.688+1 0.0 0.000+0
   204                    0.4000 2.011+1 8.357+1  0.24   2.91  103.51 3.746+1 0.0 0.000+0
   205                    0.5000 2.014+1 8.724+1  0.23   3.01  103.51 3.804+1 0.0 0.000+0
   206                    0.6000 2.017+1 9.098+1  0.22   3.10  103.50 3.863+1 0.0 0.000+0
   207                    0.7000 2.020+1 9.479+1  0.21   3.20  103.50 3.921+1 0.0 0.000+0
   208                    0.8000 2.024+1 9.866+1  0.21   3.30  103.50 3.980+1 0.0 0.000+0
   209                    0.9000 2.027+1 1.026+2  0.20   3.40  103.50 4.039+1 0.0 0.000+0
   210 DNSTREAM           1.0000 2.030+1 1.066+2  0.19   3.50  103.50 4.098+1 0.0 0.000+0

 BRANCH NUMBER =     3
  Node  Node Identifier     Stat    Flow    Area   Vel  Depth    Elev     Top  Fr Lat Inf
   300 UPSTREAM           0.0000 3.060+1 2.132+2  0.14   3.50  103.50 8.196+1 0.0 0.000+0
   301                    0.1000 3.066+1 1.947+2  0.16   3.40  103.50 7.671+1 0.0 0.000+0
   302                    0.2000 3.072+1 1.772+2  0.17   3.29  103.49 7.158+1 0.0 0.000+0
   303                    0.3000 3.077+1 1.605+2  0.19   3.19  103.49 6.656+1 0.0 0.000+0
   304                    0.4000 3.082+1 1.447+2  0.21   3.09  103.49 6.167+1 0.0 0.000+0
   305                    0.5000 3.087+1 1.298+2  0.24   2.99  103.49 5.689+1 0.0 0.000+0
   306                    0.6000 3.091+1 1.157+2  0.27   2.88  103.48 5.223+1 0.0 0.000+0
   307                    0.7000 3.095+1 1.024+2  0.30   2.78  103.48 4.768+1 0.0 0.000+0
   308                    0.8000 3.098+1 8.985+1  0.34   2.67  103.47 4.324+1 0.0 0.000+0
   309                    0.9000 3.101+1 7.808+1  0.40   2.56  103.46 3.892+1 0.0 0.000+0
   310 DNSTREAM           1.0000 3.103+1 6.705+1  0.46   2.45  103.45 3.471+1 0.0 0.000+0

 EXTERIOR NODES
  Node  Node Identifier        QE1     YE1    Elev    Storage    Storage
    U1 UPSTREAM          1.000E+01   2.504 103.504
    D1 DNSTREAM          1.030E+01   3.496 103.496
    U2 UPSTREAM          2.000E+01   2.525 103.525
    D2 DNSTREAM          2.030E+01   3.496 103.496
    U3 UPSTREAM          3.060E+01   3.496 103.496
    D3 DNSTREAM          3.103E+01   2.451 103.451
 Balance 1: S1=1.593E+06 S2=1.627E+06 BNI=1.447E+07 BNQ=1.444E+07 TAQ=0.000E+00 WSI=0.000E+00 WSQ=0.000E+00
 Bal diff=BAL=S2-S1-BNI-TAQ+BNQ-WSI+WSQ= 1.338E+01    Rel bal=BAL/(S2+BNQ)= 8.329E-07

 SIMULATION ending at  1990/ 1/ 1:22.8750000.  Time step=   450.00 sec
 ITER RCORECT  BRA   NODE   MXRES  LOC  SUMSQR NUMGT
    1 8.3E-04    3    310 3.2E-02   43 1.6E-02     0
 CSUR= 0.0E+00 AT ND=   0:     0 RLTQ= 0.0E+00 AT ND=   0:     0 DT/ITER=   261.4

 RESULTS at time          82350. JTIME =     47892.9531250004

 BRANCH NUMBER =     1
  Node  Node Identifier     Stat    Flow    Area   Vel  Depth    Elev     Top  Fr Lat Inf
   100 UPSTREAM           0.0000 1.000+1 6.885+1  0.15   2.50  103.50 3.502+1 0.0 0.000+0
   101                    0.1000 1.003+1 7.234+1  0.14   2.60  103.50 3.561+1 0.0 0.000+0
   102                    0.2000 1.005+1 7.589+1  0.13   2.70  103.50 3.621+1 0.0 0.000+0
   103                    0.3000 1.008+1 7.951+1  0.13   2.80  103.50 3.680+1 0.0 0.000+0
   104                    0.4000 1.011+1 8.319+1  0.12   2.90  103.50 3.740+1 0.0 0.000+0
   105                    0.5000 1.014+1 8.693+1  0.12   3.00  103.50 3.799+1 0.0 0.000+0
   106                    0.6000 1.016+1 9.074+1  0.11   3.10  103.50 3.859+1 0.0 0.000+0
   107                    0.7000 1.019+1 9.461+1  0.11   3.20  103.50 3.918+1 0.0 0.000+0
   108                    0.8000 1.022+1 9.853+1  0.10   3.30  103.50 3.978+1 0.0 0.000+0
   109                    0.9000 1.025+1 1.025+2  0.10   3.40  103.50 4.038+1 0.0 0.000+0
   110 DNSTREAM           1.0000 1.028+1 1.066+2  0.10   3.50  103.50 4.098+1 0.0 0.000+0

 BRANCH NUMBER =     2
  Node  Node Identifier     Stat    Flow    Area   Vel  Depth    Elev     Top  Fr Lat Inf
   200 UPSTREAM           0.0000 2.000+1 6.959+1  0.29   2.52  103.52 3.515+1 0.0 0.000+0
   201                    0.1000 2.003+1 7.297+1  0.27   2.62  103.52 3.572+1 0.0 0.000+0
   202                    0.2000 2.005+1 7.642+1  0.26   2.72  103.52 3.629+1 0.0 0.000+0
   203                    0.3000 2.008+1 7.995+1  0.25   2.81  103.51 3.687+1 0.0 0.000+0
   204                    0.4000 2.011+1 8.355+1  0.24   2.91  103.51 3.745+1 0.0 0.000+0
   205                    0.5000 2.014+1 8.722+1  0.23   3.01  103.51 3.804+1 0.0 0.000+0
   206                    0.6000 2.016+1 9.096+1  0.22   3.10  103.50 3.862+1 0.0 0.000+0
   207                    0.7000 2.019+1 9.476+1  0.21   3.20  103.50 3.921+1 0.0 0.000+0
   208                    0.8000 2.022+1 9.863+1  0.21   3.30  103.50 3.980+1 0.0 0.000+0
   209                    0.9000 2.025+1 1.026+2  0.20   3.40  103.50 4.039+1 0.0 0.000+0
   210 DNSTREAM           1.0000 2.028+1 1.066+2  0.19   3.50  103.50 4.098+1 0.0 0.000+0

 BRANCH NUMBER =     3
  Node  Node Identifier     Stat    Flow    Area   Vel  Depth    Elev     Top  Fr Lat Inf
   300 UPSTREAM           0.0000 3.057+1 2.131+2  0.14   3.50  103.50 8.195+1 0.0 0.000+0
   301                    0.1000 3.062+1 1.947+2  0.16   3.39  103.49 7.670+1 0.0 0.000+0
   302                    0.2000 3.068+1 1.771+2  0.17   3.29  103.49 7.157+1 0.0 0.000+0
   303                    0.3000 3.073+1 1.605+2  0.19   3.19  103.49 6.656+1 0.0 0.000+0
   304                    0.4000 3.078+1 1.447+2  0.21   3.09  103.49 6.166+1 0.0 0.000+0
   305                    0.5000 3.082+1 1.297+2  0.24   2.99  103.49 5.688+1 0.0 0.000+0
   306                    0.6000 3.086+1 1.156+2  0.27   2.88  103.48 5.222+1 0.0 0.000+0
   307                    0.7000 3.089+1 1.023+2  0.30   2.78  103.48 4.767+1 0.0 0.000+0
   308                    0.8000 3.093+1 8.982+1  0.34   2.67  103.47 4.324+1 0.0 0.000+0
   309                    0.9000 3.095+1 7.806+1  0.40   2.56  103.46 3.892+1 0.0 0.000+0
   310 DNSTREAM           1.0000 3.098+1 6.703+1  0.46   2.45  103.45 3.471+1 0.0 0.000+0

 EXTERIOR NODES
  Node  Node Identifier        QE1     YE1    Elev    Storage    Storage
    U1 UPSTREAM          1.000E+01   2.503 103.503
    D1 DNSTREAM          1.028E+01   3.496 103.496
    U2 UPSTREAM          2.000E+01   2.524 103.524
    D2 DNSTREAM          2.028E+01   3.496 103.496
    U3 UPSTREAM          3.057E+01   3.496 103.496
    D3 DNSTREAM          3.098E+01   2.451 103.451
 Balance 1: S1=1.593E+06 S2=1.626E+06 BNI=1.449E+07 BNQ=1.445E+07 TAQ=0.000E+00 WSI=0.000E+00 WSQ=0.000E+00
 Bal diff=BAL=S2-S1-BNI-TAQ+BNQ-WSI+WSQ= 1.340E+01    Rel bal=BAL/(S2+BNQ)= 8.334E-07

 SIMULATION ending at  1990/ 1/ 1:23.0000000.  Time step=   450.00 sec
 ITER RCORECT  BRA   NODE   MXRES  LOC  SUMSQR NUMGT
    1 7.8E-04    3    310 3.0E-02   41 1.4E-02     0
 CSUR= 0.0E+00 AT ND=   0:     0 RLTQ= 0.0E+00 AT ND=   0:     0 DT/ITER=   262.0

 RESULTS at time          82800. JTIME =     47892.9583333338

 BRANCH NUMBER =     1
  Node  Node Identifier     Stat    Flow    Area   Vel  Depth    Elev     Top  Fr Lat Inf
   100 UPSTREAM           0.0000 1.000+1 6.883+1  0.15   2.50  103.50 3.502+1 0.0 0.000+0
   101                    0.1000 1.002+1 7.232+1  0.14   2.60  103.50 3.561+1 0.0 0.000+0
   102                    0.2000 1.005+1 7.587+1  0.13   2.70  103.50 3.620+1 0.0 0.000+0
   103                    0.3000 1.008+1 7.949+1  0.13   2.80  103.50 3.680+1 0.0 0.000+0
   104                    0.4000 1.010+1 8.317+1  0.12   2.90  103.50 3.739+1 0.0 0.000+0
   105                    0.5000 1.013+1 8.691+1  0.12   3.00  103.50 3.799+1 0.0 0.000+0
   106                    0.6000 1.016+1 9.072+1  0.11   3.10  103.50 3.858+1 0.0 0.000+0
   107                    0.7000 1.018+1 9.458+1  0.11   3.20  103.50 3.918+1 0.0 0.000+0
   108                    0.8000 1.021+1 9.851+1  0.10   3.30  103.50 3.978+1 0.0 0.000+0
   109                    0.9000 1.024+1 1.025+2  0.10   3.40  103.50 4.037+1 0.0 0.000+0
   110 DNSTREAM           1.0000 1.027+1 1.065+2  0.10   3.50  103.50 4.097+1 0.0 0.000+0

 BRANCH NUMBER =     2
  Node  Node Identifier     Stat    Flow    Area   Vel  Depth    Elev     Top  Fr Lat Inf
   200 UPSTREAM           0.0000 2.000+1 6.957+1  0.29   2.52  103.52 3.514+1 0.0 0.000+0
   201                    0.1000 2.002+1 7.295+1  0.27   2.62  103.52 3.571+1 0.0 0.000+0
   202                    0.2000 2.005+1 7.640+1  0.26   2.71  103.51 3.629+1 0.0 0.000+0
   203                    0.3000 2.008+1 7.993+1  0.25   2.81  103.51 3.687+1 0.0 0.000+0
   204                    0.4000 2.010+1 8.353+1  0.24   2.91  103.51 3.745+1 0.0 0.000+0
   205                    0.5000 2.013+1 8.720+1  0.23   3.01  103.51 3.803+1 0.0 0.000+0
   206                    0.6000 2.016+1 9.093+1  0.22   3.10  103.50 3.862+1 0.0 0.000+0
   207                    0.7000 2.018+1 9.474+1  0.21   3.20  103.50 3.920+1 0.0 0.000+0
   208                    0.8000 2.021+1 9.861+1  0.20   3.30  103.50 3.979+1 0.0 0.000+0
   209                    0.9000 2.024+1 1.025+2  0.20   3.40  103.50 4.038+1 0.0 0.000+0
   210 DNSTREAM           1.0000 2.027+1 1.065+2  0.19   3.50  103.50 4.097+1 0.0 0.000+0

 BRANCH NUMBER =     3
  Node  Node Identifier     Stat    Flow    Area   Vel  Depth    Elev     Top  Fr Lat Inf
   300 UPSTREAM           0.0000 3.053+1 2.131+2  0.14   3.50  103.50 8.194+1 0.0 0.000+0
   301                    0.1000 3.059+1 1.946+2  0.16   3.39  103.49 7.669+1 0.0 0.000+0
   302                    0.2000 3.064+1 1.771+2  0.17   3.29  103.49 7.156+1 0.0 0.000+0
   303                    0.3000 3.069+1 1.604+2  0.19   3.19  103.49 6.655+1 0.0 0.000+0
   304                    0.4000 3.073+1 1.446+2  0.21   3.09  103.49 6.166+1 0.0 0.000+0
   305                    0.5000 3.078+1 1.297+2  0.24   2.99  103.49 5.688+1 0.0 0.000+0
   306                    0.6000 3.081+1 1.156+2  0.27   2.88  103.48 5.222+1 0.0 0.000+0
   307                    0.7000 3.085+1 1.023+2  0.30   2.78  103.48 4.767+1 0.0 0.000+0
   308                    0.8000 3.088+1 8.980+1  0.34   2.67  103.47 4.323+1 0.0 0.000+0
   309                    0.9000 3.090+1 7.804+1  0.40   2.56  103.46 3.891+1 0.0 0.000+0
   310 DNSTREAM           1.0000 3.092+1 6.701+1  0.46   2.45  103.45 3.470+1 0.0 0.000+0

 EXTERIOR NODES
  Node  Node Identifier        QE1     YE1    Elev    Storage    Storage
    U1 UPSTREAM          1.000E+01   2.502 103.502
    D1 DNSTREAM          1.027E+01   3.495 103.495
    U2 UPSTREAM          2.000E+01   2.523 103.523
    D2 DNSTREAM          2.027E+01   3.495 103.495
    U3 UPSTREAM          3.053E+01   3.495 103.495
    D3 DNSTREAM          3.092E+01   2.450 103.450
 Balance 1: S1=1.593E+06 S2=1.626E+06 BNI=1.450E+07 BNQ=1.447E+07 TAQ=0.000E+00 WSI=0.000E+00 WSQ=0.000E+00
 Bal diff=BAL=S2-S1-BNI-TAQ+BNQ-WSI+WSQ= 1.340E+01    Rel bal=BAL/(S2+BNQ)= 8.330E-07

 SIMULATION ending at  1990/ 1/ 1:23.1250000.  Time step=   450.00 sec
 ITER RCORECT  BRA   NODE   MXRES  LOC  SUMSQR NUMGT
    1 7.3E-04    3    310 2.8E-02   43 1.3E-02     0
 CSUR= 0.0E+00 AT ND=   0:     0 RLTQ= 0.0E+00 AT ND=   0:     0 DT/ITER=   262.6

 RESULTS at time          83250. JTIME =     47892.9635416671

 BRANCH NUMBER =     1
  Node  Node Identifier     Stat    Flow    Area   Vel  Depth    Elev     Top  Fr Lat Inf
   100 UPSTREAM           0.0000 1.000+1 6.881+1  0.15   2.50  103.50 3.501+1 0.0 0.000+0
   101                    0.1000 1.002+1 7.230+1  0.14   2.60  103.50 3.561+1 0.0 0.000+0
   102                    0.2000 1.005+1 7.585+1  0.13   2.70  103.50 3.620+1 0.0 0.000+0
   103                    0.3000 1.007+1 7.947+1  0.13   2.80  103.50 3.679+1 0.0 0.000+0
   104                    0.4000 1.010+1 8.315+1  0.12   2.90  103.50 3.739+1 0.0 0.000+0
   105                    0.5000 1.012+1 8.689+1  0.12   3.00  103.50 3.798+1 0.0 0.000+0
   106                    0.6000 1.015+1 9.069+1  0.11   3.10  103.50 3.858+1 0.0 0.000+0
   107                    0.7000 1.017+1 9.456+1  0.11   3.20  103.50 3.918+1 0.0 0.000+0
   108                    0.8000 1.020+1 9.849+1  0.10   3.30  103.50 3.977+1 0.0 0.000+0
   109                    0.9000 1.023+1 1.025+2  0.10   3.39  103.49 4.037+1 0.0 0.000+0
   110 DNSTREAM           1.0000 1.025+1 1.065+2  0.10   3.49  103.49 4.097+1 0.0 0.000+0

 BRANCH NUMBER =     2
  Node  Node Identifier     Stat    Flow    Area   Vel  Depth    Elev     Top  Fr Lat Inf
   200 UPSTREAM           0.0000 2.000+1 6.955+1  0.29   2.52  103.52 3.514+1 0.0 0.000+0
   201                    0.1000 2.002+1 7.293+1  0.27   2.62  103.52 3.571+1 0.0 0.000+0
   202                    0.2000 2.005+1 7.638+1  0.26   2.71  103.51 3.629+1 0.0 0.000+0
   203                    0.3000 2.007+1 7.991+1  0.25   2.81  103.51 3.687+1 0.0 0.000+0
   204                    0.4000 2.010+1 8.350+1  0.24   2.91  103.51 3.745+1 0.0 0.000+0
   205                    0.5000 2.012+1 8.717+1  0.23   3.00  103.50 3.803+1 0.0 0.000+0
   206                    0.6000 2.015+1 9.091+1  0.22   3.10  103.50 3.861+1 0.0 0.000+0
   207                    0.7000 2.017+1 9.471+1  0.21   3.20  103.50 3.920+1 0.0 0.000+0
   208                    0.8000 2.020+1 9.859+1  0.20   3.30  103.50 3.979+1 0.0 0.000+0
   209                    0.9000 2.023+1 1.025+2  0.20   3.40  103.50 4.038+1 0.0 0.000+0
   210 DNSTREAM           1.0000 2.025+1 1.065+2  0.19   3.49  103.49 4.097+1 0.0 0.000+0

 BRANCH NUMBER =     3
  Node  Node Identifier     Stat    Flow    Area   Vel  Depth    Elev     Top  Fr Lat Inf
   300 UPSTREAM           0.0000 3.051+1 2.131+2  0.14   3.49  103.49 8.193+1 0.0 0.000+0
   301                    0.1000 3.056+1 1.946+2  0.16   3.39  103.49 7.669+1 0.0 0.000+0
   302                    0.2000 3.061+1 1.770+2  0.17   3.29  103.49 7.156+1 0.0 0.000+0
   303                    0.3000 3.065+1 1.604+2  0.19   3.19  103.49 6.654+1 0.0 0.000+0
   304                    0.4000 3.070+1 1.446+2  0.21   3.09  103.49 6.165+1 0.0 0.000+0
   305                    0.5000 3.073+1 1.297+2  0.24   2.99  103.49 5.687+1 0.0 0.000+0
   306                    0.6000 3.077+1 1.156+2  0.27   2.88  103.48 5.221+1 0.0 0.000+0
   307                    0.7000 3.080+1 1.023+2  0.30   2.78  103.48 4.766+1 0.0 0.000+0
   308                    0.8000 3.083+1 8.977+1  0.34   2.67  103.47 4.323+1 0.0 0.000+0
   309                    0.9000 3.085+1 7.802+1  0.40   2.56  103.46 3.891+1 0.0 0.000+0
   310 DNSTREAM           1.0000 3.087+1 6.699+1  0.46   2.45  103.45 3.470+1 0.0 0.000+0

 EXTERIOR NODES
  Node  Node Identifier        QE1     YE1    Elev    Storage    Storage
    U1 UPSTREAM          1.000E+01   2.502 103.502
    D1 DNSTREAM          1.025E+01   3.495 103.495
    U2 UPSTREAM          2.000E+01   2.523 103.523
    D2 DNSTREAM          2.025E+01   3.495 103.495
    U3 UPSTREAM          3.051E+01   3.495 103.495
    D3 DNSTREAM          3.087E+01   2.450 103.450
 Balance 1: S1=1.593E+06 S2=1.625E+06 BNI=1.451E+07 BNQ=1.448E+07 TAQ=0.000E+00 WSI=0.000E+00 WSQ=0.000E+00
 Bal diff=BAL=S2-S1-BNI-TAQ+BNQ-WSI+WSQ= 1.342E+01    Rel bal=BAL/(S2+BNQ)= 8.334E-07

 SIMULATION ending at  1990/ 1/ 1:23.2500000.  Time step=   450.00 sec
 ITER RCORECT  BRA   NODE   MXRES  LOC  SUMSQR NUMGT
    1 7.0E-04    1    110 2.7E-02   43 1.1E-02     0
 CSUR= 0.0E+00 AT ND=   0:     0 RLTQ= 0.0E+00 AT ND=   0:     0 DT/ITER=   263.2

 RESULTS at time          83700. JTIME =     47892.9687500005

 BRANCH NUMBER =     1
  Node  Node Identifier     Stat    Flow    Area   Vel  Depth    Elev     Top  Fr Lat Inf
   100 UPSTREAM           0.0000 1.000+1 6.879+1  0.15   2.50  103.50 3.501+1 0.0 0.000+0
   101                    0.1000 1.002+1 7.228+1  0.14   2.60  103.50 3.560+1 0.0 0.000+0
   102                    0.2000 1.004+1 7.583+1  0.13   2.70  103.50 3.620+1 0.0 0.000+0
   103                    0.3000 1.007+1 7.945+1  0.13   2.80  103.50 3.679+1 0.0 0.000+0
   104                    0.4000 1.009+1 8.313+1  0.12   2.90  103.50 3.739+1 0.0 0.000+0
   105                    0.5000 1.012+1 8.687+1  0.12   3.00  103.50 3.798+1 0.0 0.000+0
   106                    0.6000 1.014+1 9.067+1  0.11   3.10  103.50 3.858+1 0.0 0.000+0
   107                    0.7000 1.016+1 9.454+1  0.11   3.20  103.50 3.917+1 0.0 0.000+0
   108                    0.8000 1.019+1 9.846+1  0.10   3.29  103.49 3.977+1 0.0 0.000+0
   109                    0.9000 1.021+1 1.025+2  0.10   3.39  103.49 4.037+1 0.0 0.000+0
   110 DNSTREAM           1.0000 1.024+1 1.065+2  0.10   3.49  103.49 4.096+1 0.0 0.000+0

 BRANCH NUMBER =     2
  Node  Node Identifier     Stat    Flow    Area   Vel  Depth    Elev     Top  Fr Lat Inf
   200 UPSTREAM           0.0000 2.000+1 6.953+1  0.29   2.52  103.52 3.514+1 0.0 0.000+0
   201                    0.1000 2.002+1 7.291+1  0.27   2.62  103.52 3.571+1 0.0 0.000+0
   202                    0.2000 2.004+1 7.636+1  0.26   2.71  103.51 3.628+1 0.0 0.000+0
   203                    0.3000 2.007+1 7.989+1  0.25   2.81  103.51 3.686+1 0.0 0.000+0
   204                    0.4000 2.009+1 8.348+1  0.24   2.91  103.51 3.744+1 0.0 0.000+0
   205                    0.5000 2.012+1 8.715+1  0.23   3.00  103.50 3.803+1 0.0 0.000+0
   206                    0.6000 2.014+1 9.089+1  0.22   3.10  103.50 3.861+1 0.0 0.000+0
   207                    0.7000 2.016+1 9.469+1  0.21   3.20  103.50 3.920+1 0.0 0.000+0
   208                    0.8000 2.019+1 9.856+1  0.20   3.30  103.50 3.979+1 0.0 0.000+0
   209                    0.9000 2.021+1 1.025+2  0.20   3.40  103.50 4.037+1 0.0 0.000+0
   210 DNSTREAM           1.0000 2.024+1 1.065+2  0.19   3.49  103.49 4.096+1 0.0 0.000+0

 BRANCH NUMBER =     3
  Node  Node Identifier     Stat    Flow    Area   Vel  Depth    Elev     Top  Fr Lat Inf
   300 UPSTREAM           0.0000 3.048+1 2.130+2  0.14   3.49  103.49 8.193+1 0.0 0.000+0
   301                    0.1000 3.053+1 1.946+2  0.16   3.39  103.49 7.668+1 0.0 0.000+0
   302                    0.2000 3.058+1 1.770+2  0.17   3.29  103.49 7.155+1 0.0 0.000+0
   303                    0.3000 3.062+1 1.604+2  0.19   3.19  103.49 6.654+1 0.0 0.000+0
   304                    0.4000 3.066+1 1.446+2  0.21   3.09  103.49 6.164+1 0.0 0.000+0
   305                    0.5000 3.069+1 1.297+2  0.24   2.99  103.49 5.687+1 0.0 0.000+0
   306                    0.6000 3.073+1 1.156+2  0.27   2.88  103.48 5.221+1 0.0 0.000+0
   307                    0.7000 3.076+1 1.023+2  0.30   2.78  103.48 4.766+1 0.0 0.000+0
   308                    0.8000 3.078+1 8.975+1  0.34   2.67  103.47 4.323+1 0.0 0.000+0
   309                    0.9000 3.081+1 7.800+1  0.39   2.56  103.46 3.891+1 0.0 0.000+0
   310 DNSTREAM           1.0000 3.083+1 6.698+1  0.46   2.45  103.45 3.470+1 0.0 0.000+0

 EXTERIOR NODES
  Node  Node Identifier        QE1     YE1    Elev    Storage    Storage
    U1 UPSTREAM          1.000E+01   2.501 103.501
    D1 DNSTREAM          1.024E+01   3.494 103.494
    U2 UPSTREAM          2.000E+01   2.522 103.522
    D2 DNSTREAM          2.024E+01   3.494 103.494
    U3 UPSTREAM          3.048E+01   3.494 103.494
    D3 DNSTREAM          3.083E+01   2.449 103.449
 Balance 1: S1=1.593E+06 S2=1.625E+06 BNI=1.453E+07 BNQ=1.449E+07 TAQ=0.000E+00 WSI=0.000E+00 WSQ=0.000E+00
 Bal diff=BAL=S2-S1-BNI-TAQ+BNQ-WSI+WSQ= 1.342E+01    Rel bal=BAL/(S2+BNQ)= 8.323E-07

 SIMULATION ending at  1990/ 1/ 1:23.3750000.  Time step=   450.00 sec
 ITER RCORECT  BRA   NODE   MXRES  LOC  SUMSQR NUMGT
    1 6.6E-04    3    310 2.7E-02   25 1.1E-02     0
 CSUR= 0.0E+00 AT ND=   0:     0 RLTQ= 0.0E+00 AT ND=   0:     0 DT/ITER=   263.8

 RESULTS at time          84150. JTIME =     47892.9739583338

 BRANCH NUMBER =     1
  Node  Node Identifier     Stat    Flow    Area   Vel  Depth    Elev     Top  Fr Lat Inf
   100 UPSTREAM           0.0000 1.000+1 6.877+1  0.15   2.50  103.50 3.501+1 0.0 0.000+0
   101                    0.1000 1.002+1 7.226+1  0.14   2.60  103.50 3.560+1 0.0 0.000+0
   102                    0.2000 1.004+1 7.581+1  0.13   2.70  103.50 3.619+1 0.0 0.000+0
   103                    0.3000 1.006+1 7.943+1  0.13   2.80  103.50 3.679+1 0.0 0.000+0
   104                    0.4000 1.009+1 8.311+1  0.12   2.90  103.50 3.738+1 0.0 0.000+0
   105                    0.5000 1.011+1 8.685+1  0.12   3.00  103.50 3.798+1 0.0 0.000+0
   106                    0.6000 1.013+1 9.065+1  0.11   3.10  103.50 3.857+1 0.0 0.000+0
   107                    0.7000 1.015+1 9.452+1  0.11   3.19  103.49 3.917+1 0.0 0.000+0
   108                    0.8000 1.018+1 9.844+1  0.10   3.29  103.49 3.977+1 0.0 0.000+0
   109                    0.9000 1.020+1 1.024+2  0.10   3.39  103.49 4.036+1 0.0 0.000+0
   110 DNSTREAM           1.0000 1.023+1 1.065+2  0.10   3.49  103.49 4.096+1 0.0 0.000+0

 BRANCH NUMBER =     2
  Node  Node Identifier     Stat    Flow    Area   Vel  Depth    Elev     Top  Fr Lat Inf
   200 UPSTREAM           0.0000 2.000+1 6.951+1  0.29   2.52  103.52 3.513+1 0.0 0.000+0
   201                    0.1000 2.002+1 7.289+1  0.27   2.62  103.52 3.571+1 0.0 0.000+0
   202                    0.2000 2.004+1 7.634+1  0.26   2.71  103.51 3.628+1 0.0 0.000+0
   203                    0.3000 2.006+1 7.987+1  0.25   2.81  103.51 3.686+1 0.0 0.000+0
   204                    0.4000 2.009+1 8.346+1  0.24   2.91  103.51 3.744+1 0.0 0.000+0
   205                    0.5000 2.011+1 8.713+1  0.23   3.00  103.50 3.802+1 0.0 0.000+0
   206                    0.6000 2.013+1 9.087+1  0.22   3.10  103.50 3.861+1 0.0 0.000+0
   207                    0.7000 2.015+1 9.467+1  0.21   3.20  103.50 3.919+1 0.0 0.000+0
   208                    0.8000 2.018+1 9.854+1  0.20   3.30  103.50 3.978+1 0.0 0.000+0
   209                    0.9000 2.020+1 1.025+2  0.20   3.40  103.50 4.037+1 0.0 0.000+0
   210 DNSTREAM           1.0000 2.023+1 1.065+2  0.19   3.49  103.49 4.096+1 0.0 0.000+0

 BRANCH NUMBER =     3
  Node  Node Identifier     Stat    Flow    Area   Vel  Depth    Elev     Top  Fr Lat Inf
   300 UPSTREAM           0.0000 3.045+1 2.130+2  0.14   3.49  103.49 8.192+1 0.0 0.000+0
   301                    0.1000 3.050+1 1.945+2  0.16   3.39  103.49 7.667+1 0.0 0.000+0
   302                    0.2000 3.054+1 1.770+2  0.17   3.29  103.49 7.154+1 0.0 0.000+0
   303                    0.3000 3.058+1 1.603+2  0.19   3.19  103.49 6.653+1 0.0 0.000+0
   304                    0.4000 3.062+1 1.445+2  0.21   3.09  103.49 6.164+1 0.0 0.000+0
   305                    0.5000 3.066+1 1.296+2  0.24   2.98  103.48 5.686+1 0.0 0.000+0
   306                    0.6000 3.069+1 1.155+2  0.27   2.88  103.48 5.220+1 0.0 0.000+0
   307                    0.7000 3.072+1 1.022+2  0.30   2.78  103.48 4.766+1 0.0 0.000+0
   308                    0.8000 3.074+1 8.973+1  0.34   2.67  103.47 4.322+1 0.0 0.000+0
   309                    0.9000 3.076+1 7.798+1  0.39   2.56  103.46 3.890+1 0.0 0.000+0
   310 DNSTREAM           1.0000 3.078+1 6.696+1  0.46   2.45  103.45 3.469+1 0.0 0.000+0

 EXTERIOR NODES
  Node  Node Identifier        QE1     YE1    Elev    Storage    Storage
    U1 UPSTREAM          1.000E+01   2.501 103.501
    D1 DNSTREAM          1.023E+01   3.493 103.493
    U2 UPSTREAM          2.000E+01   2.522 103.522
    D2 DNSTREAM          2.023E+01   3.493 103.493
    U3 UPSTREAM          3.045E+01   3.493 103.493
    D3 DNSTREAM          3.078E+01   2.449 103.449
 Balance 1: S1=1.593E+06 S2=1.625E+06 BNI=1.454E+07 BNQ=1.451E+07 TAQ=0.000E+00 WSI=0.000E+00 WSQ=0.000E+00
 Bal diff=BAL=S2-S1-BNI-TAQ+BNQ-WSI+WSQ= 1.341E+01    Rel bal=BAL/(S2+BNQ)= 8.316E-07

 SIMULATION ending at  1990/ 1/ 1:23.5000000.  Time step=   450.00 sec
 ITER RCORECT  BRA   NODE   MXRES  LOC  SUMSQR NUMGT
    1 6.3E-04    3    310 2.4E-02   43 9.4E-03     0
 CSUR= 0.0E+00 AT ND=   0:     0 RLTQ= 0.0E+00 AT ND=   0:     0 DT/ITER=   264.4

 RESULTS at time          84600. JTIME =     47892.9791666671

 BRANCH NUMBER =     1
  Node  Node Identifier     Stat    Flow    Area   Vel  Depth    Elev     Top  Fr Lat Inf
   100 UPSTREAM           0.0000 1.000+1 6.876+1  0.15   2.50  103.50 3.500+1 0.0 0.000+0
   101                    0.1000 1.002+1 7.224+1  0.14   2.60  103.50 3.560+1 0.0 0.000+0
   102                    0.2000 1.004+1 7.579+1  0.13   2.70  103.50 3.619+1 0.0 0.000+0
   103                    0.3000 1.006+1 7.941+1  0.13   2.80  103.50 3.679+1 0.0 0.000+0
   104                    0.4000 1.008+1 8.309+1  0.12   2.90  103.50 3.738+1 0.0 0.000+0
   105                    0.5000 1.010+1 8.683+1  0.12   3.00  103.50 3.798+1 0.0 0.000+0
   106                    0.6000 1.012+1 9.063+1  0.11   3.09  103.49 3.857+1 0.0 0.000+0
   107                    0.7000 1.015+1 9.450+1  0.11   3.19  103.49 3.917+1 0.0 0.000+0
   108                    0.8000 1.017+1 9.842+1  0.10   3.29  103.49 3.976+1 0.0 0.000+0
   109                    0.9000 1.019+1 1.024+2  0.10   3.39  103.49 4.036+1 0.0 0.000+0
   110 DNSTREAM           1.0000 1.021+1 1.065+2  0.10   3.49  103.49 4.096+1 0.0 0.000+0

 BRANCH NUMBER =     2
  Node  Node Identifier     Stat    Flow    Area   Vel  Depth    Elev     Top  Fr Lat Inf
   200 UPSTREAM           0.0000 2.000+1 6.949+1  0.29   2.52  103.52 3.513+1 0.0 0.000+0
   201                    0.1000 2.002+1 7.287+1  0.27   2.62  103.52 3.570+1 0.0 0.000+0
   202                    0.2000 2.004+1 7.632+1  0.26   2.71  103.51 3.628+1 0.0 0.000+0
   203                    0.3000 2.006+1 7.985+1  0.25   2.81  103.51 3.686+1 0.0 0.000+0
   204                    0.4000 2.008+1 8.345+1  0.24   2.91  103.51 3.744+1 0.0 0.000+0
   205                    0.5000 2.010+1 8.711+1  0.23   3.00  103.50 3.802+1 0.0 0.000+0
   206                    0.6000 2.012+1 9.085+1  0.22   3.10  103.50 3.861+1 0.0 0.000+0
   207                    0.7000 2.015+1 9.465+1  0.21   3.20  103.50 3.919+1 0.0 0.000+0
   208                    0.8000 2.017+1 9.852+1  0.20   3.30  103.50 3.978+1 0.0 0.000+0
   209                    0.9000 2.019+1 1.025+2  0.20   3.39  103.49 4.037+1 0.0 0.000+0
   210 DNSTREAM           1.0000 2.021+1 1.065+2  0.19   3.49  103.49 4.096+1 0.0 0.000+0

 BRANCH NUMBER =     3
  Node  Node Identifier     Stat    Flow    Area   Vel  Depth    Elev     Top  Fr Lat Inf
   300 UPSTREAM           0.0000 3.043+1 2.129+2  0.14   3.49  103.49 8.192+1 0.0 0.000+0
   301                    0.1000 3.047+1 1.945+2  0.16   3.39  103.49 7.667+1 0.0 0.000+0
   302                    0.2000 3.051+1 1.769+2  0.17   3.29  103.49 7.154+1 0.0 0.000+0
   303                    0.3000 3.055+1 1.603+2  0.19   3.19  103.49 6.653+1 0.0 0.000+0
   304                    0.4000 3.059+1 1.445+2  0.21   3.09  103.49 6.163+1 0.0 0.000+0
   305                    0.5000 3.062+1 1.296+2  0.24   2.98  103.48 5.686+1 0.0 0.000+0
   306                    0.6000 3.065+1 1.155+2  0.27   2.88  103.48 5.220+1 0.0 0.000+0
   307                    0.7000 3.068+1 1.022+2  0.30   2.78  103.48 4.765+1 0.0 0.000+0
   308                    0.8000 3.070+1 8.971+1  0.34   2.67  103.47 4.322+1 0.0 0.000+0
   309                    0.9000 3.072+1 7.796+1  0.39   2.56  103.46 3.890+1 0.0 0.000+0
   310 DNSTREAM           1.0000 3.074+1 6.695+1  0.46   2.45  103.45 3.469+1 0.0 0.000+0

 EXTERIOR NODES
  Node  Node Identifier        QE1     YE1    Elev    Storage    Storage
    U1 UPSTREAM          1.000E+01   2.500 103.500
    D1 DNSTREAM          1.021E+01   3.493 103.493
    U2 UPSTREAM          2.000E+01   2.521 103.521
    D2 DNSTREAM          2.021E+01   3.493 103.493
    U3 UPSTREAM          3.043E+01   3.493 103.493
    D3 DNSTREAM          3.074E+01   2.448 103.448
 Balance 1: S1=1.593E+06 S2=1.624E+06 BNI=1.455E+07 BNQ=1.452E+07 TAQ=0.000E+00 WSI=0.000E+00 WSQ=0.000E+00
 Bal diff=BAL=S2-S1-BNI-TAQ+BNQ-WSI+WSQ= 1.343E+01    Rel bal=BAL/(S2+BNQ)= 8.319E-07

 SIMULATION ending at  1990/ 1/ 1:23.6250000.  Time step=   450.00 sec
 ITER RCORECT  BRA   NODE   MXRES  LOC  SUMSQR NUMGT
    1 6.0E-04    3    310 2.4E-02   25 8.7E-03     0
 CSUR= 0.0E+00 AT ND=   0:     0 RLTQ= 0.0E+00 AT ND=   0:     0 DT/ITER=   265.0

 RESULTS at time          85050. JTIME =     47892.9843750005

 BRANCH NUMBER =     1
  Node  Node Identifier     Stat    Flow    Area   Vel  Depth    Elev     Top  Fr Lat Inf
   100 UPSTREAM           0.0000 1.000+1 6.874+1  0.15   2.50  103.50 3.500+1 0.0 0.000+0
   101                    0.1000 1.002+1 7.223+1  0.14   2.60  103.50 3.559+1 0.0 0.000+0
   102                    0.2000 1.004+1 7.578+1  0.13   2.70  103.50 3.619+1 0.0 0.000+0
   103                    0.3000 1.006+1 7.939+1  0.13   2.80  103.50 3.678+1 0.0 0.000+0
   104                    0.4000 1.008+1 8.307+1  0.12   2.90  103.50 3.738+1 0.0 0.000+0
   105                    0.5000 1.010+1 8.681+1  0.12   3.00  103.50 3.797+1 0.0 0.000+0
   106                    0.6000 1.012+1 9.061+1  0.11   3.09  103.49 3.857+1 0.0 0.000+0
   107                    0.7000 1.014+1 9.448+1  0.11   3.19  103.49 3.916+1 0.0 0.000+0
   108                    0.8000 1.016+1 9.841+1  0.10   3.29  103.49 3.976+1 0.0 0.000+0
   109                    0.9000 1.018+1 1.024+2  0.10   3.39  103.49 4.036+1 0.0 0.000+0
   110 DNSTREAM           1.0000 1.020+1 1.064+2  0.10   3.49  103.49 4.096+1 0.0 0.000+0

 BRANCH NUMBER =     2
  Node  Node Identifier     Stat    Flow    Area   Vel  Depth    Elev     Top  Fr Lat Inf
   200 UPSTREAM           0.0000 2.000+1 6.948+1  0.29   2.52  103.52 3.513+1 0.0 0.000+0
   201                    0.1000 2.002+1 7.285+1  0.27   2.62  103.52 3.570+1 0.0 0.000+0
   202                    0.2000 2.004+1 7.631+1  0.26   2.71  103.51 3.628+1 0.0 0.000+0
   203                    0.3000 2.006+1 7.983+1  0.25   2.81  103.51 3.685+1 0.0 0.000+0
   204                    0.4000 2.008+1 8.343+1  0.24   2.91  103.51 3.743+1 0.0 0.000+0
   205                    0.5000 2.010+1 8.710+1  0.23   3.00  103.50 3.802+1 0.0 0.000+0
   206                    0.6000 2.012+1 9.083+1  0.22   3.10  103.50 3.860+1 0.0 0.000+0
   207                    0.7000 2.014+1 9.463+1  0.21   3.20  103.50 3.919+1 0.0 0.000+0
   208                    0.8000 2.016+1 9.851+1  0.20   3.30  103.50 3.978+1 0.0 0.000+0
   209                    0.9000 2.018+1 1.024+2  0.20   3.39  103.49 4.037+1 0.0 0.000+0
   210 DNSTREAM           1.0000 2.020+1 1.064+2  0.19   3.49  103.49 4.096+1 0.0 0.000+0

 BRANCH NUMBER =     3
  Node  Node Identifier     Stat    Flow    Area   Vel  Depth    Elev     Top  Fr Lat Inf
   300 UPSTREAM           0.0000 3.040+1 2.129+2  0.14   3.49  103.49 8.191+1 0.0 0.000+0
   301                    0.1000 3.045+1 1.944+2  0.16   3.39  103.49 7.666+1 0.0 0.000+0
   302                    0.2000 3.049+1 1.769+2  0.17   3.29  103.49 7.153+1 0.0 0.000+0
   303                    0.3000 3.052+1 1.603+2  0.19   3.19  103.49 6.652+1 0.0 0.000+0
   304                    0.4000 3.056+1 1.445+2  0.21   3.09  103.49 6.163+1 0.0 0.000+0
   305                    0.5000 3.059+1 1.296+2  0.24   2.98  103.48 5.685+1 0.0 0.000+0
   306                    0.6000 3.062+1 1.155+2  0.27   2.88  103.48 5.219+1 0.0 0.000+0
   307                    0.7000 3.064+1 1.022+2  0.30   2.78  103.48 4.765+1 0.0 0.000+0
   308                    0.8000 3.066+1 8.969+1  0.34   2.67  103.47 4.322+1 0.0 0.000+0
   309                    0.9000 3.068+1 7.795+1  0.39   2.56  103.46 3.890+1 0.0 0.000+0
   310 DNSTREAM           1.0000 3.070+1 6.693+1  0.46   2.45  103.45 3.469+1 0.0 0.000+0

 EXTERIOR NODES
  Node  Node Identifier        QE1     YE1    Elev    Storage    Storage
    U1 UPSTREAM          1.000E+01   2.500 103.500
    D1 DNSTREAM          1.020E+01   3.493 103.493
    U2 UPSTREAM          2.000E+01   2.521 103.521
    D2 DNSTREAM          2.020E+01   3.493 103.493
    U3 UPSTREAM          3.040E+01   3.493 103.493
    D3 DNSTREAM          3.070E+01   2.448 103.448
 Balance 1: S1=1.593E+06 S2=1.624E+06 BNI=1.457E+07 BNQ=1.454E+07 TAQ=0.000E+00 WSI=0.000E+00 WSQ=0.000E+00
 Bal diff=BAL=S2-S1-BNI-TAQ+BNQ-WSI+WSQ= 1.342E+01    Rel bal=BAL/(S2+BNQ)= 8.306E-07

 SIMULATION ending at  1990/ 1/ 1:23.7500000.  Time step=   450.00 sec
 ITER RCORECT  BRA   NODE   MXRES  LOC  SUMSQR NUMGT
    1 5.6E-04    3    310 2.2E-02   43 7.1E-03     0
 CSUR= 0.0E+00 AT ND=   0:     0 RLTQ= 0.0E+00 AT ND=   0:     0 DT/ITER=   265.5

 RESULTS at time          85500. JTIME =     47892.9895833338

 BRANCH NUMBER =     1
  Node  Node Identifier     Stat    Flow    Area   Vel  Depth    Elev     Top  Fr Lat Inf
   100 UPSTREAM           0.0000 1.000+1 6.872+1  0.15   2.50  103.50 3.500+1 0.0 0.000+0
   101                    0.1000 1.002+1 7.221+1  0.14   2.60  103.50 3.559+1 0.0 0.000+0
   102                    0.2000 1.004+1 7.576+1  0.13   2.70  103.50 3.618+1 0.0 0.000+0
   103                    0.3000 1.005+1 7.938+1  0.13   2.80  103.50 3.678+1 0.0 0.000+0
   104                    0.4000 1.007+1 8.305+1  0.12   2.90  103.50 3.737+1 0.0 0.000+0
   105                    0.5000 1.009+1 8.679+1  0.12   2.99  103.49 3.797+1 0.0 0.000+0
   106                    0.6000 1.011+1 9.060+1  0.11   3.09  103.49 3.857+1 0.0 0.000+0
   107                    0.7000 1.013+1 9.446+1  0.11   3.19  103.49 3.916+1 0.0 0.000+0
   108                    0.8000 1.015+1 9.839+1  0.10   3.29  103.49 3.976+1 0.0 0.000+0
   109                    0.9000 1.017+1 1.024+2  0.10   3.39  103.49 4.036+1 0.0 0.000+0
   110 DNSTREAM           1.0000 1.019+1 1.064+2  0.10   3.49  103.49 4.095+1 0.0 0.000+0

 BRANCH NUMBER =     2
  Node  Node Identifier     Stat    Flow    Area   Vel  Depth    Elev     Top  Fr Lat Inf
   200 UPSTREAM           0.0000 2.000+1 6.946+1  0.29   2.52  103.52 3.512+1 0.0 0.000+0
   201                    0.1000 2.002+1 7.284+1  0.27   2.62  103.52 3.570+1 0.0 0.000+0
   202                    0.2000 2.004+1 7.629+1  0.26   2.71  103.51 3.627+1 0.0 0.000+0
   203                    0.3000 2.005+1 7.982+1  0.25   2.81  103.51 3.685+1 0.0 0.000+0
   204                    0.4000 2.007+1 8.341+1  0.24   2.90  103.50 3.743+1 0.0 0.000+0
   205                    0.5000 2.009+1 8.708+1  0.23   3.00  103.50 3.801+1 0.0 0.000+0
   206                    0.6000 2.011+1 9.081+1  0.22   3.10  103.50 3.860+1 0.0 0.000+0
   207                    0.7000 2.013+1 9.462+1  0.21   3.20  103.50 3.919+1 0.0 0.000+0
   208                    0.8000 2.015+1 9.849+1  0.20   3.30  103.50 3.977+1 0.0 0.000+0
   209                    0.9000 2.017+1 1.024+2  0.20   3.39  103.49 4.036+1 0.0 0.000+0
   210 DNSTREAM           1.0000 2.019+1 1.064+2  0.19   3.49  103.49 4.095+1 0.0 0.000+0

 BRANCH NUMBER =     3
  Node  Node Identifier     Stat    Flow    Area   Vel  Depth    Elev     Top  Fr Lat Inf
   300 UPSTREAM           0.0000 3.038+1 2.129+2  0.14   3.49  103.49 8.190+1 0.0 0.000+0
   301                    0.1000 3.042+1 1.944+2  0.16   3.39  103.49 7.666+1 0.0 0.000+0
   302                    0.2000 3.046+1 1.769+2  0.17   3.29  103.49 7.153+1 0.0 0.000+0
   303                    0.3000 3.050+1 1.602+2  0.19   3.19  103.49 6.652+1 0.0 0.000+0
   304                    0.4000 3.053+1 1.445+2  0.21   3.09  103.49 6.163+1 0.0 0.000+0
   305                    0.5000 3.056+1 1.295+2  0.24   2.98  103.48 5.685+1 0.0 0.000+0
   306                    0.6000 3.058+1 1.155+2  0.26   2.88  103.48 5.219+1 0.0 0.000+0
   307                    0.7000 3.061+1 1.022+2  0.30   2.77  103.47 4.765+1 0.0 0.000+0
   308                    0.8000 3.063+1 8.967+1  0.34   2.67  103.47 4.321+1 0.0 0.000+0
   309                    0.9000 3.065+1 7.793+1  0.39   2.56  103.46 3.890+1 0.0 0.000+0
   310 DNSTREAM           1.0000 3.066+1 6.692+1  0.46   2.45  103.45 3.469+1 0.0 0.000+0

 EXTERIOR NODES
  Node  Node Identifier        QE1     YE1    Elev    Storage    Storage
    U1 UPSTREAM          1.000E+01   2.499 103.499
    D1 DNSTREAM          1.019E+01   3.492 103.492
    U2 UPSTREAM          2.000E+01   2.520 103.520
    D2 DNSTREAM          2.019E+01   3.492 103.492
    U3 UPSTREAM          3.038E+01   3.492 103.492
    D3 DNSTREAM          3.066E+01   2.448 103.448
 Balance 1: S1=1.593E+06 S2=1.624E+06 BNI=1.458E+07 BNQ=1.455E+07 TAQ=0.000E+00 WSI=0.000E+00 WSQ=0.000E+00
 Bal diff=BAL=S2-S1-BNI-TAQ+BNQ-WSI+WSQ= 1.343E+01    Rel bal=BAL/(S2+BNQ)= 8.303E-07

 SIMULATION ending at  1990/ 1/ 1:23.8750000.  Time step=   450.00 sec
 ITER RCORECT  BRA   NODE   MXRES  LOC  SUMSQR NUMGT
    1 5.3E-04    3    310 2.0E-02   41 6.3E-03     0
 CSUR= 0.0E+00 AT ND=   0:     0 RLTQ= 0.0E+00 AT ND=   0:     0 DT/ITER=   266.1

 RESULTS at time          85950. JTIME =     47892.9947916671

 BRANCH NUMBER =     1
  Node  Node Identifier     Stat    Flow    Area   Vel  Depth    Elev     Top  Fr Lat Inf
   100 UPSTREAM           0.0000 1.000+1 6.871+1  0.15   2.50  103.50 3.500+1 0.0 0.000+0
   101                    0.1000 1.002+1 7.220+1  0.14   2.60  103.50 3.559+1 0.0 0.000+0
   102                    0.2000 1.003+1 7.575+1  0.13   2.70  103.50 3.618+1 0.0 0.000+0
   103                    0.3000 1.005+1 7.936+1  0.13   2.80  103.50 3.678+1 0.0 0.000+0
   104                    0.4000 1.007+1 8.304+1  0.12   2.89  103.49 3.737+1 0.0 0.000+0
   105                    0.5000 1.009+1 8.678+1  0.12   2.99  103.49 3.797+1 0.0 0.000+0
   106                    0.6000 1.011+1 9.058+1  0.11   3.09  103.49 3.856+1 0.0 0.000+0
   107                    0.7000 1.013+1 9.445+1  0.11   3.19  103.49 3.916+1 0.0 0.000+0
   108                    0.8000 1.014+1 9.837+1  0.10   3.29  103.49 3.976+1 0.0 0.000+0
   109                    0.9000 1.016+1 1.024+2  0.10   3.39  103.49 4.035+1 0.0 0.000+0
   110 DNSTREAM           1.0000 1.018+1 1.064+2  0.10   3.49  103.49 4.095+1 0.0 0.000+0

 BRANCH NUMBER =     2
  Node  Node Identifier     Stat    Flow    Area   Vel  Depth    Elev     Top  Fr Lat Inf
   200 UPSTREAM           0.0000 2.000+1 6.945+1  0.29   2.52  103.52 3.512+1 0.0 0.000+0
   201                    0.1000 2.002+1 7.282+1  0.27   2.62  103.52 3.569+1 0.0 0.000+0
   202                    0.2000 2.003+1 7.628+1  0.26   2.71  103.51 3.627+1 0.0 0.000+0
   203                    0.3000 2.005+1 7.980+1  0.25   2.81  103.51 3.685+1 0.0 0.000+0
   204                    0.4000 2.007+1 8.340+1  0.24   2.90  103.50 3.743+1 0.0 0.000+0
   205                    0.5000 2.009+1 8.706+1  0.23   3.00  103.50 3.801+1 0.0 0.000+0
   206                    0.6000 2.011+1 9.080+1  0.22   3.10  103.50 3.860+1 0.0 0.000+0
   207                    0.7000 2.012+1 9.460+1  0.21   3.20  103.50 3.918+1 0.0 0.000+0
   208                    0.8000 2.014+1 9.847+1  0.20   3.30  103.50 3.977+1 0.0 0.000+0
   209                    0.9000 2.016+1 1.024+2  0.20   3.39  103.49 4.036+1 0.0 0.000+0
   210 DNSTREAM           1.0000 2.018+1 1.064+2  0.19   3.49  103.49 4.095+1 0.0 0.000+0

 BRANCH NUMBER =     3
  Node  Node Identifier     Stat    Flow    Area   Vel  Depth    Elev     Top  Fr Lat Inf
   300 UPSTREAM           0.0000 3.036+1 2.128+2  0.14   3.49  103.49 8.190+1 0.0 0.000+0
   301                    0.1000 3.040+1 1.944+2  0.16   3.39  103.49 7.665+1 0.0 0.000+0
   302                    0.2000 3.044+1 1.768+2  0.17   3.29  103.49 7.153+1 0.0 0.000+0
   303                    0.3000 3.047+1 1.602+2  0.19   3.19  103.49 6.652+1 0.0 0.000+0
   304                    0.4000 3.050+1 1.444+2  0.21   3.09  103.49 6.162+1 0.0 0.000+0
   305                    0.5000 3.053+1 1.295+2  0.24   2.98  103.48 5.685+1 0.0 0.000+0
   306                    0.6000 3.055+1 1.154+2  0.26   2.88  103.48 5.219+1 0.0 0.000+0
   307                    0.7000 3.057+1 1.022+2  0.30   2.77  103.47 4.764+1 0.0 0.000+0
   308                    0.8000 3.059+1 8.966+1  0.34   2.67  103.47 4.321+1 0.0 0.000+0
   309                    0.9000 3.061+1 7.792+1  0.39   2.56  103.46 3.889+1 0.0 0.000+0
   310 DNSTREAM           1.0000 3.063+1 6.691+1  0.46   2.45  103.45 3.469+1 0.0 0.000+0

 EXTERIOR NODES
  Node  Node Identifier        QE1     YE1    Elev    Storage    Storage
    U1 UPSTREAM          1.000E+01   2.499 103.499
    D1 DNSTREAM          1.018E+01   3.492 103.492
    U2 UPSTREAM          2.000E+01   2.520 103.520
    D2 DNSTREAM          2.018E+01   3.492 103.492
    U3 UPSTREAM          3.036E+01   3.492 103.492
    D3 DNSTREAM          3.063E+01   2.447 103.447
 Balance 1: S1=1.593E+06 S2=1.623E+06 BNI=1.459E+07 BNQ=1.456E+07 TAQ=0.000E+00 WSI=0.000E+00 WSQ=0.000E+00
 Bal diff=BAL=S2-S1-BNI-TAQ+BNQ-WSI+WSQ= 1.340E+01    Rel bal=BAL/(S2+BNQ)= 8.279E-07

 TIME STEP RESET IN MANTIM TO    450.00 SECS TO MATCH EVENT END

 SIMULATION ending at  1990/ 1/ 1:24.0000000.  Time step=   450.00 sec
 ITER RCORECT  BRA   NODE   MXRES  LOC  SUMSQR NUMGT
    1 5.0E-04    3    310 2.0E-02   43 6.1E-03     0
 CSUR= 0.0E+00 AT ND=   0:     0 RLTQ= 0.0E+00 AT ND=   0:     0 DT/ITER=   266.7

 RESULTS at time          86400. JTIME =     47893.0000000000

 BRANCH NUMBER =     1
  Node  Node Identifier     Stat    Flow    Area   Vel  Depth    Elev     Top  Fr Lat Inf
   100 UPSTREAM           0.0000 1.000+1 6.869+1  0.15   2.50  103.50 3.499+1 0.0 0.000+0
   101                    0.1000 1.002+1 7.218+1  0.14   2.60  103.50 3.559+1 0.0 0.000+0
   102                    0.2000 1.003+1 7.573+1  0.13   2.70  103.50 3.618+1 0.0 0.000+0
   103                    0.3000 1.005+1 7.935+1  0.13   2.80  103.50 3.677+1 0.0 0.000+0
   104                    0.4000 1.007+1 8.302+1  0.12   2.89  103.49 3.737+1 0.0 0.000+0
   105                    0.5000 1.008+1 8.676+1  0.12   2.99  103.49 3.797+1 0.0 0.000+0
   106                    0.6000 1.010+1 9.057+1  0.11   3.09  103.49 3.856+1 0.0 0.000+0
   107                    0.7000 1.012+1 9.443+1  0.11   3.19  103.49 3.916+1 0.0 0.000+0
   108                    0.8000 1.014+1 9.836+1  0.10   3.29  103.49 3.975+1 0.0 0.000+0
   109                    0.9000 1.015+1 1.023+2  0.10   3.39  103.49 4.035+1 0.0 0.000+0
   110 DNSTREAM           1.0000 1.017+1 1.064+2  0.10   3.49  103.49 4.095+1 0.0 0.000+0

 BRANCH NUMBER =     2
  Node  Node Identifier     Stat    Flow    Area   Vel  Depth    Elev     Top  Fr Lat Inf
   200 UPSTREAM           0.0000 2.000+1 6.943+1  0.29   2.52  103.52 3.512+1 0.0 0.000+0
   201                    0.1000 2.002+1 7.281+1  0.27   2.61  103.51 3.569+1 0.0 0.000+0
   202                    0.2000 2.003+1 7.626+1  0.26   2.71  103.51 3.627+1 0.0 0.000+0
   203                    0.3000 2.005+1 7.979+1  0.25   2.81  103.51 3.685+1 0.0 0.000+0
   204                    0.4000 2.007+1 8.338+1  0.24   2.90  103.50 3.743+1 0.0 0.000+0
   205                    0.5000 2.008+1 8.705+1  0.23   3.00  103.50 3.801+1 0.0 0.000+0
   206                    0.6000 2.010+1 9.078+1  0.22   3.10  103.50 3.859+1 0.0 0.000+0
   207                    0.7000 2.012+1 9.459+1  0.21   3.20  103.50 3.918+1 0.0 0.000+0
   208                    0.8000 2.014+1 9.846+1  0.20   3.29  103.49 3.977+1 0.0 0.000+0
   209                    0.9000 2.015+1 1.024+2  0.20   3.39  103.49 4.036+1 0.0 0.000+0
   210 DNSTREAM           1.0000 2.017+1 1.064+2  0.19   3.49  103.49 4.095+1 0.0 0.000+0

 BRANCH NUMBER =     3
  Node  Node Identifier     Stat    Flow    Area   Vel  Depth    Elev     Top  Fr Lat Inf
   300 UPSTREAM           0.0000 3.034+1 2.128+2  0.14   3.49  103.49 8.190+1 0.0 0.000+0
   301                    0.1000 3.038+1 1.943+2  0.16   3.39  103.49 7.665+1 0.0 0.000+0
   302                    0.2000 3.041+1 1.768+2  0.17   3.29  103.49 7.152+1 0.0 0.000+0
   303                    0.3000 3.044+1 1.602+2  0.19   3.19  103.49 6.651+1 0.0 0.000+0
   304                    0.4000 3.047+1 1.444+2  0.21   3.09  103.49 6.162+1 0.0 0.000+0
   305                    0.5000 3.050+1 1.295+2  0.24   2.98  103.48 5.684+1 0.0 0.000+0
   306                    0.6000 3.052+1 1.154+2  0.26   2.88  103.48 5.218+1 0.0 0.000+0
   307                    0.7000 3.054+1 1.021+2  0.30   2.77  103.47 4.764+1 0.0 0.000+0
   308                    0.8000 3.056+1 8.964+1  0.34   2.67  103.47 4.321+1 0.0 0.000+0
   309                    0.9000 3.058+1 7.791+1  0.39   2.56  103.46 3.889+1 0.0 0.000+0
   310 DNSTREAM           1.0000 3.059+1 6.690+1  0.46   2.45  103.45 3.468+1 0.0 0.000+0

 EXTERIOR NODES
  Node  Node Identifier        QE1     YE1    Elev    Storage    Storage
    U1 UPSTREAM          1.000E+01   2.498 103.498
    D1 DNSTREAM          1.017E+01   3.491 103.491
    U2 UPSTREAM          2.000E+01   2.520 103.520
    D2 DNSTREAM          2.017E+01   3.491 103.491
    U3 UPSTREAM          3.034E+01   3.491 103.491
    D3 DNSTREAM          3.059E+01   2.447 103.447
 Balance 1: S1=1.593E+06 S2=1.623E+06 BNI=1.461E+07 BNQ=1.458E+07 TAQ=0.000E+00 WSI=0.000E+00 WSQ=0.000E+00
 Bal diff=BAL=S2-S1-BNI-TAQ+BNQ-WSI+WSQ= 1.341E+01    Rel bal=BAL/(S2+BNQ)= 8.280E-07

 SIMULATION COMPLETE AT          86400. SECS.



 SIMULATION ENDING AT  1990/  1/  1/ 24.000

 RESULTS at time          86400. JTIME =     47893.0000000000

 BRANCH NUMBER =     1
  Node  Node Identifier     Stat    Flow    Area   Vel  Depth    Elev     Top  Fr Lat Inf
   100 UPSTREAM           0.0000 1.000+1 6.869+1  0.15   2.50  103.50 3.499+1 0.0 0.000+0
   101                    0.1000 1.002+1 7.218+1  0.14   2.60  103.50 3.559+1 0.0 0.000+0
   102                    0.2000 1.003+1 7.573+1  0.13   2.70  103.50 3.618+1 0.0 0.000+0
   103                    0.3000 1.005+1 7.935+1  0.13   2.80  103.50 3.677+1 0.0 0.000+0
   104                    0.4000 1.007+1 8.302+1  0.12   2.89  103.49 3.737+1 0.0 0.000+0
   105                    0.5000 1.008+1 8.676+1  0.12   2.99  103.49 3.797+1 0.0 0.000+0
   106                    0.6000 1.010+1 9.057+1  0.11   3.09  103.49 3.856+1 0.0 0.000+0
   107                    0.7000 1.012+1 9.443+1  0.11   3.19  103.49 3.916+1 0.0 0.000+0
   108                    0.8000 1.014+1 9.836+1  0.10   3.29  103.49 3.975+1 0.0 0.000+0
   109                    0.9000 1.015+1 1.023+2  0.10   3.39  103.49 4.035+1 0.0 0.000+0
   110 DNSTREAM           1.0000 1.017+1 1.064+2  0.10   3.49  103.49 4.095+1 0.0 0.000+0

 BRANCH NUMBER =     2
  Node  Node Identifier     Stat    Flow    Area   Vel  Depth    Elev     Top  Fr Lat Inf
   200 UPSTREAM           0.0000 2.000+1 6.943+1  0.29   2.52  103.52 3.512+1 0.0 0.000+0
   201                    0.1000 2.002+1 7.281+1  0.27   2.61  103.51 3.569+1 0.0 0.000+0
   202                    0.2000 2.003+1 7.626+1  0.26   2.71  103.51 3.627+1 0.0 0.000+0
   203                    0.3000 2.005+1 7.979+1  0.25   2.81  103.51 3.685+1 0.0 0.000+0
   204                    0.4000 2.007+1 8.338+1  0.24   2.90  103.50 3.743+1 0.0 0.000+0
   205                    0.5000 2.008+1 8.705+1  0.23   3.00  103.50 3.801+1 0.0 0.000+0
   206                    0.6000 2.010+1 9.078+1  0.22   3.10  103.50 3.859+1 0.0 0.000+0
   207                    0.7000 2.012+1 9.459+1  0.21   3.20  103.50 3.918+1 0.0 0.000+0
   208                    0.8000 2.014+1 9.846+1  0.20   3.29  103.49 3.977+1 0.0 0.000+0
   209                    0.9000 2.015+1 1.024+2  0.20   3.39  103.49 4.036+1 0.0 0.000+0
   210 DNSTREAM           1.0000 2.017+1 1.064+2  0.19   3.49  103.49 4.095+1 0.0 0.000+0

 BRANCH NUMBER =     3
  Node  Node Identifier     Stat    Flow    Area   Vel  Depth    Elev     Top  Fr Lat Inf
   300 UPSTREAM           0.0000 3.034+1 2.128+2  0.14   3.49  103.49 8.190+1 0.0 0.000+0
   301                    0.1000 3.038+1 1.943+2  0.16   3.39  103.49 7.665+1 0.0 0.000+0
   302                    0.2000 3.041+1 1.768+2  0.17   3.29  103.49 7.152+1 0.0 0.000+0
   303                    0.3000 3.044+1 1.602+2  0.19   3.19  103.49 6.651+1 0.0 0.000+0
   304                    0.4000 3.047+1 1.444+2  0.21   3.09  103.49 6.162+1 0.0 0.000+0
   305                    0.5000 3.050+1 1.295+2  0.24   2.98  103.48 5.684+1 0.0 0.000+0
   306                    0.6000 3.052+1 1.154+2  0.26   2.88  103.48 5.218+1 0.0 0.000+0
   307                    0.7000 3.054+1 1.021+2  0.30   2.77  103.47 4.764+1 0.0 0.000+0
   308                    0.8000 3.056+1 8.964+1  0.34   2.67  103.47 4.321+1 0.0 0.000+0
   309                    0.9000 3.058+1 7.791+1  0.39   2.56  103.46 3.889+1 0.0 0.000+0
   310 DNSTREAM           1.0000 3.059+1 6.690+1  0.46   2.45  103.45 3.468+1 0.0 0.000+0

 EXTERIOR NODES
  Node  Node Identifier        QE1     YE1    Elev    Storage    Storage
    U1 UPSTREAM          1.000E+01   2.498 103.498
    D1 DNSTREAM          1.017E+01   3.491 103.491
    U2 UPSTREAM          2.000E+01   2.520 103.520
    D2 DNSTREAM          2.017E+01   3.491 103.491
    U3 UPSTREAM          3.034E+01   3.491 103.491
    D3 DNSTREAM          3.059E+01   2.447 103.447

 SIMULATION COMPLETED

 SUMMARY OF EXTREME ELEVATIONS AND FLOWS
 
 Unsteady Flow --Example 2
 THREE BRANCH SYSTEM
 July 14, 1994
  Version:   9.98 Version date: 21 April 2003              Date/time of run: 2005/05/31: 15.46.26.170

 BRANCH NUMBER  =    1
  NODE   NODEID   STATION MAX DEPTH  MAX ELEV MAX VELOC        QMAX        QMIN   TIME OF MAX Z   TIME OF MAX Q   TIME OF MIN Q    GIS Id String 
   100 UPSTREAM    0.0000     5.957   106.957     1.058  2.2000E+02  9.0000E+00 90/ 1/ 1: 7.000 90/ 1/ 1: 6.000 90/ 1/ 1: 0.000                 
   101             0.1000     6.044   106.944     1.008  2.1363E+02  9.0005E+00 90/ 1/ 1: 7.000 90/ 1/ 1: 6.000 90/ 1/ 1: 0.000                 
   102             0.2000     6.131   106.931     0.959  2.0717E+02  9.0009E+00 90/ 1/ 1: 7.000 90/ 1/ 1: 6.000 90/ 1/ 1: 0.000                 
   103             0.3000     6.220   106.920     0.911  2.0182E+02  9.0013E+00 90/ 1/ 1: 7.000 90/ 1/ 1: 6.125 90/ 1/ 1: 0.000                 
   104             0.4000     6.308   106.908     0.864  1.9656E+02  9.0016E+00 90/ 1/ 1: 7.000 90/ 1/ 1: 6.125 90/ 1/ 1: 0.000                 
   105             0.5000     6.398   106.898     0.818  1.9099E+02  9.0020E+00 90/ 1/ 1: 7.000 90/ 1/ 1: 6.125 90/ 1/ 1: 0.000                 
   106             0.6000     6.488   106.888     0.773  1.8517E+02  9.0023E+00 90/ 1/ 1: 7.000 90/ 1/ 1: 6.125 90/ 1/ 1: 0.000                 
   107             0.7000     6.578   106.878     0.732  1.7971E+02  9.0026E+00 90/ 1/ 1: 7.000 90/ 1/ 1: 6.625 90/ 1/ 1: 0.000                 
   108             0.8000     6.669   106.869     0.692  1.7758E+02  9.0029E+00 90/ 1/ 1: 7.000 90/ 1/ 1: 6.625 90/ 1/ 1: 0.000                 
   109             0.9000     6.761   106.861     0.653  1.7553E+02  9.0032E+00 90/ 1/ 1: 7.000 90/ 1/ 1: 6.875 90/ 1/ 1: 0.000                 
   110 DNSTREAM    1.0000     6.853   106.853     0.630  1.7488E+02  9.0035E+00 90/ 1/ 1: 7.000 90/ 1/ 1: 7.000 90/ 1/ 1: 0.000                 

 BRANCH NUMBER  =    2
  NODE   NODEID   STATION MAX DEPTH  MAX ELEV MAX VELOC        QMAX        QMIN   TIME OF MAX Z   TIME OF MAX Q   TIME OF MIN Q    GIS Id String 
   200 UPSTREAM    0.0000     6.262   107.262     1.882  4.4000E+02  1.8000E+01 90/ 1/ 1: 6.750 90/ 1/ 1: 6.000 90/ 1/ 1: 0.000                 
   201             0.1000     6.311   107.211     1.842  4.3276E+02  1.8000E+01 90/ 1/ 1: 6.875 90/ 1/ 1: 6.000 90/ 1/ 1: 0.000                 
   202             0.2000     6.364   107.164     1.800  4.2547E+02  1.8001E+01 90/ 1/ 1: 6.875 90/ 1/ 1: 6.000 90/ 1/ 1: 0.000                 
   203             0.3000     6.418   107.118     1.758  4.2169E+02  1.8001E+01 90/ 1/ 1: 6.875 90/ 1/ 1: 6.125 90/ 1/ 1: 0.000                 
   204             0.4000     6.474   107.074     1.716  4.1730E+02  1.8001E+01 90/ 1/ 1: 7.000 90/ 1/ 1: 6.125 90/ 1/ 1: 0.000                 
   205             0.5000     6.533   107.033     1.672  4.1237E+02  1.8002E+01 90/ 1/ 1: 7.000 90/ 1/ 1: 6.125 90/ 1/ 1: 0.000                 
   206             0.6000     6.594   106.994     1.633  4.0700E+02  1.8002E+01 90/ 1/ 1: 7.000 90/ 1/ 1: 6.125 90/ 1/ 1: 0.000                 
   207             0.7000     6.656   106.956     1.593  4.0126E+02  1.8002E+01 90/ 1/ 1: 7.000 90/ 1/ 1: 6.125 90/ 1/ 1: 0.000                 
   208             0.8000     6.720   106.920     1.552  3.9526E+02  1.8003E+01 90/ 1/ 1: 7.000 90/ 1/ 1: 6.125 90/ 1/ 1: 0.000                 
   209             0.9000     6.786   106.886     1.510  3.8971E+02  1.8003E+01 90/ 1/ 1: 7.000 90/ 1/ 1: 6.250 90/ 1/ 1: 0.000                 
   210 DNSTREAM    1.0000     6.853   106.853     1.467  3.8489E+02  1.8003E+01 90/ 1/ 1: 7.000 90/ 1/ 1: 6.250 90/ 1/ 1: 0.000                 

 BRANCH NUMBER  =    3
  NODE   NODEID   STATION MAX DEPTH  MAX ELEV MAX VELOC        QMAX        QMIN   TIME OF MAX Z   TIME OF MAX Q   TIME OF MIN Q    GIS Id String 
   300 UPSTREAM    0.0000     6.853   106.853     1.041  5.4821E+02  2.7007E+01 90/ 1/ 1: 7.000 90/ 1/ 1: 6.250 90/ 1/ 1: 0.000                 
   301             0.1000     6.731   106.831     1.102  5.4036E+02  2.7007E+01 90/ 1/ 1: 7.125 90/ 1/ 1: 6.625 90/ 1/ 1: 0.000 Interpolated    
   302             0.2000     6.605   106.805     1.173  5.3587E+02  2.7008E+01 90/ 1/ 1: 7.125 90/ 1/ 1: 6.625 90/ 1/ 1: 0.000 Interpolated    
   303             0.3000     6.472   106.772     1.260  5.3262E+02  2.7008E+01 90/ 1/ 1: 7.125 90/ 1/ 1: 6.750 90/ 1/ 1: 0.000 Interpolated    
   304             0.4000     6.331   106.731     1.363  5.2999E+02  2.7008E+01 90/ 1/ 1: 7.125 90/ 1/ 1: 6.750 90/ 1/ 1: 0.000 Interpolated    
   305             0.5000     6.179   106.679     1.489  5.2836E+02  2.7009E+01 90/ 1/ 1: 7.125 90/ 1/ 1: 7.000 90/ 1/ 1: 0.000 Interpolated    
   306             0.6000     6.013   106.613     1.654  5.2754E+02  2.7009E+01 90/ 1/ 1: 7.125 90/ 1/ 1: 7.000 90/ 1/ 1: 0.000 Interpolated    
   307             0.7000     5.825   106.525     1.859  5.2678E+02  2.7009E+01 90/ 1/ 1: 7.125 90/ 1/ 1: 7.000 90/ 1/ 1: 0.000 Interpolated    
   308             0.8000     5.605   106.405     2.127  5.2651E+02  2.7009E+01 90/ 1/ 1: 7.125 90/ 1/ 1: 7.125 90/ 1/ 1: 0.000 Interpolated    
   309             0.9000     5.336   106.236     2.491  5.2638E+02  2.7010E+01 90/ 1/ 1: 7.125 90/ 1/ 1: 7.125 90/ 1/ 1: 0.000 Interpolated    
   310 DNSTREAM    1.0000     4.978   105.978     3.026  5.2624E+02  2.7010E+01 90/ 1/ 1: 7.125 90/ 1/ 1: 7.125 90/ 1/ 1: 0.000                 

 Computation time=      0.27 secs or     0.0045 mins
