 Version:   5.46 Version date: 21 April 2003              Date/time of run: 2005/05/31: 15.46.27.893

 FEQUTL uses:
      NFAC=  1.490000 for Manning's equation.
      GRAV=   32.2000 for g.

 NFAC and GRAV are nominal engineering values
   
 DZLIM=  2.500000 NRZERO=  0.080000 USGSBETA=NO 

 EPSABS is missing or zero.  Value set to EPSF.
 Check input and add EPSABS after EPSF on the same line.
 EPSARG=5.0000E-05
 EPSF=1.0000E-04 EPSABS=1.0000E-04

 No automatic cross section extension.  Cross section
      table arguments limited to minimum end elevation.
  

 Minimum flow target for EMBANKQ and CHANRAT=     0.200
 
         Example file for FEQUTL illustrating many of its features.              
  
  
 *       With version 3.51 and later of FEQUTL, you may place comments
 *       with an asterisk in column one of the line at any point in the
 *       input.  Comments with an asterisk will be written in the
 *       output file.  A line beginning with a semi-colon in column
 *       one is not written in the output file.  It is only seen in
 *       the input.
  
         Old style comments, like this one, beginning on or after                
         column nine may still be used but this style comment can only           
         appear between commands but NEVER within the body of a command.         
  
  
  
         Example of table in FEQX format illustrating the                        
         propagation of subsection numbers into blank fields.                    
  
 FEQX                                                                            

 Processing:TABLE#=  153 NOOUT SAVE22

 Processing:STATION=     1.070

 Processing:NAVM=    0

 Processing:NSUB    3     0.140     0.050     0.140

 TabId= 153 SAVE22   NOOUT    OLDBETA  NOEXTEND         
 STATION=     1.070
 NAVM=    0  Hor. scale factor=     1.000 Vert. shift=     0.000
  Vert. scale factor=     1.000 Hor. shift=     0.000
 NSUB    3 0.140 0.050 0.140
     OFFSET ELEVATION SUBS                                                       
     -750.0    720.00    1
     -400.0    710.00    1
 *     Note that the missing subsection numbers will propagate from above
 *     when using FEQX.  The numbers need only fall somewhere within the
 *     assigned field width.  I prefer to place the numbers in columns
 *     if I use FEQX to make checking input easier.  However, for my own
 *     use I prefer FEQXLST because it allows me to type the numbers
 *     more quickly.
     -100.0    704.08    1
      -47.0    704.08    2
      -20.0    695.08    2
        0.0    695.08    2
       20.0    695.08    2
       47.0    704.08    3
      100.0    704.08    3
 *     The line segment ending at (100, 704.08) is horizontal but it is
 *     not at the  minimum point in the cross section.  This represents a berm
 *     in the cross section.  Such a horizontal line above the bottom of
 *     the cross section is invalid in FEQUTL because it creates a
 *     discontinuous function.  The top width at elevation 704.08 is
 *     undefined.  In order to force a defined top width we put a small
 *     transverse slope on the berm.  Clearly a strictly horizontal berm
 *     is a figment of some designer's desire.  There will always be some
 *     slope on the berm.  The increment, 0.053, was picked years ago to
 *     be small, and an odd size so that such increments could be recognized
 *     in the tables if needed.  You may give an increment of your choice
 *     by changing the elevation in the input directly.
      300.0    710.00    3
      700.0    719.00   -1
 

 *WRN:504*Line segment ending at (    -47.00    704.08) is horizontal and not
      at minimum elevation.  Right hand end incremented by  0.053

 *WRN:504*Line segment ending at (    100.00    704.08) is horizontal and not
      at minimum elevation.  Right hand end incremented by  0.053

 ELEMENTS FOR SECTION ID: 153

 TABID= 153
 TYPE=  -25
 STATION= 1.07000E+00
 ELEVATION= 6.95080E+02

   DEPTH TOP WID    AREA SQR(CV)   BETA       J  ALPHA   CRITQ     MA     MQ  AVER n
   0.000 4.000+1 0.000+0 0.000+0  1.000 0.000+0  1.000 0.000+0  1.000  1.000  0.0000
   0.080 4.048+1 3.220+0 4.212+0  1.000 1.286-1  1.000 5.153+0  1.000  1.000  0.0500
   2.250 5.346+1 1.051+2 6.981+1  1.000 1.126+2  1.000 8.367+2  1.000  1.000  0.0500
   4.500 6.692+1 2.406+2 1.288+2  1.000 4.959+2  1.000 2.588+3  1.000  1.000  0.0500
   6.750 8.038+1 4.063+2 1.871+2  1.000 1.218+3  1.000 5.183+3  1.000  1.000  0.0500
   9.000 9.384+1 6.023+2 2.464+2  1.000 2.347+3  1.000 8.658+3  1.000  1.000  0.0500
   9.053 2.027+2 6.101+2 2.480+2  1.005 2.379+3  1.009 6.007+3  1.000  1.000  0.0305
  11.009 3.685+2 1.169+3 3.171+2  1.342 4.065+3  1.875 1.181+4  1.000  1.000  0.0372
  12.964 5.342+2 2.051+3 3.952+2  1.615 7.161+3  2.892 2.281+4  1.000  1.000  0.0478
  14.920 7.000+2 3.258+3 4.813+2  1.783 1.230+4  3.766 3.989+4  1.000  1.000  0.0582
  17.170 8.788+2 5.034+3 5.897+2  1.867 2.155+4  4.426 6.838+4  1.000  1.000  0.0689
  19.420 1.058+3 7.213+3 7.057+2  1.887 3.526+4  4.793 1.069+5  1.000  1.000  0.0775
  21.670 1.236+3 9.793+3 8.283+2  1.875 5.431+4  4.965 1.564+5  1.000  1.000  0.0844
  23.920 1.415+3 1.278+4 9.568+2  1.848 7.963+4  5.013 2.178+5  1.000  1.000  0.0900

 Saving TabId= 153  Internal table number=    1
 
  
  
  
         Example of cross section table in FEQXLST format.                       
         Shows example of checking that the offsets never                        
         decrease to help check for errors when keying in natural                
         channel cross sections and also shows a request to save                 
         the resulting cross section table in the memory of FEQUTL               
         so that we can refer to this table later.                               
  
  
  
 FEQXLST                                                                         

 Processing:TABLE#=   18 MONOTONE SAVE20 NOOUT
 *     A whole series of options can follow the table number.  These
 *     options are read from left to right and the most recent option,
 *     should any conflict, encountered is the one used.

 Processing:STATION= 2.412

 Processing:NAVM=0     SCALE=1.0
 *     The scale factor above is a multiplier on the offsets.  It does not
 *     affect the elevations.

 Processing:NSUB    1     0.030

 TabId= 18 SAVE20   NOOUT    OLDBETA  NOEXTEND MONOTONE
 STATION=     2.412
 NAVM=    0  Hor. scale factor=     1.000 Vert. shift=     0.000
  Vert. scale factor=     1.000 Hor. shift=     0.000
 NSUB    1 0.030
     OFFSET ELEVATION  SUB                                                       
        0.0     40.00    1
        0.0      0.00    1
      100.0      0.00    1
      100.0     40.00   -1
 

 ELEMENTS FOR SECTION ID: 18

 TABID= 18
 TYPE=  -25
 STATION= 2.41200E+00
 ELEVATION= 0.00000E+00

   DEPTH TOP WID    AREA SQR(CV)   BETA       J  ALPHA   CRITQ     MA     MQ  AVER n
   0.000 1.000+2 0.000+0 0.000+0  1.000 0.000+0  1.000 0.000+0  1.000  1.000  0.0000
   0.080 1.000+2 8.000+0 8.584+0  1.000 3.200-1  1.000 1.284+1  1.000  1.000  0.0300
   2.353 1.000+2 2.353+2 1.416+2  1.000 2.768+2  1.000 2.048+3  1.000  1.000  0.0300
   4.706 1.000+2 4.706+2 2.486+2  1.000 1.107+3  1.000 5.793+3  1.000  1.000  0.0300
   7.059 1.000+2 7.059+2 3.437+2  1.000 2.491+3  1.000 1.064+4  1.000  1.000  0.0300
   9.412 1.000+2 9.412+2 4.310+2  1.000 4.429+3  1.000 1.638+4  1.000  1.000  0.0300
  11.765 1.000+2 1.176+3 5.124+2  1.000 6.920+3  1.000 2.290+4  1.000  1.000  0.0300
  14.118 1.000+2 1.412+3 5.891+2  1.000 9.965+3  1.000 3.010+4  1.000  1.000  0.0300
  16.471 1.000+2 1.647+3 6.618+2  1.000 1.356+4  1.000 3.793+4  1.000  1.000  0.0300
  18.824 1.000+2 1.882+3 7.312+2  1.000 1.772+4  1.000 4.634+4  1.000  1.000  0.0300
  21.176 1.000+2 2.118+3 7.976+2  1.000 2.242+4  1.000 5.530+4  1.000  1.000  0.0300
  23.529 1.000+2 2.353+3 8.614+2  1.000 2.768+4  1.000 6.477+4  1.000  1.000  0.0300
  25.882 1.000+2 2.588+3 9.229+2  1.000 3.349+4  1.000 7.472+4  1.000  1.000  0.0300
  28.235 1.000+2 2.824+3 9.822+2  1.000 3.986+4  1.000 8.514+4  1.000  1.000  0.0300
  30.588 1.000+2 3.059+3 1.040+3  1.000 4.678+4  1.000 9.600+4  1.000  1.000  0.0300
  32.941 1.000+2 3.294+3 1.095+3  1.000 5.426+4  1.000 1.073+5  1.000  1.000  0.0300
  35.294 1.000+2 3.529+3 1.149+3  1.000 6.228+4  1.000 1.190+5  1.000  1.000  0.0300
  37.647 1.000+2 3.765+3 1.202+3  1.000 7.087+4  1.000 1.311+5  1.000  1.000  0.0300
  40.000 1.000+2 4.000+3 1.253+3  1.000 8.000+4  1.000 1.436+5  1.000  1.000  0.0300

 Saving TabId= 18  Internal table number=    2
 
  
         Shows example of multiple subsections.  Note that the subsection        
         number is given at the start of the line segment because the            
         last subsection number is used to terminate the input.                  
         That is, the line segment from offset 663 to 664 is in                  
         subsection 1.  The line segment from 659.2 to 661.2 is in               
         subsection 2 and  the line segment from 661.2 to 665 is in              
         subsection 3.  Finally the subsection value of -1 at offset             
         674 signals the end of the cross section.                               
  
 FEQXLST                                                                         

 Processing:TABLE#=    4  SAVE12  NEWBETA  OUT12

 Processing:STATION= 2.095

 Processing:NAVM=0     SCALE=50.0
 *     The value of scale is used here to correct for map scale.  The
 *     offsets are in inches from a topographic map and the scale factor
 *     converts inches to feet on the ground.

 Processing:NSUB    3     0.080     0.055     0.090

 TabId= 4 SAVE12   OUT12    NEWBETA  NOEXTEND         
 STATION=     2.095
 NAVM=    0  Hor. scale factor=    50.000 Vert. shift=     0.000
  Vert. scale factor=     1.000 Hor. shift=     0.000
 NSUB    3 0.080 0.055 0.090
 HEADING                                                                         
        0.0    674.00    1
       30.0    670.00    1
      115.0    664.00    1
      200.0    663.80    1
      270.0    664.00    1
      285.0    666.00    1
      320.0    667.00    1
      360.0    667.30    1
      390.0    667.00    1
      425.0    666.00    1
      450.0    666.10    1
      540.0    668.00    1
      580.0    670.00    1
      610.0    670.10    1
      650.0    668.00    1
      750.0    668.10    1
      800.0    667.00    1
     1280.0    667.10    1
     1285.0    666.00    1
     1440.0    665.00    1
     1625.0    665.10    1
     1660.0    664.00    1
     1680.0    663.00    1
     1690.0    664.00    2
     1735.0    658.60    2
     1755.0    657.80    2
     1790.0    658.10    2
     1805.0    658.60    2
     1820.0    659.20    2
     1845.0    661.20    3
     1915.0    665.00    3
     1920.0    666.00    3
     1960.0    667.00    3
     1990.0    673.50   -1
 

 *WRN:505* Decrease in conveyance in subsection   1 at elevation=   665.100
            decrease=  17.7 per cent

 *WRN:505* Decrease in conveyance in subsection   1 at elevation=   667.100
            decrease=  20.6 per cent

 ELEMENTS FOR SECTION ID: 4

 TABID= 4
 TYPE=  -22
 STATION= 2.09500E+00
 ELEVATION= 6.57800E+02

   DEPTH TOP WID    AREA SQR(CV)   BETA       J  ALPHA   CRITQ     MA     MQ  AVER n
   0.000 0.000+0 0.000+0 0.000+0  1.067 0.000+0  1.185 0.000+0  1.000  1.000  0.0000
   0.080 1.134+1 4.535-1 1.199+0  1.067 1.210-2  1.185 4.855-1  1.000  1.000  0.0550
   0.300 4.250+1 6.375+0 6.982+0  1.067 6.374-1  1.185 1.321+1  1.000  1.000  0.0550
   0.800 7.000+1 3.450+1 2.415+1  1.040 1.028+1  1.107 1.330+2  1.000  1.000  0.0550
   1.400 9.000+1 8.250+1 4.591+1  1.036 4.479+1  1.097 4.343+2  1.000  1.000  0.0550
   3.400 1.317+2 3.042+2 1.199+2  1.035 4.176+2  1.092 2.556+3  1.000  1.000  0.0550
   5.200 1.798+2 5.845+2 1.920+2  1.058 1.204+3  1.149 5.859+3  1.000  1.000  0.0517
   6.000 2.252+2 7.465+2 2.243+2  1.081 1.734+3  1.207 7.671+3  1.000  1.000  0.0491
   6.200 3.916+2 8.082+2 2.325+2  1.107 1.889+3  1.269 7.811+3  1.000  1.000  0.0361
   7.200 4.635+2 1.236+3 2.844+2  1.219 2.905+3  1.596 1.046+4  1.000  1.000  0.0437
   7.300 6.698+2 1.292+3 2.873+2  1.233 3.031+3  1.638 1.062+4  1.000  1.000  0.0361
   8.200 8.333+2 1.969+3 3.448+2  1.335 4.488+3  2.009 1.425+4  1.000  1.000  0.0437
   8.300 8.712+2 2.054+3 3.509+2  1.340 4.689+3  2.034 1.481+4  1.000  1.000  0.0440
   9.200 1.030+3 2.909+3 4.150+2  1.352 6.912+3  2.143 2.126+4  1.000  1.000  0.0503
   9.300 1.545+3 3.038+3 4.087+2  1.361 7.209+3  2.178 2.164+4  1.000  1.000  0.0425

 *WRN:506* Conveyance non-increasing at depth=      9.30
            decrease=   3.0 per cent
   9.500 1.614+3 3.354+3 4.267+2  1.388 7.848+3  2.287 2.275+4  1.000  1.000  0.0447
  10.200 1.692+3 4.511+3 4.963+2  1.404 1.060+4  2.411 3.028+4  1.000  1.000  0.0524
  10.300 1.802+3 4.686+3 5.029+2  1.402 1.106+4  2.411 3.155+4  1.000  1.000  0.0522
  12.200 1.912+3 8.214+3 7.111+2  1.293 2.328+4  2.082 6.865+4  1.000  1.000  0.0639
  12.300 1.945+3 8.407+3 7.202+2  1.287 2.411+4  2.062 7.114+4  1.000  1.000  0.0640
  14.000 1.966+3 1.173+4 9.138+2  1.207 4.122+4  1.768 1.222+5  1.000  1.000  0.0688
  15.700 1.986+3 1.509+4 1.104+3  1.156 6.401+4  1.576 1.867+5  1.000  1.000  0.0713

 Saving TabId= 4  Internal table number=    3
 
 Estimates of critical flow:
      Depth      Beta   dBetadY     Alpha  DAlphadY     Qbeta    Qalpha     Qcrit
    0.00000  1.066669  0.000000  1.185188  0.000000       0.0       0.0       0.0
    0.08002  1.066669 -0.000002  1.185188 -0.000001       0.5       0.5       0.5
    0.29999  1.066668 -0.000001  1.185187  0.000000      13.6      12.9      14.0
    0.79999  1.039616  0.010084  1.107147  0.021244     135.1     130.9     137.4
    1.40002  1.035845  0.001124  1.096734  0.000839     440.6     428.1     448.2
    3.40002  1.034522  0.003529  1.091949  0.008931    2589.5    2522.5    2623.4
    5.20001  1.058391  0.016789  1.149464  0.042285    5968.5    5752.2    5979.9
    6.00000  1.081345  0.034922  1.206979  0.089884    7848.6    7497.9    7712.4
    6.20001  1.106990  0.207404  1.268946  0.506933    7996.5    7629.5    6588.8
    7.20001  1.219376  0.053480  1.595841  0.195352   11034.1    9908.2   11449.9
    7.29999  1.233055  0.211986  1.637932  0.631288   11221.9   10042.7   10186.9
    8.20001  1.335110  0.047916  2.009269  0.240102   15535.1   13072.5   17172.5
    8.29999  1.340005  0.049577  2.033581  0.245164   16182.6   13550.0   17897.1
    9.20001  1.351838 -0.010934  2.142933  0.029574   23600.8   19145.6   27752.2
    9.29999  1.360679  0.177274  2.178157  0.649177   24034.8   19485.4   24178.6
    9.50000  1.388330  0.106373  2.287432  0.457826   25397.6   20386.2   27439.2
   10.20001  1.404163 -0.030614  2.410657 -0.024239   34290.6   26742.0   41797.8
   10.29999  1.402020 -0.013453  2.411121  0.030146   35764.5   27837.5   42872.7
   12.20001  1.292589 -0.059316  2.082287 -0.210495   77662.2   60683.7   96608.0
   12.29999  1.286920 -0.054247  2.062052 -0.194771   80404.4   62938.2   99174.2
   14.00000  1.207090 -0.037705  1.768433 -0.141480  135887.2  109871.4  162617.2
   15.70001  1.156233 -0.023338  1.576134 -0.088771  204380.9  170626.7  236016.8
 
  
  
         Shows use of scale option to adjust the horizontal scale                
         of the cross section.                                                   
         Also shows how we can ask to save the cross section without             
         requesting monotonicity checking and at the same time suppress          
         output to the table file.   We have added additional points             
         to improve the GRITTER computations.                                    
  
 FEQXLST                                                                         

 Processing:TABLE#=   19 SAVE NOOUT

 Processing:STATION= 2.412

 Processing:NAVM=0     SCALE=0.8

 Processing:NSUB    1     0.030

 TabId= 19 SAVE21   NOOUT    OLDBETA  NOEXTEND         
 STATION=     2.412
 NAVM=    0  Hor. scale factor=     0.800 Vert. shift=     0.000
  Vert. scale factor=     1.000 Hor. shift=     0.000
 NSUB    1 0.030
     OFFSET ELEVATION  SUB                                                       
        0.0     20.00    1
        0.0     19.00    1
        0.0     18.00    1
        0.0     17.00    1
        0.0     16.00    1
        0.0     15.00    1
        0.0     14.00    1
        0.0     13.00    1
        0.0     12.00    1
        0.0     11.00    1
        0.0     10.00    1
        0.0      9.00    1
        0.0      8.00    1
        0.0      7.00    1
        0.0      6.00    1
        0.0      5.00    1
       80.0      5.00    1
       80.0     20.00   -1
 

 ELEMENTS FOR SECTION ID: 19

 TABID= 19
 TYPE=  -25
 STATION= 2.41200E+00
 ELEVATION= 5.00000E+00

   DEPTH TOP WID    AREA SQR(CV)   BETA       J  ALPHA   CRITQ     MA     MQ  AVER n
   0.000 8.000+1 0.000+0 0.000+0  1.000 0.000+0  1.000 0.000+0  1.000  1.000  0.0000
   0.080 8.000+1 6.400+0 7.677+0  1.000 2.560-1  1.000 1.027+1  1.000  1.000  0.0300
   1.000 8.000+1 8.000+1 6.252+1  1.000 4.000+1  1.000 4.540+2  1.000  1.000  0.0300
   2.000 8.000+1 1.600+2 1.105+2  1.000 1.600+2  1.000 1.284+3  1.000  1.000  0.0300
   3.000 8.000+1 2.400+2 1.537+2  1.000 3.600+2  1.000 2.359+3  1.000  1.000  0.0300
   4.000 8.000+1 3.200+2 1.939+2  1.000 6.400+2  1.000 3.632+3  1.000  1.000  0.0300
   5.000 8.000+1 4.000+2 2.317+2  1.000 1.000+3  1.000 5.075+3  1.000  1.000  0.0300
   6.000 8.000+1 4.800+2 2.678+2  1.000 1.440+3  1.000 6.672+3  1.000  1.000  0.0300
   7.000 8.000+1 5.600+2 3.023+2  1.000 1.960+3  1.000 8.407+3  1.000  1.000  0.0300
   8.000 8.000+1 6.400+2 3.356+2  1.000 2.560+3  1.000 1.027+4  1.000  1.000  0.0300
   9.000 8.000+1 7.200+2 3.676+2  1.000 3.240+3  1.000 1.226+4  1.000  1.000  0.0300
  10.000 8.000+1 8.000+2 3.987+2  1.000 4.000+3  1.000 1.436+4  1.000  1.000  0.0300
  11.000 8.000+1 8.800+2 4.288+2  1.000 4.840+3  1.000 1.656+4  1.000  1.000  0.0300
  12.000 8.000+1 9.600+2 4.581+2  1.000 5.760+3  1.000 1.887+4  1.000  1.000  0.0300
  13.000 8.000+1 1.040+3 4.865+2  1.000 6.760+3  1.000 2.128+4  1.000  1.000  0.0300
  14.000 8.000+1 1.120+3 5.143+2  1.000 7.840+3  1.000 2.378+4  1.000  1.000  0.0300
  15.000 8.000+1 1.200+3 5.414+2  1.000 9.000+3  1.000 2.637+4  1.000  1.000  0.0300

 Saving TabId= 19  Internal table number=    4
 
  
         Example of the FEQXEXT command.  It permits optional                    
         variation of Manning's n in the vertical in each subsection.            
         In the example shown here subsections 1 and 2 have request              
         such variation.  The * in the column headed N0 selects                  
         the n value given for the subsection on the line labeled                
         with NSUB as the roughness to use at zero depth in the                  
         subsection.  Thus in subsection 1 the Manning's n is                    
         0.140 at zero depth and varies linearly with water                      
         depth until a depth is 1.0.  Above that level the                       
         n value is constant.  The choice of depth is given                      
         on the VARN line.  MAXY uses the maximum depth in the                   
         subsection as the variable to which variation of n is                   
         related.  Another options in HYDY, hydraulic depth in                   
         the subsection.   Comments for each boundary point                      
         can be given but they must be prefixed by a single                      
         quote.                                                                  
  
         Subsection 3 shows an example of having the n                           
         value on the boundary vary from one line segment                        
         to the next.  FEQXEXT computes a perimeter-weighted                     
         value of Manning's n in this case.  The * is needed                     
         to signal that the subsection number is to take                         
         the default value.  The default for a subsection number is              
         always the most recent subsection number encountered.                   
  
  
  
 FEQXEXT                                                                         

 Processing:TABID=   154 OUT22 OLDBETA

 Processing:STATION=     1.25

 Processing:VARN=MAXY

 Processing:NSUB    3      .140      .050      .140

 TABID=154 NOSAVE   OUT22    OLDBETA  NOEXTEND         
 STATION=     1.250
 VARN=MAXY  Hor. scale factor=     1.000 Vert. shift=     0.000
  Vert. scale factor=     1.000 Hor. shift=     0.000
 NSUB    3 0.140 0.050 0.140
     OFFSET ELEVATION SUBS    N0    Y1    N1    Y2    N2    Y3    N3    Y4    N4    Y5    N5
   -750.000    720.00    1 0.140  1.00 0.080
   -400.000    710.00    1
   -130.000    704.10    1
    -47.000    704.50    2 0.050  4.00 0.040
    -20.000    695.00    2
      0.000    694.00    2
     20.000    695.00    2
     47.000    704.10    3 0.060
    130.000    704.50    3 0.100
    300.000    710.00    3 0.150
    700.000    719.00   -1
 

 ELEMENTS FOR SECTION ID: 154

 TABID= 154
 TYPE=  -22
 STATION= 1.25000E+00
 ELEVATION= 6.94000E+02

   DEPTH TOP WID    AREA SQR(CV)   BETA       J  ALPHA   CRITQ     MA     MQ  AVER n
   0.000 0.000+0 0.000+0 0.000+0  1.000 0.000+0  1.000 0.000+0  1.000  1.000  0.0000
   0.080 3.201+0 1.281-1 6.692-1  1.000 3.416-3  1.000 1.453-1  1.000  1.000  0.0498
   1.000 4.000+1 2.000+1 1.987+1  1.000 6.667+0  1.000 8.025+1  1.000  1.000  0.0475
   3.275 5.322+1 1.260+2 8.888+1  1.000 1.671+2  1.000 1.101+3  1.000  1.000  0.0418
   5.550 6.643+1 2.621+2 1.549+2  1.000 6.029+2  1.000 2.955+3  1.000  1.000  0.0400
   7.825 7.965+1 4.283+2 2.192+2  1.000 1.383+3  1.000 5.636+3  1.000  1.000  0.0400
  10.100 9.286+1 6.245+2 2.848+2  1.000 2.574+3  1.000 9.190+3  1.000  1.000  0.0400
  10.500 2.783+2 6.988+2 2.980+2  1.050 2.837+3  1.106 6.283+3  1.000  1.000  0.0215
  12.333 4.189+2 1.338+3 3.783+2  1.350 4.664+3  1.945 1.357+4  1.000  1.000  0.0300
  14.167 5.594+2 2.235+3 4.703+2  1.510 7.899+3  2.602 2.534+4  1.000  1.000  0.0378
  16.000 7.000+2 3.389+3 5.710+2  1.582 1.302+4  3.029 4.232+4  1.000  1.000  0.0442
  18.250 8.788+2 5.165+3 6.972+2  1.659 2.256+4  3.523 7.106+4  1.000  1.000  0.0514
  20.500 1.058+3 7.343+3 8.329+2  1.685 3.656+4  3.795 1.098+5  1.000  1.000  0.0573
  22.750 1.236+3 9.924+3 9.762+2  1.686 5.591+4  3.936 1.596+5  1.000  1.000  0.0621
  25.000 1.415+3 1.291+4 1.126+3  1.676 8.152+4  3.995 2.212+5  1.000  1.000  0.0661
 
  
         Example of computing a critical flow table using the just               
         computed cross section tables.  We also request saving of               
         the critical flow table so we can use it later in the input.            
  
  
 CRITQ                                                                           

 TabId= 50  Internal number=     6  SAVE                                              
 APPTAB=18              
 CONTAB=19              
 DISCOEF=     0.980
 TEST OF CRITICAL FLOW TABLE                       

 TESTING TabId=19 FOR MONOTONE CELERITY AND CRITICAL FLOW.
 Table tests OK.

 Approach Section  Constricted Section
 Elevation  Depth  Elevation     Depth      Flow
      5.00   5.00       5.00      0.00       0.0
      5.12   5.12       5.08      0.08      10.3
      6.51   6.51       6.00      1.00     454.0
      8.00   8.00       7.00      2.00    1284.0
      9.46   9.46       8.00      3.00    2358.8
     10.91  10.91       9.00      4.00    3631.7
     12.34  12.34      10.00      5.00    5075.4
     13.76  13.76      11.00      6.00    6671.8
     15.17  15.17      12.00      7.00    8407.5
     16.57  16.57      13.00      8.00   10272.0
     17.96  17.96      14.00      9.00   12256.9
     19.35  19.35      15.00     10.00   14355.5
     20.74  20.74      16.00     11.00   16561.8
     22.12  22.12      17.00     12.00   18870.8
     23.49  23.49      18.00     13.00   21278.1
     24.87  24.87      19.00     14.00   23779.9
     26.24  26.24      20.00     15.00   26372.7

 TABID= 50
 TYPE=    2
 REFL=0.0
      DEPTH DISCHARGE  TEST OF CRITICAL FLOW TABLE                       
      0.000       0.0
      5.000       0.0
      5.122      10.3
      6.513     454.0
      8.001    1284.0
      9.465    2358.8
     10.910    3631.7
     12.340    5075.4
     13.759    6671.8
     15.167    8407.5
     16.568   10272.0
     17.963   12256.9
     19.352   14355.5
     20.736   16561.8
     22.117   18870.8
     23.494   21278.1
     24.869   23779.9
     26.241   26372.7
 
  
         Example of use of the just computed critical flow table                 
         for the generalized Ritter solution to the classical                    
         dam break problem.                                                      
  
 GRITTER                                                                         
 APPTAB= 18              
 CONTAB= 50              

 Testing TABID= 18               for monotone celerity and critical flow.
 Table tests OK.

 TABLE FOR CELERITY AND ESCOFFIER VARIABLE FOR RESERVOIR

      DEPTH       TOP      AREA  CELERITY ESCOFFIER
      0.000     100.0 0.000E+00     0.000 0.000E+00
      0.080     100.0 8.000E+00     1.605 3.210E+00
      2.353     100.0 2.353E+02     8.704 1.741E+01
      4.706     100.0 4.706E+02    12.310 2.462E+01
      7.059     100.0 7.059E+02    15.076 3.015E+01
      9.412     100.0 9.412E+02    17.409 3.482E+01
     11.765     100.0 1.176E+03    19.463 3.893E+01
     14.118     100.0 1.412E+03    21.321 4.264E+01
     16.471     100.0 1.647E+03    23.029 4.606E+01
     18.824     100.0 1.882E+03    24.619 4.924E+01
     21.176     100.0 2.118E+03    26.113 5.223E+01
     23.529     100.0 2.353E+03    27.525 5.505E+01
     25.882     100.0 2.588E+03    28.869 5.774E+01
     28.235     100.0 2.824E+03    30.153 6.031E+01
     30.588     100.0 3.059E+03    31.384 6.277E+01
     32.941     100.0 3.294E+03    32.568 6.514E+01
     35.294     100.0 3.529E+03    33.712 6.742E+01
     37.647     100.0 3.765E+03    34.817 6.963E+01
     40.000     100.0 4.000E+03    35.889 7.178E+01

  INITDEPTH  INITFLOW PEAKDEPTH    PEAKFLOW   TEST OF GRITTER SOLUTION                                
     15.000       0.0    12.327 5.06185E+03
     15.000     100.0    12.358 5.09541E+03
     15.000     200.0    12.389 5.13059E+03
     15.000     500.0    12.481 5.23396E+03
 
  
  
         Example of input of tables either created manually or                   
         computed by FEQUTL in a previous run for subsequent                     
         use.  These tables are the standard tables for the                      
         computation of flow over embankment shaped weirs.                       
         They must be entered before the EMBANKQ command is                      
         used.                                                                   
  
         Please note that tables for which TYPE is negative                      
         have only their header information echoed to the output                 
         file.  This is often a convenient way to reduce the size                
         of the output.                                                          
  
 FTABIN                                                                          

 Table Id= 9994  Internal number=     7  Type=   -2
 Function scale fac=  1.00000E+00 Arg scale fac= 1.00000E+00 Arg shift= 0.00000E+00
       HEAD WEIR COEF  PAVED LOW HEAD WEIR COEFFICIENT                           

 Table Id= 9995  Internal number=     8  Type=   -2
 Function scale fac=  1.00000E+00 Arg scale fac= 1.00000E+00 Arg shift= 0.00000E+00
       HEAD WEIR COEF GRAVEL LOW HEAD WEIR COEFFICIENT                           

 Table Id= 9996  Internal number=     9  Type=   -2
 Function scale fac=  1.00000E+00 Arg scale fac= 1.00000E+00 Arg shift= 0.00000E+00
      RATIO WEIR COEF PAVED HIGH HEAD WEIR COEFFICIENT                           

 Table Id= 9997  Internal number=    10  Type=   -2
 Function scale fac=  1.00000E+00 Arg scale fac= 1.00000E+00 Arg shift= 0.00000E+00
      RATIO WEIR COEF GRAVEL HIGH HEAD WEIR COEFFICIENT                          

 Table Id= 9998  Internal number=    11  Type=   -2
 Function scale fac=  1.00000E+00 Arg scale fac= 1.00000E+00 Arg shift= 0.00000E+00
      RATIO  FRACTION  PAVED SUBMERGENCE REDUCTION FACTOR                        

 Table Id= 9999  Internal number=    12  Type=   -2
 Function scale fac=  1.00000E+00 Arg scale fac= 1.00000E+00 Arg shift= 0.00000E+00
      RATIO  FRACTION  GRAVELED SUBMERGENCE REDUCTION FACTOR                     

 Next function-table file name= ../data/type5.tab

 Table Id= 9980  Internal number=    13  Type=  -10

 LABEL= Table 6--Cd for culvert in vertical headwall.                            

 Table Id= 9981  Internal number=    14  Type=  -10

 LABEL= Table 7--Cd for box culverts with wingwalls                              

 Table Id= 9982  Internal number=    15  Type=   -2
 Function scale fac=  1.00000E+00 Arg scale fac= 1.00000E+00 Arg shift= 0.00000E+00
     hratio        Cd   Cd for flared entrance pipe culverts                     

 Table Id= 9983  Internal number=    16  Type=  -10

 LABEL= Approximation to Figure 15                                               

 Table Id= 9984  Internal number=    17  Type=  -10

 LABEL= Approximation to Figure 16: r/D=0.0                                      

 Table Id= 9985  Internal number=    18  Type=  -10

 LABEL= Approximation to Figure 16: r/D=0.01                                     

 Table Id= 9986  Internal number=    19  Type=  -10

 LABEL= Approximation to Figure 16: r/D=0.02                                     

 Table Id= 9987  Internal number=    20  Type=  -10

 LABEL= Approximation to Figure 16: r/D=0.03                                     

 Table Id= 9988  Internal number=    21  Type=   -2
 Function scale fac=  1.00000E+00 Arg scale fac= 1.00000E+00 Arg shift= 0.00000E+00
  Round/bev        Cd   Cd for type 4 and 6 from table 5                         

 Table Id= 9989  Internal number=    22  Type=   -2
 Function scale fac=  1.00000E+00 Arg scale fac= 1.00000E+00 Arg shift= 0.00000E+00
 Rel. round        Kr Rel. rounding adj. for types 1, 2, &3. Fig. 21             

 Table Id= 9990  Internal number=    23  Type=  -10

 LABEL= Table for Figure 22: Rel. bevel. Types 1, 2, &3                          

 Table Id= 9991  Internal number=    24  Type=   -2
 Function scale fac=  1.00000E+00 Arg scale fac= 1.00000E+00 Arg shift= 0.00000E+00
 WingWangle    Ktheta Cd var. with WWangle. Fig. 24. Types 1, 2, &3              

 Table Id= 9992  Internal number=    25  Type=   -2
 Function scale fac=  1.00000E+00 Arg scale fac= 1.00000E+00 Arg shift= 0.00000E+00
       Lp/D       Kl  Table for projecting inlet adjustment.                     

 Table Id= 10001  Internal number=    26  Type=  -10

 LABEL= Ratios for lin spline interp of power functions                          

 Table Id= 10002  Internal number=    27  Type=  -10

 LABEL= Ratios for lin spline interp of power functions                          
 
 THERE ARE NOW   21 FUNCTION TABLES STORED
      2243 LOCATIONS OUT OF 8000000 ARE USED
 
  
  
  
         Example of flow over an embankment shaped weir.                         
         The table will not be echoed to the output file.                        
  
 EMBANKQ                                                                         

 Processing:TABID=   500 CSHIFT= 0.00
 TabId= 500 TYPE=   13 H/L Crit ratio=   0.15 H/L max ratio=   0.32
    Hor. scale factor=     1.000 Vert. scale factor=     1.000 Crest shift=    0.000
     Minimum flow target=     0.200
 PLCWTB= 9994           
 GLCWTB= 9995           
 PHCWTB= 9996           
 GHCWTB= 9997           
 *     If the entries for the next two tables are left blank, FEQUTL
 *     will produce a table of type 2 because it cannot compute
 *     submergence.  Such a table would be used as a downstream boundary
 *     condition if you were satisfied that nothing downstream would cause
 *     submerged flow over the weir or embankment.
 PSUBTB= 9998           
 GSUBTB= 9999           
 LABEL= MTPPOOL TO PENPOOL                               
     OFFSET     CREST     WIDTH  APPROACH SURFACE                                
        0.0     11.80      25.0       9.0 PAVED   
      235.0     11.40      25.0       8.9 PAVED   
      630.0     11.30      25.0       8.7 PAVED   
      995.0     11.30      25.0       8.4 PAVED   
     1410.0     11.70      25.0       8.2 PAVED   
     1780.0     11.70      25.0       8.0 END     

 Minimum crest elevation=     11.30
 Minimum crest location=     630.0

 Datum for heads (minimum crest elevation)=    11.300 after scaling and possible crest shift.
 UPSTREAM HEADS TO USE IN COMPUTING THE TABLE                                    
       0.01
       0.05
       0.10
       0.15
       0.20
       0.30
       0.40
       0.75
       1.00
      -1.00

 Upstream Head=   0.0100  Free Flow=     1.094
  PartialFD      Drop  Dns Head      Flow  RelError
   1.000000    0.0020    0.0080   1.09354
   0.902500    0.0018    0.0082   1.09044     0.000
   0.810000    0.0016    0.0084   1.08082     0.000
   0.722500    0.0014    0.0086   1.06990     0.000
   0.640000    0.0013    0.0087   1.05495    -0.001
   0.562500    0.0011    0.0089   1.03576    -0.002
   0.490000    0.0010    0.0090   1.01284    -0.001
   0.422500    0.0008    0.0092   0.98323     0.000
   0.360000    0.0007    0.0093   0.94457    -0.003
   0.302500    0.0006    0.0094   0.90304     0.000
   0.250000    0.0005    0.0095   0.84729    -0.001
   0.202500    0.0004    0.0096   0.79563     0.000
   0.160000    0.0003    0.0097   0.72752    -0.001
   0.122500    0.0002    0.0098   0.66560     0.000
   0.090000    0.0002    0.0098   0.59021    -0.017
   0.062500    0.0001    0.0099   0.43440    -0.028
   0.040000    0.0001    0.0099   0.28172    -0.002
   0.022500    0.0000    0.0100   0.15846     0.000
   0.010000    0.0000    0.0100   0.07043     0.000
   0.002500    0.0000    0.0100   0.01761     0.000
   Free flow interpolation between head=   0.010 and    0.050
   has estimated maximum relative error of 0.271

 Upstream Head=   0.0500  Free Flow=    14.968
  PartialFD      Drop  Dns Head      Flow  RelError
   1.000000    0.0100    0.0400   14.9681
   0.902500    0.0090    0.0410   14.9298     0.000
   0.810000    0.0081    0.0419   14.8110     0.000
   0.722500    0.0072    0.0428   14.6762     0.000
   0.640000    0.0064    0.0436   14.4916    -0.001
   0.562500    0.0056    0.0444   14.2548    -0.002
   0.490000    0.0049    0.0451   13.9710    -0.001
   0.422500    0.0042    0.0458   13.5938     0.000
   0.360000    0.0036    0.0464   13.0959    -0.003
   0.302500    0.0030    0.0470   12.5532     0.000
   0.250000    0.0025    0.0475   11.8225     0.000
   0.202500    0.0020    0.0480   11.1275     0.000
   0.160000    0.0016    0.0484   10.2051    -0.001
   0.122500    0.0012    0.0488   9.34021    -0.001
   0.090000    0.0009    0.0491   8.30035    -0.016
   0.062500    0.0006    0.0494   6.25516    -0.024
   0.040000    0.0004    0.0496   4.21134    -0.007
   0.022500    0.0002    0.0498   2.36857     0.000
   0.010000    0.0001    0.0499   1.05260     0.000
   0.002500    0.0000    0.0500   0.26313     0.000
   Free flow interpolation between head=   0.050 and    0.100
   has estimated maximum relative error of 0.095

 Upstream Head=   0.1000  Free Flow=    52.238
  PartialFD      Drop  Dns Head      Flow  RelError
   1.000000    0.0200    0.0800   52.2385
   0.902500    0.0180    0.0820   52.1170     0.000
   0.810000    0.0162    0.0838   51.7402     0.000
   0.722500    0.0144    0.0856   51.3127     0.000
   0.640000    0.0128    0.0872   50.7277    -0.001
   0.562500    0.0112    0.0888   49.9769    -0.001
   0.490000    0.0098    0.0902   49.0748    -0.001
   0.422500    0.0084    0.0916   47.8404     0.000
   0.360000    0.0072    0.0928   46.1962    -0.003
   0.302500    0.0060    0.0940   44.3767     0.000
   0.250000    0.0050    0.0950   41.9231    -0.001
   0.202500    0.0040    0.0960   39.5325     0.000
   0.160000    0.0032    0.0968   36.3440    -0.001
   0.122500    0.0024    0.0976   33.2736    -0.001
   0.090000    0.0018    0.0982   29.6270    -0.014
   0.062500    0.0012    0.0988   22.7446    -0.022
   0.040000    0.0008    0.0992   15.7394    -0.011
   0.022500    0.0004    0.0996   8.84911     0.000
   0.010000    0.0002    0.0998   3.93159     0.000
   0.002500    0.0000    0.1000   0.98273     0.000
   Free flow interpolation between head=   0.100 and    0.150
   has estimated maximum relative error of 0.033

 Upstream Head=   0.1500  Free Flow=   111.421
  PartialFD      Drop  Dns Head      Flow  RelError
   1.000000    0.0300    0.1200   111.421
   0.902500    0.0270    0.1230   111.192     0.000
   0.810000    0.0243    0.1257   110.482     0.000
   0.722500    0.0216    0.1284   109.676     0.000
   0.640000    0.0192    0.1308   108.544    -0.001
   0.562500    0.0168    0.1332   106.948    -0.002
   0.490000    0.0147    0.1353   104.962    -0.001
   0.422500    0.0127    0.1373   102.334     0.000
   0.360000    0.0108    0.1392   98.8712    -0.003
   0.302500    0.0091    0.1409   94.9827    -0.001
   0.250000    0.0075    0.1425   89.7843    -0.001
   0.202500    0.0061    0.1439   84.6003     0.000
   0.160000    0.0048    0.1452   77.7625    -0.001
   0.122500    0.0037    0.1463   71.2274    -0.002
   0.090000    0.0027    0.1473   63.4616    -0.012
   0.062500    0.0019    0.1481   49.6033    -0.022
   0.040000    0.0012    0.1488   33.3789    -0.014
   0.022500    0.0007    0.1493   18.9903    -0.003
   0.010000    0.0003    0.1497   8.45514    -0.001
   0.002500    0.0001    0.1499   2.11290     0.000
   Free flow interpolation between head=   0.150 and    0.200
   has estimated maximum relative error of 0.016

 Upstream Head=   0.2000  Free Flow=   190.004
  PartialFD      Drop  Dns Head      Flow  RelError
   1.000000    0.0399    0.1601   190.004
   0.902500    0.0360    0.1640   189.641     0.000
   0.810000    0.0323    0.1677   188.520     0.000
   0.722500    0.0288    0.1712   187.197     0.000
   0.640000    0.0255    0.1745   185.160    -0.001
   0.562500    0.0224    0.1776   182.419    -0.001
   0.490000    0.0195    0.1805   179.080    -0.001
   0.422500    0.0169    0.1831   174.575    -0.001
   0.360000    0.0144    0.1856   168.702    -0.003
   0.302500    0.0121    0.1879   162.104     0.000
   0.250000    0.0100    0.1900   153.091    -0.001
   0.202500    0.0081    0.1919   144.058    -0.002
   0.160000    0.0064    0.1936   132.664    -0.001
   0.122500    0.0049    0.1951   121.196    -0.002
   0.090000    0.0036    0.1964   108.317    -0.011
   0.062500    0.0025    0.1975   84.6987    -0.026
   0.040000    0.0016    0.1984   56.7856    -0.009
   0.022500    0.0009    0.1991   32.0872     0.000
   0.010000    0.0004    0.1996   14.2566     0.000
   0.002500    0.0001    0.1999   3.56121     0.000
   Free flow interpolation between head=   0.200 and    0.300
   has estimated maximum relative error of 0.032

 Upstream Head=   0.3000  Free Flow=   401.456
  PartialFD      Drop  Dns Head      Flow  RelError
   1.000000    0.0596    0.2404   401.456
   0.902500    0.0538    0.2462   400.760     0.000
   0.810000    0.0483    0.2517   398.524     0.000
   0.722500    0.0431    0.2569   395.544     0.000
   0.640000    0.0382    0.2618   391.159    -0.001
   0.562500    0.0335    0.2665   385.468    -0.001
   0.490000    0.0292    0.2708   378.387    -0.001
   0.422500    0.0252    0.2748   368.910     0.000
   0.360000    0.0215    0.2785   356.544    -0.002
   0.302500    0.0180    0.2820   342.243    -0.001
   0.250000    0.0149    0.2851   323.908    -0.001
   0.202500    0.0121    0.2879   304.374     0.000
   0.160000    0.0095    0.2905   280.651    -0.002
   0.122500    0.0073    0.2927   256.243    -0.001
   0.090000    0.0054    0.2946   229.820    -0.009
   0.062500    0.0037    0.2963   179.296    -0.026
   0.040000    0.0024    0.2976   119.771    -0.007
   0.022500    0.0013    0.2987   67.7011    -0.002
   0.010000    0.0006    0.2994   30.0029     0.001
   0.002500    0.0001    0.2999   7.48728     0.001
   Free flow interpolation between head=   0.300 and    0.400
   has estimated maximum relative error of 0.018

 Upstream Head=   0.4000  Free Flow=   686.737
  PartialFD      Drop  Dns Head      Flow  RelError
   1.000000    0.0792    0.3208   686.737
   0.902500    0.0715    0.3285   685.615     0.000
   0.810000    0.0641    0.3359   681.795     0.000
   0.722500    0.0572    0.3428   676.480     0.000
   0.640000    0.0507    0.3493   669.092    -0.001
   0.562500    0.0445    0.3555   659.393    -0.001
   0.490000    0.0388    0.3612   647.446    -0.001
   0.422500    0.0335    0.3665   631.457    -0.001
   0.360000    0.0285    0.3715   610.996    -0.002
   0.302500    0.0240    0.3760   586.383    -0.001
   0.250000    0.0198    0.3802   555.106    -0.001
   0.202500    0.0160    0.3840   521.992     0.000
   0.160000    0.0127    0.3873   481.727    -0.003
   0.122500    0.0097    0.3903   439.918    -0.001
   0.090000    0.0071    0.3929   395.849    -0.008
   0.062500    0.0049    0.3951   308.262    -0.028
   0.040000    0.0032    0.3968   207.112    -0.006
   0.022500    0.0018    0.3982   116.658    -0.003
   0.010000    0.0008    0.3992   51.5969     0.001
   0.002500    0.0002    0.3998   12.8612     0.001
   Free flow interpolation between head=   0.400 and    0.750
   has estimated maximum relative error of 0.083

 Upstream Head=   0.7500  Free Flow=  2408.209
  PartialFD      Drop  Dns Head      Flow  RelError
   1.000000    0.1456    0.6044   2408.21
   0.902500    0.1314    0.6186   2404.78     0.000
   0.810000    0.1179    0.6321   2393.19     0.000
   0.722500    0.1052    0.6448   2376.96     0.000
   0.640000    0.0932    0.6568   2354.46    -0.001
   0.562500    0.0819    0.6681   2323.50    -0.001
   0.490000    0.0714    0.6786   2284.20     0.000
   0.422500    0.0615    0.6885   2231.41    -0.001
   0.360000    0.0524    0.6976   2165.25    -0.002
   0.302500    0.0440    0.7060   2080.38    -0.001
   0.250000    0.0364    0.7136   1975.78    -0.003
   0.202500    0.0295    0.7205   1858.49    -0.001
   0.160000    0.0233    0.7267   1721.28    -0.004
   0.122500    0.0178    0.7322   1571.84    -0.002
   0.090000    0.0131    0.7369   1426.72    -0.002
   0.062500    0.0091    0.7409   1138.55    -0.027
   0.040000    0.0058    0.7442   756.954    -0.009
   0.022500    0.0033    0.7467   420.540    -0.001
   0.010000    0.0015    0.7485   184.412     0.003
   0.002500    0.0004    0.7496   45.7516     0.002
   Free flow interpolation between head=   0.750 and    1.000
   has estimated maximum relative error of 0.013

 Upstream Head=   1.0000  Free Flow=  4117.968
  PartialFD      Drop  Dns Head      Flow  RelError
   1.000000    0.1909    0.8091   4117.97
   0.902500    0.1723    0.8277   4112.25     0.000
   0.810000    0.1546    0.8454   4093.26     0.000
   0.722500    0.1379    0.8621   4065.45     0.000
   0.640000    0.1222    0.8778   4026.67    -0.001
   0.562500    0.1074    0.8926   3973.67    -0.001
   0.490000    0.0935    0.9065   3901.17     0.000
   0.422500    0.0806    0.9194   3807.68    -0.001
   0.360000    0.0687    0.9313   3694.50    -0.002
   0.302500    0.0577    0.9423   3545.08    -0.001
   0.250000    0.0477    0.9523   3368.67    -0.003
   0.202500    0.0387    0.9613   3160.36    -0.001
   0.160000    0.0305    0.9695   2930.04    -0.005
   0.122500    0.0234    0.9766   2672.47    -0.001
   0.090000    0.0172    0.9828   2428.44     0.000
   0.062500    0.0119    0.9881   1973.58    -0.028
   0.040000    0.0076    0.9924   1246.97    -0.009
   0.022500    0.0043    0.9957   677.779     0.005
   0.010000    0.0019    0.9981   294.634     0.005
   0.002500    0.0005    0.9995   72.7477     0.004

 Maximum estimated relative error=   0.271 is in free flow
      between heads=   0.010 and    0.050

 Estimated root-mean-square error=   0.051
 
  
  
         Example of SEWER option.  SEWER produces a cross section table          
         complete with top slot for a round conduit.                             
  
 SEWER                                                                           

 TABID= 636  NOOUT                                                           
 DIAMETER=   3.000
 POLYGON APPROX HAS 30 SIDES
 WIDTH OF SLOT= 0.0100
 HEIGHT OF SLOT=     1.
 MANNING N=  0.020
 

 ELEMENTS FOR SECTION ID: 636

 TABID= 636
 TYPE=  -25
 STATION= 0.00000E+00
 ELEVATION=-5.50122E-03

   DEPTH TOP WID    AREA SQR(CV)   BETA       J  ALPHA   CRITQ     MA     MQ  AVER n
   0.000 0.000+0 0.000+0 0.000+0  1.000 0.000+0  1.000 0.000+0  1.000  1.000  0.0000
   0.033 6.260-1 1.030-2 2.223-1  1.000 1.129-4  1.000 7.495-3  1.000  1.000  0.0200
   0.130 1.225+0 1.003-1 1.176+0  1.000 5.019-3  1.000 1.629-1  1.000  1.000  0.0200
   0.288 1.770+0 3.359-1 2.813+0  1.000 3.822-2  1.000 8.304-1  1.000  1.000  0.0200
   0.498 2.238+0 7.579-1 5.036+0  1.000 1.517-1  1.000 2.503+0  1.000  1.000  0.0200
   0.753 2.608+0 1.375+0 7.679+0  1.000 4.212-1  1.000 5.664+0  1.000  1.000  0.0200
   1.040 2.864+0 2.161+0 1.053+1  1.000 9.278-1  1.000 1.065+1  1.000  1.000  0.0200
   1.348 2.995+0 3.063+0 1.338+1  1.000 1.731+0  1.000 1.758+1  1.000  1.000  0.0200
   1.663 2.995+0 4.006+0 1.601+1  1.000 2.843+0  1.000 2.629+1  1.000  1.000  0.0200
   1.971 2.864+0 4.907+0 1.823+1  1.000 4.216+0  1.000 3.645+1  1.000  1.000  0.0200
   2.258 2.608+0 5.694+0 1.992+1  1.000 5.742+0  1.000 4.774+1  1.000  1.000  0.0200
   2.513 2.238+0 6.311+0 2.084+1  1.000 7.272+0  1.000 6.014+1  1.000  1.000  0.0200
   2.723 1.770+0 6.733+0 2.084+1  1.000 8.648+0  1.000 7.452+1  1.000  1.000  0.0200
   2.881 1.225+0 6.968+0 2.084+1  1.000 9.727+0  1.000 9.432+1  1.000  1.000  0.0200
   2.978 6.260-1 7.058+0 2.084+1  1.000 1.041+1  1.000 1.345+2  1.000  1.000  0.0200
   3.010 1.000-2 7.069+0 2.084+1  1.000 1.064+1  1.000 1.066+3  1.000  1.000  0.0200
 500.000 1.000-2 1.204+1 2.084+1  1.000 4.759+3  1.000 1.066+3  1.000  1.000  0.0159
 
  
  
         Example of MULPIPES option.  MULPIPES produces a cross section          
         table for multiple round conduits.                                      
         The BOTT option permits the pipes to be a slightly different            
         elevations.  Be wary of computing a single table for use in the         
         CULVERT command if the pipes elevations differ by a large fraction      
         of the smaller diameter.  In this case, the flow type may differ for    
         each pipe and aggregating the pipes into one table may                  
         misrepresent the flow details.                                          
  
 MULPIPES                                                                        

 TABID= 650                                                                  
 POLYGON APPROX HAS  20 SIDES
 WIDTH OF SLOT=  0.010
 HEIGHT OF SLOT ABOVE DATUM=     1.
 NUMBER OF PIPES=    3 MUD LINE EPS=  0.010
 DIAMETERS=   3.50   4.00   3.50
 BOTTOMS=     0.50   0.00   0.50
 ROUGNESS=   0.020  0.020  0.020
 
 

 ELEMENTS FOR SECTION ID: 650

 TABID= 650
 TYPE=  -21
 STATION= 0.00000E+00
 ELEVATION=-1.65721E-02

   DEPTH TOP WID    AREA SQR(CV)   BETA       J  ALPHA   CRITQ     MA     MQ  AVER n
   0.000 0.000+0 0.000+0 0.000+0  1.000 0.000+0  1.000 0.000+0  1.000  1.000  0.0000
   0.080 1.010+0 4.041-2 5.909-1  1.000 1.078-3  1.000 4.586-2  1.000  1.000  0.0200
   0.099 1.246+0 6.150-2 7.819-1  1.000 2.023-3  1.000 7.753-2  1.000  1.000  0.0200
   0.385 2.371+0 5.795-1 4.024+0  1.000 8.614-2  1.000 1.626+0  1.000  1.000  0.0200
   0.502 2.605+0 8.704-1 5.420+0  1.000 1.707-1  1.000 2.855+0  1.000  1.000  0.0200
   0.588 4.958+0 1.197+0 6.490+0  1.000 2.585-1  1.000 3.337+0  1.000  1.000  0.0157
   0.831 7.350+0 2.691+0 1.030+1  1.000 7.188-1  1.000 9.242+0  1.000  1.000  0.0181
   0.839 7.419+0 2.749+0 1.043+1  1.000 7.400-1  1.000 9.495+0  1.000  1.000  0.0181
   1.229 9.379+0 6.028+0 1.746+1  1.000 2.428+0  1.000 2.742+1  1.000  1.000  0.0194
   1.393 9.880+0 7.607+0 2.044+1  1.000 3.545+0  1.000 3.788+1  1.000  1.000  0.0196
   1.721 1.065+1 1.097+1 2.619+1  1.000 6.584+0  1.000 6.320+1  1.000  1.000  0.0198
   2.017 1.093+1 1.416+1 3.109+1  1.000 1.029+1  1.000 9.144+1  1.000  1.000  0.0198
   2.267 1.101+1 1.690+1 3.494+1  1.000 1.417+1  1.000 1.188+2  1.000  1.000  0.0199
   2.640 1.066+1 2.095+1 4.011+1  1.000 2.124+1  1.000 1.666+2  1.000  1.000  0.0199
   2.812 1.037+1 2.276+1 4.222+1  1.000 2.500+1  1.000 1.913+2  1.000  1.000  0.0199
   3.202 9.180+0 2.657+1 4.619+1  1.000 3.464+1  1.000 2.565+2  1.000  1.000  0.0199
   3.304 8.769+0 2.748+1 4.702+1  1.000 3.739+1  1.000 2.761+2  1.000  1.000  0.0200
   3.648 6.703+0 3.015+1 4.736+1  1.000 4.733+1  1.000 3.628+2  1.000  1.000  0.0200
   3.694 6.338+0 3.045+1 4.736+1  1.000 4.873+1  1.000 3.787+2  1.000  1.000  0.0200
   3.934 3.508+0 3.163+1 4.736+1  1.000 5.620+1  1.000 5.390+2  1.000  1.000  0.0200
   3.945 3.298+0 3.167+1 4.736+1  1.000 5.653+1  1.000 5.568+2  1.000  1.000  0.0200
   4.030 5.616-2 3.181+1 4.736+1  1.000 5.924+1  1.000 4.296+3  1.000  1.000  0.0200
   4.032 3.000-2 3.181+1 4.736+1  1.000 5.931+1  1.000 5.877+3  1.000  1.000  0.0199
 500.000 3.000-2 4.669+1 4.736+1  1.000 1.953+4  1.000 5.877+3  1.000  1.000  0.0158
 
         Example of MULCON option.  The MULCON option is a generalization        
         of the MULPIPES option and therefore can do all that MULPIPES can       
         do and more.                                                            
  
         RCPA - reinforced concrete pipe arch                                    
         NHE - nominal horizontal elliptical                                     
         NVE - nominal vertical elliptical                                       
         TE - true elliptical                                                    
         CIRC - circular                                                         
  
 MULCON                                                                          

 TABID=107  OUT1                                                            
 Width of slot=  0.010
 Height of slot above datum=    15.
 Number of conduits=    5 Mud line EPS=  0.020
 Type=           RCPA      NHE        NVE      CIRC        TE
 Span=          0.000     0.000    12.000    12.000     3.150
 Rise=          2.000    12.000     0.000     2.000    12.000
 Bottom=        1.000     2.000     0.000     0.400     0.800
 Roughness=     0.020     0.020     0.020     0.020     0.020
 PROCESSING  TYPE: RCPA      
     USING SPAN=   3.25 AND RISE=   2.00
 PROCESSING  TYPE: NHE       
     USING SPAN=  18.90 AND RISE=  12.00
 PROCESSING  TYPE: NVE       
     USING SPAN=  12.00 AND RISE=  18.90
 PROCESSING  TYPE: CIRC      
     USING SPAN=  12.00 AND RISE=  12.00
 PROCESSING  TYPE: TE        
     USING SPAN=   3.15 AND RISE=  12.00

 *WRN:562* Slot height=   15.00 <  maximum soffit height=   18.90
          Redoing with increased slot height=   23.90
 PROCESSING  TYPE: RCPA      
     USING SPAN=   3.25 AND RISE=   2.00
 PROCESSING  TYPE: NHE       
     USING SPAN=  18.90 AND RISE=  12.00
 PROCESSING  TYPE: NVE       
     USING SPAN=  12.00 AND RISE=  18.90
 PROCESSING  TYPE: CIRC      
     USING SPAN=  12.00 AND RISE=  12.00
 PROCESSING  TYPE: TE        
     USING SPAN=   3.15 AND RISE=  12.00
 

 *WRN:505* Decrease in conveyance in subsection   1 at elevation=     2.937
            decrease=   1.1 per cent

 *WRN:505* Decrease in conveyance in subsection   1 at elevation=     2.986
            decrease=   2.9 per cent

 *WRN:505* Decrease in conveyance in subsection   1 at elevation=     2.997
            decrease=   2.3 per cent

 *WRN:505* Decrease in conveyance in subsection   4 at elevation=    12.320
            decrease=   2.4 per cent

 *WRN:505* Decrease in conveyance in subsection   2 at elevation=    13.726
            decrease=   2.1 per cent

 *WRN:505* Decrease in conveyance in subsection   2 at elevation=    13.949
            decrease=   3.4 per cent

 *WRN:505* Decrease in conveyance in subsection   3 at elevation=    18.798
            decrease=   2.1 per cent

 *WRN:505* Decrease in conveyance in subsection   1 at elevation=    23.910
            decrease=  73.1 per cent

 *WRN:505* Decrease in conveyance in subsection   2 at elevation=    23.910
            decrease=  32.1 per cent

 *WRN:505* Decrease in conveyance in subsection   3 at elevation=    23.910
            decrease=  13.1 per cent

 *WRN:505* Decrease in conveyance in subsection   4 at elevation=    23.910
            decrease=  12.2 per cent

 ELEMENTS FOR SECTION ID: 107

 TABID= 107
 TYPE=  -21
 STATION= 0.00000E+00
 ELEVATION=-2.04239E-02

   DEPTH TOP WID    AREA SQR(CV)   BETA       J  ALPHA   CRITQ     MA     MQ  AVER n
   0.000 0.000+0 0.000+0 0.000+0  1.000 0.000+0  1.000 0.000+0  1.000  1.000  0.0000
   0.080 1.466+0 5.865-2 7.135-1  1.000 1.564-3  1.000 6.656-2  1.000  1.000  0.0200
   0.122 2.237+0 1.365-1 1.253+0  1.000 5.556-3  1.000 1.914-1  1.000  1.000  0.0200
   0.408 3.929+0 1.018+0 5.503+0  1.000 1.592-1  1.000 2.942+0  1.000  1.000  0.0200
   0.482 6.248+0 1.395+0 6.655+0  1.000 2.474-1  1.000 3.740+0  1.000  1.000  0.0170
   0.483 6.254+0 1.398+0 6.662+0  1.000 2.480-1  1.000 3.749+0  1.000  1.000  0.0170
   0.702 8.812+0 3.053+0 1.090+1  1.000 7.269-1  1.000 1.020+1  1.000  1.000  0.0185
   0.752 9.216+0 3.500+0 1.193+1  1.000 8.891-1  1.000 1.224+1  1.000  1.000  0.0187
   1.020 1.190+1 6.329+0 1.767+1  1.000 2.190+0  1.000 2.619+1  1.000  1.000  0.0189
   1.027 1.248+1 6.415+0 1.783+1  1.000 2.235+0  1.000 2.610+1  1.000  1.000  0.0185
   1.048 1.320+1 6.685+0 1.829+1  1.000 2.372+0  1.000 2.700+1  1.000  1.000  0.0181
   1.063 1.357+1 6.892+0 1.864+1  1.000 2.478+0  1.000 2.787+1  1.000  1.000  0.0180
   1.064 1.360+1 6.906+0 1.866+1  1.000 2.485+0  1.000 2.793+1  1.000  1.000  0.0180
   1.083 1.400+1 7.161+0 1.910+1  1.000 2.614+0  1.000 2.906+1  1.000  1.000  0.0179
   1.132 1.485+1 7.865+0 2.026+1  1.000 2.981+0  1.000 3.248+1  1.000  1.000  0.0178
   1.194 1.579+1 8.814+0 2.176+1  1.000 3.497+0  1.000 3.737+1  1.000  1.000  0.0179
   1.231 1.625+1 9.410+0 2.268+1  1.000 3.837+0  1.000 4.064+1  1.000  1.000  0.0180
   1.286 1.682+1 1.033+1 2.407+1  1.000 4.384+0  1.000 4.592+1  1.000  1.000  0.0181
   1.358 1.749+1 1.155+1 2.587+1  1.000 5.166+0  1.000 5.330+1  1.000  1.000  0.0183
   1.443 1.822+1 1.307+1 2.803+1  1.000 6.208+0  1.000 6.279+1  1.000  1.000  0.0185
   1.537 1.898+1 1.482+1 3.046+1  1.000 7.525+0  1.000 7.433+1  1.000  1.000  0.0187
   1.556 1.913+1 1.519+1 3.096+1  1.000 7.815+0  1.000 7.682+1  1.000  1.000  0.0187
   1.624 1.959+1 1.651+1 3.274+1  1.000 8.894+0  1.000 8.601+1  1.000  1.000  0.0188
   1.637 1.966+1 1.677+1 3.308+1  1.000 9.111+0  1.000 8.786+1  1.000  1.000  0.0188
   1.740 2.018+1 1.881+1 3.575+1  1.000 1.093+1  1.000 1.030+2  1.000  1.000  0.0189
   1.840 2.064+1 2.086+1 3.834+1  1.000 1.292+1  1.000 1.190+2  1.000  1.000  0.0190
   1.840 2.064+1 2.086+1 3.834+1  1.000 1.293+1  1.000 1.190+2  1.000  1.000  0.0190
   2.007 2.123+1 2.435+1 4.264+1  1.000 1.670+1  1.000 1.480+2  1.000  1.000  0.0191
   2.061 2.385+1 2.557+1 4.401+1  1.000 1.804+1  1.000 1.502+2  1.000  1.000  0.0181
   2.071 2.433+1 2.581+1 4.426+1  1.000 1.830+1  1.000 1.508+2  1.000  1.000  0.0179
   2.169 2.611+1 2.827+1 4.678+1  1.000 2.094+1  1.000 1.670+2  1.000  1.000  0.0177
   2.262 2.773+1 3.077+1 4.923+1  1.000 2.368+1  1.000 1.839+2  1.000  1.000  0.0176
   2.268 2.780+1 3.094+1 4.939+1  1.000 2.387+1  1.000 1.852+2  1.000  1.000  0.0176
   2.456 2.988+1 3.637+1 5.443+1  1.000 3.019+1  1.000 2.277+2  1.000  1.000  0.0178
   2.578 3.116+1 4.009+1 5.773+1  1.000 3.486+1  1.000 2.580+2  1.000  1.000  0.0179
   2.622 3.151+1 4.147+1 5.894+1  1.000 3.665+1  1.000 2.700+2  1.000  1.000  0.0179
   2.763 3.252+1 4.597+1 6.278+1  1.000 4.280+1  1.000 3.102+2  1.000  1.000  0.0181
   2.774 3.259+1 4.633+1 6.308+1  1.000 4.331+1  1.000 3.135+2  1.000  1.000  0.0181
   2.875 3.316+1 4.966+1 6.587+1  1.000 4.817+1  1.000 3.449+2  1.000  1.000  0.0181
   2.886 3.321+1 5.004+1 6.618+1  1.000 4.874+1  1.000 3.486+2  1.000  1.000  0.0181
   2.957 3.345+1 5.239+1 6.810+1  1.000 5.235+1  1.000 3.721+2  1.000  1.000  0.0181
   3.007 3.343+1 5.406+1 6.943+1  1.000 5.500+1  1.000 3.901+2  1.000  1.000  0.0181
   3.017 3.322+1 5.440+1 6.967+1  1.000 5.557+1  1.000 3.951+2  1.000  1.000  0.0180
   3.023 3.310+1 5.460+1 6.981+1  1.000 5.589+1  1.000 3.980+2  1.000  1.000  0.0180
   3.430 3.612+1 6.866+1 8.135+1  1.000 8.089+1  1.000 5.372+2  1.000  1.000  0.0180
   3.691 3.751+1 7.829+1 8.899+1  1.000 1.001+2  1.000 6.418+2  1.000  1.000  0.0181
   3.821 3.815+1 8.320+1 9.280+1  1.000 1.106+2  1.000 6.972+2  1.000  1.000  0.0181
   4.041 3.920+1 9.172+1 9.928+1  1.000 1.298+2  1.000 7.961+2  1.000  1.000  0.0181
   4.058 3.928+1 9.238+1 9.977+1  1.000 1.314+2  1.000 8.039+2  1.000  1.000  0.0180
   4.563 4.110+1 1.127+2 1.146+2  1.000 1.831+2  1.000 1.058+3  1.000  1.000  0.0180
   4.758 4.174+1 1.208+2 1.204+2  1.000 2.059+2  1.000 1.166+3  1.000  1.000  0.0179
   4.873 4.210+1 1.256+2 1.237+2  1.000 2.200+2  1.000 1.231+3  1.000  1.000  0.0179
   5.194 4.290+1 1.392+2 1.330+2  1.000 2.626+2  1.000 1.423+3  1.000  1.000  0.0178
   5.280 4.310+1 1.429+2 1.355+2  1.000 2.746+2  1.000 1.477+3  1.000  1.000  0.0178
   5.480 4.355+1 1.516+2 1.412+2  1.000 3.041+2  1.000 1.605+3  1.000  1.000  0.0177
   5.684 4.394+1 1.605+2 1.470+2  1.000 3.359+2  1.000 1.740+3  1.000  1.000  0.0177
   5.836 4.423+1 1.672+2 1.513+2  1.000 3.609+2  1.000 1.845+3  1.000  1.000  0.0177
   6.016 4.448+1 1.752+2 1.563+2  1.000 3.917+2  1.000 1.973+3  1.000  1.000  0.0176
   6.305 4.487+1 1.881+2 1.642+2  1.000 4.441+2  1.000 2.185+3  1.000  1.000  0.0175
   6.420 4.502+1 1.933+2 1.674+2  1.000 4.662+2  1.000 2.273+3  1.000  1.000  0.0175
   6.568 4.517+1 2.000+2 1.714+2  1.000 4.953+2  1.000 2.387+3  1.000  1.000  0.0175
   6.601 4.520+1 2.014+2 1.723+2  1.000 5.018+2  1.000 2.413+3  1.000  1.000  0.0175
   6.820 4.538+1 2.114+2 1.781+2  1.000 5.471+2  1.000 2.589+3  1.000  1.000  0.0174
   6.902 4.544+1 2.151+2 1.802+2  1.000 5.645+2  1.000 2.655+3  1.000  1.000  0.0174
   7.073 4.549+1 2.228+2 1.847+2  1.000 6.019+2  1.000 2.799+3  1.000  1.000  0.0174
   7.336 4.557+1 2.348+2 1.915+2  1.000 6.622+2  1.000 3.025+3  1.000  1.000  0.0173
   7.361 4.558+1 2.360+2 1.921+2  1.000 6.680+2  1.000 3.047+3  1.000  1.000  0.0173
   7.625 4.556+1 2.480+2 1.988+2  1.000 7.319+2  1.000 3.283+3  1.000  1.000  0.0172
   7.957 4.554+1 2.631+2 2.069+2  1.000 8.169+2  1.000 3.589+3  1.000  1.000  0.0172
   8.020 4.553+1 2.660+2 2.085+2  1.000 8.335+2  1.000 3.649+3  1.000  1.000  0.0172
   8.030 4.552+1 2.664+2 2.087+2  1.000 8.361+2  1.000 3.658+3  1.000  1.000  0.0172
   8.278 4.534+1 2.777+2 2.146+2  1.000 9.037+2  1.000 3.900+3  1.000  1.000  0.0171
   8.361 4.525+1 2.815+2 2.166+2  1.000 9.268+2  1.000 3.984+3  1.000  1.000  0.0171
   8.883 4.467+1 3.049+2 2.284+2  1.000 1.080+3  1.000 4.521+3  1.000  1.000  0.0170
   9.139 4.436+1 3.163+2 2.340+2  1.000 1.159+3  1.000 4.793+3  1.000  1.000  0.0170
   9.150 4.435+1 3.168+2 2.342+2  1.000 1.163+3  1.000 4.805+3  1.000  1.000  0.0170
   9.470 4.369+1 3.309+2 2.409+2  1.000 1.267+3  1.000 5.168+3  1.000  1.000  0.0169
   9.600 4.340+1 3.366+2 2.435+2  1.000 1.310+3  1.000 5.318+3  1.000  1.000  0.0169
   9.954 4.258+1 3.518+2 2.505+2  1.000 1.432+3  1.000 5.739+3  1.000  1.000  0.0168
  10.205 4.187+1 3.624+2 2.551+2  1.000 1.521+3  1.000 6.050+3  1.000  1.000  0.0168
  10.634 4.044+1 3.801+2 2.626+2  1.000 1.681+3  1.000 6.612+3  1.000  1.000  0.0168
  10.672 4.030+1 3.816+2 2.632+2  1.000 1.695+3  1.000 6.663+3  1.000  1.000  0.0168
  10.911 3.929+1 3.911+2 2.671+2  1.000 1.787+3  1.000 7.002+3  1.000  1.000  0.0167
  11.168 3.815+1 4.010+2 2.710+2  1.000 1.889+3  1.000 7.379+3  1.000  1.000  0.0167
  11.285 3.755+1 4.055+2 2.727+2  1.000 1.936+3  1.000 7.560+3  1.000  1.000  0.0167
  11.777 3.458+1 4.232+2 2.789+2  1.000 2.141+3  1.000 8.402+3  1.000  1.000  0.0167
  11.983 3.302+1 4.302+2 2.810+2  1.000 2.228+3  1.000 8.811+3  1.000  1.000  0.0167
  12.016 3.273+1 4.313+2 2.813+2  1.000 2.243+3  1.000 8.884+3  1.000  1.000  0.0167
  12.139 3.151+1 4.352+2 2.823+2  1.000 2.296+3  1.000 9.178+3  1.000  1.000  0.0167
  12.340 2.880+1 4.413+2 2.834+2  1.000 2.384+3  1.000 9.802+3  1.000  1.000  0.0167
  12.359 2.854+1 4.418+2 2.835+2  1.000 2.392+3  1.000 9.863+3  1.000  1.000  0.0167
  12.432 2.628+1 4.438+2 2.836+2  1.000 2.425+3  1.000 1.035+4  1.000  1.000  0.0167
  12.611 2.533+1 4.484+2 2.850+2  1.000 2.505+3  1.000 1.071+4  1.000  1.000  0.0166
  12.884 2.331+1 4.551+2 2.862+2  1.000 2.628+3  1.000 1.141+4  1.000  1.000  0.0166
  13.024 2.254+1 4.583+2 2.868+2  1.000 2.692+3  1.000 1.173+4  1.000  1.000  0.0166
  13.463 1.960+1 4.675+2 2.878+2  1.000 2.895+3  1.000 1.296+4  1.000  1.000  0.0166
  13.747 1.694+1 4.727+2 2.874+2  1.000 3.028+3  1.000 1.417+4  1.000  1.000  0.0167
  13.779 1.663+1 4.733+2 2.873+2  1.000 3.044+3  1.000 1.432+4  1.000  1.000  0.0167
  13.970 1.365+1 4.761+2 2.858+2  1.000 3.134+3  1.000 1.596+4  1.000  1.000  0.0167
  14.033 1.074+1 4.769+2 2.837+2  1.000 3.164+3  1.000 1.803+4  1.000  1.000  0.0168
  15.120 1.005+1 4.882+2 2.869+2  1.000 3.689+3  1.000 1.931+4  1.000  1.000  0.0164
  16.167 9.222+0 4.983+2 2.896+2  1.000 4.206+3  1.000 2.079+4  1.000  1.000  0.0161
  17.101 7.965+0 5.063+2 2.912+2  1.000 4.675+3  1.000 2.291+4  1.000  1.000  0.0159
  17.876 6.335+0 5.119+2 2.915+2  1.000 5.070+3  1.000 2.611+4  1.000  1.000  0.0157
  18.458 4.409+0 5.150+2 2.908+2  1.000 5.368+3  1.000 3.158+4  1.000  1.000  0.0156
  18.819 2.277+0 5.162+2 2.893+2  1.000 5.554+3  1.000 4.410+4  1.000  1.000  0.0156
  18.940 5.000-2 5.163+2 2.876+2  1.000 5.617+3  1.000 2.978+5  1.000  1.000  0.0157
 500.000 5.000-2 5.404+2 2.876+2  1.000 2.598+5  1.000 2.978+5  1.000  1.000  0.0151
 
  
         Example of MULCON computing a cross section table for                   
         a box culvert.                                                          
  
 MULCON                                                                          

 TABID=999  SAVE12  NOOUT                                                   
 Width of slot=  0.010
 Height of slot above datum=    25.
 Number of conduits=    1 Mud line EPS=  0.020
 Type=            BOX
 Span=          3.000
 Rise=          3.000
 Bottom=        0.000
 Roughness=     0.018
 PROCESSING  TYPE: BOX       
     USING SPAN=   3.00 AND RISE=   3.00
 

 ELEMENTS FOR SECTION ID: 999

 TABID= 999
 TYPE=  -25
 STATION= 0.00000E+00
 ELEVATION= 0.00000E+00

   DEPTH TOP WID    AREA SQR(CV)   BETA       J  ALPHA   CRITQ     MA     MQ  AVER n
   0.000 3.000+0 0.000+0 0.000+0  1.000 0.000+0  1.000 0.000+0  1.000  1.000  0.0000
   0.080 3.000+0 2.400-1 1.888+0  1.000 9.600-3  1.000 3.852-1  1.000  1.000  0.0180
   0.089 3.000+0 2.678-1 2.064+0  1.000 1.195-2  1.000 4.541-1  1.000  1.000  0.0180
   0.181 3.000+0 5.442-1 3.657+0  1.000 4.935-2  1.000 1.315+0  1.000  1.000  0.0180
   0.277 3.000+0 8.299-1 5.104+0  1.000 1.148-1  1.000 2.477+0  1.000  1.000  0.0180
   0.375 3.000+0 1.126+0 6.464+0  1.000 2.113-1  1.000 3.914+0  1.000  1.000  0.0180
   0.478 3.000+0 1.434+0 7.767+0  1.000 3.426-1  1.000 5.624+0  1.000  1.000  0.0180
   0.585 3.000+0 1.755+0 9.031+0  1.000 5.131-1  1.000 7.614+0  1.000  1.000  0.0180
   0.697 3.000+0 2.090+0 1.027+1  1.000 7.282-1  1.000 9.901+0  1.000  1.000  0.0180
   0.814 3.000+0 2.443+0 1.149+1  1.000 9.950-1  1.000 1.251+1  1.000  1.000  0.0180
   0.939 3.000+0 2.817+0 1.272+1  1.000 1.322+0  1.000 1.549+1  1.000  1.000  0.0180
   1.071 3.000+0 3.214+0 1.395+1  1.000 1.722+0  1.000 1.888+1  1.000  1.000  0.0180
   1.214 3.000+0 3.641+0 1.520+1  1.000 2.210+0  1.000 2.276+1  1.000  1.000  0.0180
   1.368 3.000+0 4.105+0 1.649+1  1.000 2.809+0  1.000 2.725+1  1.000  1.000  0.0180
   1.540 3.000+0 4.619+0 1.784+1  1.000 3.556+0  1.000 3.252+1  1.000  1.000  0.0180
   1.734 3.000+0 5.202+0 1.930+1  1.000 4.510+0  1.000 3.887+1  1.000  1.000  0.0180
   1.964 3.000+0 5.893+0 2.093+1  1.000 5.789+0  1.000 4.687+1  1.000  1.000  0.0180
   2.265 3.000+0 6.794+0 2.292+1  1.000 7.694+0  1.000 5.802+1  1.000  1.000  0.0180
   2.990 3.000+0 8.970+0 2.724+1  1.000 1.341+1  1.000 8.801+1  1.000  1.000  0.0180
   3.010 1.000-2 9.000+0 2.482+1  1.000 1.359+1  1.000 1.532+3  1.000  1.000  0.0180
 500.000 1.000-2 1.397+1 2.482+1  1.000 5.722+3  1.000 1.532+3  1.000  1.000  0.0144

 Saving TabId= 999  Internal table number=   32
 
  
  
         Example of computing a bridge loss table.                               
         The following cross section is downstream of the bridge and             
         must be given first.                                                    
  
 FEQX                                                                            

 Processing:TABLE#=  800 NOOUT

 Processing:STATION= 0.00

 Processing:NAVM    0

 Processing:NSUB    3     0.080     0.065     0.080

 TabId= 800 NOSAVE   NOOUT    OLDBETA  NOEXTEND         
 STATION=     0.000
 NAVM=    0  Hor. scale factor=     1.000 Vert. shift=     0.000
  Vert. scale factor=     1.000 Hor. shift=     0.000
 NSUB    3 0.080 0.065 0.080
 RJS SEGMENT NO. LS1417, D.S. OF CERMAK ROAD                                     
     -900.0    659.00    1
     -850.0    658.00    1
     -700.0    656.00    1
        0.0    654.40    1
       50.0    655.10    1
      100.0    655.40    1
      113.0    657.40    1
      120.0    657.50    1
      135.0    657.10    1
      140.0    656.00    1
      147.0    654.90    2
      160.0    648.00    2
      165.0    646.10    2
      170.0    644.80    2
      180.0    644.20    2
      190.0    644.50    2
      200.0    644.90    2
      210.0    644.60    2
      215.0    645.60    2
      218.0    648.00    2
      221.0    650.90    3
      271.0    656.90    3
      321.0    662.00    3
      370.0    664.40   -1
 

 ELEMENTS FOR SECTION ID: 800

 TABID= 800
 TYPE=  -25
 STATION= 0.00000E+00
 ELEVATION= 6.44200E+02

   DEPTH TOP WID    AREA SQR(CV)   BETA       J  ALPHA   CRITQ     MA     MQ  AVER n
   0.000 0.000+0 0.000+0 0.000+0  1.000 0.000+0  1.000 0.000+0  1.000  1.000  0.0000
   0.080 4.001+0 1.601-1 6.550-1  1.000 4.270-3  1.000 1.817-1  1.000  1.000  0.0650
   0.300 1.500+1 2.250+0 3.815+0  1.000 2.250-1  1.000 4.945+0  1.000  1.000  0.0650
   0.400 1.917+1 3.958+0 5.628+0  1.000 5.318-1  1.000 1.021+1  1.000  1.000  0.0650
   0.600 3.517+1 9.391+0 9.444+0  1.000 1.813+0  1.000 2.754+1  1.000  1.000  0.0650
   0.700 4.189+1 1.325+1 1.186+1  1.000 2.940+0  1.000 4.227+1  1.000  1.000  0.0650
   1.400 4.808+1 4.473+1 3.121+1  1.000 2.298+1  1.000 2.448+2  1.000  1.000  0.0650
   1.900 5.063+1 6.941+1 4.417+1  1.000 5.146+1  1.000 4.611+2  1.000  1.000  0.0650
   3.800 5.800+1 1.726+2 8.971+1  1.000 2.791+2  1.000 1.690+3  1.000  1.000  0.0650
   5.250 6.223+1 2.598+2 1.227+2  1.000 5.919+2  1.000 3.012+3  1.000  1.000  0.0650
   6.700 6.646+1 3.531+2 1.544+2  1.000 1.035+3  1.000 4.618+3  1.000  1.000  0.0650
   8.450 8.434+1 4.850+2 1.939+2  1.016 1.764+3  1.037 6.600+3  1.000  1.000  0.0598
  10.200 1.022+2 6.483+2 2.342+2  1.040 2.751+3  1.094 9.264+3  1.000  1.000  0.0586
  10.700 3.618+2 7.643+2 2.470+2  1.124 3.099+3  1.291 6.303+3  1.000  1.000  0.0305
  10.900 4.665+2 8.471+2 2.535+2  1.188 3.260+3  1.455 6.477+3  1.000  1.000  0.0290
  11.200 6.522+2 1.015+3 2.646+2  1.303 3.538+3  1.787 7.184+3  1.000  1.000  0.0289
  11.800 9.274+2 1.489+3 2.936+2  1.497 4.281+3  2.508 1.070+4  1.000  1.000  0.0352
  12.700 1.012+3 2.362+3 3.541+2  1.499 6.008+3  2.743 2.047+4  1.000  1.000  0.0492
  12.900 1.032+3 2.566+3 3.687+2  1.481 6.500+3  2.710 2.297+4  1.000  1.000  0.0515
  13.200 1.070+3 2.881+3 3.907+2  1.455 7.317+3  2.655 2.683+4  1.000  1.000  0.0543
  13.300 1.089+3 2.989+3 3.979+2  1.449 7.611+3  2.643 2.810+4  1.000  1.000  0.0550
  13.800 1.132+3 3.545+3 4.372+2  1.394 9.243+3  2.475 3.560+4  1.000  1.000  0.0590
  14.800 1.192+3 4.706+3 5.199+2  1.294 1.336+4  2.123 5.307+4  1.000  1.000  0.0646
 
  
         The following cross section is upstream of the bridge and is            
         given next.                                                             
 FEQX                                                                            

 Processing:TABLE#=  804 NOOUT

 Processing:STATION= 0.00

 Processing:NAVM    0

 Processing:NSUB    3     0.100     0.060     0.100

 TabId= 804 NOSAVE   NOOUT    OLDBETA  NOEXTEND         
 STATION=     0.000
 NAVM=    0  Hor. scale factor=     1.000 Vert. shift=     0.000
  Vert. scale factor=     1.000 Hor. shift=     0.000
 NSUB    3 0.100 0.060 0.100
 RJS SEGMENT NO. LS1420, U.S. OF CERMAK ROAD                                     
       50.0    652.80    1
       78.0    651.90    1
      103.0    651.50    1
      125.0    650.90    2
      133.0    647.80    2
      142.0    646.80    2
      150.0    645.70    2
      160.0    645.20    2
      170.0    643.60    2
      175.0    645.60    2
      179.0    647.80    2
      185.0    650.00    3
      204.0    657.20    3
      219.0    658.40    3
      223.0    661.40    3
      283.0    664.00   -1
 

 ELEMENTS FOR SECTION ID: 804

 TABID= 804
 TYPE=  -25
 STATION= 0.00000E+00
 ELEVATION= 6.43600E+02

   DEPTH TOP WID    AREA SQR(CV)   BETA       J  ALPHA   CRITQ     MA     MQ  AVER n
   0.000 0.000+0 0.000+0 0.000+0  1.000 0.000+0  1.000 0.000+0  1.000  1.000  0.0000
   0.080 7.001-1 2.801-2 2.824-1  1.000 7.471-4  1.000 3.179-2  1.000  1.000  0.0600
   1.600 1.400+1 1.120+1 1.532+1  1.000 5.974+0  1.000 5.685+1  1.000  1.000  0.0600
   2.000 2.300+1 1.860+1 1.987+1  1.000 1.181+1  1.000 9.491+1  1.000  1.000  0.0600
   2.100 2.518+1 2.101+1 2.135+1  1.000 1.379+1  1.000 1.089+2  1.000  1.000  0.0600
   3.200 3.518+1 5.421+1 4.202+1  1.000 5.415+1  1.000 3.818+2  1.000  1.000  0.0600
   4.200 4.600+1 9.480+1 6.121+1  1.000 1.278+2  1.000 7.723+2  1.000  1.000  0.0600
   6.400 5.768+1 2.088+2 1.093+2  1.000 4.571+2  1.000 2.255+3  1.000  1.000  0.0600
   7.300 6.238+1 2.629+2 1.302+2  1.003 6.690+2  1.007 3.062+3  1.000  1.000  0.0588
   7.900 8.596+1 3.074+2 1.452+2  1.025 8.394+2  1.053 3.298+3  1.000  1.000  0.0498
   8.300 1.120+2 3.470+2 1.554+2  1.058 9.699+2  1.128 3.465+3  1.000  1.000  0.0448
   9.200 1.424+2 4.614+2 1.796+2  1.139 1.332+3  1.334 4.714+3  1.000  1.000  0.0461
 
  
         The request for computation of a bridge table is next.                  
         This command is old and predates the feature for saving tables          
         internally or of reading precomputed tables from a file.                
  
 BRIDGE                                                                          
 CERMAK ROAD                                                                     
 BRIDGE TYPE=RDFLOW  
 BASE CURVE#=    1
 ABUTMENT ALIGNMENT=    0
 BRIDGE SKEW=      0.00
 ADJUSTMENT FACTOR=      1.00
 UPSTREAM OFFSET=    170.00
 DOWNSTREAM OFFSET=    180.00
 PIER TYPE=    2
 PIER LENGTH=      0.00
 PIER SKEW=      0.00
 PIER TABLE                                                                      
 ELEV       PNUM PWITH                                                           
       0.00    1      3.00
       0.01    1      3.00
       5.69    1      3.00
       5.70    2      3.00
      42.00    2      3.00
      42.00    1     -1.00

 Processing:TABID=   801

 Processing:STATION=  0.0

 Processing:NAVM=   0

 Processing:NSUB    1 0.024

 TabId= 801 NOSAVE   OUT21    OLDBETA  EXTEND           
 STATION=     0.000
 NAVM=    0  Hor. scale factor=     1.000 Vert. shift=     0.000
  Vert. scale factor=     1.000 Hor. shift=     0.000
 NSUB    1 0.024
  OFFSET    ELEVATION  SUB  CERMAK ROAD BRIDGE OPENING                           
        0.0    660.80    1
        0.0    651.30    1
       52.0    649.20    1
       62.0    647.80    1
      105.0    643.50    1
      156.0    649.00    1
      156.0    661.00    1
        0.0    660.80   -1

 *WRN:554* Extending left end of cross section by    0.200

 *WRN:555* Extending right end of cross section by    0.200
 

 ELEMENTS FOR SECTION ID: 801

 TABID= 801
 TYPE=  -21
 STATION= 0.00000E+00
 ELEVATION= 6.43500E+02

   DEPTH TOP WID    AREA SQR(CV)   BETA       J  ALPHA   CRITQ     MA     MQ  AVER n
   0.000 0.000+0 0.000+0 0.000+0  1.000 0.000+0  1.000 0.000+0  1.000  1.000  0.0000
   0.080 1.542+0 6.170-2 6.682-1  1.000 1.646-3  1.000 7.003-2  1.000  1.000  0.0240
   2.150 4.144+1 4.455+1 5.378+1  1.000 3.192+1  1.000 2.621+2  1.000  1.000  0.0240
   4.300 8.287+1 1.782+2 1.355+2  1.000 2.554+2  1.000 1.483+3  1.000  1.000  0.0240
   5.500 1.026+2 2.894+2 1.891+2  1.000 5.336+2  1.000 2.759+3  1.000  1.000  0.0240
   5.700 1.040+2 3.101+2 1.992+2  1.000 5.935+2  1.000 3.039+3  1.000  1.000  0.0240
   7.800 1.560+2 5.831+2 2.934+2  1.000 1.512+3  1.000 6.397+3  1.000  1.000  0.0240
  10.175 1.560+2 9.536+2 4.378+2  1.000 3.337+3  1.000 1.338+4  1.000  1.000  0.0240
  12.550 1.560+2 1.324+3 5.701+2  1.000 6.042+3  1.000 2.189+4  1.000  1.000  0.0240
  14.925 1.560+2 1.695+3 6.937+2  1.000 9.627+3  1.000 3.169+4  1.000  1.000  0.0240
  17.300 1.560+2 2.065+3 8.107+2  1.000 1.409+4  1.000 4.264+4  1.000  1.000  0.0240
  17.500 0.000+0 2.081+3 6.612+2  1.000 1.451+4  1.000 0.000+0  1.000  1.000  0.0240
 HLCOEF TABLE NUMBER                                                             
 TABID=802             
 TABID= 802
 TYPE=    2
 REFL=   643.500
      DEPTH    HLCOEF  CERMAK ROAD                                             
      0.000    0.7866
      0.875    0.7866
      1.750    0.3792
      2.625    0.2434
      3.500    0.1755
      4.375    0.1347
      5.250    0.1082
      6.125    0.0981
      7.000    0.0945
      7.875    0.0926
      8.750    0.1023
      9.625    0.1133
     10.500    0.1266
     11.375    0.1445
     12.250    0.1644
     13.125    0.1842
     14.000    0.2047
     14.875    0.2251
     15.750    0.2400
     16.625    0.2527
     17.500    0.2646
 
  
  
         Example of a simple culvert.  FEQUTL can create tables of               
         type 13 and FEQ in Versions 6.2 and later can use them.                 
         Type 13 tables are more compact than type 6 and are more                
         easily read by a human.  They also take less space to                   
         store in FEQ.                                                           
  
 CULVERT                                                                         

 TABID= 128   

 Processing: 
  TYPE=   13 Flap gate factor= 0.00

 LABEL=SIMPLE CULVERT EXAMPLE                            

 Approach Section Data                                                           

  APPTAB= 4
 APPELV=    100.00
 APPLEN=       4.0
 APPLOS=      0.00
 APPEXP=      0.50

 Culvert Description                                                             
 NODEID=YES 
 SFAC=      1.00
  
  
  
  
  
  

 FEQUTL will use  19 nodes for the culvert barrel.
   Node  Node Id TabId    Station Elevation   KA   KD HL Id
    100 TESTCLVU    999     0.000   100.000 0.00 0.00      
    101             999     0.300    99.999 0.00 0.00      
    102             999     1.568    99.997 0.00 0.00      
    103             999     3.795    99.992 0.00 0.00      
    104             999     6.890    99.986 0.00 0.00      
    105             999     9.030    99.982 0.00 0.00      
    106             999    10.726    99.979 0.00 0.00      
    107             999    15.146    99.970 0.00 0.00      
    108             999    18.060    99.964 0.00 0.00      
    109             999    19.970    99.960 0.00 0.00      
    110             999    25.000    99.950 0.00 0.00      
    111             999    30.030    99.940 0.00 0.00      
    112             999    34.854    99.930 0.00 0.00      
    113             999    39.274    99.921 0.00 0.00      
    114             999    43.110    99.914 0.00 0.00      
    115             999    46.205    99.908 0.00 0.00      
    116             999    48.432    99.903 0.00 0.00      
    117             999    49.700    99.901 0.00 0.00      
    118 TESTCLVD    999    50.000    99.900 0.00 0.00      

 CULCLS=BOX     

 Departure Section Data                                                          

 Processing:DEPTAB=    4
 DEPTAB= 4  BEGTAB=   RMFFAC=   1.
 DEPELV=     99.50                    

 Departure reach start elev.=     99.50
 Departure reach end elev.=     99.50
 LOSOPT=MOMENTUM

 Discharge Coefficient Data                                                      

 TYPE 5 PARAMETERS                                                               

 Rounding/beveling value=0.000

 Angle of inlet bevel=  0.0 degrees.

 Wingwall angle=   0. degrees.

 Relative projection=   0.000

 Ratio of flow depth to vertical diameter at culvert exit
 that causes submergence= 0.75

 Rounding/beveling adjustment factor=1.000

 Wingwall angle adjustment factor=1.000

 Projecting-pipe adjustment factor=1.000

 Discharge coefficient for flow types 4 and 6=0.840
             Type 6 jet assumed supported.

 Roadway Description                                                             
 PLCWTB= 9994           
 GLCWTB= 9995           
 PHCWTB= 9996           
 GHCWTB= 9997           
 PSUBTB= 9998           
 GSUBTB= 9999           
     OFFSET     CREST     WIDTH  APPROACH SURFACE                                
        0.0    105.30      12.0 -999999.0 PAVED   
       50.0    105.00      12.0 -999999.0 END     

 Minimum crest elevation=    105.00
 Minimum crest location=      50.0

 Head Sequence Definition                                                        

 Number of partial free drops=   11

 Power for distributing partial free drops=  2.5
       0.50
       1.00
       2.00
       3.00
       4.00
       5.00
       5.50
       6.00
       7.00
       8.00
       9.00
      -1.00

 Input complete. Begin computations.

  Upstream opening=  3.0100 Downstream opening=  3.0100

 Checking the critical flow variation at section 2.
 Table tests OK.

 Datum for heads is:  100.0000

 Adding upstream head=   4.515 at the nominal lower bound for high head flow.

 Analysis of the cross section at start of departure reach
      Width Factor=    1.02

  Depth in Depth in  Width factor x  Sect. 43  Difference
  sect. 3  sect. 43  culvert width   width
  -------- --------  --------------  --------  ----------
     0.000    0.400           3.060    48.001     -44.941
     0.080    0.480           3.060    52.401     -49.341
     0.089    0.489           3.060    52.911     -49.851
     0.181    0.581           3.060    57.977     -54.917
     0.277    0.677           3.060    63.215     -60.155
     0.375    0.775           3.060    68.643     -65.583
     0.478    0.878           3.060    72.597     -69.537
     0.585    0.985           3.060    76.162     -73.102
     0.697    1.097           3.060    79.892     -76.832
     0.814    1.214           3.060    83.815     -80.755
     0.939    1.339           3.060    87.962     -84.902
     1.071    1.471           3.060    91.486     -88.426
     1.214    1.614           3.060    94.451     -91.391
     1.368    1.768           3.060    97.676     -94.616
     1.540    1.940           3.060   101.242     -98.182
     1.734    2.134           3.060   105.290    -102.230
     1.964    2.364           3.060   110.092    -107.032
     2.265    2.665           3.060   116.350    -113.290
     2.990    3.390           3.060   131.458    -128.398
     3.010    3.410           0.010   131.934    -131.924

 BEGTAB accepted.

 Culvert barrel is smooth.

 High-head flow is type  6.  Boundary So=  0.0023

 Testing for flow type 0 at upstream head =   0.500

 Type 0 flow drowned by control at section 2.

 Smallest critical slope found=    0.0087 at depth=     0.478
 Largest critical slope found=    6.1861 at depth=     3.010
 Type 1 flow not possible.
 Rejecting Type 1. Trying Type 2.

 Type 2 limits:
    Local elevation at section 1=   4.049
    Head/vertical diameter ratio at section 2=   1.179
    Depth at section 3=   2.132

 Parameters for transition from type 2 to type 6:
    Coefficient of discharge=   0.685
    Momentum-flux coefficient=   1.407
    Kinetic-energy flux coefficient=   1.980

 Flows for water levels at section 43.
    Road flow submergence at section 43.

 Upstream head=   0.5000 Elevation=  100.5000

  Head at Depth at Head at Depth at Drop    Flow Flow    Flow   
  section section  section section  section type through over   
    2       2       3 & 43    3     1 to 43      barrel  roadway 
  ------- -------- ------- -------- ------- ----  ------ -------
    0.440    0.440   0.182    0.282  0.3181    2 2.54743 0.00000
    0.446    0.446   0.256    0.356  0.2445    3 2.44629 0.00000
    0.450    0.450   0.318    0.418  0.1821    3 2.37065 0.00000
    0.459    0.459   0.370    0.470  0.1304    3 2.18820 0.00000
    0.469    0.469   0.411    0.511  0.0887    3 1.95023 0.00000
    0.479    0.479   0.444    0.544  0.0562    3 1.63938 0.00000
    0.488    0.488   0.468    0.568  0.0322    3 1.28687 0.00000
    0.494    0.494   0.484    0.584  0.0157    3 0.91664 0.00000
    0.498    0.498   0.494    0.594  0.0057    3 0.55595 0.00000
    0.500    0.500   0.499    0.599  0.0010    3 0.23036 0.00000
    0.500    0.500   0.500    0.600  0.0000    3 0.00000 0.00000
 ----------------------------------------------------------------
   Notes: Barrel flows full at section 3 when depth there=   3.010
          Barrel flows full at section 2 when depth there=>   3.010

 Fit of flow through barrel versus square root of drop is a 
 variation-limited cubic spline.

 Flows for water levels at section 4.
    Road submergence at section 43.

 Upstream Head=   0.5000  Free Drop=   0.3096

 Partial Depth Head  Head  Head  Drop  Flow   Flow   Total  Loss Energy Energy
 free    at    at    at    at    sec   in     over   flow   coef loss   loss  
 drop    sec 3 sec 3 sec44 sec 4 1->4  barrel road          3->4 3->4   1->4  
 ------- ----- ----- ----- ----- ----- ------ ------ ------ ---- ------ ------
  1.0000  0.28  0.18  0.19  0.19 0.310 2.5474 0.0000 2.5474 0.94  0.132  0.310
  0.7684  0.36  0.26  0.26  0.26 0.238 2.4449 0.0000 2.4449 0.93  0.076  0.238
  0.5724  0.42  0.32  0.32  0.32 0.177 2.3680 0.0000 2.3680 0.93  0.051  0.178
  0.4100  0.47  0.37  0.37  0.37 0.127 2.1837 0.0000 2.1837 0.93  0.035  0.127
  0.2789  0.51  0.41  0.41  0.41 0.086 1.9455 0.0000 1.9455 0.93  0.023  0.087
  0.1768  0.54  0.44  0.45  0.45 0.055 1.6344 0.0000 1.6344 0.93  0.014  0.055
  0.1012  0.57  0.47  0.47  0.47 0.031 1.2824 0.0000 1.2824 0.93  0.008  0.031
  0.0493  0.58  0.48  0.48  0.48 0.015 0.9131 0.0000 0.9131 0.93  0.004  0.015
  0.0179  0.59  0.49  0.49  0.49 0.006 0.5536 0.0000 0.5536 0.93  0.001  0.006
  0.0032  0.60  0.50  0.50  0.50 0.001 0.2293 0.0000 0.2293 0.93  0.000  0.001
 ------------------------------------------------------------------------------
 Note: Barrel flows full at section 3 when depth there=   3.010

 Testing for flow type 0 at upstream head =   1.000

 Type 0 flow drowned by control at section 2.
 Rejecting Type 1. Trying Type 2.

 Flows for water levels at section 43.
    Road flow submergence at section 43.

 Upstream head=   1.0000 Elevation=  101.0000

  Head at Depth at Head at Depth at Drop    Flow Flow    Flow   
  section section  section section  section type through over   
    2       2       3 & 43    3     1 to 43      barrel  roadway 
  ------- -------- ------- -------- ------- ----  ------ -------
    0.866    0.866   0.484    0.584  0.5161    2 7.59605 0.00000
    0.882    0.882   0.603    0.703  0.3966    3 7.26033 0.00000
    0.897    0.897   0.705    0.805  0.2954    3 6.89455 0.00000
    0.918    0.918   0.788    0.888  0.2116    3 6.29264 0.00000
    0.941    0.941   0.856    0.956  0.1439    3 5.49538 0.00000
    0.961    0.961   0.909    1.009  0.0912    3 4.55207 0.00000
    0.977    0.977   0.948    1.048  0.0522    3 3.54919 0.00000
    0.989    0.989   0.975    1.075  0.0254    3 2.50764 0.00000
    0.996    0.996   0.991    1.091  0.0092    3 1.51151 0.00000
    0.999    0.999   0.998    1.098  0.0016    3 0.62205 0.00000
    1.000    1.000   1.000    1.100  0.0000    3 0.00000 0.00000
 ----------------------------------------------------------------
   Notes: Barrel flows full at section 3 when depth there=   3.010
          Barrel flows full at section 2 when depth there=>   3.010

 Fit of flow through barrel versus square root of drop is a 
 variation-limited cubic spline.

 Flows for water levels at section 4.
    Road submergence at section 43.

 Upstream Head=   1.0000  Free Drop=   0.4959

 Partial Depth Head  Head  Head  Drop  Flow   Flow   Total  Loss Energy Energy
 free    at    at    at    at    sec   in     over   flow   coef loss   loss  
 drop    sec 3 sec 3 sec44 sec 4 1->4  barrel road          3->4 3->4   1->4  
 ------- ----- ----- ----- ----- ----- ------ ------ ------ ---- ------ ------
  1.0000  0.58  0.48  0.50  0.50 0.496 7.5961 0.0000 7.5961 0.93  0.271  0.496
  0.7684  0.71  0.61  0.62  0.62 0.381 7.2523 0.0000 7.2523 0.93  0.169  0.381
  0.5724  0.81  0.71  0.72  0.72 0.284 6.8804 0.0000 6.8804 0.93  0.116  0.284
  0.4100  0.89  0.79  0.80  0.80 0.203 6.2711 0.0000 6.2711 0.93  0.079  0.203
  0.2789  0.96  0.86  0.86  0.86 0.138 5.4703 0.0000 5.4703 0.93  0.052  0.138
  0.1768  1.01  0.91  0.91  0.91 0.088 4.5280 0.0000 4.5280 0.93  0.032  0.088
  0.1012  1.05  0.95  0.95  0.95 0.050 3.5279 0.0000 3.5279 0.93  0.018  0.050
  0.0493  1.07  0.97  0.98  0.98 0.024 2.4907 0.0000 2.4907 0.93  0.009  0.024
  0.0179  1.09  0.99  0.99  0.99 0.009 1.5003 0.0000 1.5003 0.93  0.003  0.009
  0.0032  1.10  1.00  1.00  1.00 0.002 0.6170 0.0000 0.6170 0.93  0.001  0.002
 ------------------------------------------------------------------------------
 Note: Barrel flows full at section 3 when depth there=   3.010

 Testing for flow type 0 at upstream head =   2.000

 Type 0 flow drowned by control at section 2.
 Rejecting Type 1. Trying Type 2.

 Flows for water levels at section 43.
    Road flow submergence at section 43.

 Upstream head=   2.0000 Elevation=  102.0000

  Head at Depth at Head at Depth at Drop    Flow Flow    Flow   
  section section  section section  section type through over   
    2       2       3 & 43    3     1 to 43      barrel  roadway 
  ------- -------- ------- -------- ------- ----  ------ -------
    1.709    1.709   1.092    1.192  0.9080    2 22.1551 0.00000
    1.748    1.748   1.302    1.402  0.6977    3 21.0834 0.00000
    1.787    1.787   1.480    1.580  0.5198    3 19.8116 0.00000
    1.836    1.836   1.628    1.728  0.3722    3 17.8990 0.00000
    1.884    1.884   1.747    1.847  0.2532    3 15.4490 0.00000
    1.925    1.925   1.839    1.939  0.1605    3 12.6882 0.00000
    1.957    1.957   1.908    2.008  0.0919    3 9.77409 0.00000
    1.979    1.979   1.955    2.055  0.0448    3 6.88354 0.00000
    1.993    1.993   1.984    2.084  0.0162    3 4.13110 0.00000
    1.999    1.999   1.997    2.097  0.0029    3 1.69406 0.00000
    2.000    2.000   2.000    2.100  0.0000    3 0.00000 0.00000
 ----------------------------------------------------------------
   Notes: Barrel flows full at section 3 when depth there=   3.010
          Barrel flows full at section 2 when depth there=>   3.010

 Fit of flow through barrel versus square root of drop is a 
 variation-limited cubic spline.

 Flows for water levels at section 4.
    Road submergence at section 43.

 Upstream Head=   2.0000  Free Drop=   0.8677

 Partial Depth Head  Head  Head  Drop  Flow   Flow   Total  Loss Energy Energy
 free    at    at    at    at    sec   in     over   flow   coef loss   loss  
 drop    sec 3 sec 3 sec44 sec 4 1->4  barrel road          3->4 3->4   1->4  
 ------- ----- ----- ----- ----- ----- ------ ------ ------ ---- ------ ------
  1.0000  1.19  1.09  1.13  1.13 0.868 22.155 0.0000 22.155 0.93  0.555  0.867
  0.7684  1.41  1.31  1.33  1.33 0.667 21.054 0.0000 21.054 0.93  0.360  0.667
  0.5724  1.59  1.49  1.50  1.50 0.497 19.759 0.0000 19.759 0.93  0.250  0.497
  0.4100  1.73  1.63  1.64  1.64 0.356 17.820 0.0000 17.820 0.94  0.170  0.356
  0.2789  1.85  1.75  1.76  1.76 0.242 15.358 0.0000 15.358 0.94  0.111  0.242
  0.1768  1.94  1.84  1.85  1.85 0.153 12.601 0.0000 12.601 0.94  0.068  0.153
  0.1012  2.01  1.91  1.91  1.91 0.088 9.6972 0.0000 9.6972 0.94  0.038  0.088
  0.0493  2.06  1.96  1.96  1.96 0.043 6.8241 0.0000 6.8241 0.94  0.018  0.043
  0.0179  2.08  1.98  1.98  1.98 0.016 4.0918 0.0000 4.0918 0.94  0.006  0.016
  0.0032  2.10  2.00  2.00  2.00 0.003 1.6766 0.0000 1.6766 0.94  0.001  0.003
 ------------------------------------------------------------------------------
 Note: Barrel flows full at section 3 when depth there=   3.010

 Testing for flow type 0 at upstream head =   3.000

 Type 0 flow drowned by control at section 2.
 Rejecting Type 1. Trying Type 2.

 Flows for water levels at section 43.
    Road flow submergence at section 43.

 Upstream head=   3.0000 Elevation=  103.0000

  Head at Depth at Head at Depth at Drop    Flow Flow    Flow   
  section section  section section  section type through over   
    2       2       3 & 43    3     1 to 43      barrel  roadway 
  ------- -------- ------- -------- ------- ----  ------ -------
    2.551    2.551   1.700    1.800  1.2998    2 41.1164 0.00000
    2.615    2.615   2.001    2.101  0.9988    3 39.0384 0.00000
    2.679    2.679   2.256    2.356  0.7441    3 36.5121 0.00000
    2.755    2.755   2.467    2.567  0.5329    3 32.8137 0.00000
    2.828    2.828   2.638    2.738  0.3625    3 28.2472 0.00000
    2.889    2.889   2.770    2.870  0.2298    3 23.1340 0.00000
    2.937    2.937   2.868    2.968  0.1315    3 17.7770 0.00000
    2.974    2.974   2.936    3.010  0.0641   31 11.5449 0.00000
    2.990    2.990   2.977    3.010  0.0233   31 7.03519 0.00000
    2.998    2.998   2.996    3.010  0.0041   31 2.83264 0.00000
    3.000    3.000   3.000    3.010  0.0000   31 0.00000 0.00000
 ----------------------------------------------------------------
   Notes: Barrel flows full at section 3 when depth there=   3.010
          Barrel flows full at section 2 when depth there=>   3.010

 Fit of flow through barrel versus square root of drop is a 
 variation-limited cubic spline.

 Flows for water levels at section 4.
    Road submergence at section 43.

 Upstream Head=   3.0000  Free Drop=   1.2427

 Partial Depth Head  Head  Head  Drop  Flow   Flow   Total  Loss Energy Energy
 free    at    at    at    at    sec   in     over   flow   coef loss   loss  
 drop    sec 3 sec 3 sec44 sec 4 1->4  barrel road          3->4 3->4   1->4  
 ------- ----- ----- ----- ----- ----- ------ ------ ------ ---- ------ ------
  1.0000  1.80  1.70  1.76  1.76 1.243 41.116 0.0000 41.116 0.94  0.842  1.242
  0.7684  2.11  2.01  2.05  2.05 0.955 38.980 0.0000 38.980 0.94  0.552  0.955
  0.5724  2.36  2.26  2.29  2.29 0.711 36.406 0.0000 36.406 0.94  0.384  0.711
  0.4100  2.57  2.47  2.49  2.49 0.509 32.661 0.0000 32.661 0.94  0.261  0.509
  0.2789  2.74  2.64  2.65  2.65 0.347 28.071 0.0000 28.071 0.94  0.170  0.347
  0.1768  2.87  2.77  2.78  2.78 0.220 22.974 0.0000 22.974 0.94  0.104  0.220
  0.1012  2.97  2.87  2.87  2.87 0.126 17.607 0.0000 17.607 0.94  0.057  0.126
  0.0493  3.01  2.94  2.94  2.94 0.061 11.404 0.0000 11.404 0.94  0.023  0.061
  0.0179  3.01  2.98  2.98  2.98 0.022 6.9597 0.0000 6.9597 0.94  0.009  0.022
  0.0032  3.01  3.00  3.00  3.00 0.004 2.7973 0.0000 2.7973 0.94  0.001  0.004
 ------------------------------------------------------------------------------
 Note: Barrel flows full at section 3 when depth there=   3.010

 Testing for flow type 0 at upstream head =   4.000

 Type 0 flow drowned by control at section 2.

 Type 6 limits:
    Depth at section 1=   4.515
    Piezometric depth at section 3=   2.521

 Flows for water levels at section 43.
    Road flow submergence at section 43.

 Upstream head=   4.0000 Elevation=  104.0000

  Head at Depth at Head at Depth at Drop    Flow Flow    Flow   
  section section  section section  section type through over   
    2       2       3 & 43    3     1 to 43      barrel  roadway 
  ------- -------- ------- -------- ------- ----  ------ -------
    1.453    3.010   2.213    3.010  1.7866   62 61.9189 0.00000
    2.148    3.010   2.627    3.010  1.3729   42 56.7245 0.00000
    2.684    3.010   2.977    3.010  1.0227    4 50.3356 0.00000
    3.058    3.010   3.268    3.010  0.7324    4 42.5976 0.00000
    3.359    3.010   3.502    3.010  0.4982    4 35.1319 0.00000
    3.594    3.010   3.684    3.010  0.3158    4 27.9721 0.00000
    3.767    3.010   3.819    3.010  0.1808    4 21.1635 0.00000
    3.887    3.010   3.912    3.010  0.0881    4 14.7711 0.00000
    3.959    3.010   3.968    3.010  0.0320    4 8.89812 0.00000
    3.993    3.010   3.994    3.010  0.0056    4 3.74118 0.00000
    4.000    3.010   4.000    3.010  0.0000    4 0.00000 0.00000
 ----------------------------------------------------------------
   Notes: Barrel flows full at section 3 when depth there=   3.010
          Barrel flows full at section 2 when depth there=>   3.010

 Fit of flow through barrel versus square root of drop is a 
 variation-limited cubic spline.

 Flows for water levels at section 4.
    Road submergence at section 43.

 Upstream Head=   4.0000  Free Drop=   1.7168

 Partial Depth Head  Head  Head  Drop  Flow   Flow   Total  Loss Energy Energy
 free    at    at    at    at    sec   in     over   flow   coef loss   loss  
 drop    sec 3 sec 3 sec44 sec 4 1->4  barrel road          3->4 3->4   1->4  
 ------- ----- ----- ----- ----- ----- ------ ------ ------ ---- ------ ------
  1.0000  3.01  2.21  2.28  2.28 1.717 61.919 0.0000 61.919 0.94  1.048  1.716
  0.7684  3.01  2.64  2.68  2.68 1.319 56.558 0.0000 56.558 0.94  0.695  1.319
  0.5724  3.01  2.99  3.02  3.02 0.983 50.023 0.0000 50.023 0.95  0.453  0.983
  0.4100  3.01  3.28  3.30  3.30 0.704 42.245 0.0000 42.245 0.95  0.325  0.704
  0.2789  3.01  3.51  3.52  3.52 0.479 34.814 0.0000 34.814 0.96  0.222  0.479
  0.1768  3.01  3.69  3.70  3.70 0.303 27.704 0.0000 27.704 0.96  0.141  0.304
  0.1012  3.01  3.82  3.83  3.83 0.174 20.950 0.0000 20.950 0.96  0.081  0.174
  0.0493  3.01  3.91  3.92  3.92 0.085 14.617 0.0000 14.617 0.96  0.039  0.085
  0.0179  3.01  3.97  3.97  3.97 0.031 8.8036 0.0000 8.8036 0.96  0.014  0.031
  0.0032  3.01  3.99  3.99  3.99 0.005 3.7010 0.0000 3.7010 0.96  0.003  0.005
 ------------------------------------------------------------------------------
 Note: Barrel flows full at section 3 when depth there=   3.010

 Testing for flow type 0 at upstream head =   4.515

 Type 0 flow drowned by control at section 2.

 Flows for water levels at section 43.
    Road flow submergence at section 43.

 Upstream head=   4.5150 Elevation=  104.5150

  Head at Depth at Head at Depth at Drop    Flow Flow    Flow   
  section section  section section  section type through over   
    2       2       3 & 43    3     1 to 43      barrel  roadway 
  ------- -------- ------- -------- ------- ----  ------ -------
    1.820    3.010   2.421    3.010  2.0945    6 72.0378 0.00000
    2.444    3.010   2.906    3.010  1.6095   42 63.1486 0.00000
    2.973    3.010   3.316    3.010  1.1989    4 54.5033 0.00000
    3.410    3.010   3.656    3.010  0.8587    4 46.1246 0.00000
    3.764    3.010   3.931    3.010  0.5841    4 38.0408 0.00000
    4.039    3.010   4.145    3.010  0.3703    4 30.2882 0.00000
    4.242    3.010   4.303    3.010  0.2119    4 22.9158 0.00000
    4.382    3.010   4.412    3.010  0.1032    4 15.9942 0.00000
    4.467    3.010   4.478    3.010  0.0375    4 9.63490 0.00000
    4.506    3.010   4.508    3.010  0.0066    4 4.05097 0.00000
    4.515    3.010   4.515    3.010  0.0000    4 0.00000 0.00000
 ----------------------------------------------------------------
   Notes: Barrel flows full at section 3 when depth there=   3.010
          Barrel flows full at section 2 when depth there=>   3.010

 Fit of flow through barrel versus square root of drop is a 
 variation-limited cubic spline.

 Flows for water levels at section 4.
    Road submergence at section 43.

 Upstream Head=   4.5150  Free Drop=   2.0249

 Partial Depth Head  Head  Head  Drop  Flow   Flow   Total  Loss Energy Energy
 free    at    at    at    at    sec   in     over   flow   coef loss   loss  
 drop    sec 3 sec 3 sec44 sec 4 1->4  barrel road          3->4 3->4   1->4  
 ------- ----- ----- ----- ----- ----- ------ ------ ------ ---- ------ ------
  1.0000  3.01  2.42  2.49  2.49 2.025 72.038 0.0000 72.038 0.93  0.924  2.024
  0.7684  3.01  2.92  2.96  2.96 1.556 62.940 0.0000 62.940 0.94  0.716  1.556
  0.5724  3.01  3.33  3.36  3.36 1.159 54.212 0.0000 54.212 0.95  0.536  1.159
  0.4100  3.01  3.67  3.68  3.68 0.830 45.816 0.0000 45.816 0.96  0.385  0.830
  0.2789  3.01  3.94  3.95  3.95 0.565 37.751 0.0000 37.751 0.96  0.263  0.565
  0.1768  3.01  4.15  4.16  4.16 0.358 30.044 0.0000 30.044 0.96  0.167  0.358
  0.1012  3.01  4.31  4.31  4.31 0.205 22.720 0.0000 22.720 0.97  0.095  0.205
  0.0493  3.01  4.41  4.42  4.42 0.100 15.853 0.0000 15.853 0.97  0.047  0.100
  0.0179  3.01  4.48  4.48  4.48 0.036 9.5478 0.0000 9.5478 0.97  0.017  0.036
  0.0032  3.01  4.51  4.51  4.51 0.006 4.0141 0.0000 4.0141 0.97  0.003  0.006
 ------------------------------------------------------------------------------
 Note: Barrel flows full at section 3 when depth there=   3.010

 Testing for flow type 0 at upstream head =   5.000

 Type 0 flow drowned by control at section 2.

 Flows for water levels at section 43.
    Road flow submergence at section 43.

 Upstream head=   5.0000 Elevation=  105.0000

  Head at Depth at Head at Depth at Drop    Flow Flow    Flow   
  section section  section section  section type through over   
    2       2       3 & 43    3     1 to 43      barrel  roadway 
  ------- -------- ------- -------- ------- ----  ------ -------
    1.604    3.010   2.361    3.010  2.6395    6 80.8716 0.00000
    2.390    3.010   2.972    3.010  2.0283    4 70.8923 0.00000
    3.056    3.010   3.489    3.010  1.5109    4 61.1869 0.00000
    3.608    3.010   3.918    3.010  1.0821    4 51.7808 0.00000
    4.053    3.010   4.264    3.010  0.7360    4 42.7056 0.00000
    4.400    3.010   4.533    3.010  0.4666    4 34.0023 0.00000
    4.656    3.010   4.733    3.010  0.2671    4 25.7259 0.00000
    4.833    3.010   4.870    3.010  0.1301    4 17.9555 0.00000
    4.939    3.010   4.953    3.010  0.0472    4 10.8164 0.00000
    4.989    3.010   4.992    3.010  0.0083    4 4.54769 0.00000
    5.000    3.010   5.000    3.010  0.0000    4 0.00000 0.00000
 ----------------------------------------------------------------
   Notes: Barrel flows full at section 3 when depth there=   3.010
          Barrel flows full at section 2 when depth there=>   3.010

 Fit of flow through barrel versus square root of drop is a 
 variation-limited cubic spline.

 Flows for water levels at section 4.
    Road submergence at section 43.

 Upstream Head=   5.0000  Free Drop=   2.5497

 Partial Depth Head  Head  Head  Drop  Flow   Flow   Total  Loss Energy Energy
 free    at    at    at    at    sec   in     over   flow   coef loss   loss  
 drop    sec 3 sec 3 sec44 sec 4 1->4  barrel road          3->4 3->4   1->4  
 ------- ----- ----- ----- ----- ----- ------ ------ ------ ---- ------ ------
  1.0000  3.01  2.36  2.45  2.45 2.550 80.872 0.0000 80.872 0.93  1.162  2.548
  0.7684  3.01  2.99  3.04  3.04 1.959 70.598 0.0000 70.598 0.95  0.902  1.959
  0.5724  3.01  3.51  3.54  3.54 1.460 60.787 0.0000 60.787 0.96  0.676  1.459
  0.4100  3.01  3.94  3.95  3.95 1.045 51.365 0.0000 51.365 0.96  0.486  1.045
  0.2789  3.01  4.28  4.29  4.29 0.711 42.321 0.0000 42.321 0.97  0.331  0.711
  0.1768  3.01  4.54  4.55  4.55 0.451 33.680 0.0000 33.680 0.97  0.210  0.451
  0.1012  3.01  4.74  4.74  4.74 0.258 25.469 0.0000 25.469 0.97  0.121  0.258
  0.0493  3.01  4.87  4.87  4.87 0.126 17.770 0.0000 17.770 0.97  0.059  0.126
  0.0179  3.01  4.95  4.95  4.95 0.046 10.703 0.0000 10.703 0.97  0.021  0.046
  0.0032  3.01  4.99  4.99  4.99 0.008 4.4996 0.0000 4.4996 0.97  0.004  0.008
 ------------------------------------------------------------------------------
 Note: Barrel flows full at section 3 when depth there=   3.010

 Testing for flow type 0 at upstream head =   5.500

 Type 0 flow drowned by control at section 2.

 Flows for water levels at section 43.
    Road flow submergence at section 43.

 Upstream head=   5.5000 Elevation=  105.5000

  Head at Depth at Head at Depth at Drop    Flow Flow    Flow   
  section section  section section  section type through over   
    2       2       3 & 43    3     1 to 43      barrel  roadway 
  ------- -------- ------- -------- ------- ----  ------ -------
    1.392    3.010   2.307    3.010  3.1929    6 88.9487 31.8176
    2.343    3.010   3.046    3.010  2.4535    4 77.9728 31.8176
    3.148    3.010   3.672    3.010  1.8277    4 67.2980 31.8176
    3.816    3.010   4.191    3.010  1.3090    4 56.9524 31.8176
    4.354    3.010   4.610    3.010  0.8904    4 46.9709 31.8176
    4.774    3.010   4.936    3.010  0.5644    4 37.3983 31.8176
    5.084    3.010   5.177    3.010  0.3231    4 28.2953 31.8176
    5.298    3.010   5.343    3.010  0.1574    4 19.7488 31.8176
    5.427    3.010   5.443    3.010  0.0571    4 11.8967 31.1180
    5.487    3.010   5.490    3.010  0.0101    4 5.00190 19.9709
    5.500    3.010   5.500    3.010  0.0000    4 0.00000 0.00000
 ----------------------------------------------------------------
   Notes: Barrel flows full at section 3 when depth there=   3.010
          Barrel flows full at section 2 when depth there=>   3.010

 Fit of flow through barrel versus square root of drop is a 
 variation-limited cubic spline.

 Flows for water levels at section 4.
    Road submergence at section 43.

 Upstream Head=   5.5000  Free Drop=   3.0741

 Partial Depth Head  Head  Head  Drop  Flow   Flow   Total  Loss Energy Energy
 free    at    at    at    at    sec   in     over   flow   coef loss   loss  
 drop    sec 3 sec 3 sec44 sec 4 1->4  barrel road          3->4 3->4   1->4  
 ------- ----- ----- ----- ----- ----- ------ ------ ------ ---- ------ ------
  1.0000  3.01  2.31  2.43  2.43 3.074 88.949 31.818 120.77 ---- ------  3.071
  0.7684  3.01  3.07  3.14  3.14 2.362 77.593 31.818 109.41 ---- ------  2.361
  0.5724  3.01  3.70  3.74  3.74 1.760 66.805 31.818 98.623 ---- ------  1.759
  0.4100  3.01  4.21  4.24  4.24 1.260 56.465 31.818 88.283 ---- ------  1.260
  0.2789  3.01  4.63  4.64  4.64 0.857 46.551 31.818 78.369 ---- ------  0.857
  0.1768  3.01  4.95  4.96  4.96 0.543 37.083 31.818 68.900 ---- ------  0.543
  0.1012  3.01  5.18  5.19  5.19 0.311 28.117 31.818 59.934 ---- ------  0.311
  0.0493  3.01  5.34  5.35  5.35 0.152 19.735 31.818 51.553 ---- ------  0.152
  0.0179  3.01  5.44  5.45  5.45 0.055 12.029 31.188 43.217 ---- ------  0.055
  0.0032  3.01  5.49  5.49  5.49 0.010 5.1752 20.421 25.596 ---- ------  0.010
 ------------------------------------------------------------------------------
 Note: Barrel flows full at section 3 when depth there=   3.010

 Testing for flow type 0 at upstream head =   6.000

 Type 0 flow drowned by control at section 2.

 Flows for water levels at section 43.
    Road flow submergence at section 43.

 Upstream head=   6.0000 Elevation=  106.0000

  Head at Depth at Head at Depth at Drop    Flow Flow    Flow   
  section section  section section  section type through over   
    2       2       3 & 43    3     1 to 43      barrel  roadway 
  ------- -------- ------- -------- ------- ----  ------ -------
    1.226    3.010   2.289    3.010  3.7106    6 95.8908 119.294
    2.332    3.010   3.149    3.010  2.8513    4 84.0582 119.294
    3.268    3.010   3.876    3.010  2.1241    4 72.5504 119.294
    4.043    3.010   4.479    3.010  1.5212    4 61.3974 119.294
    4.669    3.010   4.965    3.010  1.0347    4 50.6368 119.294
    5.157    3.010   5.344    3.010  0.6559    4 40.3171 119.294
    5.518    3.010   5.625    3.010  0.3755    4 30.5037 119.294
    5.765    3.010   5.817    3.010  0.1829    4 21.2901 119.230
    5.915    3.010   5.934    3.010  0.0664    4 12.8252 104.603
    5.985    3.010   5.988    3.010  0.0117    4 5.39238 51.0387
    6.000    3.010   6.000    3.010  0.0000    4 0.00000 0.00000
 ----------------------------------------------------------------
   Notes: Barrel flows full at section 3 when depth there=   3.010
          Barrel flows full at section 2 when depth there=>   3.010

 Fit of flow through barrel versus square root of drop is a 
 variation-limited cubic spline.

 Flows for water levels at section 4.
    Road submergence at section 43.

 Upstream Head=   6.0000  Free Drop=   3.5360

 Partial Depth Head  Head  Head  Drop  Flow   Flow   Total  Loss Energy Energy
 free    at    at    at    at    sec   in     over   flow   coef loss   loss  
 drop    sec 3 sec 3 sec44 sec 4 1->4  barrel road          3->4 3->4   1->4  
 ------- ----- ----- ----- ----- ----- ------ ------ ------ ---- ------ ------
  1.0000  3.01  2.29  2.46  2.46 3.536 95.891 119.29 215.19 ---- ------  3.525
  0.7684  3.01  3.18  3.28  3.28 2.717 83.609 119.29 202.90 ---- ------  2.713
  0.5724  3.01  3.91  3.98  3.98 2.024 72.007 119.29 191.30 ---- ------  2.022
  0.4100  3.01  4.50  4.55  4.55 1.450 60.925 119.29 180.22 ---- ------  1.449
  0.2789  3.01  4.98  5.01  5.01 0.986 50.327 119.29 169.62 ---- ------  0.986
  0.1768  3.01  5.35  5.37  5.37 0.625 40.237 119.29 159.53 ---- ------  0.625
  0.1012  3.01  5.62  5.64  5.64 0.358 30.733 119.29 150.03 ---- ------  0.358
  0.0493  3.01  5.81  5.83  5.83 0.174 21.865 119.27 141.13 ---- ------  0.174
  0.0179  3.01  5.93  5.94  5.94 0.063 13.485 106.99 120.47 ---- ------  0.063
  0.0032  3.01  5.99  5.99  5.99 0.011 5.8844 59.679 65.564 ---- ------  0.011
 ------------------------------------------------------------------------------
 Note: Barrel flows full at section 3 when depth there=   3.010

 Testing for flow type 0 at upstream head =   7.000

 Type 0 flow drowned by control at section 2.

 Flows for water levels at section 43.
    Road flow submergence at section 43.

 Upstream head=   7.0000 Elevation=  107.0000

  Head at Depth at Head at Depth at Drop    Flow Flow    Flow   
  section section  section section  section type through over   
    2       2       3 & 43    3     1 to 43      barrel  roadway 
  ------- -------- ------- -------- ------- ----  ------ -------
    0.901    3.010   2.258    3.010  4.7425    6 108.411 384.279
    2.314    3.010   3.356    3.010  3.6443    4 95.0335 384.279
    3.510    3.010   4.285    3.010  2.7147    4 82.0231 384.279
    4.501    3.010   5.056    3.010  1.9442    4 69.4139 384.279
    5.301    3.010   5.678    3.010  1.3225    4 57.2483 384.279
    5.924    3.010   6.162    3.010  0.8384    4 45.5812 384.279
    6.386    3.010   6.520    3.010  0.4799    4 34.4865 384.279
    6.702    3.010   6.766    3.010  0.2338    4 24.0700 369.540
    6.892    3.010   6.915    3.010  0.0848    4 14.5015 287.831
    6.981    3.010   6.985    3.010  0.0150    4 6.09641 97.2329
    7.000    3.010   7.000    3.010  0.0000    4 0.00000 0.00000
 ----------------------------------------------------------------
   Notes: Barrel flows full at section 3 when depth there=   3.010
          Barrel flows full at section 2 when depth there=>   3.010

 Fit of flow through barrel versus square root of drop is a 
 variation-limited cubic spline.

 Flows for water levels at section 4.
    Road submergence at section 43.

 Upstream Head=   7.0000  Free Drop=   4.3903

 Partial Depth Head  Head  Head  Drop  Flow   Flow   Total  Loss Energy Energy
 free    at    at    at    at    sec   in     over   flow   coef loss   loss  
 drop    sec 3 sec 3 sec44 sec 4 1->4  barrel road          3->4 3->4   1->4  
 ------- ----- ----- ----- ----- ----- ------ ------ ------ ---- ------ ------
  1.0000  3.01  2.26  2.61  2.61 4.390 108.41 384.28 492.69 ---- ------  4.337
  0.7684  3.01  3.40  3.63  3.63 3.374 94.428 384.28 478.71 ---- ------  3.354
  0.5724  3.01  4.33  4.49  4.49 2.513 81.378 384.28 465.66 ---- ------  2.504
  0.4100  3.01  5.08  5.20  5.20 1.800 69.006 384.28 453.29 ---- ------  1.795
  0.2789  3.01  5.68  5.78  5.78 1.224 57.192 384.28 441.47 ---- ------  1.222
  0.1768  3.01  6.15  6.22  6.22 0.776 45.932 384.28 430.21 ---- ------  0.776
  0.1012  3.01  6.49  6.56  6.56 0.444 35.478 384.28 419.76 ---- ------  0.444
  0.0493  3.01  6.74  6.78  6.78 0.216 25.262 374.09 399.35 ---- ------  0.217
  0.0179  3.01  6.90  6.92  6.92 0.079 15.826 304.64 320.46 ---- ------  0.079
  0.0032  3.01  6.98  6.99  6.99 0.014 6.4172 107.74 114.15 ---- ------  0.014
 ------------------------------------------------------------------------------
 Note: Barrel flows full at section 3 when depth there=   3.010

 Testing for flow type 0 at upstream head =   8.000

 Type 0 flow drowned by control at section 2.

 Flows for water levels at section 43.
    Road flow submergence at section 43.

 Upstream head=   8.0000 Elevation=  108.0000

  Head at Depth at Head at Depth at Drop    Flow Flow    Flow   
  section section  section section  section type through over   
    2       2       3 & 43    3     1 to 43      barrel  roadway 
  ------- -------- ------- -------- ------- ----  ------ -------
    0.579    3.010   2.229    3.010  5.7710    6 119.593 742.196
    2.299    3.010   3.565    3.010  4.4346    4 104.836 742.196
    3.754    3.010   4.697    3.010  3.3035    4 90.4832 742.196
    4.961    3.010   5.634    3.010  2.3659    4 76.5734 742.196
    5.935    3.010   6.391    3.010  1.6093    4 63.1531 742.196
    6.693    3.010   6.980    3.010  1.0202    4 50.2826 742.196
    7.254    3.010   7.416    3.010  0.5840    4 38.0435 742.089
    7.639    3.010   7.716    3.010  0.2845    4 26.5526 688.011
    7.870    3.010   7.897    3.010  0.1032    4 15.9978 513.257
    7.977    3.010   7.982    3.010  0.0182    4 6.72523 148.446
    8.000    3.010   8.000    3.010  0.0000    4 0.00000 0.00000
 ----------------------------------------------------------------
   Notes: Barrel flows full at section 3 when depth there=   3.010
          Barrel flows full at section 2 when depth there=>   3.010

 Fit of flow through barrel versus square root of drop is a 
 variation-limited cubic spline.

 Flows for water levels at section 4.
    Road submergence at section 43.

 Upstream Head=   8.0000  Free Drop=   5.1923

 Partial Depth Head  Head  Head  Drop  Flow   Flow   Total  Loss Energy Energy
 free    at    at    at    at    sec   in     over   flow   coef loss   loss  
 drop    sec 3 sec 3 sec44 sec 4 1->4  barrel road          3->4 3->4   1->4  
 ------- ----- ----- ----- ----- ----- ------ ------ ------ ---- ------ ------
  1.0000  3.01  2.23  2.81  2.81 5.192 119.59 742.20 861.79 ---- ------  5.052
  0.7684  3.01  3.63  4.01  4.01 3.990 104.12 742.20 846.32 ---- ------  3.939
  0.5724  3.01  4.75  5.03  5.03 2.972 89.759 742.20 831.96 ---- ------  2.948
  0.4100  3.01  5.66  5.87  5.87 2.129 76.100 742.20 818.30 ---- ------  2.117
  0.2789  3.01  6.40  6.55  6.55 1.448 62.990 742.20 805.19 ---- ------  1.442
  0.1768  3.01  6.96  7.08  7.08 0.918 50.703 742.20 792.90 ---- ------  0.916
  0.1012  3.01  7.38  7.47  7.47 0.525 39.317 742.20 781.51 ---- ------  0.525
  0.0493  3.01  7.69  7.74  7.74 0.256 27.817 698.63 726.45 ---- ------  0.257
  0.0179  3.01  7.88  7.91  7.91 0.093 17.403 544.95 562.35 ---- ------  0.094
  0.0032  3.01  7.98  7.98  7.98 0.016 6.8209 152.70 159.52 ---- ------  0.016
 ------------------------------------------------------------------------------
 Note: Barrel flows full at section 3 when depth there=   3.010

 *WRN:545* Head to width ratio=   0.321 > maximum ratio=   0.320

 Testing for flow type 0 at upstream head =   9.000

 Type 0 flow drowned by control at section 2.

 Flows for water levels at section 43.
    Road flow submergence at section 43.

 Upstream head=   9.0000 Elevation=  109.0000

  Head at Depth at Head at Depth at Drop    Flow Flow    Flow   
  section section  section section  section type through over   
    2       2       3 & 43    3     1 to 43      barrel  roadway 
  ------- -------- ------- -------- ------- ----  ------ -------
    0.259    3.010   2.203    3.010  6.7970    6 129.792 1167.35
    2.285    3.010   3.777    3.010  5.2230    4 113.776 1167.35
    3.999    3.010   5.109    3.010  3.8908    4 98.1994 1167.35
    5.420    3.010   6.213    3.010  2.7865    4 83.1034 1167.35
    6.567    3.010   7.105    3.010  1.8954    4 68.5387 1167.35
    7.460    3.010   7.798    3.010  1.2015    4 54.5706 1167.35
    8.121    3.010   8.312    3.010  0.6878    4 41.2878 1162.66
    8.574    3.010   8.665    3.010  0.3351    4 28.8169 1052.21
    8.846    3.010   8.878    3.010  0.1216    4 17.3618 766.716
    8.973    3.010   8.979    3.010  0.0215    4 7.29872 203.609
    9.000    3.010   9.000    3.010  0.0000    4 0.00000 0.00000
 ----------------------------------------------------------------
   Notes: Barrel flows full at section 3 when depth there=   3.010
          Barrel flows full at section 2 when depth there=>   3.010

 Fit of flow through barrel versus square root of drop is a 
 variation-limited cubic spline.

 Flows for water levels at section 4.
    Road submergence at section 43.

 Upstream Head=   9.0000  Free Drop=   5.9796

 Partial Depth Head  Head  Head  Drop  Flow   Flow   Total  Loss Energy Energy
 free    at    at    at    at    sec   in     over   flow   coef loss   loss  
 drop    sec 3 sec 3 sec44 sec 4 1->4  barrel road          3->4 3->4   1->4  
 ------- ----- ----- ----- ----- ----- ------ ------ ------ ---- ------ ------
  1.0000  3.01  2.20  3.02  3.02 5.980 129.79 1167.4 1297.1 ---- ------  5.708
  0.7684  3.01  3.84  4.41  4.41 4.595 113.06 1167.4 1280.4 ---- ------  4.500
  0.5724  3.01  5.17  5.58  5.58 3.423 97.411 1167.4 1264.8 ---- ------  3.378
  0.4100  3.01  6.27  6.55  6.55 2.451 82.192 1167.4 1249.5 ---- ------  2.431
  0.2789  3.01  7.14  7.33  7.33 1.667 67.902 1167.4 1235.3 ---- ------  1.659
  0.1768  3.01  7.80  7.94  7.94 1.057 54.634 1167.4 1222.0 ---- ------  1.054
  0.1012  3.01  8.30  8.39  8.39 0.605 41.739 1164.0 1205.7 ---- ------  0.605
  0.0493  3.01  8.64  8.71  8.71 0.295 29.884 1067.9 1097.8 ---- ------  0.295
  0.0179  3.01  8.86  8.89  8.89 0.107 18.554 806.00 824.56 ---- ------  0.108
  0.0032  3.01  8.98  8.98  8.98 0.019 7.1915 197.67 204.87 ---- ------  0.019
 ------------------------------------------------------------------------------
 Note: Barrel flows full at section 3 when depth there=   3.010
 
  
         Example of computing a table for use in the CHANRAT command.            
         This if for one of the over banks of a cross section.  Note that        
         the EXTEND option has been added to the list of options.                
         If this is not done,  the global EXTEND=NO option at the                
         start of the input would prevent this table from being                  
         computed.  Notice that one end of the cross section stops               
         at an elevation of zero.  If automatic extension of the ends            
         of cross sections is enabled, FEQUTL will extend the low                
         end of the cross section with a vertical frictionless wall              
         to enable computation of the table.  If automatic extension             
         is suppressed then FEQUTL will not extend the low end and               
         the table argument, depth, will be limited to the value                 
         defined by the end of the cross section with minimum elevation.         
  
         If automatic extension is used and if one side of the cross section     
         is lower than the other and if the water level in FEQ rises above       
         the low end then FEQ ISSUES NO WARNING.   Therefore automatic           
         extension should be used with care.                                     
  
 FEQXLST                                                                         

 Processing:TABLE#=  100 MONOTONE  SAVE12 NEWBETA EXTEND

 Processing:STATION= 0.0

 Processing:NAVM=    0

 Processing:NSUB    1     0.025

 TabId= 100 SAVE12   OUT21    NEWBETA  EXTEND   MONOTONE
 STATION=     0.000
 NAVM=    0  Hor. scale factor=     1.000 Vert. shift=     0.000
  Vert. scale factor=     1.000 Hor. shift=     0.000
 NSUB    1 0.025
  OFFSET ELEVATION SUB                                                           
        0.0     19.00    1
       24.0      1.50    1
       25.0      0.00    1
       90.0      0.00   -1

 *WRN:503* UNEXPECTED SLOPE AT RIGHT END.
  SLOPE EXPECTED TO BE > 0 AT RIGHT BOUNDARY

 *WRN:555* Extending right end of cross section by   19.000
 

 ELEMENTS FOR SECTION ID: 100

 TABID= 100
 TYPE=  -21
 STATION= 0.00000E+00
 ELEVATION= 0.00000E+00

   DEPTH TOP WID    AREA SQR(CV)   BETA       J  ALPHA   CRITQ     MA     MQ  AVER n
   0.000 6.500+1 0.000+0 0.000+0  1.000 0.000+0  1.000 0.000+0  1.000  1.000  0.0000
   0.080 6.505+1 5.202+0 7.584+0  1.000 2.081-1  1.000 8.347+0  1.000  1.000  0.0250
   1.500 6.600+1 9.825+1 8.702+1  1.002 7.350+1  1.005 6.798+2  1.000  1.000  0.0250
   3.688 6.900+1 2.459+2 1.836+2  1.006 4.487+2  1.015 2.629+3  1.000  1.000  0.0250
   5.875 7.200+1 4.001+2 2.708+2  1.010 1.154+3  1.024 5.333+3  1.000  1.000  0.0250
   8.063 7.500+1 5.609+2 3.530+2  1.013 2.204+3  1.032 8.658+3  1.000  1.000  0.0250
  10.250 7.800+1 7.283+2 4.320+2  1.016 3.613+3  1.040 1.254+4  1.000  1.000  0.0250
  12.438 8.100+1 9.022+2 5.089+2  1.018 5.395+3  1.047 1.694+4  1.000  1.000  0.0250
  14.625 8.400+1 1.083+3 5.840+2  1.021 7.565+3  1.053 2.184+4  1.000  1.000  0.0250
  16.813 8.700+1 1.270+3 6.579+2  1.023 1.014+4  1.060 2.721+4  1.000  1.000  0.0250
  19.000 9.000+1 1.463+3 7.309+2  1.026 1.312+4  1.066 3.305+4  1.000  1.000  0.0250

 Saving TabId= 100  Internal table number=   38
 
 Estimates of critical flow:
      Depth      Beta   dBetadY     Alpha  DAlphadY     Qbeta    Qalpha     Qcrit
    0.00000  1.000109  0.000000  1.000263  0.000000       0.0       0.0       0.0
    0.08000  1.000109  0.001292  1.000263  0.003194       8.3       8.3       8.3
    1.50000  1.001991  0.001318  1.004858  0.003222     680.2     679.4     680.2
    3.68750  1.006162  0.001692  1.015273  0.004330    2634.1    2624.4    2634.3
    5.87500  1.009583  0.001472  1.024056  0.003788    5348.7    5316.6    5352.5
    8.06250  1.012675  0.001364  1.032033  0.003527    8693.5    8623.4    8704.3
   10.25000  1.015567  0.001284  1.039535  0.003340   12604.5   12478.5   12627.0
   12.43750  1.018299  0.001216  1.046664  0.003183   17044.2   16842.8   17084.7
   14.62500  1.020890  0.001155  1.053470  0.003042   21988.9   21690.7   22054.9
   16.81250  1.023353  0.001098  1.059982  0.002913   27422.9   27005.2   27523.1
   19.00000  1.025697  0.001046  1.066219  0.002792   33335.4   32774.3   33479.9
 
  
         CHANRAT- computes a channel rating for a short prismatic channel        
         assuming steady flow.  The bottom slope must always result in           
         subcritical flow.  Should super critical flow result, FEQUTL will       
         signal an error and go to the next command.  Note that                  
         bottom slopes less than or equal to zero compute more quickly.          
         Very small slopes greater than zero compute  slowly and                 
         computations may break down.  Thus the best choice if the slope         
         is small is to use zero.  The difference between a slope of             
         1 in 10,000 and 0 on the table is small.                                
  
         CHANRAT computes a 2-D table of either type 6 or 13.                    
         Tables of type 13 take less space and are easier to                     
         read.  The head is always measured from the high point of               
         the channel.  If BOTSLP > 0 then the datum for head is the              
         upstream end of the channel otherwise the datum for head is             
         the downstream end of the channel.                                      
  
  
  
 CHANRAT                                                                         

 TABID= 600      
 TYPE=   13                         

 Adaptive Simpson's rule for steady flow.

 Integration error tolerance=  0.100

 Normal depth deviation-absolute=  0.0050
 Normal depth deviation-relative=  0.0050

 LABEL=TEST OF CHANRAT                                   

 XSTAB= 100
 BOTSLP=    0.0030
 LENGTH=      30.0 Middle elevation=   25.7000

 HEAD SEQUENCE FOR TABLE                                                         

 NFRAC=   21
 POWER=      2.50
       0.25
       0.50
       1.00
       1.50
       2.50
       3.00
       4.00
       6.00
       8.00
      10.00
      -1.00

 Checking cross section table for possible critical flow
      problems.
 Table tests OK.

 Input complete. begin computations

 Datum for heads is:     25.75

 Upstream Head=   0.2500  Free Drop=   0.2092 Normal Flow=         16.006
    Ups WS Elevation=  25.9950
  PartialFD  Dns Head      Flow    QdrErr  RelError
   1.000000    0.0408   17.4537    0.1000
   0.879648    0.0659   17.4274    0.1000     0.000
   0.768433    0.0892   17.3205    0.1000     0.000
   0.666112    0.1106   17.1241    0.1000    -0.001
   0.572433    0.1302   16.8223    0.1000    -0.001
   0.487139    0.1481   16.3975    0.1000    -0.001
   0.409963    0.1642   16.0060    0.1000     0.012
   0.340630    0.1787   15.1481    0.1000     0.004
   0.278855    0.1917   14.3197    0.1000    -0.002
   0.224340    0.2031   13.3574    0.1000    -0.002
   0.176777    0.2130   12.2815    0.1000    -0.003
   0.135841    0.2216   11.1006    0.1000    -0.003
   0.101193    0.2288   9.80864    0.1000    -0.002
   0.072472    0.2348   8.53616    0.1000    -0.004
   0.049295    0.2397   7.12261    0.1000     0.001
   0.031250    0.2435   5.88320    0.1000    -0.004
   0.017889    0.2463   4.47796    0.1000     0.008
   0.008714    0.2482   3.18032    0.1000    -0.028
   0.003162    0.2493   2.04134    0.1000    -0.071
   0.000559    0.2499   1.47216    0.1000    -0.045
   Free flow interpolation between head=   0.2500 and    0.5000
   has estimated maximum relative error of 0.101

 Upstream Head=   0.5000  Free Drop=   0.2843 Normal Flow=         52.910
    Ups WS Elevation=  26.2450
  PartialFD  Dns Head      Flow    QdrErr  RelError
   1.000000    0.2157   62.4505    0.1000
   0.879648    0.2499   62.3228    0.1000     0.000
   0.768433    0.2816   61.9249    0.1000    -0.001
   0.666112    0.3106   61.1357    0.1000    -0.001
   0.572433    0.3373   60.0276    0.1000    -0.001
   0.487139    0.3615   58.4690    0.1000    -0.001
   0.409963    0.3835   56.4533    0.1000    -0.001
   0.340630    0.4032   53.9662    0.1000    -0.002
   0.278855    0.4207   51.0044    0.1000    -0.008
   0.224340    0.4362   47.5982    0.1000    -0.002
   0.176777    0.4497   43.7435    0.1000    -0.003
   0.135841    0.4614   39.5785    0.1000    -0.003
   0.101193    0.4712   35.0939    0.1000    -0.004
   0.072472    0.4794   30.2911    0.1000    -0.002
   0.049295    0.4860   25.6632    0.1000     0.000
   0.031250    0.4911   20.6767    0.1000     0.003
   0.017889    0.4949   15.7672    0.1000    -0.023
   0.008714    0.4975   11.1231    0.1000    -0.028
   0.003162    0.4991   7.69917    0.1000    -0.042
   0.000559    0.4998   4.48612    0.1000    -0.020
   Free flow interpolation between head=   0.5000 and    1.0000
   has estimated maximum relative error of 0.095

 Upstream Head=   1.0000  Free Drop=   0.3511 Normal Flow=        190.998
    Ups WS Elevation=  26.7450
  PartialFD  Dns Head      Flow    QdrErr  RelError
   1.000000    0.6489   234.862    0.1000
   0.879648    0.6912   234.509    0.1000     0.000
   0.768433    0.7302   233.005    0.1000     0.000
   0.666112    0.7661   230.467    0.1000    -0.001
   0.572433    0.7990   226.647    0.1000    -0.001
   0.487139    0.8290   221.211    0.1000    -0.002
   0.409963    0.8561   214.415    0.1000    -0.002
   0.340630    0.8804   205.863    0.1000    -0.002
   0.278855    0.9021   190.998    0.1000    -0.013
   0.224340    0.9212   183.537    0.1000    -0.020
   0.176777    0.9379   169.817    0.1000    -0.003
   0.135841    0.9523   154.357    0.1000    -0.003
   0.101193    0.9645   137.769    0.1000    -0.004
   0.072472    0.9746   119.942    0.1000    -0.004
   0.049295    0.9827   101.197    0.1000    -0.003
   0.031250    0.9890   81.6132    0.1000    -0.005
   0.017889    0.9937   62.6099    0.1000    -0.020
   0.008714    0.9969   46.0989    0.1000    -0.008
   0.003162    0.9989   29.4450    0.1000     0.013
   0.000559    0.9998   16.9786    0.1000    -0.033
   Free flow interpolation between head=   1.0000 and    1.5000
   has estimated maximum relative error of 0.029

 Upstream Head=   1.5000  Free Drop=   0.3672 Normal Flow=        414.793
    Ups WS Elevation=  27.2450
  PartialFD  Dns Head      Flow    QdrErr  RelError
   1.000000    1.1328   500.262    0.1000
   0.879648    1.1770   499.650    0.1000     0.000
   0.768433    1.2178   496.938    0.1000     0.000
   0.666112    1.2554   492.400    0.1000    -0.001
   0.572433    1.2898   485.555    0.1000    -0.001
   0.487139    1.3211   476.102    0.1000    -0.001
   0.409963    1.3495   463.576    0.1000    -0.001
   0.340630    1.3749   447.756    0.1000    -0.001
   0.278855    1.3976   428.384    0.1000    -0.002
   0.224340    1.4176   404.728    0.1000     0.004
   0.176777    1.4351   376.508    0.1000    -0.003
   0.135841    1.4501   344.802    0.1000    -0.003
   0.101193    1.4628   309.294    0.1000    -0.003
   0.072472    1.4734   270.880    0.1000    -0.005
   0.049295    1.4819   228.741    0.1000    -0.011
   0.031250    1.4885   186.154    0.1000    -0.017
   0.017889    1.4934   143.296    0.1000    -0.018
   0.008714    1.4968   105.290    0.1000    -0.008
   0.003162    1.4988   68.0790    0.1000    -0.035
   0.000559    1.4998   38.5654    0.1000    -0.026
   Free flow interpolation between head=   1.5000 and    2.5000
   has estimated maximum relative error of 0.033

 Upstream Head=   2.5000  Free Drop=   0.4398 Normal Flow=        942.324
    Ups WS Elevation=  28.2450
  PartialFD  Dns Head      Flow    QdrErr  RelError
   1.000000    2.0602   1168.29    0.1000
   0.879648    2.1131   1166.65    0.1000     0.000
   0.768433    2.1620   1161.27    0.1000     0.000
   0.666112    2.2070   1151.19    0.1000    -0.001
   0.572433    2.2482   1136.96    0.1000    -0.001
   0.487139    2.2857   1116.86    0.1000    -0.001
   0.409963    2.3197   1090.40    0.1000    -0.001
   0.340630    2.3502   1056.70    0.1000    -0.001
   0.278855    2.3774   1015.20    0.1000    -0.002
   0.224340    2.4013   964.898    0.1000    -0.002
   0.176777    2.4222   905.213    0.1000    -0.008
   0.135841    2.4403   835.613    0.1000    -0.003
   0.101193    2.4555   755.652    0.1000    -0.004
   0.072472    2.4681   667.923    0.1000    -0.005
   0.049295    2.4783   574.205    0.1000    -0.004
   0.031250    2.4863   466.485    0.1000    -0.006
   0.017889    2.4921   366.306    0.1000    -0.004
   0.008714    2.4962   262.296    0.1000    -0.001
   0.003162    2.4986   167.844    0.1000    -0.037
   0.000559    2.4998   93.2509    0.1000    -0.032
   Free flow interpolation between head=   2.5000 and    3.0000
   has estimated maximum relative error of 0.005

 Upstream Head=   3.0000  Free Drop=   0.4594 Normal Flow=       1286.134
    Ups WS Elevation=  28.7450
  PartialFD  Dns Head      Flow    QdrErr  RelError
   1.000000    2.5406   1582.22    0.1000
   0.879648    2.5959   1580.44    0.1000     0.000
   0.768433    2.6470   1573.87    0.1000     0.000
   0.666112    2.6940   1562.54    0.1000     0.000
   0.572433    2.7371   1544.43    0.1000     0.000
   0.487139    2.7762   1519.79    0.1000    -0.001
   0.409963    2.8117   1487.14    0.1000    -0.001
   0.340630    2.8435   1444.90    0.1000    -0.001
   0.278855    2.8719   1393.02    0.1000    -0.002
   0.224340    2.8969   1329.07    0.1000    -0.002
   0.176777    2.9188   1252.36    0.1000     0.004
   0.135841    2.9376   1161.52    0.1000    -0.003
   0.101193    2.9535   1056.62    0.1000    -0.004
   0.072472    2.9667   937.362    0.1000    -0.004
   0.049295    2.9774   806.056    0.1000    -0.006
   0.031250    2.9856   666.234    0.1000    -0.004
   0.017889    2.9918   518.946    0.1000     0.000
   0.008714    2.9960   372.384    0.1000    -0.003
   0.003162    2.9985   237.980    0.1000    -0.037
   0.000559    2.9997   131.651    0.1000    -0.034
   Free flow interpolation between head=   3.0000 and    4.0000
   has estimated maximum relative error of 0.009

 Upstream Head=   4.0000  Free Drop=   0.4797 Normal Flow=       2104.973
    Ups WS Elevation=  29.7450
  PartialFD  Dns Head      Flow    QdrErr  RelError
   1.000000    3.5203   2546.91    0.1000
   0.879648    3.5781   2544.41    0.1000     0.000
   0.768433    3.6314   2535.31    0.1000     0.000
   0.666112    3.6805   2519.62    0.1000     0.000
   0.572433    3.7254   2494.55    0.1000    -0.001
   0.487139    3.7663   2461.02    0.1000    -0.001
   0.409963    3.8034   2415.46    0.1000    -0.001
   0.340630    3.8366   2356.48    0.1000    -0.001
   0.278855    3.8662   2281.83    0.1000    -0.001
   0.224340    3.8924   2189.16    0.1000    -0.002
   0.176777    3.9152   2104.97    0.1000     0.005
   0.135841    3.9348   1939.61    0.1000     0.005
   0.101193    3.9515   1777.01    0.1000    -0.004
   0.072472    3.9652   1588.93    0.1000    -0.004
   0.049295    3.9764   1377.13    0.1000    -0.006
   0.031250    3.9850   1144.22    0.1000    -0.003
   0.017889    3.9914   895.373    0.1000    -0.002
   0.008714    3.9958   645.364    0.1000    -0.030
   0.003162    3.9985   412.374    0.1000    -0.037
   0.000559    3.9997   227.260    0.1000    -0.036
   Free flow interpolation between head=   4.0000 and    6.0000
   has estimated maximum relative error of 0.021

 Upstream Head=   6.0000  Free Drop=   0.5205 Normal Flow=       4156.212
    Ups WS Elevation=  31.7450
  PartialFD  Dns Head      Flow    QdrErr  RelError
   1.000000    5.4795   4917.29    0.1000
   0.879648    5.5421   4913.38    0.1000     0.000
   0.768433    5.6000   4899.89    0.1000     0.000
   0.666112    5.6533   4876.54    0.1000     0.000
   0.572433    5.7020   4841.08    0.1000     0.000
   0.487139    5.7464   4788.75    0.1000    -0.001
   0.409963    5.7866   4720.59    0.1000    -0.001
   0.340630    5.8227   4629.44    0.1000    -0.001
   0.278855    5.8548   4511.90    0.1000    -0.001
   0.224340    5.8832   4362.46    0.1000    -0.001
   0.176777    5.9080   4156.21    0.1000    -0.004
   0.135841    5.9293   3942.02    0.1000    -0.005
   0.101193    5.9473   3656.85    0.1000    -0.003
   0.072472    5.9623   3309.82    0.1000    -0.005
   0.049295    5.9743   2907.79    0.1000    -0.007
   0.031250    5.9837   2435.71    0.1000    -0.010
   0.017889    5.9907   1931.39    0.1000    -0.011
   0.008714    5.9955   1398.32    0.1000    -0.031
   0.003162    5.9984   894.049    0.1000    -0.040
   0.000559    5.9997   489.122    0.1000    -0.040
   Free flow interpolation between head=   6.0000 and    8.0000
   has estimated maximum relative error of 0.010

 Upstream Head=   8.0000  Free Drop=   0.5462 Normal Flow=       6734.607
    Ups WS Elevation=  33.7450
  PartialFD  Dns Head      Flow    QdrErr  RelError
   1.000000    7.4538   7820.14    0.1000
   0.879648    7.5195   7815.18    0.1000     0.000
   0.768433    7.5803   7797.54    0.1000     0.000
   0.666112    7.6362   7766.86    0.1000     0.000
   0.572433    7.6873   7720.15    0.1000     0.000
   0.487139    7.7339   7654.38    0.1000     0.000
   0.409963    7.7761   7562.17    0.1000     0.000
   0.340630    7.8139   7441.03    0.1000    -0.001
   0.278855    7.8477   7283.02    0.1000    -0.001
   0.224340    7.8775   7079.97    0.1000    -0.001
   0.176777    7.9034   6818.73    0.1000    -0.002
   0.135841    7.9258   6487.72    0.1000    -0.012
   0.101193    7.9447   6070.93    0.1000    -0.004
   0.072472    7.9604   5558.52    0.1000    -0.005
   0.049295    7.9731   4931.08    0.1000    -0.006
   0.031250    7.9829   4207.03    0.1000    -0.007
   0.017889    7.9902   3323.35    0.1000    -0.015
   0.008714    7.9952   2433.02    0.1000    -0.030
   0.003162    7.9983   1559.02    0.1000    -0.041
   0.000559    7.9997   849.935    0.1000    -0.042
   Free flow interpolation between head=   8.0000 and   10.0000
   has estimated maximum relative error of 0.006

 Upstream Head=  10.0000  Free Drop=   0.5616 Normal Flow=       9800.961
    Ups WS Elevation=  35.7450
  PartialFD  Dns Head      Flow    QdrErr  RelError
   1.000000    9.4384   11205.0    0.1000
   0.879648    9.5060   11200.0    0.1000     0.000
   0.768433    9.5684   11177.6    0.1000     0.000
   0.666112    9.6259   11140.1    0.1000     0.000
   0.572433    9.6785   11082.9    0.1000     0.000
   0.487139    9.7264   11002.1    0.1000     0.000
   0.409963    9.7698   10889.6    0.1000    -0.001
   0.340630    9.8087   10739.7    0.1000    -0.001
   0.278855    9.8434   10542.6    0.1000    -0.001
   0.224340    9.8740   10285.2    0.1000    -0.001
   0.176777    9.9007   9953.34    0.1000    -0.002
   0.135841    9.9237   9524.97    0.1000    -0.006
   0.101193    9.9432   8975.12    0.1000    -0.003
   0.072472    9.9593   8281.31    0.1000    -0.004
   0.049295    9.9723   7411.39    0.1000    -0.005
   0.031250    9.9824   6387.11    0.1000    -0.007
   0.017889    9.9900   5083.75    0.1000    -0.014
   0.008714    9.9951   3745.22    0.1000    -0.029
   0.003162    9.9982   2406.86    0.1000    -0.042
   0.000559    9.9997   1310.72    0.1000    -0.044

 Maximum estimated relative error=   0.101 is in free flow
      between heads=   0.250 and    0.500

 Estimated root-mean-square error=   0.022
 
  
         Cross section tables to use in example of computing a                   
         table for an expansion-contraction.  Taken from an                      
         actual project in DuPage County.  Shows an example                      
         of using the heading for the input as a label and also                  
         of using the space remaining after the subsection number                
         for more comments.                                                      
  
 FEQX                                                                            

 Processing:TABLE#=  938 EXTEND SAVE12 NEWBETA NOOUT

 Processing:STATION=    11.290

 Processing:NAVM=    0

 Processing:NSUB    5     0.100     0.120     0.030     0.080     0.032

 TabId= 938 SAVE12   NOOUT    NEWBETA  EXTEND           
 STATION=    11.290
 NAVM=    0  Hor. scale factor=     1.000 Vert. shift=     0.000
  Vert. scale factor=     1.000 Hor. shift=     0.000
 NSUB    5 0.100 0.120 0.030 0.080 0.032
 X-SEC 38  60 FT. U/S OF THE BNRR (DEL TO LEFT & RIGHT OF TOP OF BERMS) RERAN W/ 
      -73.0    666.60    1
      -49.1    665.80    2
      -25.4    655.00    3
      -21.9    654.60    3
        0.0    653.90    3
        8.2    654.40    3
       11.1    655.00    4
       15.0    658.30    4
       33.9    663.63    5
       44.6    666.00   -1

 *WRN:555* Extending right end of cross section by    0.600
 

 ELEMENTS FOR SECTION ID: 938

 TABID= 938
 TYPE=  -25
 STATION= 1.12900E+01
 ELEVATION= 6.53900E+02

   DEPTH TOP WID    AREA SQR(CV)   BETA       J  ALPHA   CRITQ     MA     MQ  AVER n
   0.000 0.000+0 0.000+0 0.000+0  1.067 0.000+0  1.185 0.000+0  1.000  1.000  0.0000
   0.080 3.816+0 1.527-1 9.415-1  1.067 4.072-3  1.185 1.634-1  1.000  1.000  0.0300
   0.500 2.384+1 5.961+0 1.084+1  1.067 9.935-1  1.185 1.595+1  1.000  1.000  0.0300
   0.700 3.107+1 1.145+1 1.709+1  1.060 2.710+0  1.167 3.722+1  1.000  1.000  0.0300
   1.100 3.650+1 2.496+1 3.099+1  1.038 9.921+0  1.107 1.120+2  1.000  1.000  0.0300
   2.750 4.207+1 8.979+1 8.650+1  1.044 1.033+2  1.103 7.360+2  1.000  1.000  0.0291
   4.400 4.764+1 1.638+2 1.358+2  1.085 3.113+2  1.198 1.688+3  1.000  1.000  0.0293
   6.177 5.784+1 2.575+2 1.860+2  1.143 6.828+2  1.341 2.994+3  1.000  1.000  0.0291
   7.953 6.804+1 3.693+2 2.349+2  1.204 1.237+3  1.508 4.595+3  1.000  1.000  0.0298
   9.730 7.824+1 4.993+2 2.832+2  1.261 2.006+3  1.678 6.506+3  1.000  1.000  0.0309
  11.900 9.280+1 6.848+2 3.434+2  1.320 3.285+3  1.874 9.088+3  1.000  1.000  0.0318
  12.100 9.968+1 7.041+2 3.491+2  1.326 3.424+3  1.892 9.332+3  1.000  1.000  0.0307
  12.700 1.176+2 7.693+2 3.664+2  1.349 3.865+3  1.973 1.007+4  1.000  1.000  0.0291

 Saving TabId= 938  Internal table number=   40
 
 Estimates of critical flow:
      Depth      Beta   dBetadY     Alpha  DAlphadY     Qbeta    Qalpha     Qcrit
    0.00000  1.066669  0.000000  1.185189  0.000000       0.0       0.0       0.0
    0.08002  1.066669 -0.000001  1.185189  0.000001       0.2       0.2       0.2
    0.50000  1.066668  0.000000  1.185187  0.000000      16.4      15.5      16.9
    0.69995  1.059829 -0.024831  1.166802 -0.073896      38.2      36.3      39.4
    1.09998  1.038057 -0.027155  1.106515 -0.082368     114.0     110.0     117.2
    2.75000  1.044200  0.022771  1.102732  0.049031     746.0     726.2     744.3
    4.39996  1.085493  0.025836  1.197776  0.062149    1726.3    1650.1    1723.4
    6.17664  1.142686  0.034781  1.340638  0.090683    3102.0    2889.1    3083.1
    7.95331  1.203915  0.033593  1.507743  0.095844    4830.9    4371.4    4882.7
    9.72998  1.261115  0.030693  1.677882  0.095122    6934.2    6104.7    7156.8
   11.89996  1.320186  0.022394  1.873695  0.080531    9823.6    8408.0   10557.1
   12.09998  1.325567  0.031149  1.892453  0.106456   10099.2    8623.0   10618.8
   12.69995  1.349423  0.047415  1.972660  0.158818   10951.6    9261.4   11164.6
 
  
  
 FEQX                                                                            

 Processing:TABLE#=  940 EXTEND SAVE12 NEWBETA NOOUT

 Processing:STATION=    11.254

 Processing:NAVM=    0

 Processing:NSUB    5     0.095     0.080     0.030     0.080     0.095

 TabId= 940 SAVE12   NOOUT    NEWBETA  EXTEND           
 STATION=    11.254
 NAVM=    0  Hor. scale factor=     1.000 Vert. shift=     0.000
  Vert. scale factor=     1.000 Hor. shift=     0.000
 NSUB    5 0.095 0.080 0.030 0.080 0.095
 X-SEC 40  135 FT. D/S OF THE BNRR (DEL TO LEFT AND RIGHT OF TOP OF BERM) N VALUE
      -76.0    670.00    1
      -75.5    665.40    1
      -62.8    663.00    1
      -52.8    662.90    2
      -33.3    654.40    3
      -27.1    653.30    3
        0.0    652.70    3
        6.0    653.60    3
        8.4    654.40    4
       23.8    661.00    5
      114.4    660.20   -1

 *WRN:503* UNEXPECTED SLOPE AT RIGHT END.
  SLOPE EXPECTED TO BE > 0 AT RIGHT BOUNDARY

 *WRN:555* Extending right end of cross section by    9.800
 

 ELEMENTS FOR SECTION ID: 940

 TABID= 940
 TYPE=  -25
 STATION= 1.12540E+01
 ELEVATION= 6.52700E+02

   DEPTH TOP WID    AREA SQR(CV)   BETA       J  ALPHA   CRITQ     MA     MQ  AVER n
   0.000 0.000+0 0.000+0 0.000+0  1.067 0.000+0  1.185 0.000+0  1.000  1.000  0.0000
   0.080 4.148+0 1.659-1 9.814-1  1.067 4.426-3  1.185 1.776-1  1.000  1.000  0.0300
   0.600 3.110+1 9.330+0 1.440+1  1.067 1.866+0  1.185 2.735+1  1.000  1.000  0.0300
   0.900 3.479+1 1.921+1 2.532+1  1.040 6.119+0  1.114 7.670+1  1.000  1.000  0.0300
   1.700 4.170+1 4.981+1 5.265+1  1.025 3.336+1  1.067 3.019+2  1.000  1.000  0.0300
   3.633 5.065+1 1.391+2 1.181+2  1.050 2.132+2  1.119 1.297+3  1.000  1.000  0.0287
   5.567 5.959+1 2.456+2 1.780+2  1.097 5.823+2  1.231 2.762+3  1.000  1.000  0.0291
   7.500 6.854+1 3.695+2 2.356+2  1.142 1.174+3  1.350 4.642+3  1.000  1.000  0.0297
   8.300 1.628+2 4.621+2 2.596+2  1.245 1.502+3  1.621 5.214+3  1.000  1.000  0.0202
  10.200 1.672+2 7.756+2 3.234+2  1.468 2.676+3  2.367 7.822+3  1.000  1.000  0.0303
  10.300 1.772+2 7.928+2 3.269+2  1.475 2.755+3  2.394 7.986+3  1.000  1.000  0.0296
  12.700 1.899+2 1.233+3 4.122+2  1.564 5.180+3  2.831 1.293+4  1.000  1.000  0.0372
  15.000 1.901+2 1.670+3 4.943+2  1.574 8.519+3  2.960 1.919+4  1.000  1.000  0.0425
  17.300 1.904+2 2.108+3 5.752+2  1.561 1.286+4  2.970 2.669+4  1.000  1.000  0.0459

 Saving TabId= 940  Internal table number=   41
 
 Estimates of critical flow:
      Depth      Beta   dBetadY     Alpha  DAlphadY     Qbeta    Qalpha     Qcrit
    0.00000  1.066676  0.000000  1.185209  0.000000       0.0       0.0       0.0
    0.08002  1.066676 -0.000002  1.185209  0.000000       0.2       0.2       0.2
    0.59998  1.066674  0.000000  1.185207  0.000000      28.1      26.6      29.0
    0.89996  1.040300 -0.057841  1.114464 -0.168517      78.2      75.2      81.0
    1.70001  1.024670 -0.000157  1.066720 -0.004141     305.2     298.8     308.9
    3.63336  1.050222  0.022785  1.118912  0.052209    1316.0    1278.0    1307.8
    5.56671  1.096573  0.024057  1.231413  0.061178    2833.7    2691.8    2830.1
    7.50000  1.141591  0.022375  1.350442  0.061402    4818.2    4472.4    4868.4
    8.29999  1.244717  0.210576  1.621266  0.582020    5489.9    4951.7    4416.6
   10.20001  1.468329  0.058209  2.367162  0.244626    8659.2    7065.7    9479.0
   10.29999  1.474832  0.071561  2.393912  0.289715    8855.8    7202.0    9516.0
   12.70001  1.564255  0.016404  2.830967  0.108056   14772.4   11325.5   17835.6
   15.00000  1.574046 -0.003195  2.960138  0.020759   22195.3   16586.2   28093.6
   17.29999  1.560526 -0.007415  2.969898 -0.007070   31055.5   22945.3   39802.3
 
  
  
         Example of computing a table for an expansion-contraction.              
         The table type is always 14 and therefore is not an input               
         item.  Two tables are produced.  One for flow from                      
         upstream to downstream and one for downstream to upstream.              
         The lines UP, DN, UD, DU must always appear in the order                
         given.  If reverse flow will not occur, leave the table number          
         in the reverse direction blank.  Then only one table will be            
         computed.    The distance between the sections can be given             
         as zero.  In this case FEQUTL ignores the boundary friction             
         losses.                                                                 
  
 EXPCON                                                                          
 CROSS SECTION TABLES                                                            
  LOC TAB# DIST     DATUM                                                        
 UP    938   0.    653.90
 DN    940 121.    652.70
 COEFFICIENTS AND OUTPUT TABLES                                                  
  DIR TAB#   KA   KD LABLABEL---------------------------------------------       
 UD    300 0.20 0.50 TEST OF THE EXPCON FEQUTL CODE: UD                
 DU    301 0.20 0.50 TEST OF THE EXPCON FEQUTL CODE: DU                
 SMOOTH=   0.10000
 GENERALIZED MEAN VALUE PARAMETER=      0.50
  MEAN VALUE IS THEREFORE:
  GEOMETRIC MEAN < MEAN VALUE < ARITHMETIC MEAN.
 

 DOWNSTREAM HEAD SEQUENCE FOR THE TABLE                                          

 NFRAC=   11
 POWER=      2.50
       0.25
       0.50
       1.00
       1.50
       2.00
       3.00
       4.00
       5.00
       7.00
      10.00
      -1.00

 Checking cross section tables for possible critical flow
      or celerity problems.
 Table tests OK.
 Table tests OK.

 INPUT COMPLETE. BEGIN COMPUTATIONS

 DATUM FOR HEADS IS:    653.90

 COMPUTING TABLE FOR FLOW UP -> DOWN

  Dwns piezometric head=    0.2500 Ups head at free flow=    0.2223
  Fraction   Upstream    Downstream      Flow     Location  Sense
  of Free   Piezometric  Piezometric   through       of      of
    Flow       Head         Head      Transition  Control   Flow
   1.0000      0.2223       0.2500       2.10148     UP      EXP
   0.7684      0.2377       0.2500       1.61485   BOTH      EXP
   0.5724      0.2439       0.2500       1.20296   BOTH      EXP
   0.4100      0.2470       0.2500       0.86153   BOTH      EXP
   0.2789      0.2487       0.2500       0.58601   BOTH      EXP
   0.1768      0.2495       0.2500       0.37149   BOTH      EXP
   0.1012      0.2498       0.2500       0.21265   BOTH      EXP
   0.0493      0.2500       0.2500       0.10359   BOTH      EXP
   0.0179      0.2500       0.2500       0.03759   BOTH      EXP
   0.0032      0.2500       0.2500       0.00665   BOTH      EXP
 Max. error in energy relative to energy loss= 6.6E-03  at PFQ=    0.2789

  Dwns piezometric head=    0.5000 Ups head at free flow=    0.4612
  Fraction   Upstream    Downstream      Flow     Location  Sense
  of Free   Piezometric  Piezometric   through       of      of
    Flow       Head         Head      Transition  Control   Flow
   1.0000      0.4612       0.5000       13.0355     UP      EXP
   0.7684      0.4827       0.5000       10.0169   BOTH      EXP
   0.5724      0.4915       0.5000       7.46197   BOTH      EXP
   0.4100      0.4959       0.5000       5.34409   BOTH      EXP
   0.2789      0.4982       0.5000       3.63502   BOTH      EXP
   0.1768      0.4993       0.5000       2.30438   BOTH      EXP
   0.1012      0.4998       0.5000       1.31910   BOTH      EXP
   0.0493      0.4999       0.5000       0.64259   BOTH      EXP
   0.0179      0.5000       0.5000       0.23319   BOTH      EXP
   0.0032      0.5000       0.5000       0.04122   BOTH      EXP
 Max. error in energy relative to energy loss= 9.4E-03  at PFQ=    0.2789

  Dwns piezometric head=    1.0000 Ups head at free flow=    1.0670
  Fraction   Upstream    Downstream      Flow     Location  Sense
  of Free   Piezometric  Piezometric   through       of      of
    Flow       Head         Head      Transition  Control   Flow
   1.0000      1.0670       1.0000       103.953     UP      EXP
   0.7684      1.0347       1.0000       79.8806   BOTH      EXP
   0.5724      1.0176       1.0000       59.5059   BOTH      EXP
   0.4100      1.0086       1.0000       42.6167   BOTH      EXP
   0.2789      1.0039       1.0000       28.9877   BOTH      EXP
   0.1768      1.0015       1.0000       18.3764   BOTH      EXP
   0.1012      1.0005       1.0000       10.5193   BOTH      EXP
   0.0493      1.0001       1.0000       5.12434   BOTH      EXP
   0.0179      1.0000       1.0000       1.85956   BOTH      EXP
   0.0032      1.0000       1.0000       0.32873   BOTH      EXP
 Max. error in energy relative to energy loss= 1.6E-03  at PFQ=    0.1768

  Dwns piezometric head=    1.5000 Ups head at free flow=    1.6815
  Fraction   Upstream    Downstream      Flow     Location  Sense
  of Free   Piezometric  Piezometric   through       of      of
    Flow       Head         Head      Transition  Control   Flow
   1.0000      1.6815       1.5000       267.818     UP      EXP
   0.7684      1.6021       1.5000       205.801   BOTH      EXP
   0.5724      1.5544       1.5000       153.308   BOTH      EXP
   0.4100      1.5270       1.5000       109.796   BOTH      EXP
   0.2789      1.5123       1.5000       74.6824   BOTH      EXP
   0.1768      1.5049       1.5000       47.3440   BOTH      EXP
   0.1012      1.5016       1.5000       27.1013   BOTH      EXP
   0.0493      1.5004       1.5000       13.2021   BOTH      EXP
   0.0179      1.5001       1.5000       4.79088   BOTH      EXP
   0.0032      1.5000       1.5000       0.84692   BOTH      EXP
 Max. error in energy relative to energy loss= 1.2E-03  at PFQ=    0.1768

  Dwns piezometric head=    2.0000 Ups head at free flow=    2.2180
  Fraction   Upstream    Downstream      Flow     Location  Sense
  of Free   Piezometric  Piezometric   through       of      of
    Flow       Head         Head      Transition  Control   Flow
   1.0000      2.2180       2.0000       473.176     UP      EXP
   0.7684      2.1212       2.0000       363.605   BOTH      EXP
   0.5724      2.0641       2.0000       270.862   BOTH      EXP
   0.4100      2.0316       2.0000       193.985   BOTH      EXP
   0.2789      2.0143       2.0000       131.948   BOTH      EXP
   0.1768      2.0059       2.0000       83.6466   BOTH      EXP
   0.1012      2.0019       2.0000       47.8821   BOTH      EXP
   0.0493      2.0005       2.0000       23.3252   BOTH      EXP
   0.0179      2.0001       2.0000       8.46444   BOTH      EXP
   0.0032      2.0000       2.0000       1.49632   BOTH      EXP
 Max. error in energy relative to energy loss= 5.8E-03  at PFQ=    0.1012

  Dwns piezometric head=    3.0000 Ups head at free flow=    3.1846
  Fraction   Upstream    Downstream      Flow     Location  Sense
  of Free   Piezometric  Piezometric   through       of      of
    Flow       Head         Head      Transition  Control   Flow
   1.0000      3.1846       3.0000       953.793     UP      EXP
   0.7684      3.0969       3.0000       732.927   BOTH      EXP
   0.5724      3.0497       3.0000       545.983   BOTH      EXP
   0.4100      3.0243       3.0000       391.020   BOTH      EXP
   0.2789      3.0109       3.0000       265.970   BOTH      EXP
   0.1768      3.0043       3.0000       168.608   BOTH      EXP
   0.1012      3.0017       3.0000       96.5171   BOTH      EXP
   0.0493      3.0004       3.0000       47.0173   BOTH      EXP
   0.0179      3.0002       3.0000       17.0620   BOTH      EXP
   0.0032      3.0000       3.0000       3.01616   BOTH      EXP
 Max. error in energy relative to energy loss= 2.2E-02  at PFQ=    0.1012

  Dwns piezometric head=    4.0000 Ups head at free flow=    4.0779
  Fraction   Upstream    Downstream      Flow     Location  Sense
  of Free   Piezometric  Piezometric   through       of      of
    Flow       Head         Head      Transition  Control   Flow
   1.0000      4.0779       4.0000       1475.83     UP      EXP
   0.7684      4.0394       4.0000       1134.08   BOTH      EXP
   0.5724      4.0204       4.0000       844.815   BOTH      EXP
   0.4100      4.0096       4.0000       605.037   BOTH      EXP
   0.2789      4.0043       4.0000       411.543   BOTH      EXP
   0.1768      4.0017       4.0000       260.893   BOTH      EXP
   0.1012      4.0006       4.0000       149.344   BOTH      EXP
   0.0493      4.0002       4.0000       72.7512   BOTH      EXP
   0.0179      4.0003       4.0000       26.4005   BOTH      EXP
   0.0032      4.0000       4.0000       4.66699   BOTH      EXP
 Max. error in energy relative to energy loss= 2.3E-02  at PFQ=    0.0179

  Dwns piezometric head=    5.0000 Ups head at free flow=    4.9545
  Fraction   Upstream    Downstream      Flow     Location  Sense
  of Free   Piezometric  Piezometric   through       of      of
    Flow       Head         Head      Transition  Control   Flow
   1.0000      4.9545       5.0000       2062.54     UP      EXP
   0.7684      4.9775       5.0000       1584.92   BOTH      EXP
   0.5724      4.9893       5.0000       1180.67   BOTH      EXP
   0.4100      4.9946       5.0000       845.566   BOTH      EXP
   0.2789      4.9976       5.0000       575.149   BOTH      EXP
   0.1768      4.9990       5.0000       364.609   BOTH      EXP
   0.1012      4.9997       5.0000       208.714   BOTH      EXP
   0.0493      5.0001       5.0000       101.673   BOTH      EXP
   0.0179      5.0003       5.0000       36.8958   BOTH      EXP
   0.0032      5.0000       5.0000       6.52232   BOTH      EXP
 Max. error in energy relative to energy loss= 3.3E-02  at PFQ=    0.0179

  Dwns piezometric head=    7.0000 Ups head at free flow=    6.7325
  Fraction   Upstream    Downstream      Flow     Location  Sense
  of Free   Piezometric  Piezometric   through       of      of
    Flow       Head         Head      Transition  Control   Flow
   1.0000      6.7325       7.0000       3464.68     UP      EXP
   0.7684      6.8755       7.0000       2662.38   BOTH      EXP
   0.5724      6.9392       7.0000       1983.30   BOTH      EXP
   0.4100      6.9707       7.0000       1420.39   BOTH      EXP
   0.2789      6.9869       7.0000       966.143   BOTH      EXP
   0.1768      6.9947       7.0000       612.475   BOTH      EXP
   0.1012      6.9982       7.0000       350.601   BOTH      EXP
   0.0493      6.9995       7.0000       170.792   BOTH      EXP
   0.0179      6.9999       7.0000       61.9781   BOTH      EXP
   0.0032      6.9999       7.0000       10.9563   BOTH      EXP
 Max. error in energy relative to energy loss=-4.7E-05  at PFQ=    0.5724

  Dwns piezometric head=   10.0000 Ups head at free flow=    9.0827
  Fraction   Upstream    Downstream      Flow     Location  Sense
  of Free   Piezometric  Piezometric   through       of      of
    Flow       Head         Head      Transition  Control   Flow
   1.0000      9.0827      10.0000       5778.17     UP      EXP
   0.7684      9.5918      10.0000       4440.14   BOTH      EXP
   0.5724      9.8001      10.0000       3307.62   BOTH      EXP
   0.4100      9.9044      10.0000       2368.84   BOTH      EXP
   0.2789      9.9570      10.0000       1611.27   BOTH      EXP
   0.1768      9.9830      10.0000       1021.45   BOTH      EXP
   0.1012      9.9944      10.0000       584.710   BOTH      EXP
   0.0493      9.9986      10.0000       284.835   BOTH      EXP
   0.0179      9.9998      10.0000       103.363   BOTH      EXP
   0.0032      9.9999      10.0000       18.2722   BOTH      EXP
 Max. error in energy relative to energy loss= 2.0E-03  at PFQ=    0.4100

 COMPUTING TABLE FOR FLOW DOWN -> UP

  Dwns piezometric head=    0.2500 Ups head at free flow=    0.3311
  Fraction   Upstream    Downstream      Flow     Location  Sense
  of Free   Piezometric  Piezometric   through       of      of
    Flow       Head         Head      Transition  Control   Flow
   1.0000      0.3311       0.2500       2.81960     DN      CON
   0.7684      0.2980       0.2500       2.16667   BOTH      CON
   0.5724      0.2767       0.2500       1.61403   BOTH      CON
   0.4100      0.2637       0.2500       1.15593   BOTH      CON
   0.2789      0.2563       0.2500       0.78626   BOTH      CON
   0.1768      0.2525       0.2500       0.49844   BOTH      CON
   0.1012      0.2508       0.2500       0.28532   BOTH      CON
   0.0493      0.2502       0.2500       0.13899   BOTH      CON
   0.0179      0.2500       0.2500       0.05044   BOTH      CON
   0.0032      0.2500       0.2500       0.00892   BOTH      CON
 Max. error in energy relative to energy loss= 7.0E-03  at PFQ=    0.2789

  Dwns piezometric head=    0.5000 Ups head at free flow=    0.6777
  Fraction   Upstream    Downstream      Flow     Location  Sense
  of Free   Piezometric  Piezometric   through       of      of
    Flow       Head         Head      Transition  Control   Flow
   1.0000      0.6777       0.5000       15.9501     DN      CON
   0.7684      0.6067       0.5000       12.2566   BOTH      CON
   0.5724      0.5599       0.5000       9.13035   BOTH      CON
   0.4100      0.5310       0.5000       6.53894   BOTH      CON
   0.2789      0.5144       0.5000       4.44775   BOTH      CON
   0.1768      0.5058       0.5000       2.81960   BOTH      CON
   0.1012      0.5019       0.5000       1.61403   BOTH      CON
   0.0493      0.5005       0.5000       0.78626   BOTH      CON
   0.0179      0.5001       0.5000       0.28532   BOTH      CON
   0.0032      0.5000       0.5000       0.05044   BOTH      CON
 Max. error in energy relative to energy loss= 3.4E-03  at PFQ=    0.1012

  Dwns piezometric head=    1.0000 Ups head at free flow=    1.4380
  Fraction   Upstream    Downstream      Flow     Location  Sense
  of Free   Piezometric  Piezometric   through       of      of
    Flow       Head         Head      Transition  Control   Flow
   1.0000      1.4380       1.0000       88.7667     DN      CON
   0.7684      1.2698       1.0000       68.2113   BOTH      CON
   0.5724      1.1550       1.0000       50.8130   BOTH      CON
   0.4100      1.0815       1.0000       36.3911   BOTH      CON
   0.2789      1.0383       1.0000       24.7530   BOTH      CON
   0.1768      1.0155       1.0000       15.6919   BOTH      CON
   0.1012      1.0051       1.0000       8.98256   BOTH      CON
   0.0493      1.0012       1.0000       4.37576   BOTH      CON
   0.0179      1.0002       1.0000       1.58791   BOTH      CON
   0.0032      1.0000       1.0000       0.28070   BOTH      CON
 Max. error in energy relative to energy loss= 3.0E-03  at PFQ=    0.0493

  Dwns piezometric head=    1.5000 Ups head at free flow=    2.1788
  Fraction   Upstream    Downstream      Flow     Location  Sense
  of Free   Piezometric  Piezometric   through       of      of
    Flow       Head         Head      Transition  Control   Flow
   1.0000      2.1788       1.5000       211.793     DN      CON
   0.7684      1.9174       1.5000       162.749   BOTH      CON
   0.5724      1.7396       1.5000       121.237   BOTH      CON
   0.4100      1.6260       1.5000       86.8273   BOTH      CON
   0.2789      1.5592       1.5000       59.0594   BOTH      CON
   0.1768      1.5240       1.5000       37.4400   BOTH      CON
   0.1012      1.5079       1.5000       21.4319   BOTH      CON
   0.0493      1.5019       1.5000       10.4403   BOTH      CON
   0.0179      1.5003       1.5000       3.78866   BOTH      CON
   0.0032      1.5000       1.5000       0.66975   BOTH      CON
 Max. error in energy relative to energy loss= 4.4E-03  at PFQ=    0.0493

  Dwns piezometric head=    2.0000 Ups head at free flow=    2.9408
  Fraction   Upstream    Downstream      Flow     Location  Sense
  of Free   Piezometric  Piezometric   through       of      of
    Flow       Head         Head      Transition  Control   Flow
   1.0000      2.9408       2.0000       382.534     DN      CON
   0.7684      2.5699       2.0000       293.952   BOTH      CON
   0.5724      2.3234       2.0000       218.976   BOTH      CON
   0.4100      2.1688       2.0000       156.825   BOTH      CON
   0.2789      2.0789       2.0000       106.672   BOTH      CON
   0.1768      2.0319       2.0000       67.6232   BOTH      CON
   0.1012      2.0107       2.0000       38.7098   BOTH      CON
   0.0493      2.0025       2.0000       18.8570   BOTH      CON
   0.0179      2.0003       2.0000       6.84299   BOTH      CON
   0.0032      2.0000       2.0000       1.20968   BOTH      CON
 Max. error in energy relative to energy loss= 1.9E-02  at PFQ=    0.1012

  Dwns piezometric head=    3.0000 Ups head at free flow=    4.5022
  Fraction   Upstream    Downstream      Flow     Location  Sense
  of Free   Piezometric  Piezometric   through       of      of
    Flow       Head         Head      Transition  Control   Flow
   1.0000      4.5022       3.0000       858.260     DN      CON
   0.7684      3.8846       3.0000       659.516   BOTH      CON
   0.5724      3.4890       3.0000       491.297   BOTH      CON
   0.4100      3.2498       3.0000       351.855   BOTH      CON
   0.2789      3.1152       3.0000       239.330   BOTH      CON
   0.1768      3.0462       3.0000       151.720   BOTH      CON
   0.1012      3.0153       3.0000       86.8498   BOTH      CON
   0.0493      3.0036       3.0000       42.3080   BOTH      CON
   0.0179      3.0005       3.0000       15.3530   BOTH      CON
   0.0032      3.0000       3.0000       2.71406   BOTH      CON
 Max. error in energy relative to energy loss= 1.3E-02  at PFQ=    0.1012

  Dwns piezometric head=    4.0000 Ups head at free flow=    5.9624
  Fraction   Upstream    Downstream      Flow     Location  Sense
  of Free   Piezometric  Piezometric   through       of      of
    Flow       Head         Head      Transition  Control   Flow
   1.0000      5.9624       4.0000       1426.36     DN      CON
   0.7684      5.1250       4.0000       1096.06   BOTH      CON
   0.5724      4.6065       4.0000       816.494   BOTH      CON
   0.4100      4.3044       4.0000       584.754   BOTH      CON
   0.2789      4.1387       4.0000       397.746   BOTH      CON
   0.1768      4.0552       4.0000       252.146   BOTH      CON
   0.1012      4.0181       4.0000       144.337   BOTH      CON
   0.0493      4.0043       4.0000       70.3123   BOTH      CON
   0.0179      4.0006       4.0000       25.5154   BOTH      CON
   0.0032      4.0000       4.0000       4.51053   BOTH      CON
 Max. error in energy relative to energy loss= 4.2E-03  at PFQ=    0.1012

  Dwns piezometric head=    5.0000 Ups head at free flow=    7.4526
  Fraction   Upstream    Downstream      Flow     Location  Sense
  of Free   Piezometric  Piezometric   through       of      of
    Flow       Head         Head      Transition  Control   Flow
   1.0000      7.4526       5.0000       2094.69     DN      CON
   0.7684      6.3507       5.0000       1609.63   BOTH      CON
   0.5724      5.7164       5.0000       1199.07   BOTH      CON
   0.4100      5.3537       5.0000       858.748   BOTH      CON
   0.2789      5.1597       5.0000       584.116   BOTH      CON
   0.1768      5.0638       5.0000       370.293   BOTH      CON
   0.1012      5.0208       5.0000       211.968   BOTH      CON
   0.0493      5.0049       5.0000       103.258   BOTH      CON
   0.0179      5.0007       5.0000       37.4710   BOTH      CON
   0.0032      5.0000       5.0000       6.62401   BOTH      CON
 Max. error in energy relative to energy loss= 1.7E-02  at PFQ=    0.1768

  Dwns piezometric head=    7.0000 Ups head at free flow=   10.4392
  Fraction   Upstream    Downstream      Flow     Location  Sense
  of Free   Piezometric  Piezometric   through       of      of
    Flow       Head         Head      Transition  Control   Flow
   1.0000     10.4392       7.0000       3701.06     DN      CON
   0.7684      8.8522       7.0000       2844.02   BOTH      CON
   0.5724      7.9480       7.0000       2118.61   BOTH      CON
   0.4100      7.4491       7.0000       1517.30   BOTH      CON
   0.2789      7.1959       7.0000       1032.06   BOTH      CON
   0.1768      7.0760       7.0000       654.261   BOTH      CON
   0.1012      7.0250       7.0000       374.521   BOTH      CON
   0.0493      7.0059       7.0000       182.444   BOTH      CON
   0.0179      7.0010       7.0000       66.2066   BOTH      CON
   0.0032      7.0000       7.0000       11.7038   BOTH      CON
 Max. error in energy relative to energy loss= 5.1E-02  at PFQ=    0.1012

  Dwns piezometric head=   10.0000 Ups head at free flow=   14.8941
  Fraction   Upstream    Downstream      Flow     Location  Sense
  of Free   Piezometric  Piezometric   through       of      of
    Flow       Head         Head      Transition  Control   Flow
   1.0000     14.8941      10.0000       6808.74     DN      CON
   0.7684     12.6809      10.0000       5232.06   BOTH      CON
   0.5724     11.3557      10.0000       3897.55   BOTH      CON
   0.4100     10.6483      10.0000       2791.33   BOTH      CON
   0.2789     10.2856      10.0000       1898.65   BOTH      CON
   0.1768     10.1116      10.0000       1203.63   BOTH      CON
   0.1012     10.0361      10.0000       688.996   BOTH      CON
   0.0493     10.0085      10.0000       335.637   BOTH      CON
   0.0179     10.0011      10.0000       121.798   BOTH      CON
   0.0032     10.0000      10.0000       21.5311   BOTH      CON
 Max. error in energy relative to energy loss= 2.1E-03  at PFQ=    0.7684
 
  
  
  
         Example of using EMBANKQ to compute flows for non-embankment            
         shaped weirs.  EMBANKQ does not really know what the weir looks         
         like.  All it knows is the following:                                   
  
          1. When the ratio of the approach piezometric head to the              
             width of the weir crest is less than HLCRIT then the                
             flow is considered to be low head flow.   Then EMBANKQ              
             uses the low head tables to define the weir coefficients            
             using as an argument the total head of the approach                 
             flow.                                                               
  
          2. When the ratio of the approach piezometric head to the              
             width of the weir crest is greater or equal to HLCRIT then          
             the flow is considered to be high head flow.  Then EMBANKQ          
             uses the high head tables to define the weir coefficients           
             using as an argument the piezometric head to width                  
             ratio.                                                              
  
          3. EMBANKQ always uses the total head(piezometric head                 
             plus velocity head) in the weir flow equation.  If the              
             APPROACH elevation is made large and negative the                   
             velocity head is negligible.  Thus you have control over            
             the use of velocity head by adjusting the approach                  
             elevation.                                                          
  
           4. The designations of GRAVEL and PAVED are only used to              
              distinguish between two sets of tables.  Again                     
              EMBANKQ does not know the nature of the surface and the            
              only effect of the nature of the surface is to change              
              tables used to define the weir coefficients and the                
              submergence.                                                       
  
         Thus it is possible to select the correct tables and width to           
         make EMBANKQ compute a table for many different weir shapes.            
  
         The following example computes the flow over a weir with a              
         crest that is 6. inches wide with both its faces                        
         vertical.  This is a classical example of a weir which at               
         low head  behaves as a broad crested weir and                           
         at higher heads behaves as a sharp crested weir.                        
         In this case the weir coefficient                                       
         was a function of the ratio of the piezometric head  to the             
         width.  Thus I set HLCRIT to 0.0 so that all flows are high             
         head flows.  Thus the low head tables, although input, would            
         not be used by EMBANKQ.  The weir coefficients have been                
         taken from Table 5-3, p. 5-40 of Handbook of Hydraulics.                
         6th edition, by Brater and King.  It is unclear from that               
         source if the coefficients were based on the inclusion or               
         exclusion of the approach velocity head. Because they seem              
         to be independent of weir height, I assumed that the                    
         total head is to be used in the computation.  Therefore                 
         the APPROACH is set to yield an approach velocity.                      
  
         I also set HLMAX to a large number so I do not get warning              
         messages that the ratio of head to width exceeds that established       
         by experiment.                                                          
  
         Submergence for weirs like this is difficult.  The problem              
         arises in that the weir behaves differently at different heads          
         and EMBANKQ does not try to be that precise about submergence.          
         Since the weir will behave like a sharp crested weir at moderate        
         heads,  I elected to treat submergence like that for a sharp            
         crested weir.   Equation 5-50 from Brater and King, 6-th Ed.            
         was used with n=1.5                                                     
  
  
         If the weir coefficient is not a function of the ratio of               
         the approach piezometric head to the crest width but is                 
         a function of the approach piezometric head, then set the               
         crest width to 1.0 so that the head and the ratio are                   
         the same.  Also set HLCRIT to 0.0 so that the high head                 
         tables will be used.  Then place the proper coefficients in             
         the high head tables.                                                   
  
         If the weir coefficient should be a function of the approach            
         total head, then set HLCRIT to a large value so that only               
         the low head table will be used.  Then place the proper                 
         coefficients in the low head tables.                                    
  
 FTABIN                                                                          

 Table Id= 8994  Internal number=    44  Type=    2
 Function scale fac=  1.00000E+00 Arg scale fac= 1.00000E+00 Arg shift= 0.00000E+00
       HEAD WEIR COEF  low head coefficient. smooth(PAVED)                       
       0.00 2.650E+00
      10.00 2.650E+00

 Table Id= 8995  Internal number=    45  Type=    2
 Function scale fac=  1.00000E+00 Arg scale fac= 1.00000E+00 Arg shift= 0.00000E+00
       HEAD WEIR COEF  low head coeff.  rough(GRAVEL)                            
       0.00 2.650E+00
      10.00 2.650E+00

 Table Id= 8996  Internal number=    46  Type=    2
 Function scale fac=  1.00000E+00 Arg scale fac= 1.00000E+00 Arg shift= 0.00000E+00
      RATIO WEIR COEF PAVED HIGH HEAD Table 5-3 Brater and King                  
       0.00 2.800E+00
       0.20 2.800E+00
       0.40 2.920E+00
       0.60 3.080E+00
       0.80 3.300E+00
       1.00 3.320E+00
     999.00 3.320E+00

 Table Id= 8997  Internal number=    47  Type=    2
 Function scale fac=  1.00000E+00 Arg scale fac= 1.00000E+00 Arg shift= 0.00000E+00
      RATIO WEIR COEF GRAVEL HIGH HEAD Table 5-3 Brater and King                 
       0.00 2.800E+00
       0.20 2.800E+00
       0.40 2.920E+00
       0.60 3.080E+00
       0.80 3.300E+00
       1.00 3.320E+00
     999.00 3.320E+00

 Table Id= 8998  Internal number=    48  Type=   -2
 Function scale fac=  1.00000E+00 Arg scale fac= 1.00000E+00 Arg shift= 0.00000E+00
      RATIO  FRACTION  APPROX. SUBMERGENCE FOR SHARP CRESTED WEIR                

 Table Id= 8999  Internal number=    49  Type=   -2
 Function scale fac=  1.00000E+00 Arg scale fac= 1.00000E+00 Arg shift= 0.00000E+00
      RATIO  FRACTION  APPROX. SUBMERGENCE FOR SHARP CRESTED WEIR                
 
 THERE ARE NOW   27 FUNCTION TABLES STORED
      2921 LOCATIONS OUT OF 8000000 ARE USED
 
  
  
         The weir is trapezoidal and has a thickness of                          
         6 inches.                                                               
  
  
         The weir crest in this case is trapezoidal with side slopes of          
         1:1.  Four points would define the crest but I have placed extra        
         points on the sloping part of the crest to improve the                  
         numerical integration accuracy.  EMBANKQ approximates the               
         integral of a unit length weir equation using Simpson's rule            
         on each interval defined by the points along the crest.                 
  
         FEQUTL also assumes that the width to use for the weir is               
         the width in the opening at the upstream piezometric surface.           
         This width is wider than the actual wetted width.  However,             
         limited testing using observations reported for triangular weirs        
         supports this assumption.                                               
  
 EMBANKQ                                                                         

 Processing:TABID=   200 HLCRIT=      0.00 HLMAX=    999.00 CSHIFT= 0.00
 TabId= 200 TYPE=   13 H/L Crit ratio=   0.00 H/L max ratio= 999.00
    Hor. scale factor=     1.000 Vert. scale factor=     1.000 Crest shift=    0.000
     Minimum flow target=     0.200
 PLCWTB= 8994           
 GLCWTB= 8995           
 PHCWTB= 8996           
 GHCWTB= 8997           
 PSUBTB= 8998           
 GSUBTB= 8999           
 LABEL=TRAPEZOIDAL CREST- 3 FT 1:1 SLOPES. 6 IN WIDE     
     OFFSET     CREST     WIDTH  APPROACH SURFACE                                
       -3.0     20.00       0.5       6.0 PAVED   
        0.0     17.00       0.5       6.0 PAVED   
        1.0     16.00       0.5       6.0 PAVED   
        2.0     15.00       0.5       6.0 PAVED   
        3.0     14.00       0.5       6.0 PAVED   
        4.0     13.00       0.5       6.0 PAVED   
        5.0     12.00       0.5       6.0 PAVED   
        6.0     11.00       0.5       6.0 PAVED   
        7.0     10.00       0.5       6.0 PAVED   
       10.0     10.00       0.5       6.0 PAVED   
       11.0     11.00       0.5       6.0 PAVED   
       12.0     12.00       0.5       6.0 PAVED   
       13.0     13.00       0.5       6.0 PAVED   
       14.0     14.00       0.5       6.0 PAVED   
       15.0     15.00       0.5       6.0 PAVED   
       16.0     16.00       0.5       6.0 PAVED   
       17.0     17.00       0.5       6.0 PAVED   
       20.0     20.00       0.5       6.0 END     

 Minimum crest elevation=     10.00
 Minimum crest location=       7.0

 Datum for heads (minimum crest elevation)=    10.000 after scaling and possible crest shift.
 UPSTREAM HEADS TO USE IN COMPUTING THE TABLE                                    
       0.05
       0.10
       0.20
       0.35
       0.50
       1.00
       2.00
       4.00
       6.00
       8.00
      -1.00

 Upstream Head=   0.0500  Free Flow=     0.095
  PartialFD      Drop  Dns Head      Flow  RelError
   1.000000    0.0500    0.0000   0.09518
   0.902500    0.0451    0.0049   0.09407     0.000
   0.810000    0.0405    0.0095   0.09209     0.000
   0.722500    0.0361    0.0139   0.08953     0.000
   0.640000    0.0320    0.0180   0.08664    -0.001
   0.562500    0.0281    0.0219   0.08343    -0.002
   0.490000    0.0245    0.0255   0.07998    -0.001
   0.422500    0.0211    0.0289   0.07620     0.000
   0.360000    0.0180    0.0320   0.07213    -0.002
   0.302500    0.0151    0.0349   0.06808     0.000
   0.250000    0.0125    0.0375   0.06371     0.000
   0.202500    0.0101    0.0399   0.05891     0.000
   0.160000    0.0080    0.0420   0.05408     0.000
   0.122500    0.0061    0.0439   0.04885    -0.003
   0.090000    0.0045    0.0455   0.04341    -0.007
   0.062500    0.0031    0.0469   0.03764     0.000
   0.040000    0.0020    0.0480   0.02805    -0.069
   0.022500    0.0011    0.0489   0.01584     0.000
   0.010000    0.0005    0.0495   0.00704     0.000
   0.002500    0.0001    0.0499   0.00176     0.000
   Free flow interpolation between head=   0.050 and    0.100
   has estimated maximum relative error of 0.045

 Upstream Head=   0.1000  Free Flow=     0.273
  PartialFD      Drop  Dns Head      Flow  RelError
   1.000000    0.1000    0.0000   0.27279
   0.902500    0.0903    0.0098   0.26964     0.000
   0.810000    0.0810    0.0190   0.26400     0.000
   0.722500    0.0723    0.0278   0.25672     0.000
   0.640000    0.0640    0.0360   0.24850    -0.001
   0.562500    0.0563    0.0437   0.23937    -0.002
   0.490000    0.0490    0.0510   0.22955    -0.001
   0.422500    0.0422    0.0578   0.21876     0.000
   0.360000    0.0360    0.0640   0.20710    -0.002
   0.302500    0.0303    0.0697   0.19548     0.000
   0.250000    0.0250    0.0750   0.18295     0.000
   0.202500    0.0202    0.0798   0.16920     0.000
   0.160000    0.0160    0.0840   0.15533     0.000
   0.122500    0.0122    0.0878   0.14032    -0.003
   0.090000    0.0090    0.0910   0.12468    -0.006
   0.062500    0.0063    0.0938   0.10812     0.000
   0.040000    0.0040    0.0960   0.08068    -0.068
   0.022500    0.0023    0.0978   0.04574    -0.001
   0.010000    0.0010    0.0990   0.02033     0.000
   0.002500    0.0003    0.0998   0.00508     0.000
   Free flow interpolation between head=   0.100 and    0.200
   has estimated maximum relative error of 0.059

 Upstream Head=   0.2000  Free Flow=     0.825
  PartialFD      Drop  Dns Head      Flow  RelError
   1.000000    0.2000    0.0000   0.82490
   0.902500    0.1805    0.0195   0.81552     0.000
   0.810000    0.1620    0.0380   0.79869     0.000
   0.722500    0.1445    0.0555   0.77697     0.000
   0.640000    0.1280    0.0720   0.75244    -0.001
   0.562500    0.1125    0.0875   0.72521    -0.002
   0.490000    0.0980    0.1020   0.69588    -0.001
   0.422500    0.0845    0.1155   0.66343     0.000
   0.360000    0.0720    0.1280   0.62823    -0.002
   0.302500    0.0605    0.1395   0.59310     0.000
   0.250000    0.0500    0.1500   0.55515     0.000
   0.202500    0.0405    0.1595   0.51349     0.000
   0.160000    0.0320    0.1680   0.47143     0.000
   0.122500    0.0245    0.1755   0.42594    -0.003
   0.090000    0.0180    0.1820   0.37851    -0.006
   0.062500    0.0125    0.1875   0.32825     0.000
   0.040000    0.0080    0.1920   0.24553    -0.067
   0.022500    0.0045    0.1955   0.14012    -0.002
   0.010000    0.0020    0.1980   0.06226     0.000
   0.002500    0.0005    0.1995   0.01556     0.000
   Free flow interpolation between head=   0.200 and    0.350
   has estimated maximum relative error of 0.059

 Upstream Head=   0.3500  Free Flow=     2.161
  PartialFD      Drop  Dns Head      Flow  RelError
   1.000000    0.3500    0.0000   2.16058
   0.902500    0.3159    0.0341   2.13641     0.000
   0.810000    0.2835    0.0665   2.09305     0.000
   0.722500    0.2529    0.0971   2.03711     0.000
   0.640000    0.2240    0.1260   1.97395    -0.001
   0.562500    0.1969    0.1531   1.90385    -0.002
   0.490000    0.1715    0.1785   1.82826    -0.001
   0.422500    0.1479    0.2021   1.74384     0.000
   0.360000    0.1260    0.2240   1.65189    -0.002
   0.302500    0.1059    0.2441   1.55976     0.000
   0.250000    0.0875    0.2625   1.46020     0.000
   0.202500    0.0709    0.2791   1.35087     0.000
   0.160000    0.0560    0.2940   1.24029     0.000
   0.122500    0.0429    0.3071   1.12087    -0.003
   0.090000    0.0315    0.3185   0.99622    -0.006
   0.062500    0.0219    0.3281   0.86397     0.000
   0.040000    0.0140    0.3360   0.64855    -0.066
   0.022500    0.0079    0.3421   0.37304    -0.002
   0.010000    0.0035    0.3465   0.16569     0.000
   0.002500    0.0009    0.3491   0.04141     0.000
   Free flow interpolation between head=   0.350 and    0.500
   has estimated maximum relative error of 0.008

 Upstream Head=   0.5000  Free Flow=     3.979
  PartialFD      Drop  Dns Head      Flow  RelError
   1.000000    0.5000    0.0000   3.97905
   0.902500    0.4512    0.0488   3.93524     0.000
   0.810000    0.4050    0.0950   3.85670     0.000
   0.722500    0.3613    0.1387   3.75539     0.000
   0.640000    0.3200    0.1800   3.64102    -0.001
   0.562500    0.2813    0.2188   3.51415    -0.002
   0.490000    0.2450    0.2550   3.37719    -0.001
   0.422500    0.2112    0.2888   3.22269     0.000
   0.360000    0.1800    0.3200   3.05382    -0.002
   0.302500    0.1513    0.3487   2.88390     0.000
   0.250000    0.1250    0.3750   2.70019     0.000
   0.202500    0.1012    0.3988   2.49850     0.000
   0.160000    0.0800    0.4200   2.29406     0.000
   0.122500    0.0612    0.4387   2.07367    -0.003
   0.090000    0.0450    0.4550   1.84346    -0.006
   0.062500    0.0313    0.4688   1.59869    -0.001
   0.040000    0.0200    0.4800   1.20475    -0.064
   0.022500    0.0113    0.4888   0.69813    -0.003
   0.010000    0.0050    0.4950   0.30986     0.000
   0.002500    0.0013    0.4988   0.07740     0.000
   Free flow interpolation between head=   0.500 and    1.000
   has estimated maximum relative error of 0.072

 Upstream Head=   1.0000  Free Flow=    12.752
  PartialFD      Drop  Dns Head      Flow  RelError
   1.000000    1.0000    0.0000   12.7520
   0.902500    0.9025    0.0975   12.6194     0.000
   0.810000    0.8100    0.1900   12.3823     0.000
   0.722500    0.7225    0.2775   12.0765     0.000
   0.640000    0.6400    0.3600   11.7316    -0.001
   0.562500    0.5625    0.4375   11.3499    -0.002
   0.490000    0.4900    0.5100   10.9362    -0.001
   0.422500    0.4225    0.5775   10.4516     0.000
   0.360000    0.3600    0.6400   9.91562    -0.002
   0.302500    0.3025    0.6975   9.36773     0.000
   0.250000    0.2500    0.7500   8.77506     0.000
   0.202500    0.2025    0.7975   8.12472     0.000
   0.160000    0.1600    0.8400   7.46055    -0.001
   0.122500    0.1225    0.8775   6.74970    -0.004
   0.090000    0.0900    0.9100   6.00494    -0.005
   0.062500    0.0625    0.9375   5.20671    -0.001
   0.040000    0.0400    0.9600   3.97865    -0.058
   0.022500    0.0225    0.9775   2.36242    -0.005
   0.010000    0.0100    0.9900   1.04551     0.001
   0.002500    0.0025    0.9975   0.26072     0.001
   Free flow interpolation between head=   1.000 and    2.000
   has estimated maximum relative error of 0.096

 Upstream Head=   2.0000  Free Flow=    44.319
  PartialFD      Drop  Dns Head      Flow  RelError
   1.000000    2.0000    0.0000   44.3188
   0.902500    1.8050    0.1950   43.9272     0.000
   0.810000    1.6200    0.3800   43.2288     0.000
   0.722500    1.4450    0.5550   42.2957    -0.001
   0.640000    1.2800    0.7200   41.1322    -0.001
   0.562500    1.1250    0.8750   39.7841    -0.002
   0.490000    0.9800    1.0200   38.3018    -0.001
   0.422500    0.8450    1.1550   36.6077    -0.001
   0.360000    0.7200    1.2800   34.7882    -0.002
   0.302500    0.6050    1.3950   32.9075     0.000
   0.250000    0.5000    1.5000   30.8900    -0.001
   0.202500    0.4050    1.5950   28.6732    -0.001
   0.160000    0.3200    1.6800   26.3422    -0.002
   0.122500    0.2450    1.7550   23.8666    -0.004
   0.090000    0.1800    1.8200   21.2727    -0.004
   0.062500    0.1250    1.8750   18.4273    -0.003
   0.040000    0.0800    1.9200   14.5401    -0.041
   0.022500    0.0450    1.9550   8.57234    -0.010
   0.010000    0.0200    1.9800   3.91114    -0.004
   0.002500    0.0050    1.9950   0.97150     0.002
   Free flow interpolation between head=   2.000 and    4.000
   has estimated maximum relative error of 0.125

 Upstream Head=   4.0000  Free Flow=   174.040
  PartialFD      Drop  Dns Head      Flow  RelError
   1.000000    4.0000    0.0000   174.040
   0.902500    3.6100    0.3900   172.811     0.000
   0.810000    3.2400    0.7600   170.375    -0.001
   0.722500    2.8900    1.1100   166.913    -0.001
   0.640000    2.5600    1.4400   162.708    -0.001
   0.562500    2.2500    1.7500   157.756    -0.001
   0.490000    1.9600    2.0400   152.019    -0.001
   0.422500    1.6900    2.3100   145.514    -0.001
   0.360000    1.4400    2.5600   138.535    -0.002
   0.302500    1.2100    2.7900   130.891    -0.001
   0.250000    1.0000    3.0000   122.879    -0.001
   0.202500    0.8100    3.1900   114.066    -0.002
   0.160000    0.6400    3.3600   104.845    -0.002
   0.122500    0.4900    3.5100   95.2384    -0.004
   0.090000    0.3600    3.6400   85.1437    -0.001
   0.062500    0.2500    3.7500   73.6231    -0.002
   0.040000    0.1600    3.8400   60.3945    -0.022
   0.022500    0.0900    3.9100   35.9052    -0.013
   0.010000    0.0400    3.9600   16.2387    -0.007
   0.002500    0.0100    3.9900   4.06507    -0.008
   Free flow interpolation between head=   4.000 and    6.000
   has estimated maximum relative error of 0.054

 Upstream Head=   6.0000  Free Flow=   411.929
  PartialFD      Drop  Dns Head      Flow  RelError
   1.000000    6.0000    0.0000   411.929
   0.902500    5.4150    0.5850   409.337     0.000
   0.810000    4.8600    1.1400   403.994    -0.001
   0.722500    4.3350    1.6650   396.320    -0.001
   0.640000    3.8400    2.1600   386.514    -0.001
   0.562500    3.3750    2.6250   375.018    -0.001
   0.490000    2.9400    3.0600   361.413    -0.001
   0.422500    2.5350    3.4650   346.156    -0.001
   0.360000    2.1600    3.8400   329.652    -0.001
   0.302500    1.8150    4.1850   311.293    -0.001
   0.250000    1.5000    4.5000   292.273    -0.002
   0.202500    1.2150    4.7850   271.514    -0.002
   0.160000    0.9600    5.0400   249.488    -0.002
   0.122500    0.7350    5.2650   226.657    -0.003
   0.090000    0.5400    5.4600   202.396    -0.002
   0.062500    0.3750    5.6250   175.403    -0.005
   0.040000    0.2400    5.7600   147.203    -0.010
   0.022500    0.1350    5.8650   87.9377    -0.017
   0.010000    0.0600    5.9400   39.5980    -0.005
   0.002500    0.0150    5.9850   9.88686     0.000
   Free flow interpolation between head=   6.000 and    8.000
   has estimated maximum relative error of 0.030

 Upstream Head=   8.0000  Free Flow=   778.870
  PartialFD      Drop  Dns Head      Flow  RelError
   1.000000    8.0000    0.0000   778.870
   0.902500    7.2200    0.7800   774.229     0.000
   0.810000    6.4800    1.5200   764.727    -0.001
   0.722500    5.7800    2.2200   750.560    -0.001
   0.640000    5.1200    2.8800   732.328    -0.001
   0.562500    4.5000    3.5000   710.710    -0.001
   0.490000    3.9200    4.0800   684.785    -0.001
   0.422500    3.3800    4.6200   655.882    -0.001
   0.360000    2.8800    5.1200   624.647    -0.001
   0.302500    2.4200    5.5800   589.746    -0.001
   0.250000    2.0000    6.0000   553.479    -0.001
   0.202500    1.6200    6.3800   514.257    -0.002
   0.160000    1.2800    6.7200   472.486    -0.002
   0.122500    0.9800    7.0200   429.391    -0.002
   0.090000    0.7200    7.2800   382.938    -0.002
   0.062500    0.5000    7.5000   332.393    -0.006
   0.040000    0.3200    7.6800   283.086    -0.002
   0.022500    0.1800    7.8200   169.685    -0.022
   0.010000    0.0800    7.9200   76.0851    -0.004
   0.002500    0.0200    7.9800   18.9471     0.000

 Maximum estimated relative error=   0.125 is in free flow
      between heads=   2.000 and    4.000

 Estimated root-mean-square error=   0.034
 
  
  
  
 FEQXLST                                                                         

 Processing:TABLE#= 9000 SAVE12 NOOUT

 Processing:STATION=0.0

 Processing:NAVM=0     SCALE=1.0

 Processing:NSUB    1     0.035

 TabId= 9000 SAVE12   NOOUT    OLDBETA  NOEXTEND         
 STATION=     0.000
 NAVM=    0  Hor. scale factor=     1.000 Vert. shift=     0.000
  Vert. scale factor=     1.000 Hor. shift=     0.000
 NSUB    1 0.035
  OFFSET    ELEVATION  SUB SECTION FOR DOWNSTREAM OF SEWER PIPE DISCHARGES       
        0.0     50.00    1
        0.0      0.00    1
       40.0      0.00    1
       40.0     50.00   -1
 

 ELEMENTS FOR SECTION ID: 9000

 TABID= 9000
 TYPE=  -25
 STATION= 0.00000E+00
 ELEVATION= 0.00000E+00

   DEPTH TOP WID    AREA SQR(CV)   BETA       J  ALPHA   CRITQ     MA     MQ  AVER n
   0.000 4.000+1 0.000+0 0.000+0  1.000 0.000+0  1.000 0.000+0  1.000  1.000  0.0000
   0.080 4.000+1 3.200+0 5.022+0  1.000 1.280-1  1.000 5.136+0  1.000  1.000  0.0350
   2.381 4.000+1 9.524+1 8.190+1  1.000 1.134+2  1.000 8.339+2  1.000  1.000  0.0350
   4.762 4.000+1 1.905+2 1.411+2  1.000 4.535+2  1.000 2.359+3  1.000  1.000  0.0350
   7.143 4.000+1 2.857+2 1.918+2  1.000 1.020+3  1.000 4.333+3  1.000  1.000  0.0350
   9.524 4.000+1 3.810+2 2.371+2  1.000 1.814+3  1.000 6.671+3  1.000  1.000  0.0350
  11.905 4.000+1 4.762+2 2.782+2  1.000 2.834+3  1.000 9.323+3  1.000  1.000  0.0350
  14.286 4.000+1 5.714+2 3.162+2  1.000 4.082+3  1.000 1.226+4  1.000  1.000  0.0350
  16.667 4.000+1 6.667+2 3.516+2  1.000 5.556+3  1.000 1.544+4  1.000  1.000  0.0350
  19.048 4.000+1 7.619+2 3.848+2  1.000 7.256+3  1.000 1.887+4  1.000  1.000  0.0350
  21.429 4.000+1 8.571+2 4.162+2  1.000 9.184+3  1.000 2.252+4  1.000  1.000  0.0350
  23.810 4.000+1 9.524+2 4.460+2  1.000 1.134+4  1.000 2.637+4  1.000  1.000  0.0350
  26.190 4.000+1 1.048+3 4.745+2  1.000 1.372+4  1.000 3.042+4  1.000  1.000  0.0350
  28.571 4.000+1 1.143+3 5.017+2  1.000 1.633+4  1.000 3.466+4  1.000  1.000  0.0350
  30.952 4.000+1 1.238+3 5.278+2  1.000 1.916+4  1.000 3.909+4  1.000  1.000  0.0350
  33.333 4.000+1 1.333+3 5.529+2  1.000 2.222+4  1.000 4.368+4  1.000  1.000  0.0350
  35.714 4.000+1 1.429+3 5.772+2  1.000 2.551+4  1.000 4.845+4  1.000  1.000  0.0350
  38.095 4.000+1 1.524+3 6.006+2  1.000 2.902+4  1.000 5.337+4  1.000  1.000  0.0350
  40.476 4.000+1 1.619+3 6.234+2  1.000 3.277+4  1.000 5.845+4  1.000  1.000  0.0350
  42.857 4.000+1 1.714+3 6.454+2  1.000 3.673+4  1.000 6.368+4  1.000  1.000  0.0350
  45.238 4.000+1 1.810+3 6.668+2  1.000 4.093+4  1.000 6.906+4  1.000  1.000  0.0350
  47.619 4.000+1 1.905+3 6.877+2  1.000 4.535+4  1.000 7.459+4  1.000  1.000  0.0350
  50.000 4.000+1 2.000+3 7.080+2  1.000 5.000+4  1.000 8.025+4  1.000  1.000  0.0350

 Saving TabId= 9000  Internal table number=   51
 
  
  
 SEWER                                                                           

 TABID= 1057  MONOTONE SAVE12 NOOUT                                           
 DIAMETER=   3.500
 POLYGON APPROX HAS 30 SIDES
 WIDTH OF SLOT= 0.0100
 HEIGHT OF SLOT=    50.
 MANNING N=  0.024
 

 ELEMENTS FOR SECTION ID: 1057

 TABID= 1057
 TYPE=  -25
 STATION= 0.00000E+00
 ELEVATION=-6.41809E-03

   DEPTH TOP WID    AREA SQR(CV)   BETA       J  ALPHA   CRITQ     MA     MQ  AVER n
   0.000 0.000+0 0.000+0 0.000+0  1.000 0.000+0  1.000 0.000+0  1.000  1.000  0.0000
   0.038 7.304-1 1.402-2 2.493-1  1.000 1.793-4  1.000 1.102-2  1.000  1.000  0.0240
   0.152 1.429+0 1.365-1 1.319+0  1.000 7.970-3  1.000 2.394-1  1.000  1.000  0.0240
   0.335 2.065+0 4.572-1 3.154+0  1.000 6.069-2  1.000 1.221+0  1.000  1.000  0.0240
   0.581 2.611+0 1.032+0 5.646+0  1.000 2.408-1  1.000 3.680+0  1.000  1.000  0.0240
   0.878 3.042+0 1.871+0 8.609+0  1.000 6.688-1  1.000 8.327+0  1.000  1.000  0.0240
   1.214 3.341+0 2.942+0 1.181+1  1.000 1.473+0  1.000 1.566+1  1.000  1.000  0.0240
   1.573 3.494+0 4.169+0 1.500+1  1.000 2.749+0  1.000 2.584+1  1.000  1.000  0.0240
   1.940 3.494+0 5.452+0 1.795+1  1.000 4.515+0  1.000 3.865+1  1.000  1.000  0.0240
   2.299 3.341+0 6.679+0 2.044+1  1.000 6.695+0  1.000 5.359+1  1.000  1.000  0.0240
   2.635 3.042+0 7.750+0 2.233+1  1.000 9.118+0  1.000 7.019+1  1.000  1.000  0.0240
   2.932 2.611+0 8.590+0 2.337+1  1.000 1.155+1  1.000 8.841+1  1.000  1.000  0.0240
   3.177 2.065+0 9.164+0 2.337+1  1.000 1.373+1  1.000 1.095+2  1.000  1.000  0.0240
   3.361 1.429+0 9.485+0 2.337+1  1.000 1.545+1  1.000 1.387+2  1.000  1.000  0.0240
   3.474 7.304-1 9.607+0 2.337+1  1.000 1.653+1  1.000 1.977+2  1.000  1.000  0.0240
   3.512 1.000-2 9.621+0 2.337+1  1.000 1.689+1  1.000 1.693+3  1.000  1.000  0.0240
 500.000 1.000-2 1.459+1 2.337+1  1.000 6.026+3  1.000 1.693+3  1.000  1.000  0.0189

 Saving TabId= 1057  Internal table number=   52
 
  
  
  
 QCLIMIT                                                                         
 TABID= 1057
 FACTOR=     1.000

 LIMITING FLOWRATE=     222.0

 CRITICAL SLOPE=   0.16524
 
  
 EXPCON                                                                          
 CROSS SECTION TABLES                                                            
  LOC TAB# DIST     DATUM                                                        
 UP   1057   0.      4.30
 DN   9000   0.      0.20
 COEFFICIENTS AND OUTPUT TABLES                                                  
  DIR TAB#   KA   KD LABLABEL---------------------------------------------       
 UD    328 0.40 1.00 S15 OUTFLOW                                       
 DU    330 0.40 1.00 S15 BACKFLOW                                      
 SMOOTH=   0.10000
 GENERALIZED MEAN VALUE PARAMETER=      0.50
  MEAN VALUE IS THEREFORE:
  GEOMETRIC MEAN < MEAN VALUE < ARITHMETIC MEAN.
 

 DOWNSTREAM HEAD SEQUENCE FOR THE TABLE                                          

 NFRAC=   11
 POWER=      2.00
       0.25
       0.50
       1.00
       1.50
       2.00
       2.50
       3.00
       3.25
       3.35
       3.50
       4.00
       4.50
       5.00
       6.00
       7.00
       8.00
       9.00
      10.00
      11.00
      12.00
      -1.00

 Checking cross section tables for possible critical flow
      or celerity problems.
 Table tests OK.
 Table tests OK.

 INPUT COMPLETE. BEGIN COMPUTATIONS

 DATUM FOR HEADS IS:      4.30

  Transition length is zero.  Boundary friction losses ignored.

 COMPUTING TABLE FOR FLOW UP -> DOWN

  Dwns piezometric head=    0.2500 Ups head at free flow=    0.2500
  Fraction   Upstream    Downstream      Flow     Location  Sense
  of Free   Piezometric  Piezometric   through       of      of
    Flow       Head         Head      Transition  Control   Flow
   1.0000      0.2500       0.2500       0.66718     UP      EXP
   0.8100      0.2500       0.2500       0.54042   BOTH      EXP
   0.6400      0.2500       0.2500       0.42700   BOTH      EXP
   0.4900      0.2500       0.2500       0.32692   BOTH      EXP
   0.3600      0.2500       0.2500       0.24019   BOTH      EXP
   0.2500      0.2500       0.2500       0.16680   BOTH      EXP
   0.1600      0.2500       0.2500       0.10675   BOTH      EXP
   0.0900      0.2500       0.2500       0.06005   BOTH      EXP
   0.0400      0.2500       0.2500       0.02669   BOTH      EXP
   0.0100      0.2500       0.2500       0.00667   BOTH      EXP
 Max. error in energy relative to energy loss= 4.6E-05  at PFQ=    0.0100

  Dwns piezometric head=    0.5000 Ups head at free flow=    0.5000
  Fraction   Upstream    Downstream      Flow     Location  Sense
  of Free   Piezometric  Piezometric   through       of      of
    Flow       Head         Head      Transition  Control   Flow
   1.0000      0.5000       0.5000       2.72080     UP      EXP
   0.8100      0.5000       0.5000       2.20385   BOTH      EXP
   0.6400      0.5000       0.5000       1.74131   BOTH      EXP
   0.4900      0.5000       0.5000       1.33319   BOTH      EXP
   0.3600      0.5000       0.5000       0.97949   BOTH      EXP
   0.2500      0.5000       0.5000       0.68020   BOTH      EXP
   0.1600      0.5000       0.5000       0.43533   BOTH      EXP
   0.0900      0.5000       0.5000       0.24487   BOTH      EXP
   0.0400      0.5000       0.5000       0.10883   BOTH      EXP
   0.0100      0.5000       0.5000       0.02721   BOTH      EXP
 Max. error in energy relative to energy loss= 5.3E-05  at PFQ=    0.0100

  Dwns piezometric head=    1.0000 Ups head at free flow=    1.0000
  Fraction   Upstream    Downstream      Flow     Location  Sense
  of Free   Piezometric  Piezometric   through       of      of
    Flow       Head         Head      Transition  Control   Flow
   1.0000      1.0000       1.0000       10.7330     UP      EXP
   0.8100      1.0000       1.0000       8.69369   BOTH      EXP
   0.6400      1.0000       1.0000       6.86909   BOTH      EXP
   0.4900      1.0000       1.0000       5.25915   BOTH      EXP
   0.3600      1.0000       1.0000       3.86386   BOTH      EXP
   0.2500      1.0000       1.0000       2.68324   BOTH      EXP
   0.1600      1.0000       1.0000       1.71727   BOTH      EXP
   0.0900      1.0000       1.0000       0.96597   BOTH      EXP
   0.0400      1.0000       1.0000       0.42932   BOTH      EXP
   0.0100      1.0000       1.0000       0.10733   BOTH      EXP
 Max. error in energy relative to energy loss= 1.2E-04  at PFQ=    0.4900

  Dwns piezometric head=    1.5000 Ups head at free flow=    1.5002
  Fraction   Upstream    Downstream      Flow     Location  Sense
  of Free   Piezometric  Piezometric   through       of      of
    Flow       Head         Head      Transition  Control   Flow
   1.0000      1.5002       1.5000       23.5890     UP      EXP
   0.8100      1.5001       1.5000       19.1071   BOTH      EXP
   0.6400      1.5001       1.5000       15.0969   BOTH      EXP
   0.4900      1.5000       1.5000       11.5586   BOTH      EXP
   0.3600      1.5000       1.5000       8.49203   BOTH      EXP
   0.2500      1.5000       1.5000       5.89724   BOTH      EXP
   0.1600      1.5000       1.5000       3.77424   BOTH      EXP
   0.0900      1.5000       1.5000       2.12301   BOTH      EXP
   0.0400      1.5000       1.5000       0.94356   BOTH      EXP
   0.0100      1.5000       1.5000       0.23589   BOTH      EXP
 Max. error in energy relative to energy loss= 3.1E-04  at PFQ=    0.1600

  Dwns piezometric head=    2.0000 Ups head at free flow=    2.0000
  Fraction   Upstream    Downstream      Flow     Location  Sense
  of Free   Piezometric  Piezometric   through       of      of
    Flow       Head         Head      Transition  Control   Flow
   1.0000      2.0000       2.0000       40.9793     UP      EXP
   0.8100      2.0000       2.0000       33.1932   BOTH      EXP
   0.6400      2.0002       2.0000       26.2268   BOTH      EXP
   0.4900      2.0001       2.0000       20.0799   BOTH      EXP
   0.3600      2.0001       2.0000       14.7526   BOTH      EXP
   0.2500      2.0000       2.0000       10.2448   BOTH      EXP
   0.1600      2.0000       2.0000       6.55669   BOTH      EXP
   0.0900      2.0000       2.0000       3.68814   BOTH      EXP
   0.0400      2.0000       2.0000       1.63917   BOTH      EXP
   0.0100      2.0000       2.0000       0.40979   BOTH      EXP
 Max. error in energy relative to energy loss= 5.4E-04  at PFQ=    0.1600

  Dwns piezometric head=    2.5000 Ups head at free flow=    2.5000
  Fraction   Upstream    Downstream      Flow     Location  Sense
  of Free   Piezometric  Piezometric   through       of      of
    Flow       Head         Head      Transition  Control   Flow
   1.0000      2.5000       2.5000       63.2617     UP      EXP
   0.8100      2.5000       2.5000       51.2420   BOTH      EXP
   0.6400      2.5000       2.5000       40.4875   BOTH      EXP
   0.4900      2.5002       2.5000       30.9982   BOTH      EXP
   0.3600      2.5001       2.5000       22.7742   BOTH      EXP
   0.2500      2.5001       2.5000       15.8154   BOTH      EXP
   0.1600      2.5000       2.5000       10.1219   BOTH      EXP
   0.0900      2.5000       2.5000       5.69355   BOTH      EXP
   0.0400      2.5000       2.5000       2.53047   BOTH      EXP
   0.0100      2.5000       2.5000       0.63262   BOTH      EXP
 Max. error in energy relative to energy loss= 7.7E-04  at PFQ=    0.3600

  Dwns piezometric head=    3.0000 Ups head at free flow=    3.0000
  Fraction   Upstream    Downstream      Flow     Location  Sense
  of Free   Piezometric  Piezometric   through       of      of
    Flow       Head         Head      Transition  Control   Flow
   1.0000      3.0000       3.0000       94.0012     UP      EXP
   0.8100      3.0000       3.0000       76.1410   BOTH      EXP
   0.6400      3.0000       3.0000       60.1608   BOTH      EXP
   0.4900      3.0000       3.0000       46.0606   BOTH      EXP
   0.3600      3.0002       3.0000       33.8404   BOTH      EXP
   0.2500      3.0001       3.0000       23.5003   BOTH      EXP
   0.1600      3.0000       3.0000       15.0402   BOTH      EXP
   0.0900      3.0000       3.0000       8.46011   BOTH      EXP
   0.0400      3.0000       3.0000       3.76005   BOTH      EXP
   0.0100      3.0000       3.0000       0.94001   BOTH      EXP
 Max. error in energy relative to energy loss= 9.5E-04  at PFQ=    0.2500

  Dwns piezometric head=    3.2500 Ups head at free flow=    3.2500
  Fraction   Upstream    Downstream      Flow     Location  Sense
  of Free   Piezometric  Piezometric   through       of      of
    Flow       Head         Head      Transition  Control   Flow
   1.0000      3.2500       3.2500       120.434     UP      EXP
   0.8100      3.2500       3.2500       97.5518   BOTH      EXP
   0.6400      3.2500       3.2500       77.0779   BOTH      EXP
   0.4900      3.2500       3.2500       59.0128   BOTH      EXP
   0.3600      3.2503       3.2500       43.3563   BOTH      EXP
   0.2500      3.2502       3.2500       30.1086   BOTH      EXP
   0.1600      3.2501       3.2500       19.2695   BOTH      EXP
   0.0900      3.2500       3.2500       10.8391   BOTH      EXP
   0.0400      3.2500       3.2500       4.81737   BOTH      EXP
   0.0100      3.2500       3.2500       1.20434   BOTH      EXP
 Max. error in energy relative to energy loss= 1.0E-03  at PFQ=    0.2500

  Dwns piezometric head=    3.3500 Ups head at free flow=    3.3500
  Fraction   Upstream    Downstream      Flow     Location  Sense
  of Free   Piezometric  Piezometric   through       of      of
    Flow       Head         Head      Transition  Control   Flow
   1.0000      3.3500       3.3500       136.767     UP      EXP
   0.8100      3.3500       3.3500       110.781   BOTH      EXP
   0.6400      3.3500       3.3500       87.5308   BOTH      EXP
   0.4900      3.3500       3.3500       67.0157   BOTH      EXP
   0.3600      3.3500       3.3500       49.2361   BOTH      EXP
   0.2500      3.3502       3.3500       34.1917   BOTH      EXP
   0.1600      3.3501       3.3500       21.8827   BOTH      EXP
   0.0900      3.3500       3.3500       12.3090   BOTH      EXP
   0.0400      3.3500       3.3500       5.47067   BOTH      EXP
   0.0100      3.3500       3.3500       1.36767   BOTH      EXP
 Max. error in energy relative to energy loss= 1.0E-03  at PFQ=    0.0900

  Dwns piezometric head=    3.5000 Ups head at free flow=    3.4999
  Fraction   Upstream    Downstream      Flow     Location  Sense
  of Free   Piezometric  Piezometric   through       of      of
    Flow       Head         Head      Transition  Control   Flow
   1.0000      3.4999       3.5000       213.725     UP      EXP
   0.8100      3.5000       3.5000       173.117   BOTH      EXP
   0.6400      3.5000       3.5000       136.784   BOTH      EXP
   0.4900      3.5000       3.5000       104.725   BOTH      EXP
   0.3600      3.5000       3.5000       76.9409   BOTH      EXP
   0.2500      3.5000       3.5000       53.4312   BOTH      EXP
   0.1600      3.5002       3.5000       34.1960   BOTH      EXP
   0.0900      3.5001       3.5000       19.2352   BOTH      EXP
   0.0400      3.5000       3.5000       8.54899   BOTH      EXP
   0.0100      3.5000       3.5000       2.13725   BOTH      EXP
 Max. error in energy relative to energy loss= 1.0E-03  at PFQ=    0.0900

  Dwns piezometric head=    4.0000 Ups head at free flow=    4.0001
  Fraction   Upstream    Downstream      Flow     Location  Sense
  of Free   Piezometric  Piezometric   through       of      of
    Flow       Head         Head      Transition  Control   Flow
   1.0000      4.0001       4.0000       221.991     UP      EXP
   0.8100      4.0001       4.0000       179.813   BOTH      EXP
   0.6400      4.0001       4.0000       142.074   BOTH      EXP
   0.4900      4.0001       4.0000       108.776   BOTH      EXP
   0.3600      4.0000       4.0000       79.9169   BOTH      EXP
   0.2500      4.0000       4.0000       55.4978   BOTH      EXP
   0.1600      4.0002       4.0000       35.5186   BOTH      EXP
   0.0900      4.0001       4.0000       19.9792   BOTH      EXP
   0.0400      4.0000       4.0000       8.87965   BOTH      EXP
   0.0100      4.0000       4.0000       2.21991   BOTH      EXP
 Max. error in energy relative to energy loss= 8.8E-04  at PFQ=    0.1600

  Dwns piezometric head=    4.5000 Ups head at free flow=    4.5001
  Fraction   Upstream    Downstream      Flow     Location  Sense
  of Free   Piezometric  Piezometric   through       of      of
    Flow       Head         Head      Transition  Control   Flow
   1.0000      4.5001       4.5000       221.991     UP      EXP
   0.8100      4.5001       4.5000       179.813   BOTH      EXP
   0.6400      4.5001       4.5000       142.074   BOTH      EXP
   0.4900      4.5001       4.5000       108.776   BOTH      EXP
   0.3600      4.5000       4.5000       79.9169   BOTH      EXP
   0.2500      4.5004       4.5000       55.4978   BOTH      EXP
   0.1600      4.5002       4.5000       35.5186   BOTH      EXP
   0.0900      4.5001       4.5000       19.9792   BOTH      EXP
   0.0400      4.5000       4.5000       8.87965   BOTH      EXP
   0.0100      4.5000       4.5000       2.21991   BOTH      EXP
 Max. error in energy relative to energy loss= 7.9E-04  at PFQ=    0.0400

  Dwns piezometric head=    5.0000 Ups head at free flow=    5.0001
  Fraction   Upstream    Downstream      Flow     Location  Sense
  of Free   Piezometric  Piezometric   through       of      of
    Flow       Head         Head      Transition  Control   Flow
   1.0000      5.0001       5.0000       221.991     UP      EXP
   0.8100      5.0001       5.0000       179.813   BOTH      EXP
   0.6400      5.0001       5.0000       142.074   BOTH      EXP
   0.4900      5.0001       5.0000       108.776   BOTH      EXP
   0.3600      5.0000       5.0000       79.9169   BOTH      EXP
   0.2500      5.0004       5.0000       55.4978   BOTH      EXP
   0.1600      5.0001       5.0000       35.5186   BOTH      EXP
   0.0900      5.0000       5.0000       19.9792   BOTH      EXP
   0.0400      5.0000       5.0000       8.87965   BOTH      EXP
   0.0100      5.0000       5.0000       2.21991   BOTH      EXP
 Max. error in energy relative to energy loss= 7.0E-04  at PFQ=    0.2500

  Dwns piezometric head=    6.0000 Ups head at free flow=    6.0001
  Fraction   Upstream    Downstream      Flow     Location  Sense
  of Free   Piezometric  Piezometric   through       of      of
    Flow       Head         Head      Transition  Control   Flow
   1.0000      6.0001       6.0000       221.991     UP      EXP
   0.8100      6.0001       6.0000       179.813   BOTH      EXP
   0.6400      6.0001       6.0000       142.074   BOTH      EXP
   0.4900      6.0001       6.0000       108.776   BOTH      EXP
   0.3600      6.0006       6.0000       79.9169   BOTH      EXP
   0.2500      6.0003       6.0000       55.4978   BOTH      EXP
   0.1600      6.0001       6.0000       35.5186   BOTH      EXP
   0.0900      6.0000       6.0000       19.9792   BOTH      EXP
   0.0400      6.0000       6.0000       8.87965   BOTH      EXP
   0.0100      6.0000       6.0000       2.21991   BOTH      EXP
 Max. error in energy relative to energy loss= 5.8E-04  at PFQ=    0.0400

  Dwns piezometric head=    7.0000 Ups head at free flow=    7.0001
  Fraction   Upstream    Downstream      Flow     Location  Sense
  of Free   Piezometric  Piezometric   through       of      of
    Flow       Head         Head      Transition  Control   Flow
   1.0000      7.0001       7.0000       221.991     UP      EXP
   0.8100      7.0001       7.0000       179.813   BOTH      EXP
   0.6400      7.0001       7.0000       142.074   BOTH      EXP
   0.4900      7.0000       7.0000       108.776   BOTH      EXP
   0.3600      7.0005       7.0000       79.9169   BOTH      EXP
   0.2500      7.0002       7.0000       55.4978   BOTH      EXP
   0.1600      7.0001       7.0000       35.5186   BOTH      EXP
   0.0900      7.0000       7.0000       19.9792   BOTH      EXP
   0.0400      7.0000       7.0000       8.87965   BOTH      EXP
   0.0100      7.0000       7.0000       2.21991   BOTH      EXP
 Max. error in energy relative to energy loss= 4.9E-04  at PFQ=    0.0400

  Dwns piezometric head=    8.0000 Ups head at free flow=    8.0001
  Fraction   Upstream    Downstream      Flow     Location  Sense
  of Free   Piezometric  Piezometric   through       of      of
    Flow       Head         Head      Transition  Control   Flow
   1.0000      8.0001       8.0000       221.991     UP      EXP
   0.8100      8.0001       8.0000       179.813   BOTH      EXP
   0.6400      8.0001       8.0000       142.074   BOTH      EXP
   0.4900      8.0008       8.0000       108.776   BOTH      EXP
   0.3600      8.0004       8.0000       79.9169   BOTH      EXP
   0.2500      8.0002       8.0000       55.4978   BOTH      EXP
   0.1600      8.0001       8.0000       35.5186   BOTH      EXP
   0.0900      8.0000       8.0000       19.9792   BOTH      EXP
   0.0400      8.0000       8.0000       8.87965   BOTH      EXP
   0.0100      8.0000       8.0000       2.21991   BOTH      EXP
 Max. error in energy relative to energy loss= 4.1E-04  at PFQ=    0.0400

  Dwns piezometric head=    9.0000 Ups head at free flow=    9.0001
  Fraction   Upstream    Downstream      Flow     Location  Sense
  of Free   Piezometric  Piezometric   through       of      of
    Flow       Head         Head      Transition  Control   Flow
   1.0000      9.0001       9.0000       221.991     UP      EXP
   0.8100      9.0001       9.0000       179.813   BOTH      EXP
   0.6400      9.0011       9.0000       142.074   BOTH      EXP
   0.4900      9.0007       9.0000       108.776   BOTH      EXP
   0.3600      9.0004       9.0000       79.9169   BOTH      EXP
   0.2500      9.0002       9.0000       55.4978   BOTH      EXP
   0.1600      9.0001       9.0000       35.5186   BOTH      EXP
   0.0900      9.0000       9.0000       19.9792   BOTH      EXP
   0.0400      9.0000       9.0000       8.87965   BOTH      EXP
   0.0100      9.0000       9.0000       2.21991   BOTH      EXP
 Max. error in energy relative to energy loss= 3.4E-04  at PFQ=    0.1600

  Dwns piezometric head=   10.0000 Ups head at free flow=   10.0001
  Fraction   Upstream    Downstream      Flow     Location  Sense
  of Free   Piezometric  Piezometric   through       of      of
    Flow       Head         Head      Transition  Control   Flow
   1.0000     10.0001      10.0000       221.991     UP      EXP
   0.8100     10.0001      10.0000       179.813   BOTH      EXP
   0.6400     10.0010      10.0000       142.074   BOTH      EXP
   0.4900     10.0006      10.0000       108.776   BOTH      EXP
   0.3600     10.0003      10.0000       79.9169   BOTH      EXP
   0.2500     10.0002      10.0000       55.4978   BOTH      EXP
   0.1600     10.0001      10.0000       35.5186   BOTH      EXP
   0.0900     10.0000      10.0000       19.9792   BOTH      EXP
   0.0400     10.0000      10.0000       8.87965   BOTH      EXP
   0.0100     10.0000      10.0000       2.21991   BOTH      EXP
 Max. error in energy relative to energy loss= 3.0E-04  at PFQ=    0.0900

  Dwns piezometric head=   11.0000 Ups head at free flow=   11.0001
  Fraction   Upstream    Downstream      Flow     Location  Sense
  of Free   Piezometric  Piezometric   through       of      of
    Flow       Head         Head      Transition  Control   Flow
   1.0000     11.0001      11.0000       221.991     UP      EXP
   0.8100     11.0014      11.0000       179.813   BOTH      EXP
   0.6400     11.0009      11.0000       142.074   BOTH      EXP
   0.4900     11.0005      11.0000       108.776   BOTH      EXP
   0.3600     11.0003      11.0000       79.9169   BOTH      EXP
   0.2500     11.0001      11.0000       55.4978   BOTH      EXP
   0.1600     11.0001      11.0000       35.5186   BOTH      EXP
   0.0900     11.0000      11.0000       19.9792   BOTH      EXP
   0.0400     11.0000      11.0000       8.87965   BOTH      EXP
   0.0100     11.0000      11.0000       2.21991   BOTH      EXP
 Max. error in energy relative to energy loss= 2.6E-04  at PFQ=    0.0400

  Dwns piezometric head=   12.0000 Ups head at free flow=   12.0018
  Fraction   Upstream    Downstream      Flow     Location  Sense
  of Free   Piezometric  Piezometric   through       of      of
    Flow       Head         Head      Transition  Control   Flow
   1.0000     12.0018      12.0000       221.991     UP      EXP
   0.8100     12.0012      12.0000       179.813   BOTH      EXP
   0.6400     12.0008      12.0000       142.074   BOTH      EXP
   0.4900     12.0004      12.0000       108.776   BOTH      EXP
   0.3600     12.0002      12.0000       79.9169   BOTH      EXP
   0.2500     12.0001      12.0000       55.4978   BOTH      EXP
   0.1600     12.0000      12.0000       35.5186   BOTH      EXP
   0.0900     12.0000      12.0000       19.9792   BOTH      EXP
   0.0400     12.0000      12.0000       8.87965   BOTH      EXP
   0.0100     12.0000      12.0000       2.21991   BOTH      EXP
 Max. error in energy relative to energy loss= 2.4E-04  at PFQ=    0.0400

 COMPUTING TABLE FOR FLOW DOWN -> UP

  Dwns piezometric head=    0.2500 Ups head at free flow=    0.3624
  Fraction   Upstream    Downstream      Flow     Location  Sense
  of Free   Piezometric  Piezometric   through       of      of
    Flow       Head         Head      Transition  Control   Flow
   1.0000      0.3624       0.2500       0.66718     DN      CON
   0.8100      0.3237       0.2500       0.54042   BOTH      CON
   0.6400      0.2960       0.2500       0.42700   BOTH      CON
   0.4900      0.2770       0.2500       0.32692   BOTH      CON
   0.3600      0.2646       0.2500       0.24018   BOTH      CON
   0.2500      0.2570       0.2500       0.16680   BOTH      CON
   0.1600      0.2529       0.2500       0.10675   BOTH      CON
   0.0900      0.2509       0.2500       0.06005   BOTH      CON
   0.0400      0.2502       0.2500       0.02669   BOTH      CON
   0.0100      0.2500       0.2500       0.00667   BOTH      CON
 Max. error in energy relative to energy loss= 4.9E-03  at PFQ=    0.1600

  Dwns piezometric head=    0.5000 Ups head at free flow=    0.7352
  Fraction   Upstream    Downstream      Flow     Location  Sense
  of Free   Piezometric  Piezometric   through       of      of
    Flow       Head         Head      Transition  Control   Flow
   1.0000      0.7352       0.5000       2.72077     DN      CON
   0.8100      0.6543       0.5000       2.20382   BOTH      CON
   0.6400      0.5964       0.5000       1.74129   BOTH      CON
   0.4900      0.5565       0.5000       1.33318   BOTH      CON
   0.3600      0.5305       0.5000       0.97948   BOTH      CON
   0.2500      0.5147       0.5000       0.68019   BOTH      CON
   0.1600      0.5060       0.5000       0.43532   BOTH      CON
   0.0900      0.5019       0.5000       0.24487   BOTH      CON
   0.0400      0.5004       0.5000       0.10883   BOTH      CON
   0.0100      0.5000       0.5000       0.02721   BOTH      CON
 Max. error in energy relative to energy loss= 3.3E-03  at PFQ=    0.0900

  Dwns piezometric head=    1.0000 Ups head at free flow=    1.4952
  Fraction   Upstream    Downstream      Flow     Location  Sense
  of Free   Piezometric  Piezometric   through       of      of
    Flow       Head         Head      Transition  Control   Flow
   1.0000      1.4952       1.0000       10.7317     DN      CON
   0.8100      1.3249       1.0000       8.69270   BOTH      CON
   0.6400      1.2028       1.0000       6.86831   BOTH      CON
   0.4900      1.1189       1.0000       5.25855   BOTH      CON
   0.3600      1.0641       1.0000       3.86342   BOTH      CON
   0.2500      1.0309       1.0000       2.68293   BOTH      CON
   0.1600      1.0127       1.0000       1.71708   BOTH      CON
   0.0900      1.0041       1.0000       0.96586   BOTH      CON
   0.0400      1.0008       1.0000       0.42927   BOTH      CON
   0.0100      1.0001       1.0000       0.10732   BOTH      CON
 Max. error in energy relative to energy loss= 7.0E-03  at PFQ=    0.0900

  Dwns piezometric head=    1.5000 Ups head at free flow=    2.2883
  Fraction   Upstream    Downstream      Flow     Location  Sense
  of Free   Piezometric  Piezometric   through       of      of
    Flow       Head         Head      Transition  Control   Flow
   1.0000      2.2883       1.5000       23.5830     DN      CON
   0.8100      2.0171       1.5000       19.1022   BOTH      CON
   0.6400      1.8229       1.5000       15.0931   BOTH      CON
   0.4900      1.6892       1.5000       11.5557   BOTH      CON
   0.3600      1.6021       1.5000       8.48987   BOTH      CON
   0.2500      1.5492       1.5000       5.89574   BOTH      CON
   0.1600      1.5202       1.5000       3.77328   BOTH      CON
   0.0900      1.5065       1.5000       2.12247   BOTH      CON
   0.0400      1.5013       1.5000       0.94332   BOTH      CON
   0.0100      1.5001       1.5000       0.23583   BOTH      CON
 Max. error in energy relative to energy loss= 1.1E-02  at PFQ=    0.0900

  Dwns piezometric head=    2.0000 Ups head at free flow=    3.1389
  Fraction   Upstream    Downstream      Flow     Location  Sense
  of Free   Piezometric  Piezometric   through       of      of
    Flow       Head         Head      Transition  Control   Flow
   1.0000      3.1389       2.0000       40.9803     DN      CON
   0.8100      2.7471       2.0000       33.1941   BOTH      CON
   0.6400      2.4664       2.0000       26.2274   BOTH      CON
   0.4900      2.2734       2.0000       20.0804   BOTH      CON
   0.3600      2.1475       2.0000       14.7529   BOTH      CON
   0.2500      2.0711       2.0000       10.2451   BOTH      CON
   0.1600      2.0291       2.0000       6.55685   BOTH      CON
   0.0900      2.0094       2.0000       3.68823   BOTH      CON
   0.0400      2.0019       2.0000       1.63921   BOTH      CON
   0.0100      2.0001       2.0000       0.40980   BOTH      CON
 Max. error in energy relative to energy loss= 1.6E-02  at PFQ=    0.0900

  Dwns piezometric head=    2.5000 Ups head at free flow=    4.1177
  Fraction   Upstream    Downstream      Flow     Location  Sense
  of Free   Piezometric  Piezometric   through       of      of
    Flow       Head         Head      Transition  Control   Flow
   1.0000      4.1177       2.5000       63.2628     DN      CON
   0.8100      3.5611       2.5000       51.2429   BOTH      CON
   0.6400      3.1626       2.5000       40.4882   BOTH      CON
   0.4900      2.8882       2.5000       30.9988   BOTH      CON
   0.3600      2.7095       2.5000       22.7746   BOTH      CON
   0.2500      2.6010       2.5000       15.8157   BOTH      CON
   0.1600      2.5414       2.5000       10.1221   BOTH      CON
   0.0900      2.5133       2.5000       5.69366   BOTH      CON
   0.0400      2.5026       2.5000       2.53051   BOTH      CON
   0.0100      2.5002       2.5000       0.63263   BOTH      CON
 Max. error in energy relative to energy loss= 2.3E-02  at PFQ=    0.0900

  Dwns piezometric head=    3.0000 Ups head at free flow=    5.5006
  Fraction   Upstream    Downstream      Flow     Location  Sense
  of Free   Piezometric  Piezometric   through       of      of
    Flow       Head         Head      Transition  Control   Flow
   1.0000      5.5006       3.0000       94.0070     DN      CON
   0.8100      4.6405       3.0000       76.1456   BOTH      CON
   0.6400      4.0240       3.0000       60.1645   BOTH      CON
   0.4900      3.6002       3.0000       46.0634   BOTH      CON
   0.3600      3.3239       3.0000       33.8425   BOTH      CON
   0.2500      3.1561       3.0000       23.5017   BOTH      CON
   0.1600      3.0639       3.0000       15.0411   BOTH      CON
   0.0900      3.0202       3.0000       8.46063   BOTH      CON
   0.0400      3.0041       3.0000       3.76028   BOTH      CON
   0.0100      3.0003       3.0000       0.94007   BOTH      CON
 Max. error in energy relative to energy loss= 7.1E-03  at PFQ=    0.0400

  Dwns piezometric head=    3.2500 Ups head at free flow=    6.8909
  Fraction   Upstream    Downstream      Flow     Location  Sense
  of Free   Piezometric  Piezometric   through       of      of
    Flow       Head         Head      Transition  Control   Flow
   1.0000      6.8909       3.2500       120.443     DN      CON
   0.8100      5.6384       3.2500       97.5592   BOTH      CON
   0.6400      4.7409       3.2500       77.0838   BOTH      CON
   0.4900      4.1243       3.2500       59.0173   BOTH      CON
   0.3600      3.7216       3.2500       43.3597   BOTH      CON
   0.2500      3.4773       3.2500       30.1109   BOTH      CON
   0.1600      3.3431       3.2500       19.2710   BOTH      CON
   0.0900      3.2794       3.2500       10.8399   BOTH      CON
   0.0400      3.2559       3.2500       4.81774   BOTH      CON
   0.0100      3.2504       3.2500       1.20444   BOTH      CON
 Max. error in energy relative to energy loss= 1.0E-02  at PFQ=    0.0400

  Dwns piezometric head=    3.3500 Ups head at free flow=    7.8841
  Fraction   Upstream    Downstream      Flow     Location  Sense
  of Free   Piezometric  Piezometric   through       of      of
    Flow       Head         Head      Transition  Control   Flow
   1.0000      7.8841       3.3500       136.775     DN      CON
   0.8100      6.3244       3.3500       110.788   BOTH      CON
   0.6400      5.2067       3.3500       87.5358   BOTH      CON
   0.4900      4.4381       3.3500       67.0196   BOTH      CON
   0.3600      3.9373       3.3500       49.2389   BOTH      CON
   0.2500      3.6331       3.3500       34.1937   BOTH      CON
   0.1600      3.4659       3.3500       21.8840   BOTH      CON
   0.0900      3.3867       3.3500       12.3097   BOTH      CON
   0.0400      3.3574       3.3500       5.47099   BOTH      CON
   0.0100      3.3505       3.3500       1.36775   BOTH      CON
 Max. error in energy relative to energy loss= 1.3E-02  at PFQ=    0.0400

  Dwns piezometric head=    3.5000 Ups head at free flow=   14.2382
  Fraction   Upstream    Downstream      Flow     Location  Sense
  of Free   Piezometric  Piezometric   through       of      of
    Flow       Head         Head      Transition  Control   Flow
   1.0000     14.2382       3.5000       213.817     DN      CON
   0.8100     10.5448       3.5000       173.192   BOTH      CON
   0.6400      7.8980       3.5000       136.843   BOTH      CON
   0.4900      6.0772       3.5000       104.770   BOTH      CON
   0.3600      4.8908       3.5000       76.9742   BOTH      CON
   0.2500      4.1707       3.5000       53.4543   BOTH      CON
   0.1600      3.7746       3.5000       34.2108   BOTH      CON
   0.0900      3.5868       3.5000       19.2436   BOTH      CON
   0.0400      3.5175       3.5000       8.55269   BOTH      CON
   0.0100      3.5011       3.5000       2.13817   BOTH      CON
 Max. error in energy relative to energy loss= 3.0E-02  at PFQ=    0.0400

  Dwns piezometric head=    4.0000 Ups head at free flow=   15.5597
  Fraction   Upstream    Downstream      Flow     Location  Sense
  of Free   Piezometric  Piezometric   through       of      of
    Flow       Head         Head      Transition  Control   Flow
   1.0000     15.5597       4.0000       221.991     DN      CON
   0.8100     11.5837       4.0000       179.813   BOTH      CON
   0.6400      8.7340       4.0000       142.074   BOTH      CON
   0.4900      6.7745       4.0000       108.776   BOTH      CON
   0.3600      5.4973       4.0000       79.9169   BOTH      CON
   0.2500      4.7220       4.0000       55.4978   BOTH      CON
   0.1600      4.2956       4.0000       35.5186   BOTH      CON
   0.0900      4.0935       4.0000       19.9792   BOTH      CON
   0.0400      4.0188       4.0000       8.87965   BOTH      CON
   0.0100      4.0012       4.0000       2.21991   BOTH      CON
 Max. error in energy relative to energy loss= 3.2E-02  at PFQ=    0.0400

  Dwns piezometric head=    4.5000 Ups head at free flow=   16.0479
  Fraction   Upstream    Downstream      Flow     Location  Sense
  of Free   Piezometric  Piezometric   through       of      of
    Flow       Head         Head      Transition  Control   Flow
   1.0000     16.0479       4.5000       221.991     DN      CON
   0.8100     12.0759       4.5000       179.813   BOTH      CON
   0.6400      9.2292       4.5000       142.074   BOTH      CON
   0.4900      7.2718       4.5000       108.776   BOTH      CON
   0.3600      5.9958       4.5000       79.9169   BOTH      CON
   0.2500      5.2213       4.5000       55.4978   BOTH      CON
   0.1600      4.7953       4.5000       35.5186   BOTH      CON
   0.0900      4.5934       4.5000       19.9792   BOTH      CON
   0.0400      4.5188       4.5000       8.87965   BOTH      CON
   0.0100      4.5012       4.5000       2.21991   BOTH      CON
 Max. error in energy relative to energy loss= 3.2E-02  at PFQ=    0.0400

  Dwns piezometric head=    5.0000 Ups head at free flow=   16.5369
  Fraction   Upstream    Downstream      Flow     Location  Sense
  of Free   Piezometric  Piezometric   through       of      of
    Flow       Head         Head      Transition  Control   Flow
   1.0000     16.5369       5.0000       221.991     DN      CON
   0.8100     12.5681       5.0000       179.813   BOTH      CON
   0.6400      9.7243       5.0000       142.074   BOTH      CON
   0.4900      7.7690       5.0000       108.776   BOTH      CON
   0.3600      6.4944       5.0000       79.9169   BOTH      CON
   0.2500      5.7206       5.0000       55.4978   BOTH      CON
   0.1600      5.2950       5.0000       35.5186   BOTH      CON
   0.0900      5.0933       5.0000       19.9792   BOTH      CON
   0.0400      5.0188       5.0000       8.87965   BOTH      CON
   0.0100      5.0012       5.0000       2.21991   BOTH      CON
 Max. error in energy relative to energy loss= 3.2E-02  at PFQ=    0.0400

  Dwns piezometric head=    6.0000 Ups head at free flow=   17.5122
  Fraction   Upstream    Downstream      Flow     Location  Sense
  of Free   Piezometric  Piezometric   through       of      of
    Flow       Head         Head      Transition  Control   Flow
   1.0000     17.5122       6.0000       221.991     DN      CON
   0.8100     13.5538       6.0000       179.813   BOTH      CON
   0.6400     10.7146       6.0000       142.074   BOTH      CON
   0.4900      8.7633       6.0000       108.776   BOTH      CON
   0.3600      7.4915       6.0000       79.9169   BOTH      CON
   0.2500      6.7191       6.0000       55.4978   BOTH      CON
   0.1600      6.2944       6.0000       35.5186   BOTH      CON
   0.0900      6.0931       6.0000       19.9792   BOTH      CON
   0.0400      6.0187       6.0000       8.87965   BOTH      CON
   0.0100      6.0012       6.0000       2.21991   BOTH      CON
 Max. error in energy relative to energy loss= 3.2E-02  at PFQ=    0.0400

  Dwns piezometric head=    7.0000 Ups head at free flow=   18.4883
  Fraction   Upstream    Downstream      Flow     Location  Sense
  of Free   Piezometric  Piezometric   through       of      of
    Flow       Head         Head      Transition  Control   Flow
   1.0000     18.4883       7.0000       221.991     DN      CON
   0.8100     14.5372       7.0000       179.813   BOTH      CON
   0.6400     11.7051       7.0000       142.074   BOTH      CON
   0.4900      9.7576       7.0000       108.776   BOTH      CON
   0.3600      8.4885       7.0000       79.9169   BOTH      CON
   0.2500      7.7176       7.0000       55.4978   BOTH      CON
   0.1600      7.2938       7.0000       35.5186   BOTH      CON
   0.0900      7.0929       7.0000       19.9792   BOTH      CON
   0.0400      7.0187       7.0000       8.87965   BOTH      CON
   0.0100      7.0012       7.0000       2.21991   BOTH      CON
 Max. error in energy relative to energy loss= 3.2E-02  at PFQ=    0.0400

  Dwns piezometric head=    8.0000 Ups head at free flow=   19.4646
  Fraction   Upstream    Downstream      Flow     Location  Sense
  of Free   Piezometric  Piezometric   through       of      of
    Flow       Head         Head      Transition  Control   Flow
   1.0000     19.4646       8.0000       221.991     DN      CON
   0.8100     15.5216       8.0000       179.813   BOTH      CON
   0.6400     12.6956       8.0000       142.074   BOTH      CON
   0.4900     10.7520       8.0000       108.776   BOTH      CON
   0.3600      9.4855       8.0000       79.9169   BOTH      CON
   0.2500      8.7161       8.0000       55.4978   BOTH      CON
   0.1600      8.2932       8.0000       35.5186   BOTH      CON
   0.0900      8.0927       8.0000       19.9792   BOTH      CON
   0.0400      8.0187       8.0000       8.87965   BOTH      CON
   0.0100      8.0012       8.0000       2.21991   BOTH      CON
 Max. error in energy relative to energy loss= 3.2E-02  at PFQ=    0.0400

  Dwns piezometric head=    9.0000 Ups head at free flow=   20.4413
  Fraction   Upstream    Downstream      Flow     Location  Sense
  of Free   Piezometric  Piezometric   through       of      of
    Flow       Head         Head      Transition  Control   Flow
   1.0000     20.4413       9.0000       221.991     DN      CON
   0.8100     16.5060       9.0000       179.813   BOTH      CON
   0.6400     13.6859       9.0000       142.074   BOTH      CON
   0.4900     11.7465       9.0000       108.776   BOTH      CON
   0.3600     10.4824       9.0000       79.9169   BOTH      CON
   0.2500      9.7146       9.0000       55.4978   BOTH      CON
   0.1600      9.2926       9.0000       35.5186   BOTH      CON
   0.0900      9.0926       9.0000       19.9792   BOTH      CON
   0.0400      9.0186       9.0000       8.87965   BOTH      CON
   0.0100      9.0012       9.0000       2.21991   BOTH      CON
 Max. error in energy relative to energy loss= 3.2E-02  at PFQ=    0.0400

  Dwns piezometric head=   10.0000 Ups head at free flow=   21.4178
  Fraction   Upstream    Downstream      Flow     Location  Sense
  of Free   Piezometric  Piezometric   through       of      of
    Flow       Head         Head      Transition  Control   Flow
   1.0000     21.4178      10.0000       221.991     DN      CON
   0.8100     17.4906      10.0000       179.813   BOTH      CON
   0.6400     14.6762      10.0000       142.074   BOTH      CON
   0.4900     12.7410      10.0000       108.776   BOTH      CON
   0.3600     11.4793      10.0000       79.9169   BOTH      CON
   0.2500     10.7131      10.0000       55.4978   BOTH      CON
   0.1600     10.2920      10.0000       35.5186   BOTH      CON
   0.0900     10.0924      10.0000       19.9792   BOTH      CON
   0.0400     10.0186      10.0000       8.87965   BOTH      CON
   0.0100     10.0012      10.0000       2.21991   BOTH      CON
 Max. error in energy relative to energy loss= 3.2E-02  at PFQ=    0.0400

  Dwns piezometric head=   11.0000 Ups head at free flow=   22.3942
  Fraction   Upstream    Downstream      Flow     Location  Sense
  of Free   Piezometric  Piezometric   through       of      of
    Flow       Head         Head      Transition  Control   Flow
   1.0000     22.3942      11.0000       221.991     DN      CON
   0.8100     18.4754      11.0000       179.813   BOTH      CON
   0.6400     15.6665      11.0000       142.074   BOTH      CON
   0.4900     13.7355      11.0000       108.776   BOTH      CON
   0.3600     12.4762      11.0000       79.9169   BOTH      CON
   0.2500     11.7116      11.0000       55.4978   BOTH      CON
   0.1600     11.2914      11.0000       35.5186   BOTH      CON
   0.0900     11.0922      11.0000       19.9792   BOTH      CON
   0.0400     11.0185      11.0000       8.87965   BOTH      CON
   0.0100     11.0012      11.0000       2.21991   BOTH      CON
 Max. error in energy relative to energy loss= 3.2E-02  at PFQ=    0.0400

  Dwns piezometric head=   12.0000 Ups head at free flow=   23.3707
  Fraction   Upstream    Downstream      Flow     Location  Sense
  of Free   Piezometric  Piezometric   through       of      of
    Flow       Head         Head      Transition  Control   Flow
   1.0000     23.3707      12.0000       221.991     DN      CON
   0.8100     19.4622      12.0000       179.813   BOTH      CON
   0.6400     16.6568      12.0000       142.074   BOTH      CON
   0.4900     14.7299      12.0000       108.776   BOTH      CON
   0.3600     13.4732      12.0000       79.9169   BOTH      CON
   0.2500     12.7102      12.0000       55.4978   BOTH      CON
   0.1600     12.2908      12.0000       35.5186   BOTH      CON
   0.0900     12.0920      12.0000       19.9792   BOTH      CON
   0.0400     12.0185      12.0000       8.87965   BOTH      CON
   0.0100     12.0012      12.0000       2.21991   BOTH      CON
 Max. error in energy relative to energy loss= 3.2E-02  at PFQ=    0.0400
 
  
  
         Example of interpolating for cross section tables that                  
         will be output and that will be used in FEQ                             
         All of the tables that are used to interpolate from                     
         must have already been created and saved in this run                    
         or they must have been input using FTABIN                               
  
 XSINTERP                                                                        

 STATION FACTOR=   5280.00

 NODE ID PRESENT: YES 
 
   Node  Node Id TabId    Station Elevation   KA   KD HL Id
     31             153     1.992   657.750 0.00 0.00      
     32            -810     2.040   657.745 0.00 0.00      
     33               4     2.089   657.740 0.00 0.00      
     34            -812     2.194   657.370 0.00 0.00      
     35            -813     2.300   657.000 0.00 0.00      
     36            9000     2.398   656.993 0.00 0.00      
     37               -     2.514   656.985 0.00 0.00      
     38            -817     2.630   656.977 0.00 0.00      
     39               -     2.746   656.968 0.00 0.00      
     40              19     2.862   656.960 0.00 0.00      

     1 X-sections interpolated between  stations     1.992 and     2.089
      Max. depth =     15.700 NUMBER OF DEPTH VALUES =    30
      There are now     28 function tables and  7996456 locations left in FTAB.

     2 X-sections interpolated between  stations     2.089 and     2.398
      Max. depth =     15.700 NUMBER OF DEPTH VALUES =    28
      There are now     30 function tables and  7995966 locations left in FTAB.

     3 X-sections interpolated between  stations     2.398 and     2.862
      Max. depth =     15.000 NUMBER OF DEPTH VALUES =    23
      Start internal Tabid#=     1 End internal Tabid#=     2
      There are now     33 function tables and  7995489 locations left in FTAB.
 
  
  
  
  
 *     Example of the command to process HEC2 input files and extract
 *     the basic, unmodified cross sections as defined by the
 *     NC, NH, X1, X4, and GR cards.  No other cards are recognized by this
 *     initial version of HEC2X.  Over time, the command may be
 *     generalized to recognize some of the modification cards that
 *     HEC2 uses.
  
  
 HEC2X                                                                           
 MODE=DIRECT           
 HEC2X INPUT FILE NAME:../data/model01.inp                                             
 FEQX OUTPUT FILE NAME:HECFEQX                                                         
 OPTIONS: OUT20 MONOTONE NEWBETA                                                
 Selection of beta option "NEWBETA" implies checking for monotonicity.
 BEGINNING TABLE NUMBER= 1100 TABLE NUMBER INCREMENT=   -2
 BEGINNING STATION=      0.00 STATION DIRECTION=   1.
 STATIONING DIVISOR TO CONVERT FEET TO DESIRED UNIT=   5280.00




 TABID=    1100
 STATION=     0.000
 NAVM=    0  SCALE=     1.000 SHIFT=     0.000
 NSUB    3 0.050 0.035 0.050
     OFFSET ELEVATION SUBS   X1  0.01
       0.00     16.00    1
      35.00     14.00    1
      42.00     12.00    1
      49.00     10.00    1
      55.00      8.00    1
      75.00      8.00    2
      83.00      6.00    2
      90.00      4.00    2
      95.00      2.00    2
     102.00      0.00    2
     111.00      0.00    2
     117.00      2.00    2
     137.00      2.00    2
     142.00      4.00    2
     147.00      6.00    2
     153.00      8.00    3
     159.00     10.00    3
     167.00     12.00    3
     187.00     14.00    3
     495.00     16.00   -1
 

 *WRN:504*Line segment ending at (     75.00      8.00) is horizontal and not
      at minimum elevation.  Right hand end incremented by  0.053

 *WRN:504*Line segment ending at (    137.00      2.00) is horizontal and not
      at minimum elevation.  Right hand end incremented by  0.053

 *WRN:505* Decrease in conveyance in subsection   2 at elevation=     2.053
            decrease=  28.5 per cent

 ELEMENTS FOR SECTION ID: 1100

 TABID= 1100
 TYPE=  -20
 STATION= 0.00000E+00
 ELEVATION= 0.00000E+00

   DEPTH TOP WID    AREA SQR(CV)   BETA       J  ALPHA   CRITQ     MA     MQ  AVER n
   0.000 9.000+0 0.000+0 0.000+0  1.003 0.000+0  1.008 0.000+0  1.000  1.000  0.0000
   0.080 9.520+0 7.408-1 2.396+0  1.003 2.935-2  1.008 1.171+0  1.000  1.000  0.0350
   2.000 2.200+1 3.100+1 4.036+1  1.042 2.667+1  1.111 2.030+2  1.000  1.000  0.0350
   2.053 4.213+1 3.270+1 3.412+1  1.057 2.835+1  1.145 1.998+2  1.000  1.000  0.0350

 *WRN:506* Conveyance non-increasing at depth=      2.05
            decrease=  28.5 per cent
   4.000 5.200+1 1.243+2 9.646+1  1.058 1.781+2  1.170 1.006+3  1.000  1.000  0.0350
   6.000 6.400+1 2.403+2 1.556+2  1.043 5.388+2  1.119 2.534+3  1.000  1.000  0.0350
   8.000 7.779+1 3.821+2 2.145+2  1.045 1.157+3  1.123 4.642+3  1.000  1.000  0.0350
   8.053 9.832+1 3.868+2 2.162+2  1.047 1.177+3  1.126 4.676+3  1.000  1.000  0.0302
  10.000 1.100+2 5.896+2 2.887+2  1.087 2.124+3  1.229 7.360+3  1.000  1.000  0.0317
  12.000 1.250+2 8.246+2 3.632+2  1.098 3.533+3  1.262 1.125+4  1.000  1.000  0.0321
  14.000 1.520+2 1.102+3 4.379+2  1.113 5.450+3  1.307 1.587+4  1.000  1.000  0.0315
  16.000 4.950+2 1.749+3 5.177+2  1.284 8.186+3  1.801 1.840+4  1.000  1.000  0.0224
 
 Estimates of critical flow:
      Depth      Beta   dBetadY     Alpha  DAlphadY     Qbeta    Qalpha     Qcrit
    0.00000  1.003065  0.000000  1.007688  0.000000       0.0       0.0       0.0
    0.08000  1.003065  0.037016  1.007688  0.093301       1.2       1.2       1.2
    2.00000  1.041894  0.010472  1.110990  0.029584     206.0     200.0     208.8
    2.05300  1.056972  0.518311  1.144950  1.186016     202.0     197.6     163.5
    4.00000  1.057972 -0.021248  1.169904 -0.064493    1036.1     977.0    1091.0
    6.00000  1.042784 -0.001258  1.119388 -0.005874    2582.2    2485.7    2642.8
    8.00000  1.045375  0.002166  1.123211  0.005157    4724.6    4560.4    4805.9
    8.05300  1.046871  0.053196  1.126489  0.116692    4756.9    4596.8    4353.5
   10.00000  1.087031  0.007146  1.228689  0.021989    7563.6    7161.7    7745.7
   12.00000  1.097653  0.004261  1.261915  0.013459   11620.8   10891.7   12018.1
   14.00000  1.113243  0.009289  1.306652  0.026857   16454.7   15302.7   16828.3
   16.00000  1.284011  0.107351  1.800856  0.358587   19605.8   17259.6   18649.2




 TABID=    1098
 STATION=     0.070
 NAVM=    0  SCALE=     1.000 SHIFT=     0.000
 NSUB    3 0.050 0.035 0.050
     OFFSET ELEVATION SUBS   X1  370.
       0.00     20.50    1
      13.60     15.50    1
      24.20     14.70    1
      37.80      8.90    1
      56.90      8.20    1
      71.40      5.90    1
     114.30      5.00    1
     138.30      4.30    2
     140.50      0.50    2
     157.00      0.10    2
     162.10      1.30    2
     164.20      6.90    3
     177.40     14.60    3
     192.00     15.40    3
     235.40     15.30    3
     290.90     15.00   -1

 *WRN:503* UNEXPECTED SLOPE AT RIGHT END.
  SLOPE EXPECTED TO BE > 0 AT RIGHT BOUNDARY
 

 *WRN:505* Decrease in conveyance in subsection   3 at elevation=    14.700
            decrease=   2.9 per cent

 *WRN:505* Decrease in conveyance in subsection   3 at elevation=    15.000
            decrease=   2.3 per cent

 ELEMENTS FOR SECTION ID: 1098

 TABID= 1098
 TYPE=  -20
 STATION= 7.00758E-02
 ELEVATION= 1.00000E-01

   DEPTH TOP WID    AREA SQR(CV)   BETA       J  ALPHA   CRITQ     MA     MQ  AVER n
   0.000 0.000+0 0.000+0 0.000+0  1.067 0.000+0  1.185 0.000+0  1.000  1.000  0.0000
   0.080 3.640+0 1.456-1 8.507-1  1.067 3.883-3  1.185 1.558-1  1.000  1.000  0.0350
   0.400 1.820+1 3.640+0 7.273+0  1.067 4.853-1  1.185 8.711+0  1.000  1.000  0.0350
   1.200 2.206+1 1.975+1 2.769+1  1.020 9.633+0  1.054 1.042+2  1.000  1.000  0.0350
   2.700 2.349+1 5.391+1 6.109+1  1.018 6.461+1  1.046 4.581+2  1.000  1.000  0.0350
   4.200 2.493+1 9.023+1 9.013+1  1.025 1.724+2  1.063 9.639+2  1.000  1.000  0.0350
   4.900 4.919+1 1.162+2 1.042+2  1.084 2.437+2  1.199 1.131+3  1.000  1.000  0.0265
   5.800 9.242+1 1.799+2 1.252+2  1.225 3.740+2  1.594 1.404+3  1.000  1.000  0.0256
   6.800 9.910+1 2.757+2 1.550+2  1.274 6.012+2  1.807 2.129+3  1.000  1.000  0.0324
   8.100 1.095+2 4.113+2 1.979+2  1.246 1.046+3  1.772 3.582+3  1.000  1.000  0.0363
   8.800 1.298+2 4.950+2 2.185+2  1.237 1.363+3  1.755 4.502+3  1.000  1.000  0.0364
  10.700 1.375+2 7.490+2 2.890+2  1.200 2.542+3  1.658 7.952+3  1.000  1.000  0.0399
  12.600 1.453+2 1.018+3 3.589+2  1.165 4.218+3  1.547 1.257+4  1.000  1.000  0.0415
  14.500 1.530+2 1.301+3 4.279+2  1.142 6.419+3  1.470 1.817+4  1.000  1.000  0.0423
  14.600 1.550+2 1.316+3 4.313+2  1.141 6.550+3  1.467 1.848+4  1.000  1.000  0.0422
  14.900 1.645+2 1.364+3 4.394+2  1.139 6.952+3  1.461 1.937+4  1.000  1.000  0.0415
 
 Estimates of critical flow:
      Depth      Beta   dBetadY     Alpha  DAlphadY     Qbeta    Qalpha     Qcrit
    0.00000  1.066697  0.000000  1.185281  0.000000       0.0       0.0       0.0
    0.08000  1.066697 -0.000003  1.185281 -0.000002       0.2       0.2       0.2
    0.40000  1.066696  0.000000  1.185279  0.000000       8.9       8.5       9.2
    1.20000  1.020222  0.002700  1.053877  0.002100     105.1     103.3     106.0
    2.70000  1.017989  0.003515  1.045569  0.007291     461.2     455.1     463.4
    4.20000  1.025366  0.005637  1.062623  0.013606     971.7     956.1     974.1
    4.90000  1.084104  0.128440  1.199475  0.317765    1146.5    1115.8    1013.0
    5.80000  1.224673  0.147936  1.593501  0.475619    1471.4    1339.3    1424.1
    6.80000  1.273664 -0.005982  1.806688  0.042895    2296.6    1973.7    2608.8
    8.10000  1.245827 -0.026843  1.772153 -0.060935    3897.0    3292.4    4522.2
    8.80000  1.236620 -0.004550  1.754813 -0.001338    4898.5    4137.9    5485.4
   10.70000  1.200224 -0.021780  1.657516 -0.065332    8637.3    7321.6    9919.1
   12.60000  1.165020 -0.015108  1.547297 -0.049010   13559.5   11658.9   15286.0
   14.50000  1.141744 -0.009777  1.470247 -0.033012   19453.6   16964.9   21530.3
   14.60000  1.140844 -0.008252  1.467155 -0.028899   19781.3   17263.7   21767.7
   14.90000  1.139299 -0.002395  1.461024 -0.012782   20710.2   18121.3   22297.6




 TABID=    1096
 STATION=     0.155
 NAVM=    0  SCALE=     1.000 SHIFT=     0.000
 NSUB    3 0.050 0.035 0.050
     OFFSET ELEVATION SUBS   X1  820.
       0.00     21.60    1
      42.00     18.90    1
      71.10      9.20    1
      92.70      7.30    2
      99.30      2.90    2
     101.60      1.90    2
     112.10      1.20    2
     126.50      1.50    2
     131.00      2.80    2
     164.20      4.20    2
     168.70      6.80    3
     193.00     12.90    3
     206.50     17.00    3
     269.70     16.20    3
     321.10     15.90   -1

 *WRN:503* UNEXPECTED SLOPE AT RIGHT END.
  SLOPE EXPECTED TO BE > 0 AT RIGHT BOUNDARY
 

 ELEMENTS FOR SECTION ID: 1096

 TABID= 1096
 TYPE=  -20
 STATION= 1.55303E-01
 ELEVATION= 1.20000E+00

   DEPTH TOP WID    AREA SQR(CV)   BETA       J  ALPHA   CRITQ     MA     MQ  AVER n
   0.000 0.000+0 0.000+0 0.000+0  1.067 0.000+0  1.185 0.000+0  1.000  1.000  0.0000
   0.080 5.040+0 2.016-1 1.002+0  1.067 5.376-3  1.185 2.158-1  1.000  1.000  0.0350
   0.300 1.890+1 2.835+0 5.836+0  1.067 2.835-1  1.185 5.876+0  1.000  1.000  0.0350
   0.700 2.628+1 1.187+1 1.723+1  1.033 3.126+0  1.091 4.390+1  1.000  1.000  0.0350
   1.600 3.147+1 3.786+1 4.252+1  1.022 2.516+1  1.057 2.313+2  1.000  1.000  0.0350
   1.700 3.407+1 4.114+1 4.438+1  1.024 2.910+1  1.062 2.569+2  1.000  1.000  0.0350
   3.000 6.685+1 1.067+2 7.846+1  1.074 1.206+2  1.199 7.299+2  1.000  1.000  0.0350
   4.300 7.105+1 1.964+2 1.274+2  1.051 3.170+2  1.145 1.723+3  1.000  1.000  0.0350
   5.600 7.525+1 2.915+2 1.732+2  1.036 6.335+2  1.102 3.103+3  1.000  1.000  0.0350
   6.100 7.799+1 3.298+2 1.910+2  1.034 7.888+2  1.095 3.709+3  1.000  1.000  0.0345
   8.000 1.072+2 5.057+2 2.604+2  1.060 1.574+3  1.154 6.229+3  1.000  1.000  0.0307
   9.850 1.201+2 7.159+2 3.291+2  1.083 2.700+3  1.214 9.504+3  1.000  1.000  0.0318
  11.700 1.330+2 9.500+2 3.980+2  1.094 4.237+3  1.250 1.360+4  1.000  1.000  0.0325
  13.200 1.424+2 1.157+3 4.541+2  1.100 5.815+3  1.270 1.749+4  1.000  1.000  0.0331
  14.700 1.519+2 1.377+3 5.102+2  1.105 7.714+3  1.287 2.188+4  1.000  1.000  0.0336
 
 Estimates of critical flow:
      Depth      Beta   dBetadY     Alpha  DAlphadY     Qbeta    Qalpha     Qcrit
    0.00000  1.066670  0.000000  1.185189  0.000000       0.0       0.0       0.0
    0.08000  1.066670 -0.000001  1.185189  0.000001       0.2       0.2       0.2
    0.30000  1.066668 -0.000001  1.185188  0.000000       6.0       5.7       6.2
    0.70000  1.033242 -0.001399  1.090608 -0.014890      44.5      43.3      45.3
    1.60000  1.021539  0.001647  1.057476  0.001954     233.4     229.3     235.7
    1.70000  1.023676  0.035978  1.062062  0.080153     259.1     254.8     256.5
    3.00000  1.074272  0.017030  1.199113  0.055799     747.9     712.3     765.3
    4.30000  1.050946 -0.017971  1.144807 -0.049202    1765.8    1682.2    1852.5
    5.60000  1.035883 -0.006715  1.101633 -0.020299    3158.8    3047.4    3255.1
    6.10000  1.033862 -0.001852  1.094790 -0.008119    3770.2    3649.2    3848.0
    8.00000  1.060162  0.019899  1.153570  0.049046    6341.1    6118.5    6233.3
    9.85000  1.082599  0.007843  1.214274  0.023147    9745.4    9268.0    9918.5
   11.70000  1.094108  0.005109  1.249528  0.016153   14008.9   13196.5   14406.8
   13.20000  1.100493  0.003638  1.270382  0.012196   18070.6   16924.9   18700.8
   14.70000  1.105406  0.002985  1.287080  0.010259   22664.2   21130.4   23535.2




 TABID=    1094
 STATION=     0.162
 NAVM=    0  SCALE=     1.000 SHIFT=     0.000
 NSUB    3 0.050 0.035 0.050
     OFFSET ELEVATION SUBS   X1  854.
       0.00     19.40    1
      46.60     20.00    1
      87.20     18.70    1
     103.40     17.00    2
     134.35      1.20    2
     196.25      1.20    2
     236.40     17.00    3
     251.80     17.00    3
     308.20     16.10    3
     354.20     15.40   -1

 *WRN:502* UNEXPECTED SLOPE AT LEFT END.
  SLOPE EXPECTED TO BE < 0  AT LEFT BOUNDARY

 *WRN:503* UNEXPECTED SLOPE AT RIGHT END.
  SLOPE EXPECTED TO BE > 0 AT RIGHT BOUNDARY

 *WRN:556* Some point in cross section higher than either end.
          All area above minimum end elevation is ignored.
 

 *WRN:504*Line segment ending at (    251.80     17.00) is horizontal and not
      at minimum elevation.  Right hand end incremented by  0.053

 ELEMENTS FOR SECTION ID: 1094

 TABID= 1094
 TYPE=  -20
 STATION= 1.61742E-01
 ELEVATION= 1.20000E+00

   DEPTH TOP WID    AREA SQR(CV)   BETA       J  ALPHA   CRITQ     MA     MQ  AVER n
   0.000 6.190+1 0.000+0 0.000+0  1.000 0.000+0  1.001 0.000+0  1.000  1.000  0.0000
   0.080 6.226+1 4.966+0 6.258+0  1.000 1.985-1  1.001 7.959+0  1.000  1.000  0.0350
   2.367 7.255+1 1.591+2 1.064+2  1.009 1.833+2  1.024 1.332+3  1.000  1.000  0.0350
   4.733 8.320+1 3.434+2 1.924+2  1.017 7.730+2  1.044 3.927+3  1.000  1.000  0.0350
   7.100 9.385+1 5.529+2 2.742+2  1.024 1.829+3  1.061 7.522+3  1.000  1.000  0.0350
   9.467 1.045+2 7.876+2 3.545+2  1.029 3.410+3  1.076 1.207+4  1.000  1.000  0.0350
  11.833 1.151+2 1.048+3 4.345+2  1.034 5.577+3  1.089 1.757+4  1.000  1.000  0.0350
  14.200 1.258+2 1.333+3 5.149+2  1.038 8.388+3  1.100 2.404+4  1.000  1.000  0.0350
 
 Estimates of critical flow:
      Depth      Beta   dBetadY     Alpha  DAlphadY     Qbeta    Qalpha     Qcrit
    0.00000  1.000350  0.000000  1.000871  0.000000       0.0       0.0       0.0
    0.08000  1.000350  0.004284  1.000871  0.010764       8.0       8.0       8.0
    2.36667  1.009380  0.003603  1.023723  0.009221    1335.9    1327.9    1336.9
    4.73333  1.017176  0.003009  1.043887  0.007865    3949.5    3905.3    3958.9
    7.10000  1.023714  0.002535  1.061137  0.006749    7582.2    7463.1    7615.4
    9.46667  1.029244  0.002152  1.075982  0.005825   12191.0   11951.5   12270.2
   11.83333  1.033954  0.001840  1.088828  0.005054   17776.6   17366.4   17929.0
   14.20000  1.037994  0.001583  1.100001  0.004407   24356.2   23721.0   24613.4




 TABID=    1092
 STATION=     0.171
 NAVM=    0  SCALE=     1.000 SHIFT=     0.000
 NSUB    3 0.050 0.035 0.050
     OFFSET ELEVATION SUBS   X1  904.
       0.00     19.40    1
      46.60     20.00    1
      87.20     18.70    1
     101.30     13.70    1
     116.70      8.20    1
     142.80      6.20    2
     148.30      0.80    2
     160.10      1.60    2
     173.40      2.20    2
     190.40      2.70    2
     198.60      4.70    2
     210.80      9.20    3
     251.80     17.00    3
     308.20     16.10    3
     354.20     15.40   -1

 *WRN:502* UNEXPECTED SLOPE AT LEFT END.
  SLOPE EXPECTED TO BE < 0  AT LEFT BOUNDARY

 *WRN:503* UNEXPECTED SLOPE AT RIGHT END.
  SLOPE EXPECTED TO BE > 0 AT RIGHT BOUNDARY

 *WRN:556* Some point in cross section higher than either end.
          All area above minimum end elevation is ignored.
 

 ELEMENTS FOR SECTION ID: 1092

 TABID= 1092
 TYPE=  -20
 STATION= 1.71212E-01
 ELEVATION= 8.00000E-01

   DEPTH TOP WID    AREA SQR(CV)   BETA       J  ALPHA   CRITQ     MA     MQ  AVER n
   0.000 0.000+0 0.000+0 0.000+0  1.069 0.000+0  1.194 0.000+0  1.000  1.000  0.0000
   0.080 1.261+0 5.046-2 4.966-1  1.069 1.346-3  1.194 5.388-2  1.000  1.000  0.0350
   0.800 1.261+1 5.046+0 1.070+1  1.069 1.346+0  1.194 1.704+1  1.000  1.000  0.0350
   1.400 2.653+1 1.679+1 2.278+1  1.084 7.478+0  1.237 7.042+1  1.000  1.000  0.0350
   1.900 4.404+1 3.443+1 3.505+1  1.096 1.992+1  1.272 1.597+2  1.000  1.000  0.0350
   3.900 5.427+1 1.327+2 1.001+2  1.034 1.837+2  1.095 1.132+3  1.000  1.000  0.0350
   5.400 5.987+1 2.183+2 1.462+2  1.030 4.459+2  1.081 2.300+3  1.000  1.000  0.0350
   7.400 9.139+1 3.696+2 2.089+2  1.070 1.023+3  1.177 4.204+3  1.000  1.000  0.0313
   8.400 9.690+1 4.637+2 2.418+2  1.085 1.440+3  1.220 5.494+3  1.000  1.000  0.0328
  10.650 1.150+2 7.022+2 3.227+2  1.099 2.744+3  1.267 9.232+3  1.000  1.000  0.0328
  12.900 1.332+2 9.814+2 4.038+2  1.111 4.630+3  1.304 1.404+4  1.000  1.000  0.0332
  14.600 1.469+2 1.219+3 4.655+2  1.118 6.497+3  1.328 1.839+4  1.000  1.000  0.0336
 
 Estimates of critical flow:
      Depth      Beta   dBetadY     Alpha  DAlphadY     Qbeta    Qalpha     Qcrit
    0.00000  1.069322  0.000000  1.193509  0.000000       0.0       0.0       0.0
    0.08000  1.069322 -0.000002  1.193509 -0.000002       0.1       0.1       0.1
    0.80000  1.069319  0.000000  1.193507  0.000000      17.5      16.6      18.1
    1.40000  1.084215 -0.001298  1.237348  0.003518      72.8      68.2      75.8
    1.90000  1.095782  0.009023  1.271563  0.034382     165.6     154.0     172.7
    3.90000  1.033859 -0.005338  1.095421 -0.018643    1151.2    1113.9    1177.9
    5.40000  1.029625 -0.000448  1.080716 -0.002572    2330.0    2271.1    2366.1
    7.40000  1.069625  0.024864  1.176805  0.064877    4284.4    4124.6    4217.7
    8.40000  1.084575  0.008418  1.219614  0.027230    5633.4    5357.8    5756.8
   10.65000  1.099381  0.005543  1.267476  0.017822    9536.6    8937.9    9844.2
   12.90000  1.110686  0.004564  1.303979  0.014889   14567.2   13526.8   15118.0
   14.60000  1.117926  0.003956  1.327877  0.013242   19139.2   17670.9   19936.9




 TABID=    1090
 STATION=     0.317
 NAVM=    0  SCALE=     1.000 SHIFT=     0.000
 NSUB    3 0.050 0.035 0.050
     OFFSET ELEVATION SUBS   X1 1674.
       0.00     28.70    1
      27.10     19.50    1
      43.00     14.60    1
      58.90      9.10    1
      93.90      6.10    2
      99.70      3.40    2
     105.10      3.20    2
     109.50      4.90    3
     142.50      5.10    3
     171.50     13.60    3
     275.20     16.80   -1
 

 ELEMENTS FOR SECTION ID: 1090

 TABID= 1090
 TYPE=  -20
 STATION= 3.17045E-01
 ELEVATION= 3.20000E+00

   DEPTH TOP WID    AREA SQR(CV)   BETA       J  ALPHA   CRITQ     MA     MQ  AVER n
   0.000 0.000+0 0.000+0 0.000+0  1.067 0.000+0  1.186 0.000+0  1.000  1.000  0.0000
   0.080 2.367+0 9.468-2 6.850-1  1.067 2.525-3  1.186 1.013-1  1.000  1.000  0.0350
   0.200 5.918+0 5.918-1 2.324+0  1.067 3.945-2  1.186 1.001+0  1.000  1.000  0.0350
   1.700 1.302+1 1.480+1 2.577+1  1.044 1.025+1  1.118 8.682+1  1.000  1.000  0.0350
   1.900 4.645+1 2.074+1 2.958+1  1.184 1.369+1  1.467 9.031+1  1.000  1.000  0.0204
   2.900 5.201+1 6.998+1 5.724+1  1.210 5.859+1  1.678 3.618+2  1.000  1.000  0.0383
   4.400 7.463+1 1.650+2 1.030+2  1.144 2.305+2  1.461 1.203+3  1.000  1.000  0.0388
   5.900 9.725+1 2.939+2 1.503+2  1.131 5.704+2  1.414 2.557+3  1.000  1.000  0.0401
   8.150 1.114+2 5.286+2 2.253+2  1.106 1.490+3  1.336 5.795+3  1.000  1.000  0.0432
  10.400 1.256+2 7.953+2 3.000+2  1.092 2.973+3  1.290 1.028+4  1.000  1.000  0.0443
  11.400 1.609+2 9.385+2 3.196+2  1.100 3.837+3  1.308 1.228+4  1.000  1.000  0.0438
  13.600 2.393+2 1.379+3 3.902+2  1.139 6.355+3  1.417 1.742+4  1.000  1.000  0.0429
 
 Estimates of critical flow:
      Depth      Beta   dBetadY     Alpha  DAlphadY     Qbeta    Qalpha     Qcrit
    0.00000  1.066842  0.000000  1.185757  0.000000       0.0       0.0       0.0
    0.08000  1.066842 -0.000002  1.185757 -0.000001       0.1       0.1       0.1
    0.20000  1.066841 -0.000001  1.185756 -0.000001       1.0       1.0       1.1
    1.70000  1.044493  0.013265  1.118476  0.037534      88.2      85.4      89.5
    1.90000  1.184343  1.061413  1.467370  2.942412      93.3      87.4      78.7
    2.90000  1.210278 -0.118824  1.677734 -0.354157     393.5     332.7     460.6
    4.40000  1.143691 -0.015132  1.460689 -0.054015    1282.7    1128.6    1391.6
    5.90000  1.130624 -0.005092  1.413635 -0.018209    2707.8    2414.7    2898.7
    8.15000  1.105695 -0.009137  1.336281 -0.029354    6095.1    5510.3    6533.6
   10.40000  1.091666 -0.003971  1.289631 -0.013803   10745.3    9834.2   11355.5
   11.40000  1.099984  0.015742  1.307816  0.039303   12810.3   11775.3   12862.5
   13.60000  1.138535  0.014910  1.416769  0.046919   18303.8   16588.3   18779.4




 TABID=    1088
 STATION=     0.405
 NAVM=    0  SCALE=     1.000 SHIFT=     0.000
 NSUB    3 0.050 0.035 0.050
     OFFSET ELEVATION SUBS   X1 2139.
       0.00     28.70    1
       1.00     25.00    1
       1.20     24.30    1
      27.10     19.50    1
      43.00     14.60    1
      58.90      9.10    1
      90.00     10.00    1
      93.90      6.10    2
      99.70      3.40    2
     105.10      3.20    2
     109.50      4.90    3
     142.50      5.10    3
     150.00     20.00    3
     171.50     13.60    3
     200.00     25.00    3
     275.20     16.80   -1

 *WRN:503* UNEXPECTED SLOPE AT RIGHT END.
  SLOPE EXPECTED TO BE > 0 AT RIGHT BOUNDARY
 

 ELEMENTS FOR SECTION ID: 1088

 TABID= 1088
 TYPE=  -20
 STATION= 4.05114E-01
 ELEVATION= 3.20000E+00

   DEPTH TOP WID    AREA SQR(CV)   BETA       J  ALPHA   CRITQ     MA     MQ  AVER n
   0.000 0.000+0 0.000+0 0.000+0  1.067 0.000+0  1.186 0.000+0  1.000  1.000  0.0000
   0.080 2.367+0 9.468-2 6.850-1  1.067 2.525-3  1.186 1.013-1  1.000  1.000  0.0350
   0.200 5.918+0 5.918-1 2.324+0  1.067 3.945-2  1.186 1.001+0  1.000  1.000  0.0350
   1.700 1.302+1 1.480+1 2.577+1  1.044 1.025+1  1.118 8.682+1  1.000  1.000  0.0350
   1.900 4.645+1 2.074+1 2.958+1  1.184 1.369+1  1.467 9.031+1  1.000  1.000  0.0204
   2.900 4.910+1 6.852+1 5.704+1  1.204 5.810+1  1.654 3.611+2  1.000  1.000  0.0384
   4.400 5.136+1 1.439+2 1.001+2  1.108 2.170+2  1.347 1.186+3  1.000  1.000  0.0409
   5.900 5.361+1 2.226+2 1.400+2  1.084 4.914+2  1.263 2.333+3  1.000  1.000  0.0414
   6.800 8.867+1 2.866+2 1.635+2  1.116 7.182+2  1.339 2.910+3  1.000  1.000  0.0335
   8.600 9.478+1 4.517+2 2.163+2  1.137 1.381+3  1.414 4.919+3  1.000  1.000  0.0388
  10.400 1.009+2 6.278+2 2.700+2  1.124 2.351+3  1.381 7.791+3  1.000  1.000  0.0411
  11.400 1.101+2 7.333+2 2.949+2  1.120 3.031+3  1.370 9.603+3  1.000  1.000  0.0420
  13.600 1.313+2 9.989+2 3.553+2  1.122 4.928+3  1.374 1.413+4  1.000  1.000  0.0430
 
 Estimates of critical flow:
      Depth      Beta   dBetadY     Alpha  DAlphadY     Qbeta    Qalpha     Qcrit
    0.00000  1.066842  0.000000  1.185757  0.000000       0.0       0.0       0.0
    0.08000  1.066842 -0.000002  1.185757 -0.000001       0.1       0.1       0.1
    0.20000  1.066841 -0.000001  1.185756 -0.000001       1.0       1.0       1.1
    1.70000  1.044493  0.013265  1.118476  0.037534      88.2      85.4      89.5
    1.90000  1.184343  1.061413  1.467370  2.942412      93.3      87.4      78.7
    2.90000  1.203564 -0.121428  1.653563 -0.363358     392.0     332.6     459.3
    4.40000  1.107882 -0.028319  1.346853 -0.096305    1254.0    1122.5    1366.4
    5.90000  1.083771 -0.008265  1.262557 -0.030347    2434.1    2235.5    2573.8
    6.80000  1.115767  0.056906  1.339436  0.151528    3029.3    2795.1    2924.2
    8.60000  1.137454 -0.005862  1.414047 -0.009707    5183.8    4668.0    5596.1
   10.40000  1.123595 -0.007639  1.380928 -0.020728    8212.3    7392.1    8887.2
   11.40000  1.119709 -0.001316  1.369540 -0.004662   10108.0    9123.8   10737.7
   13.60000  1.121862  0.001986  1.374164  0.005478   14862.4   13440.5   15635.6




 TABID=    1086
 STATION=     0.493
 NAVM=    0  SCALE=     1.000 SHIFT=     0.000
 NSUB    3 0.050 0.035 0.050
     OFFSET ELEVATION SUBS   X1 2604.
       0.00     18.00    1
      10.00     18.00    2
      10.01      3.32    2
      21.00      3.32    2
      21.01     18.00    3
      31.00     18.00   -1

 *WRN:502* UNEXPECTED SLOPE AT LEFT END.
  SLOPE EXPECTED TO BE < 0  AT LEFT BOUNDARY

 *WRN:503* UNEXPECTED SLOPE AT RIGHT END.
  SLOPE EXPECTED TO BE > 0 AT RIGHT BOUNDARY
 

 *WRN:504*Line segment ending at (     10.00     18.00) is horizontal and not
      at minimum elevation.  Right hand end incremented by  0.053

 *WRN:504*Line segment ending at (     31.00     18.00) is horizontal and not
      at minimum elevation.  Right hand end incremented by  0.053

 ELEMENTS FOR SECTION ID: 1086

 TABID= 1086
 TYPE=  -20
 STATION= 4.93182E-01
 ELEVATION= 3.32000E+00

   DEPTH TOP WID    AREA SQR(CV)   BETA       J  ALPHA   CRITQ     MA     MQ  AVER n
   0.000 1.099+1 0.000+0 0.000+0  1.000 0.000+0  1.000 0.000+0  1.000  1.000  0.0000
   0.080 1.099+1 8.792-1 2.623+0  1.000 3.517-2  1.000 1.411+0  1.000  1.000  0.0350
   2.447 1.099+1 2.689+1 4.033+1  1.000 3.290+1  1.000 2.387+2  1.000  1.000  0.0350
   4.893 1.100+1 5.379+1 6.571+1  1.000 1.316+2  1.001 6.751+2  1.000  1.000  0.0350
   7.340 1.100+1 8.070+1 8.587+1  1.000 2.961+2  1.001 1.240+3  1.000  1.000  0.0350
   9.787 1.100+1 1.076+2 1.030+2  1.001 5.265+2  1.001 1.910+3  1.000  1.000  0.0350
  12.233 1.101+1 1.345+2 1.180+2  1.001 8.228+2  1.001 2.669+3  1.000  1.000  0.0350
  14.680 1.101+1 1.615+2 1.316+2  1.001 1.185+3  1.002 3.508+3  1.000  1.000  0.0350
 
 Estimates of critical flow:
      Depth      Beta   dBetadY     Alpha  DAlphadY     Qbeta    Qalpha     Qcrit
    0.00000  1.000007  0.000000  1.000012  0.000000       0.0       0.0       0.0
    0.08000  1.000007  0.000018  1.000012  0.000064       1.4       1.4       1.4
    2.44667  1.000149  0.000061  1.000299  0.000123     238.7     238.7     238.7
    4.89333  1.000298  0.000061  1.000599  0.000123     675.1     675.0     675.1
    7.34000  1.000447  0.000061  1.000899  0.000123    1240.4    1240.1    1240.4
    9.78667  1.000596  0.000061  1.001199  0.000123    1909.9    1909.3    1909.9
   12.23333  1.000746  0.000061  1.001499  0.000123    2669.4    2668.4    2669.4
   14.68000  1.000895  0.000061  1.001799  0.000123    3509.2    3507.7    3509.2




 TABID=    1084
 STATION=     0.530
 NAVM=    0  SCALE=     1.000 SHIFT=     0.000
 NSUB    3 0.050 0.011 0.050
     OFFSET ELEVATION SUBS   X1 2800.
       0.00     18.00    1
      10.00     18.00    2
      10.01      3.45    2
      21.00      3.45    2
      21.01     18.00    3
      31.00     18.00   -1

 *WRN:502* UNEXPECTED SLOPE AT LEFT END.
  SLOPE EXPECTED TO BE < 0  AT LEFT BOUNDARY

 *WRN:503* UNEXPECTED SLOPE AT RIGHT END.
  SLOPE EXPECTED TO BE > 0 AT RIGHT BOUNDARY
 

 *WRN:504*Line segment ending at (     10.00     18.00) is horizontal and not
      at minimum elevation.  Right hand end incremented by  0.053

 *WRN:504*Line segment ending at (     31.00     18.00) is horizontal and not
      at minimum elevation.  Right hand end incremented by  0.053

 ELEMENTS FOR SECTION ID: 1084

 TABID= 1084
 TYPE=  -20
 STATION= 5.30303E-01
 ELEVATION= 3.45000E+00

   DEPTH TOP WID    AREA SQR(CV)   BETA       J  ALPHA   CRITQ     MA     MQ  AVER n
   0.000 1.099+1 0.000+0 0.000+0  1.000 0.000+0  1.000 0.000+0  1.000  1.000  0.0000
   0.080 1.099+1 8.792-1 4.680+0  1.000 3.517-2  1.000 1.411+0  1.000  1.000  0.0110
   2.425 1.099+1 2.665+1 7.147+1  1.000 3.232+1  1.000 2.355+2  1.000  1.000  0.0110
   4.850 1.100+1 5.332+1 1.165+2  1.000 1.293+2  1.001 6.661+2  1.000  1.000  0.0110
   7.275 1.100+1 7.999+1 1.523+2  1.000 2.909+2  1.001 1.224+3  1.000  1.000  0.0110
   9.700 1.100+1 1.067+2 1.827+2  1.001 5.172+2  1.001 1.884+3  1.000  1.000  0.0110
  12.125 1.101+1 1.334+2 2.094+2  1.001 8.083+2  1.001 2.633+3  1.000  1.000  0.0110
  14.550 1.101+1 1.600+2 2.336+2  1.001 1.164+3  1.002 3.462+3  1.000  1.000  0.0110
 
 Estimates of critical flow:
      Depth      Beta   dBetadY     Alpha  DAlphadY     Qbeta    Qalpha     Qcrit
    0.00000  1.000007  0.000000  1.000012  0.000000       0.0       0.0       0.0
    0.08000  1.000007  0.000018  1.000012  0.000064       1.4       1.4       1.4
    2.42500  1.000149  0.000062  1.000299  0.000124     235.5     235.5     235.5
    4.85000  1.000298  0.000062  1.000599  0.000124     666.2     666.1     666.2
    7.27500  1.000447  0.000062  1.000899  0.000124    1224.0    1223.7    1224.0
    9.70000  1.000596  0.000062  1.001199  0.000124    1884.6    1884.0    1884.6
   12.12500  1.000746  0.000062  1.001499  0.000124    2634.0    2633.0    2634.0
   14.55000  1.000895  0.000062  1.001799  0.000124    3462.7    3461.2    3462.7




 TABID=    1082
 STATION=     0.549
 NAVM=    0  SCALE=     1.000 SHIFT=     0.000
 NSUB    3 0.050 0.035 0.050
     OFFSET ELEVATION SUBS   X1 2900.
       0.00     19.90    1
      72.20     17.40    1
     133.80     14.90    1
     140.40     11.90    1
     158.00      6.20    2
     159.20      2.60    2
     173.10      2.60    2
     182.00      3.30    2
     183.50      6.40    3
     202.00     12.10    3
     219.80     13.40    3
     230.10     14.00    3
     296.90     15.40    3
     378.50     17.60   -1
 

 *WRN:505* Decrease in conveyance in subsection   1 at elevation=    15.400
            decrease=   4.9 per cent

 ELEMENTS FOR SECTION ID: 1082

 TABID= 1082
 TYPE=  -20
 STATION= 5.49242E-01
 ELEVATION= 2.60000E+00

   DEPTH TOP WID    AREA SQR(CV)   BETA       J  ALPHA   CRITQ     MA     MQ  AVER n
   0.000 1.390+1 0.000+0 0.000+0  1.004 0.000+0  1.010 0.000+0  1.000  1.000  0.0000
   0.080 1.494+1 1.154+0 2.980+0  1.004 4.559-2  1.010 1.817+0  1.000  1.000  0.0350
   0.700 2.303+1 1.293+1 1.920+1  1.026 4.151+0  1.067 5.418+1  1.000  1.000  0.0350
   2.150 2.422+1 4.718+1 5.418+1  1.016 4.752+1  1.041 3.693+2  1.000  1.000  0.0350
   3.600 2.540+1 8.316+1 8.373+1  1.022 1.418+2  1.055 8.456+2  1.000  1.000  0.0350
   3.800 2.612+1 8.831+1 8.776+1  1.024 1.590+2  1.058 9.199+2  1.000  1.000  0.0345
   5.633 3.773+1 1.468+2 1.264+2  1.073 3.713+2  1.179 1.653+3  1.000  1.000  0.0311
   7.467 4.934+1 2.267+2 1.663+2  1.121 7.104+2  1.315 2.640+3  1.000  1.000  0.0314
   9.300 6.095+1 3.277+2 2.081+2  1.153 1.215+3  1.419 3.968+3  1.000  1.000  0.0324
   9.500 6.204+1 3.400+2 2.128+2  1.156 1.282+3  1.428 4.137+3  1.000  1.000  0.0326
  10.800 8.270+1 4.341+2 2.426+2  1.184 1.782+3  1.520 5.228+3  1.000  1.000  0.0315
  11.400 9.432+1 4.872+2 2.573+2  1.201 2.058+3  1.575 5.780+3  1.000  1.000  0.0313
  12.300 1.392+2 5.923+2 2.791+2  1.245 2.541+3  1.718 6.524+3  1.000  1.000  0.0288
  12.800 1.754+2 6.710+2 2.903+2  1.280 2.856+3  1.837 6.949+3  1.000  1.000  0.0283
  14.800 2.989+2 1.145+3 3.600+2  1.387 4.631+3  2.289 1.003+4  1.000  1.000  0.0317
  15.000 3.121+2 1.206+3 3.683+2  1.391 4.867+3  2.317 1.049+4  1.000  1.000  0.0322
 
 Estimates of critical flow:
      Depth      Beta   dBetadY     Alpha  DAlphadY     Qbeta    Qalpha     Qcrit
    0.00000  1.003935  0.000000  1.009810  0.000000       0.0       0.0       0.0
    0.08000  1.003935  0.047145  1.009810  0.118179       1.8       1.8       1.8
    0.70000  1.026056  0.026744  1.066826  0.070965      54.7      53.7      55.0
    2.15000  1.016108  0.002456  1.040543  0.004076     371.6     367.1     373.7
    3.60000  1.022482  0.005334  1.054634  0.012584     851.7     839.6     853.8
    3.80000  1.024102  0.010411  1.058351  0.023758     926.6     913.2     921.5
    5.63333  1.073267  0.030140  1.178800  0.079459    1681.2    1624.3    1643.8
    7.46667  1.121275  0.021665  1.314785  0.066134    2727.0    2556.2    2756.5
    9.30000  1.153183  0.013547  1.418524  0.047291    4149.3    3795.1    4312.7
    9.50000  1.155765  0.012305  1.427655  0.044084    4330.4    3951.8    4517.6
   10.80000  1.184277  0.026018  1.519791  0.085001    5514.3    4956.6    5644.2
   11.40000  1.200950  0.028629  1.574795  0.096034    6123.6    5455.6    6284.0
   12.30000  1.245103  0.060338  1.718053  0.201334    6973.1    6104.3    6932.6
   12.80000  1.280006  0.075690  1.836554  0.263972    7482.6    6453.2    7446.9
   14.80000  1.386939  0.024536  2.288876  0.148587   11188.6    8986.5   12722.2
   15.00000  1.391355  0.019610  2.316925  0.131739   11735.0    9372.6   13459.7




 TABID=    1080
 STATION=     0.569
 NAVM=    0  SCALE=     1.000 SHIFT=     0.000
 NSUB    3 0.050 0.035 0.050
     OFFSET ELEVATION SUBS   X1 3005.
       0.00     26.00    1
      11.00     24.20    1
      34.20     15.90    1
      40.50     15.30    1
      40.51     30.00    1
      42.00     30.00    1
      42.01     15.30    1
      51.40     15.20    1
      91.40     15.30    1
      91.41     30.00    1
      92.90     30.00    1
      92.91     15.30    1
     123.40     14.90    1
     123.41     30.00    1
     124.90     30.00    1
     124.91     14.90    1
     138.90     14.00    2
     144.40      5.10    2
     147.20      2.70    2
     157.80      2.70    2
     171.50      3.80    2
     174.00      5.00    2
     174.80      7.10    2
     174.81     30.00    2
     176.30     30.00    2
     176.31      7.10    2
     178.10      8.30    3
     206.50     21.20    3
     213.20     22.30    3
     215.00     25.10    3
     226.60     24.50   -1

 *WRN:503* UNEXPECTED SLOPE AT RIGHT END.
  SLOPE EXPECTED TO BE > 0 AT RIGHT BOUNDARY

 *WRN:556* Some point in cross section higher than either end.
          All area above minimum end elevation is ignored.
 

 *WRN:504*Line segment ending at (     42.00     30.00) is horizontal and not
      at minimum elevation.  Right hand end incremented by  0.053

 *WRN:504*Line segment ending at (     92.90     30.00) is horizontal and not
      at minimum elevation.  Right hand end incremented by  0.053

 *WRN:504*Line segment ending at (    124.90     30.00) is horizontal and not
      at minimum elevation.  Right hand end incremented by  0.053

 *WRN:504*Line segment ending at (    176.30     30.00) is horizontal and not
      at minimum elevation.  Right hand end incremented by  0.053

 ELEMENTS FOR SECTION ID: 1080

 TABID= 1080
 TYPE=  -20
 STATION= 5.69129E-01
 ELEVATION= 2.70000E+00

   DEPTH TOP WID    AREA SQR(CV)   BETA       J  ALPHA   CRITQ     MA     MQ  AVER n
   0.000 1.060+1 0.000+0 0.000+0  1.005 0.000+0  1.013 0.000+0  1.000  1.000  0.0000
   0.080 1.169+1 8.916-1 2.610+0  1.005 3.508-2  1.013 1.395+0  1.000  1.000  0.0350
   1.100 2.558+1 1.990+1 2.661+1  1.041 9.435+0  1.107 9.694+1  1.000  1.000  0.0350
   2.300 2.948+1 5.294+1 5.696+1  1.028 5.267+1  1.076 3.915+2  1.000  1.000  0.0350
   2.400 2.964+1 5.590+1 5.943+1  1.028 5.811+1  1.075 4.232+2  1.000  1.000  0.0350
   4.400 3.164+1 1.172+2 1.053+2  1.024 2.305+2  1.062 1.256+3  1.000  1.000  0.0350
   5.600 3.417+1 1.567+2 1.273+2  1.029 3.945+2  1.074 1.883+3  1.000  1.000  0.0350
   7.500 3.953+1 2.267+2 1.634+2  1.045 7.570+2  1.113 3.055+3  1.000  1.000  0.0338
   9.400 4.489+1 3.069+2 1.975+2  1.063 1.262+3  1.159 4.471+3  1.000  1.000  0.0338
  11.300 5.024+1 3.972+2 2.308+2  1.079 1.930+3  1.204 6.146+3  1.000  1.000  0.0343
  12.200 6.622+1 4.496+2 2.479+2  1.098 2.310+3  1.252 6.855+3  1.000  1.000  0.0316
  12.500 8.975+1 4.730+2 2.536+2  1.113 2.448+3  1.291 6.955+3  1.000  1.000  0.0280
  12.600 1.470+2 4.849+2 2.555+2  1.126 2.496+3  1.323 6.814+3  1.000  1.000  0.0219
  13.200 1.546+2 5.753+2 2.697+2  1.214 2.813+3  1.560 6.803+3  1.000  1.000  0.0250
  14.967 1.634+2 8.563+2 3.192+2  1.305 4.076+3  1.893 9.224+3  1.000  1.000  0.0320
  16.733 1.723+2 1.153+3 3.723+2  1.297 5.848+3  1.927 1.312+4  1.000  1.000  0.0359
  18.500 1.811+2 1.465+3 4.260+2  1.268 8.158+3  1.867 1.817+4  1.000  1.000  0.0384
  19.600 1.909+2 1.670+3 4.579+2  1.251 9.881+3  1.823 2.179+4  1.000  1.000  0.0394
  21.500 1.974+2 2.038+3 5.169+2  1.224 1.340+4  1.744 2.907+4  1.000  1.000  0.0409
  21.800 1.995+2 2.098+3 5.258+2  1.220 1.402+4  1.732 3.032+4  1.000  1.000  0.0410
 
 Estimates of critical flow:
      Depth      Beta   dBetadY     Alpha  DAlphadY     Qbeta    Qalpha     Qcrit
    0.00000  1.005169  0.000000  1.012992  0.000000       0.0       0.0       0.0
    0.08000  1.005169  0.060970  1.012992  0.154354       1.4       1.4       1.4
    1.10000  1.040579  0.018975  1.107172  0.053269      98.3      95.6      99.6
    2.30000  1.027888 -0.002408  1.075588 -0.008372     396.2     386.8     402.6
    2.40000  1.027574 -0.003660  1.074615 -0.010684     428.3     418.2     435.6
    4.40000  1.023607  0.001349  1.061990  0.002110    1267.8    1244.0    1279.6
    5.60000  1.028935  0.005751  1.073850  0.013753    1900.9    1864.3    1903.4
    7.50000  1.044834  0.009544  1.112714  0.023978    3095.4    3014.5    3080.0
    9.40000  1.062865  0.009196  1.159390  0.024500    4552.8    4389.8    4552.8
   11.30000  1.079361  0.008130  1.204494  0.022810    6290.7    6004.0    6337.9
   12.20000  1.098093  0.030046  1.252491  0.077278    7031.6    6681.9    6648.8
   12.50000  1.113448  0.069915  1.291075  0.175894    7140.0    6774.4    6162.5
   12.60000  1.126415  0.186531  1.323010  0.458900    6990.4    6642.1    4997.3
   13.20000  1.214065  0.113883  1.559860  0.338601    7084.8    6531.5    6298.1
   14.96667  1.304580  0.010979  1.893225  0.075778    9959.4    8543.3   11121.8
   16.73333  1.296587 -0.013741  1.927128 -0.018869   14361.0   11995.2   16922.5
   18.50000  1.267986 -0.017012  1.867010 -0.042746   19942.3   16553.9   23643.2
   19.60000  1.251038 -0.014035  1.822621 -0.038193   23905.0   19863.7   28018.7
   21.50000  1.223933 -0.013711  1.744282 -0.041477   31808.0   26560.2   37169.2
   21.80000  1.219946 -0.012888  1.732149 -0.039460   33163.9   27723.7   38611.5




 TABID=    1078
 STATION=     0.578
 NAVM=    0  SCALE=     1.000 SHIFT=     0.000
 NSUB    6 0.050 0.040 0.030 0.020 0.025 0.010
     OFFSET ELEVATION SUBS   X1 3050.
       0.00     24.60    1
       1.00     25.00    1
       1.20     24.30    1
       5.70     23.60    1
      28.10     16.20    2
      35.10     15.40    2
      35.11     30.00    2
      36.60     30.00    3
      36.61     15.40    3
      44.30     15.20    4
      85.00     14.60    5
      85.01     30.00    5
      86.50     30.00    5
      86.51     14.60    5
      90.00     10.00    5
      96.20     14.30    5
     112.50      8.00    5
     116.50      4.00    5
     116.51     30.00    5
     118.00     30.00    6
     118.01      4.00    6
     123.00      3.00    6
     131.60      4.60    6
     144.60      3.80    6
     146.20      5.80    6
     150.00     20.00    6
     152.80      6.50    6
     158.50      6.80    6
     165.70     11.50    6
     167.80     12.00    6
     167.81     30.00    6
     169.30     30.00    6
     169.31     12.00    6
     189.10     23.00    6
     200.00     25.00    6
     203.10     24.60   -1

 *WRN:502* UNEXPECTED SLOPE AT LEFT END.
  SLOPE EXPECTED TO BE < 0  AT LEFT BOUNDARY

 *WRN:503* UNEXPECTED SLOPE AT RIGHT END.
  SLOPE EXPECTED TO BE > 0 AT RIGHT BOUNDARY

 *WRN:556* Some point in cross section higher than either end.
          All area above minimum end elevation is ignored.
 

 *WRN:504*Line segment ending at (     36.60     30.00) is horizontal and not
      at minimum elevation.  Right hand end incremented by  0.053

 *WRN:504*Line segment ending at (     86.50     30.00) is horizontal and not
      at minimum elevation.  Right hand end incremented by  0.053

 *WRN:504*Line segment ending at (    118.00     30.00) is horizontal and not
      at minimum elevation.  Right hand end incremented by  0.053

 *WRN:504*Line segment ending at (    169.30     30.00) is horizontal and not
      at minimum elevation.  Right hand end incremented by  0.053

 ELEMENTS FOR SECTION ID: 1078

 TABID= 1078
 TYPE=  -20
 STATION= 5.77652E-01
 ELEVATION= 3.00000E+00

   DEPTH TOP WID    AREA SQR(CV)   BETA       J  ALPHA   CRITQ     MA     MQ  AVER n
   0.000 0.000+0 0.000+0 0.000+0  1.067 0.000+0  1.185 0.000+0  1.000  1.000  0.0000
   0.080 8.292-1 3.317-2 7.557-1  1.067 8.845-4  1.185 3.550-2  1.000  1.000  0.0100
   0.800 8.292+0 3.317+0 1.628+1  1.067 8.845-1  1.185 1.123+1  1.000  1.000  0.0100
   1.000 1.378+1 5.523+0 2.101+1  1.096 1.750+0  1.263 1.886+1  1.000  1.000  0.0100
   1.600 2.783+1 1.801+1 4.411+1  1.104 8.387+0  1.297 7.471+1  1.000  1.000  0.0098
   2.800 2.999+1 5.270+1 1.030+2  1.048 5.055+1  1.129 3.758+2  1.000  1.000  0.0096
   3.500 3.088+1 7.400+1 1.335+2  1.045 9.486+1  1.116 6.256+2  1.000  1.000  0.0095
   3.800 3.702+1 8.419+1 1.394+2  1.054 1.185+2  1.134 7.258+2  1.000  1.000  0.0097
   5.000 4.063+1 1.308+2 1.899+2  1.074 2.471+2  1.185 1.271+3  1.000  1.000  0.0096
   7.000 4.982+1 2.212+2 2.684+2  1.100 5.960+2  1.252 2.529+3  1.000  1.000  0.0097
   8.500 6.001+1 3.036+2 3.251+2  1.131 9.878+2  1.334 3.712+3  1.000  1.000  0.0097
   9.000 6.475+1 3.348+2 3.423+2  1.144 1.147+3  1.368 4.141+3  1.000  1.000  0.0097
  11.300 8.099+1 5.024+2 4.243+2  1.200 2.103+3  1.529 6.517+3  1.000  1.000  0.0103
  11.600 8.190+1 5.268+2 4.354+2  1.206 2.257+3  1.547 6.881+3  1.000  1.000  0.0104
  12.200 1.240+2 5.886+2 4.578+2  1.237 2.591+3  1.638 7.398+3  1.000  1.000  0.0093
  12.400 1.321+2 6.142+2 4.658+2  1.253 2.711+3  1.686 7.567+3  1.000  1.000  0.0093
  13.200 1.409+2 7.234+2 4.990+2  1.307 3.245+3  1.857 8.544+3  1.000  1.000  0.0100
  15.100 1.510+2 1.001+3 5.834+2  1.370 4.880+3  2.097 1.187+4  1.000  1.000  0.0115
  17.000 1.611+2 1.297+3 6.711+2  1.389 7.061+3  2.199 1.618+4  1.000  1.000  0.0124
  18.500 1.683+2 1.544+3 7.453+2  1.393 9.190+3  2.236 2.019+4  1.000  1.000  0.0128
  20.000 1.756+2 1.802+3 8.193+2  1.393 1.170+4  2.254 2.471+4  1.000  1.000  0.0131
  20.600 1.807+2 1.909+3 8.462+2  1.393 1.281+4  2.259 2.661+4  1.000  1.000  0.0133
  21.300 1.890+2 2.039+3 8.782+2  1.394 1.419+4  2.268 2.886+4  1.000  1.000  0.0133
  21.600 1.907+2 2.096+3 8.924+2  1.394 1.481+4  2.272 2.985+4  1.000  1.000  0.0134
 
 Estimates of critical flow:
      Depth      Beta   dBetadY     Alpha  DAlphadY     Qbeta    Qalpha     Qcrit
    0.00000  1.066670  0.000000  1.185191  0.000000       0.0       0.0       0.0
    0.08000  1.066670 -0.000003  1.185191 -0.000002       0.0       0.0       0.0
    0.80000  1.066668  0.000000  1.185188  0.000000      11.5      10.9      11.9
    1.00000  1.095815  0.139169  1.262814  0.412805      19.5      18.3      19.8
    1.60000  1.103522 -0.017546  1.296539 -0.051713      77.8      71.7      82.2
    2.80000  1.047555 -0.009730  1.128516 -0.038235     384.2     367.7     396.4
    3.50000  1.045261  0.001627  1.116016 -0.002757     637.0     614.5     650.1
    3.80000  1.053540  0.044224  1.133624  0.101473     738.0     713.9     720.4
    5.00000  1.073558  0.008126  1.185258  0.021837    1300.9    1241.5    1331.4
    7.00000  1.100133  0.015747  1.252421  0.040497    2606.3    2453.6    2645.4
    8.50000  1.131420  0.023680  1.333852  0.063147    3852.7    3576.1    3875.0
    9.00000  1.144233  0.026954  1.368291  0.073290    4309.7    3979.0    4320.1
   11.30000  1.199654  0.021743  1.528572  0.066264    6880.9    6172.9    7100.3
   11.60000  1.205702  0.018704  1.547293  0.058785    7277.7    6505.8    7582.1
   12.20000  1.237223  0.079665  1.638068  0.230693    7852.4    6969.5    7277.7
   12.40000  1.253410  0.082258  1.685606  0.244756    8052.2    7111.5    7514.9
   13.20000  1.307482  0.055670  1.857133  0.188283    9201.0    7934.6    9300.5
   15.10000  1.369874  0.017315  2.096787  0.079634   13049.1   10798.2   14619.2
   17.00000  1.388888  0.004939  2.198906  0.034405   17985.2   14553.5   20890.1
   18.50000  1.392872  0.000978  2.235766  0.016818   22563.5   18066.4   26543.6
   20.00000  1.393029 -0.000509  2.253788  0.008243   27710.0   22033.7   32766.5
   20.60000  1.392995  0.000257  2.259332  0.009885   29867.9   23705.2   35217.3
   21.30000  1.393817  0.001937  2.268144  0.014837   32424.6   25684.0   37992.5
   21.60000  1.394295  0.001264  2.272230  0.012450   33548.8   26551.6   39416.7




 TABID=    1076
 STATION=     0.586
 NAVM=    0  SCALE=     1.000 SHIFT=     0.000
 NSUB    3 0.060 0.050 0.060
     OFFSET ELEVATION SUBS   X1 3095.
       0.00     22.50    1
       4.80     21.50    1
      18.50     16.20    1
      36.60     15.70    1
      36.61     30.00    1
      38.10     30.00    1
      38.11     15.70    1
      83.70     14.80    1
      83.71     30.00    1
      85.20     30.00    1
      85.21     14.80    1
     108.90     14.50    2
     117.00      6.00    2
     117.01     30.00    2
     118.50     30.00    2
     118.51      6.00    2
     121.40      3.40    2
     129.90      2.10    2
     143.10      5.50    2
     144.60      5.90    2
     152.50      7.50    2
     165.60      7.80    2
     167.80     11.40    3
     167.81     30.00    3
     169.30     30.00    3
     169.31     11.40    3
     176.40     14.80    3
     195.40     22.30    3
     204.40     23.20   -1

 *WRN:556* Some point in cross section higher than either end.
          All area above minimum end elevation is ignored.
 

 *WRN:504*Line segment ending at (     38.10     30.00) is horizontal and not
      at minimum elevation.  Right hand end incremented by  0.053

 *WRN:504*Line segment ending at (     85.20     30.00) is horizontal and not
      at minimum elevation.  Right hand end incremented by  0.053

 *WRN:504*Line segment ending at (    118.50     30.00) is horizontal and not
      at minimum elevation.  Right hand end incremented by  0.053

 *WRN:504*Line segment ending at (    169.30     30.00) is horizontal and not
      at minimum elevation.  Right hand end incremented by  0.053

 *WRN:505* Decrease in conveyance in subsection   2 at elevation=     7.800
            decrease=   1.3 per cent

 ELEMENTS FOR SECTION ID: 1076

 TABID= 1076
 TYPE=  -20
 STATION= 5.86174E-01
 ELEVATION= 2.10000E+00

   DEPTH TOP WID    AREA SQR(CV)   BETA       J  ALPHA   CRITQ     MA     MQ  AVER n
   0.000 0.000+0 0.000+0 0.000+0  1.067 0.000+0  1.185 0.000+0  1.000  1.000  0.0000
   0.080 8.337-1 3.335-2 3.387-1  1.067 8.892-4  1.185 3.569-2  1.000  1.000  0.0500
   1.300 1.355+1 8.806+0 1.394+1  1.067 3.816+0  1.185 3.799+1  1.000  1.000  0.0500
   3.400 2.403+1 4.827+1 4.699+1  1.050 5.989+1  1.135 3.731+2  1.000  1.000  0.0500
   3.800 2.598+1 5.827+1 5.351+1  1.052 8.117+1  1.140 4.756+2  1.000  1.000  0.0500
   3.900 2.658+1 6.090+1 5.508+1  1.052 8.713+1  1.141 5.031+2  1.000  1.000  0.0500
   5.400 3.542+1 1.074+2 7.811+1  1.062 2.117+2  1.168 1.015+3  1.000  1.000  0.0500
   5.700 4.881+1 1.200+2 7.762+1  1.075 2.457+2  1.200 1.101+3  1.000  1.000  0.0500

 *WRN:506* Conveyance non-increasing at depth=      5.70
            decrease=   1.3 per cent
   7.500 5.162+1 2.104+2 1.183+2  1.079 5.424+2  1.223 2.188+3  1.000  1.000  0.0500
   9.300 5.444+1 3.059+2 1.551+2  1.059 1.006+3  1.168 3.813+3  1.000  1.000  0.0500
  10.850 5.915+1 3.939+2 1.861+2  1.053 1.548+3  1.149 5.476+3  1.000  1.000  0.0477
  12.400 6.386+1 4.893+2 2.159+2  1.054 2.231+3  1.149 7.361+3  1.000  1.000  0.0466
  12.700 8.818+1 5.121+2 2.220+2  1.061 2.381+3  1.164 7.569+3  1.000  1.000  0.0406
  13.600 1.361+2 6.130+2 2.414+2  1.113 2.884+3  1.292 8.013+3  1.000  1.000  0.0363
  14.100 1.554+2 6.858+2 2.533+2  1.145 3.209+3  1.379 8.435+3  1.000  1.000  0.0365
  15.867 1.645+2 9.684+2 3.012+2  1.185 4.667+3  1.521 1.163+4  1.000  1.000  0.0425
  17.633 1.735+2 1.267+3 3.510+2  1.173 6.640+3  1.510 1.637+4  1.000  1.000  0.0458
  19.400 1.826+2 1.582+3 4.009+2  1.154 9.153+3  1.464 2.229+4  1.000  1.000  0.0477
  20.200 1.884+2 1.730+3 4.229+2  1.146 1.048+4  1.443 2.529+4  1.000  1.000  0.0483
  20.400 1.914+2 1.768+3 4.283+2  1.144 1.083+4  1.438 2.606+4  1.000  1.000  0.0483
 
 Estimates of critical flow:
      Depth      Beta   dBetadY     Alpha  DAlphadY     Qbeta    Qalpha     Qcrit
    0.00000  1.066716  0.000000  1.185344  0.000000       0.0       0.0       0.0
    0.08000  1.066716 -0.000002  1.185344 -0.000001       0.0       0.0       0.0
    1.30000  1.066713  0.000000  1.185340  0.000000      39.0      37.0      40.3
    3.40000  1.050005  0.004374  1.135355  0.011107     380.4     366.1     388.1
    3.80000  1.051689  0.004118  1.139787  0.011107     485.0     466.4     495.2
    3.90000  1.052185  0.005666  1.141092  0.014738     513.1     493.3     523.0
    5.40000  1.062023  0.005345  1.168185  0.015664    1037.7     992.0    1061.2
    5.70000  1.075182  0.070638  1.200267  0.175417    1125.1    1076.5    1068.2
    7.50000  1.078770 -0.014397  1.222815 -0.036234    2260.3    2117.0    2410.7
    9.30000  1.058692 -0.007591  1.167715 -0.022438    3920.4    3708.6    4114.3
   10.85000  1.053382 -0.000691  1.149433 -0.004339    5607.9    5346.7    5768.2
   12.40000  1.054342  0.001555  1.148842  0.002576    7526.1    7200.1    7684.2
   12.70000  1.061184  0.041250  1.164061  0.093855    7724.6    7415.6    7002.0
   13.60000  1.113135  0.067814  1.291792  0.177296    8215.3    7815.3    7382.9
   14.10000  1.145099  0.059913  1.379122  0.170954    8711.2    8167.3    8175.2
   15.86667  1.184754  0.000452  1.520513  0.019207   12264.3   11020.5   13334.2
   17.63333  1.172934 -0.010482  1.509833 -0.021521   17379.5   15414.2   19426.7
   19.40000  1.153642 -0.010636  1.463895 -0.027711   23664.8   20987.3   26413.3
   20.20000  1.145808 -0.009036  1.442975 -0.024683   26831.6   23841.7   29742.7
   20.40000  1.144122 -0.007858  1.438334 -0.021811   27640.9   24576.3   30489.1




 TABID=    1074
 STATION=     0.628
 NAVM=    0  SCALE=     1.000 SHIFT=     0.000
 NSUB    3 0.050 0.035 0.050
     OFFSET ELEVATION SUBS   X1 3315.
       0.00     15.60    1
      67.00     15.40    1
      83.70      9.20    1
      91.30      6.40    2
      92.40      5.00    2
      96.70      3.00    2
     103.10      2.60    2
     110.30      3.10    2
     114.10      5.00    2
     119.60      7.70    3
     143.60     15.40    3
     165.80     15.70    3
     211.10     15.30   -1

 *WRN:503* UNEXPECTED SLOPE AT RIGHT END.
  SLOPE EXPECTED TO BE > 0 AT RIGHT BOUNDARY

 *WRN:556* Some point in cross section higher than either end.
          All area above minimum end elevation is ignored.
 

 ELEMENTS FOR SECTION ID: 1074

 TABID= 1074
 TYPE=  -20
 STATION= 6.27841E-01
 ELEVATION= 2.60000E+00

   DEPTH TOP WID    AREA SQR(CV)   BETA       J  ALPHA   CRITQ     MA     MQ  AVER n
   0.000 0.000+0 0.000+0 0.000+0  1.067 0.000+0  1.185 0.000+0  1.000  1.000  0.0000
   0.080 2.432+0 9.728-2 6.955-1  1.067 2.594-3  1.185 1.041-1  1.000  1.000  0.0350
   0.400 1.216+1 2.432+0 5.946+0  1.067 3.243-1  1.185 5.820+0  1.000  1.000  0.0350
   0.500 1.382+1 3.731+0 8.136+0  1.058 6.310-1  1.163 1.031+1  1.000  1.000  0.0350
   2.400 2.170+1 3.747+1 4.726+1  1.032 3.740+1  1.084 2.739+2  1.000  1.000  0.0350
   3.800 2.565+1 7.062+1 7.501+1  1.037 1.124+2  1.099 6.471+2  1.000  1.000  0.0350
   5.100 3.183+1 1.080+2 1.017+2  1.052 2.276+2  1.136 1.107+3  1.000  1.000  0.0334
   6.600 4.058+1 1.623+2 1.362+2  1.079 4.287+2  1.205 1.794+3  1.000  1.000  0.0314
   8.633 5.239+1 2.568+2 1.835+2  1.113 8.507+2  1.301 3.052+3  1.000  1.000  0.0313
  10.667 6.420+1 3.753+2 2.324+2  1.136 1.489+3  1.376 4.744+3  1.000  1.000  0.0322
  12.700 7.602+1 5.179+2 2.830+2  1.152 2.393+3  1.431 6.925+3  1.000  1.000  0.0332
 
 Estimates of critical flow:
      Depth      Beta   dBetadY     Alpha  DAlphadY     Qbeta    Qalpha     Qcrit
    0.00000  1.066669  0.000000  1.185188  0.000000       0.0       0.0       0.0
    0.08000  1.066669 -0.000002  1.185188 -0.000001       0.1       0.1       0.1
    0.40000  1.066668  0.000000  1.185186  0.000000       6.0       5.7       6.2
    0.50000  1.058232 -0.089758  1.163353 -0.247386      10.6      10.1      11.0
    2.40000  1.032120  0.008459  1.084269  0.022469     277.0     270.8     279.4
    3.80000  1.037268  0.003718  1.098837  0.009830     656.0     638.2     664.9
    5.10000  1.052161  0.014114  1.135817  0.036173    1126.2    1088.8    1128.6
    6.60000  1.078751  0.018658  1.204985  0.050152    1837.8    1752.2    1841.6
    8.63333  1.112560  0.014145  1.301039  0.042635    3158.6    2949.3    3226.2
   10.66667  1.136291  0.009390  1.376369  0.031574    4952.0    4544.4    5149.6
   12.70000  1.151646  0.005925  1.430697  0.022251    7276.4    6589.8    7670.6




 TABID=    1072
 STATION=     0.666
 NAVM=    0  SCALE=     1.000 SHIFT=     0.000
 NSUB    3 0.050 0.035 0.050
     OFFSET ELEVATION SUBS   X1 3515.
       0.00     17.10    1
      34.60     16.70    1
      35.30     10.80    1
      41.00      8.90    2
      43.30      5.50    2
      46.60      4.70    2
      56.20      4.20    2
      60.70      4.60    2
      64.80      5.50    3
      66.30      6.70    3
      71.80      7.60    3
      79.80     12.00    3
      80.20     16.80    3
     116.40     17.30    3
     147.40     17.20   -1

 *WRN:503* UNEXPECTED SLOPE AT RIGHT END.
  SLOPE EXPECTED TO BE > 0 AT RIGHT BOUNDARY

 *WRN:556* Some point in cross section higher than either end.
          All area above minimum end elevation is ignored.
 

 *WRN:505* Decrease in conveyance in subsection   1 at elevation=    16.800
            decrease=  27.4 per cent

 *WRN:505* Decrease in conveyance in subsection   1 at elevation=    17.100
            decrease=  21.4 per cent

 *WRN:505* Decrease in conveyance in subsection   3 at elevation=    17.100
            decrease=  30.6 per cent

 ELEMENTS FOR SECTION ID: 1072

 TABID= 1072
 TYPE=  -20
 STATION= 6.65720E-01
 ELEVATION= 4.20000E+00

   DEPTH TOP WID    AREA SQR(CV)   BETA       J  ALPHA   CRITQ     MA     MQ  AVER n
   0.000 0.000+0 0.000+0 0.000+0  1.067 0.000+0  1.185 0.000+0  1.000  1.000  0.0000
   0.080 2.436+0 9.744-2 6.960-1  1.067 2.598-3  1.185 1.043-1  1.000  1.000  0.0350
   0.400 1.218+1 2.436+0 5.951+0  1.067 3.248-1  1.185 5.830+0  1.000  1.000  0.0350
   0.500 1.456+1 3.773+0 8.073+0  1.063 6.333-1  1.175 1.025+1  1.000  1.000  0.0350
   1.300 2.150+1 1.820+1 2.623+1  1.034 9.050+0  1.092 9.235+1  1.000  1.000  0.0350
   2.500 2.381+1 4.538+1 5.423+1  1.027 4.692+1  1.070 3.482+2  1.000  1.000  0.0341
   3.400 2.992+1 6.956+1 7.362+1  1.049 9.823+1  1.122 6.016+2  1.000  1.000  0.0323
   4.700 3.316+1 1.106+2 1.014+2  1.070 2.149+2  1.180 1.099+3  1.000  1.000  0.0339
   6.600 4.232+1 1.823+2 1.438+2  1.097 4.903+2  1.256 2.050+3  1.000  1.000  0.0329
   7.800 4.464+1 2.345+2 1.707+2  1.107 7.401+2  1.289 2.830+3  1.000  1.000  0.0337
  10.150 4.512+1 3.399+2 2.224+2  1.104 1.415+3  1.291 4.798+3  1.000  1.000  0.0348
  12.500 4.559+1 4.465+2 2.711+2  1.097 2.339+3  1.275 7.208+3  1.000  1.000  0.0348
  12.600 5.425+1 4.515+2 2.716+2  1.098 2.383+3  1.277 7.279+3  1.000  1.000  0.0323
  12.900 1.019+2 4.749+2 2.686+2  1.117 2.522+3  1.323 7.134+3  1.000  1.000  0.0252

 *WRN:506* Conveyance non-increasing at depth=     12.90
            decrease=   2.2 per cent
 
 Estimates of critical flow:
      Depth      Beta   dBetadY     Alpha  DAlphadY     Qbeta    Qalpha     Qcrit
    0.00000  1.066670  0.000000  1.185191  0.000000       0.0       0.0       0.0
    0.08000  1.066670 -0.000002  1.185191 -0.000001       0.1       0.1       0.1
    0.40000  1.066668  0.000000  1.185189  0.000001       6.0       5.7       6.2
    0.50000  1.062615 -0.042637  1.174664 -0.118480      10.5      10.0      10.9
    1.30000  1.034208  0.005832  1.092122  0.011662      93.6      91.1      95.0
    2.50000  1.026819  0.003457  1.069958  0.005214     352.0     344.5     355.5
    3.40000  1.049153  0.032289  1.121897  0.080285     609.8     593.4     601.9
    4.70000  1.069820  0.009023  1.179558  0.027606    1123.5    1076.0    1145.6
    6.60000  1.096737  0.014687  1.256111  0.042933    2111.6    1989.9    2146.6
    7.80000  1.106706  0.004538  1.288908  0.017293    2929.8    2734.1    3048.8
   10.15000  1.103860 -0.003226  1.290742 -0.006285    4984.6    4618.0    5294.4
   12.50000  1.096847 -0.002509  1.274960 -0.006224    7487.5    6939.7    7929.0
   12.60000  1.097593  0.016946  1.276684  0.039822    7557.0    7012.2    7391.0
   12.90000  1.116847  0.106330  1.323306  0.262602    7379.8    6896.7    5817.4
  
  
  
 
  
  
  
  
 MULCON                                                                          

 TABID=108  OUT22                                                           
 Width of slot=  0.005
 Height of slot above datum=    24.
 Number of conduits=    5 Mud line EPS=  0.020
 Type=           RCPA      NHE        NVE      CIRC        TE
 Span=          0.000     0.000    12.000    12.000     3.150
 Rise=          2.000    12.000     0.000     2.000    12.000
 Bottom=        1.000     2.000     0.000     0.400     0.800
 Roughness=     0.020     0.020     0.020     0.020     0.020
 MUD LEVL=     0.250     0.500     2.000     0.200     5.000
 MUD ROUGH=     0.028     0.029     0.030     0.031     0.032
 PROCESSING  TYPE: RCPA      
     USING SPAN=   3.25 AND RISE=   2.00
 PROCESSING  TYPE: NHE       
     USING SPAN=  18.90 AND RISE=  12.00
 PROCESSING  TYPE: NVE       
     USING SPAN=  12.00 AND RISE=  18.90
 PROCESSING  TYPE: CIRC      
     USING SPAN=  12.00 AND RISE=  12.00
 PROCESSING  TYPE: TE        
     USING SPAN=   3.15 AND RISE=  12.00
 

 *WRN:505* Decrease in conveyance in subsection   1 at elevation=     2.986
            decrease=   2.0 per cent

 *WRN:505* Decrease in conveyance in subsection   1 at elevation=     2.997
            decrease=   1.9 per cent

 *WRN:505* Decrease in conveyance in subsection   4 at elevation=    12.320
            decrease=   2.2 per cent

 *WRN:505* Decrease in conveyance in subsection   2 at elevation=    13.726
            decrease=   1.6 per cent

 *WRN:505* Decrease in conveyance in subsection   2 at elevation=    13.949
            decrease=   2.9 per cent

 *WRN:505* Decrease in conveyance in subsection   3 at elevation=    18.798
            decrease=   1.7 per cent

 *WRN:505* Decrease in conveyance in subsection   1 at elevation=    24.010
            decrease=  66.7 per cent

 *WRN:505* Decrease in conveyance in subsection   2 at elevation=    24.010
            decrease=  30.2 per cent

 *WRN:505* Decrease in conveyance in subsection   3 at elevation=    24.010
            decrease=  11.4 per cent

 *WRN:505* Decrease in conveyance in subsection   4 at elevation=    24.010
            decrease=  34.7 per cent

 ELEMENTS FOR SECTION ID: 108

 TABID= 108
 TYPE=  -22
 STATION= 0.00000E+00
 ELEVATION= 5.80000E-01

   DEPTH TOP WID    AREA SQR(CV)   BETA       J  ALPHA   CRITQ     MA     MQ  AVER n
   0.000 0.000+0 0.000+0 0.000+0  1.000 0.000+0  1.000 0.000+0  1.000  1.000  0.0000
   0.040 3.200+0 6.400-2 4.804-1  1.000 8.534-4  1.000 5.136-2  1.000  1.000  0.0304
   0.102 3.716+0 2.781-1 1.592+0  1.000 1.128-2  1.000 4.317-1  1.000  1.000  0.0289
   0.463 5.459+0 1.934+0 7.387+0  1.000 3.917-1  1.000 6.534+0  1.000  1.000  0.0259
   0.650 6.070+0 3.013+0 1.040+1  1.000 8.526-1  1.000 1.204+1  1.000  1.000  0.0253
   0.686 8.771+0 3.279+0 1.099+1  1.000 9.654-1  1.000 1.138+1  1.000  1.000  0.0205
   0.690 9.074+0 3.315+0 1.105+1  1.000 9.788-1  1.000 1.137+1  1.000  1.000  0.0202
   0.757 9.433+0 3.939+0 1.223+1  1.000 1.223+0  1.000 1.445+1  1.000  1.000  0.0213
   0.842 9.825+0 4.755+0 1.378+1  1.000 1.591+0  1.000 1.877+1  1.000  1.000  0.0222
   0.937 1.021+1 5.701+0 1.556+1  1.000 2.085+0  1.000 2.417+1  1.000  1.000  0.0227
   0.956 1.028+1 5.899+0 1.593+1  1.000 2.197+0  1.000 2.535+1  1.000  1.000  0.0228
   1.037 1.051+1 6.743+0 1.750+1  1.000 2.710+0  1.000 3.065+1  1.000  1.000  0.0230
   1.140 1.075+1 7.833+0 1.948+1  1.000 3.457+0  1.000 3.794+1  1.000  1.000  0.0232
   1.240 1.094+1 8.922+0 2.140+1  1.000 4.298+0  1.000 4.572+1  1.000  1.000  0.0232
   1.400 1.119+1 1.069+1 2.439+1  1.000 5.866+0  1.000 5.930+1  1.000  1.000  0.0231
   1.440 1.945+1 1.131+1 2.514+1  1.000 6.305+0  1.000 4.891+1  1.000  1.000  0.0172
   1.461 1.951+1 1.171+1 2.556+1  1.000 6.546+0  1.000 5.149+1  1.000  1.000  0.0176
   1.569 1.979+1 1.383+1 2.778+1  1.000 7.921+0  1.000 6.560+1  1.000  1.000  0.0192
   1.667 1.998+1 1.579+1 2.995+1  1.000 9.385+0  1.000 7.969+1  1.000  1.000  0.0201
   1.856 2.026+1 1.958+1 3.413+1  1.000 1.271+1  1.000 1.092+2  1.000  1.000  0.0213
   1.900 2.031+1 2.048+1 3.512+1  1.000 1.360+1  1.000 1.167+2  1.000  1.000  0.0215
   1.940 2.857+1 2.146+1 3.601+1  1.000 1.444+1  1.000 1.055+2  1.000  1.000  0.0182
   1.978 2.894+1 2.254+1 3.689+1  1.000 1.527+1  1.000 1.129+2  1.000  1.000  0.0186
   2.022 2.926+1 2.382+1 3.795+1  1.000 1.629+1  1.000 1.220+2  1.000  1.000  0.0191
   2.162 3.019+1 2.800+1 4.143+1  1.000 1.993+1  1.000 1.530+2  1.000  1.000  0.0201
   2.173 3.025+1 2.833+1 4.170+1  1.000 2.024+1  1.000 1.556+2  1.000  1.000  0.0202
   2.275 3.076+1 3.143+1 4.429+1  1.000 2.327+1  1.000 1.802+2  1.000  1.000  0.0207
   2.286 3.080+1 3.178+1 4.457+1  1.000 2.363+1  1.000 1.831+2  1.000  1.000  0.0207
   2.357 3.100+1 3.396+1 4.639+1  1.000 2.595+1  1.000 2.017+2  1.000  1.000  0.0210
   2.406 3.095+1 3.550+1 4.765+1  1.000 2.768+1  1.000 2.157+2  1.000  1.000  0.0211
   2.417 3.074+1 3.582+1 4.788+1  1.000 2.805+1  1.000 2.194+2  1.000  1.000  0.0210
   2.423 3.061+1 3.601+1 4.802+1  1.000 2.827+1  1.000 2.216+2  1.000  1.000  0.0210
   2.829 3.349+1 4.903+1 5.911+1  1.000 4.550+1  1.000 3.366+2  1.000  1.000  0.0216
   3.090 3.479+1 5.795+1 6.654+1  1.000 5.947+1  1.000 4.244+2  1.000  1.000  0.0217
   3.220 3.539+1 6.250+1 7.027+1  1.000 6.728+1  1.000 4.714+2  1.000  1.000  0.0217
   3.457 3.644+1 7.102+1 7.710+1  1.000 8.312+1  1.000 5.626+2  1.000  1.000  0.0216
   3.962 3.814+1 8.984+1 9.168+1  1.000 1.237+2  1.000 7.824+2  1.000  1.000  0.0214
   4.272 3.908+1 1.018+2 1.006+2  1.000 1.534+2  1.000 9.326+2  1.000  1.000  0.0212
   4.594 3.983+1 1.145+2 1.097+2  1.000 1.881+2  1.000 1.102+3  1.000  1.000  0.0211
   4.879 4.044+1 1.260+2 1.178+2  1.000 2.225+2  1.000 1.262+3  1.000  1.000  0.0209
   5.200 4.102+1 1.390+2 1.267+2  1.000 2.650+2  1.000 1.452+3  1.000  1.000  0.0208
   5.235 4.388+1 1.405+2 1.276+2  1.000 2.699+2  1.000 1.427+3  1.000  1.000  0.0202
   5.240 4.424+1 1.407+2 1.278+2  1.000 2.706+2  1.000 1.424+3  1.000  1.000  0.0201
   5.415 4.448+1 1.485+2 1.326+2  1.000 2.959+2  1.000 1.540+3  1.000  1.000  0.0201
   5.704 4.486+1 1.614+2 1.405+2  1.000 3.407+2  1.000 1.737+3  1.000  1.000  0.0200
   5.820 4.502+1 1.666+2 1.437+2  1.000 3.597+2  1.000 1.819+3  1.000  1.000  0.0200
   5.968 4.516+1 1.733+2 1.477+2  1.000 3.848+2  1.000 1.926+3  1.000  1.000  0.0200
   6.000 4.520+1 1.748+2 1.486+2  1.000 3.905+2  1.000 1.950+3  1.000  1.000  0.0199
   6.220 4.537+1 1.847+2 1.544+2  1.000 4.299+2  1.000 2.115+3  1.000  1.000  0.0199
   6.301 4.543+1 1.884+2 1.566+2  1.000 4.451+2  1.000 2.177+3  1.000  1.000  0.0198
   6.472 4.549+1 1.962+2 1.611+2  1.000 4.779+2  1.000 2.311+3  1.000  1.000  0.0198
   6.736 4.556+1 2.082+2 1.679+2  1.000 5.312+2  1.000 2.525+3  1.000  1.000  0.0197
   6.761 4.557+1 2.093+2 1.686+2  1.000 5.364+2  1.000 2.545+3  1.000  1.000  0.0197
   7.025 4.556+1 2.213+2 1.753+2  1.000 5.932+2  1.000 2.768+3  1.000  1.000  0.0196
   7.357 4.553+1 2.365+2 1.835+2  1.000 6.693+2  1.000 3.058+3  1.000  1.000  0.0195
   7.420 4.552+1 2.393+2 1.850+2  1.000 6.843+2  1.000 3.114+3  1.000  1.000  0.0194
   7.430 4.552+1 2.398+2 1.853+2  1.000 6.866+2  1.000 3.122+3  1.000  1.000  0.0194
   7.678 4.534+1 2.510+2 1.912+2  1.000 7.476+2  1.000 3.352+3  1.000  1.000  0.0194
   7.761 4.525+1 2.548+2 1.932+2  1.000 7.685+2  1.000 3.431+3  1.000  1.000  0.0193
   8.282 4.466+1 2.782+2 2.051+2  1.000 9.075+2  1.000 3.941+3  1.000  1.000  0.0192
   8.539 4.436+1 2.896+2 2.108+2  1.000 9.803+2  1.000 4.200+3  1.000  1.000  0.0191
   8.550 4.434+1 2.901+2 2.111+2  1.000 9.835+2  1.000 4.211+3  1.000  1.000  0.0191
   8.870 4.369+1 3.042+2 2.178+2  1.000 1.079+3  1.000 4.556+3  1.000  1.000  0.0190
   8.999 4.340+1 3.099+2 2.205+2  1.000 1.118+3  1.000 4.698+3  1.000  1.000  0.0189
   9.354 4.257+1 3.251+2 2.276+2  1.000 1.231+3  1.000 5.098+3  1.000  1.000  0.0188
   9.605 4.187+1 3.357+2 2.323+2  1.000 1.314+3  1.000 5.394+3  1.000  1.000  0.0188
  10.034 4.043+1 3.534+2 2.400+2  1.000 1.462+3  1.000 5.928+3  1.000  1.000  0.0187
  10.071 4.029+1 3.549+2 2.406+2  1.000 1.475+3  1.000 5.976+3  1.000  1.000  0.0187
  10.310 3.928+1 3.644+2 2.445+2  1.000 1.561+3  1.000 6.298+3  1.000  1.000  0.0186
  10.568 3.814+1 3.743+2 2.485+2  1.000 1.656+3  1.000 6.654+3  1.000  1.000  0.0185
  10.684 3.755+1 3.787+2 2.502+2  1.000 1.700+3  1.000 6.826+3  1.000  1.000  0.0185
  11.177 3.457+1 3.965+2 2.567+2  1.000 1.891+3  1.000 7.620+3  1.000  1.000  0.0184
  11.383 3.301+1 4.035+2 2.589+2  1.000 1.973+3  1.000 8.004+3  1.000  1.000  0.0184
  11.416 3.272+1 4.046+2 2.592+2  1.000 1.987+3  1.000 8.072+3  1.000  1.000  0.0184
  11.538 3.151+1 4.085+2 2.603+2  1.000 2.036+3  1.000 8.347+3  1.000  1.000  0.0183
  11.740 2.879+1 4.146+2 2.616+2  1.000 2.119+3  1.000 8.926+3  1.000  1.000  0.0183
  11.758 2.854+1 4.151+2 2.617+2  1.000 2.127+3  1.000 8.983+3  1.000  1.000  0.0183
  11.832 2.627+1 4.171+2 2.614+2  1.000 2.158+3  1.000 9.432+3  1.000  1.000  0.0182
  12.011 2.532+1 4.217+2 2.630+2  1.000 2.233+3  1.000 9.766+3  1.000  1.000  0.0182
  12.286 2.328+1 4.284+2 2.649+2  1.000 2.350+3  1.000 1.043+4  1.000  1.000  0.0181
  12.423 2.252+1 4.316+2 2.657+2  1.000 2.409+3  1.000 1.072+4  1.000  1.000  0.0180
  12.862 1.958+1 4.408+2 2.676+2  1.000 2.600+3  1.000 1.187+4  1.000  1.000  0.0179
  13.146 1.692+1 4.460+2 2.678+2  1.000 2.726+3  1.000 1.299+4  1.000  1.000  0.0179
  13.179 1.662+1 4.465+2 2.678+2  1.000 2.741+3  1.000 1.313+4  1.000  1.000  0.0179
  13.369 1.364+1 4.494+2 2.669+2  1.000 2.826+3  1.000 1.464+4  1.000  1.000  0.0179
  13.433 1.072+1 4.502+2 2.652+2  1.000 2.855+3  1.000 1.655+4  1.000  1.000  0.0179
  14.520 1.003+1 4.615+2 2.695+2  1.000 3.350+3  1.000 1.777+4  1.000  1.000  0.0174
  15.567 9.202+0 4.715+2 2.731+2  1.000 3.839+3  1.000 1.915+4  1.000  1.000  0.0169
  16.500 7.945+0 4.795+2 2.756+2  1.000 4.283+3  1.000 2.114+4  1.000  1.000  0.0165
  17.276 6.315+0 4.851+2 2.769+2  1.000 4.657+3  1.000 2.412+4  1.000  1.000  0.0162
  17.858 4.389+0 4.882+2 2.769+2  1.000 4.940+3  1.000 2.922+4  1.000  1.000  0.0161
  18.218 2.257+0 4.894+2 2.760+2  1.000 5.116+3  1.000 4.089+4  1.000  1.000  0.0160
  18.340 2.500-2 4.895+2 2.746+2  1.000 5.176+3  1.000 3.887+5  1.000  1.000  0.0160
 500.000 2.500-2 5.016+2 2.746+2  1.000 2.439+5  1.000 3.887+5  1.000  1.000  0.0155
 
  
  
  
 MULPIPES                                                                        

 TABID= 651  OUT22                                                           
 POLYGON APPROX HAS  50 SIDES
 WIDTH OF SLOT=  0.010
 HEIGHT OF SLOT ABOVE DATUM=     5.
 NUMBER OF PIPES=    3 MUD LINE EPS=  0.010
 DIAMETERS=   3.50   4.00   3.50
 BOTTOMS=     0.50   0.00   0.50
 ROUGNESS=   0.020  0.020  0.020
 MUD LEVEL=   4.00   0.00   0.00
 MUD ROUGH=  0.025  0.035  0.028
 
 

 *WRN:505* Decrease in conveyance in subsection   2 at elevation=     3.940
            decrease=   1.3 per cent

 *WRN:505* Decrease in conveyance in subsection   3 at elevation=     3.940
            decrease=   1.5 per cent

 *WRN:505* Decrease in conveyance in subsection   2 at elevation=     3.987
            decrease=   2.0 per cent

 *WRN:505* Decrease in conveyance in subsection   3 at elevation=     3.987
            decrease=   2.2 per cent

 *WRN:505* Decrease in conveyance in subsection   2 at elevation=     9.010
            decrease=  40.2 per cent

 ELEMENTS FOR SECTION ID: 651

 TABID= 651
 TYPE=  -22
 STATION= 0.00000E+00
 ELEVATION=-2.63502E-03

   DEPTH TOP WID    AREA SQR(CV)   BETA       J  ALPHA   CRITQ     MA     MQ  AVER n
   0.000 0.000+0 0.000+0 0.000+0  1.000 0.000+0  1.000 0.000+0  1.000  1.000  0.0000
   0.016 5.020-1 3.964-3 1.081-1  1.000 2.086-5  1.000 1.999-3  1.000  1.000  0.0200
   0.063 9.961-1 3.926-2 5.801-1  1.000 9.479-4  1.000 4.423-2  1.000  1.000  0.0200
   0.141 1.474+0 1.353-1 1.421+0  1.000 7.489-3  1.000 2.325-1  1.000  1.000  0.0200
   0.248 1.930+0 3.175-1 2.628+0  1.000 3.130-2  1.000 7.309-1  1.000  1.000  0.0200
   0.382 2.354+0 6.061-1 4.182+0  1.000 9.289-2  1.000 1.745+0  1.000  1.000  0.0200
   0.500 2.639+0 9.004-1 5.556+0  1.000 1.813-1  1.000 2.984+0  1.000  1.000  0.0200
   0.514 3.112+0 9.401-1 5.716+0  1.000 1.940-1  1.000 2.932+0  1.000  1.000  0.0183
   0.543 3.481+0 1.035+0 6.056+0  1.000 2.223-1  1.000 3.200+0  1.000  1.000  0.0178
   0.555 3.637+0 1.079+0 6.213+0  1.000 2.356-1  1.000 3.337+0  1.000  1.000  0.0176
   0.623 4.183+0 1.345+0 7.087+0  1.000 3.178-1  1.000 4.329+0  1.000  1.000  0.0177
   0.717 4.758+0 1.764+0 8.361+0  1.000 4.631-1  1.000 6.096+0  1.000  1.000  0.0182
   0.726 4.803+0 1.807+0 8.487+0  1.000 4.792-1  1.000 6.291+0  1.000  1.000  0.0182
   0.835 5.304+0 2.358+0 1.005+1  1.000 7.055-1  1.000 8.919+0  1.000  1.000  0.0187
   0.930 5.670+0 2.877+0 1.144+1  1.000 9.527-1  1.000 1.163+1  1.000  1.000  0.0190
   0.975 5.831+0 3.139+0 1.212+1  1.000 1.090+0  1.000 1.307+1  1.000  1.000  0.0191
   1.136 6.309+0 4.113+0 1.451+1  1.000 1.671+0  1.000 1.884+1  1.000  1.000  0.0194
   1.150 6.345+0 4.203+0 1.473+1  1.000 1.730+0  1.000 1.941+1  1.000  1.000  0.0194
   1.314 6.713+0 5.272+0 1.716+1  1.000 2.505+0  1.000 2.652+1  1.000  1.000  0.0196
   1.384 6.845+0 5.748+0 1.819+1  1.000 2.891+0  1.000 2.989+1  1.000  1.000  0.0196
   1.507 7.043+0 6.600+0 1.997+1  1.000 3.649+0  1.000 3.625+1  1.000  1.000  0.0197
   1.627 7.201+0 7.461+0 2.170+1  1.000 4.498+0  1.000 4.309+1  1.000  1.000  0.0197
   1.711 7.289+0 8.067+0 2.287+1  1.000 5.148+0  1.000 4.816+1  1.000  1.000  0.0198
   1.877 7.416+0 9.286+0 2.514+1  1.000 6.586+0  1.000 5.897+1  1.000  1.000  0.0198
   1.924 7.440+0 9.638+0 2.577+1  1.000 7.035+0  1.000 6.225+1  1.000  1.000  0.0198
   2.128 7.491+0 1.116+1 2.840+1  1.000 9.157+0  1.000 7.731+1  1.000  1.000  0.0199
   2.143 7.491+0 1.127+1 2.858+1  1.000 9.317+0  1.000 7.842+1  1.000  1.000  0.0199
   2.363 7.436+0 1.291+1 3.124+1  1.000 1.198+1  1.000 9.654+1  1.000  1.000  0.0199
   2.378 7.428+0 1.302+1 3.141+1  1.000 1.217+1  1.000 9.786+1  1.000  1.000  0.0199
   2.581 7.273+0 1.452+1 3.366+1  1.000 1.497+1  1.000 1.164+2  1.000  1.000  0.0199
   2.621 7.231+0 1.481+1 3.408+1  1.000 1.557+1  1.000 1.203+2  1.000  1.000  0.0199
   2.794 7.006+0 1.604+1 3.580+1  1.000 1.823+1  1.000 1.377+2  1.000  1.000  0.0199
   2.855 6.909+0 1.647+1 3.636+1  1.000 1.922+1  1.000 1.442+2  1.000  1.000  0.0199
   2.999 6.637+0 1.744+1 3.761+1  1.000 2.166+1  1.000 1.604+2  1.000  1.000  0.0199
   3.076 6.468+0 1.794+1 3.822+1  1.000 2.302+1  1.000 1.696+2  1.000  1.000  0.0199
   3.192 6.172+0 1.867+1 3.906+1  1.000 2.514+1  1.000 1.843+2  1.000  1.000  0.0199
   3.279 5.918+0 1.920+1 3.963+1  1.000 2.680+1  1.000 1.963+2  1.000  1.000  0.0200
   3.370 5.617+0 1.972+1 4.015+1  1.000 2.856+1  1.000 2.097+2  1.000  1.000  0.0200
   3.462 5.268+0 2.023+1 4.061+1  1.000 3.041+1  1.000 2.250+2  1.000  1.000  0.0200
   3.530 4.978+0 2.058+1 4.088+1  1.000 3.179+1  1.000 2.374+2  1.000  1.000  0.0200
   3.623 4.529+0 2.102+1 4.118+1  1.000 3.372+1  1.000 2.569+2  1.000  1.000  0.0200
   3.670 4.265+0 2.123+1 4.128+1  1.000 3.472+1  1.000 2.687+2  1.000  1.000  0.0200
   3.758 3.714+0 2.157+1 4.137+1  1.000 3.659+1  1.000 2.950+2  1.000  1.000  0.0200
   3.788 3.488+0 2.168+1 4.137+1  1.000 3.726+1  1.000 3.068+2  1.000  1.000  0.0200
   3.865 2.838+0 2.193+1 4.127+1  1.000 3.892+1  1.000 3.458+2  1.000  1.000  0.0200
   3.882 2.658+0 2.197+1 4.121+1  1.000 3.930+1  1.000 3.585+2  1.000  1.000  0.0200
   3.942 1.914+0 2.211+1 4.092+1  1.000 4.063+1  1.000 4.265+2  1.000  1.000  0.0200
   3.950 1.789+0 2.213+1 4.086+1  1.000 4.080+1  1.000 4.416+2  1.000  1.000  0.0200
   3.989 9.585-1 2.218+1 4.043+1  1.000 4.168+1  1.000 6.054+2  1.000  1.000  0.0200
   3.991 8.890-1 2.218+1 4.039+1  1.000 4.171+1  1.000 6.287+2  1.000  1.000  0.0200
   4.005 3.046-2 2.219+1 3.991+1  1.000 4.201+1  1.000 3.398+3  1.000  1.000  0.0200
   4.005 2.000-2 2.219+1 3.990+1  1.000 4.202+1  1.000 4.193+3  1.000  1.000  0.0200
 500.000 2.000-2 3.211+1 3.990+1  1.000 1.351+4  1.000 4.193+3  1.000  1.000  0.0189
 
  
  
  
 SEWER                                                                           

 TABID= 637  OUT22                                                           
 DIAMETER=   3.000
 POLYGON APPROX HAS 30 SIDES
 WIDTH OF SLOT= 0.0010
 HEIGHT OF SLOT=     5.
 MANNING N=  0.020
0MUD LINE LEVEL=     1.050
0MUD LINE N=     0.030
 

 ELEMENTS FOR SECTION ID: 637

 TABID= 637
 TYPE=  -22
 STATION= 0.00000E+00
 ELEVATION= 1.05000E+00

   DEPTH TOP WID    AREA SQR(CV)   BETA       J  ALPHA   CRITQ     MA     MQ  AVER n
   0.000 2.870+0 0.000+0 0.000+0  1.000 0.000+0  1.000 0.000+0  1.000  1.000  0.0000
   0.080 2.904+0 2.310-1 1.449+0  1.000 9.221-3  1.000 3.696-1  1.000  1.000  0.0295
   0.293 2.995+0 8.581-1 4.221+0  1.000 1.247-1  1.000 2.607+0  1.000  1.000  0.0283
   0.607 2.995+0 1.801+0 7.578+0  1.000 5.431-1  1.000 7.923+0  1.000  1.000  0.0270
   0.915 2.864+0 2.702+0 1.031+1  1.000 1.237+0  1.000 1.490+1  1.000  1.000  0.0261
   1.203 2.608+0 3.489+0 1.241+1  1.000 2.129+0  1.000 2.290+1  1.000  1.000  0.0254
   1.457 2.238+0 4.106+0 1.385+1  1.000 3.098+0  1.000 3.156+1  1.000  1.000  0.0248
   1.668 1.770+0 4.528+0 1.462+1  1.000 4.009+0  1.000 4.109+1  1.000  1.000  0.0243
   1.825 1.225+0 4.763+0 1.462+1  1.000 4.741+0  1.000 5.331+1  1.000  1.000  0.0240
   1.923 6.260-1 4.853+0 1.462+1  1.000 5.209+0  1.000 7.668+1  1.000  1.000  0.0236
   1.955 1.000-3 4.864+0 1.462+1  1.000 5.369+0  1.000 1.925+3  1.000  1.000  0.0234
 500.000 1.000-3 5.362+0 1.462+1  1.000 2.552+3  1.000 1.925+3  1.000  1.000  0.0181
 
  
  
  
  
  
 HEC2X                                                                           
 MODE=CHANNEL          
 HEC2X INPUT FILE NAME:../data/model01.inp                                             
 FEQX OUTPUT FILE NAME:utlexm.chx                                                      
 OPTIONS: OUT22  NEWBETA                                                        
 Selection of beta option "NEWBETA" implies checking for monotonicity.
 BEGINNING TABLE NUMBER= 1200 TABLE NUMBER INCREMENT=   -2
 BEGINNING STATION=      0.00 STATION DIRECTION=   1.
 STATIONING DIVISOR TO CONVERT FEET TO DESIRED UNIT=   5280.00




 TABID=    1200
 STATION=     0.000
 NAVM=    0  SCALE=     1.000 SHIFT=     0.000
 NSUB    3 0.050 0.035 0.050
     OFFSET ELEVATION SUBS   X1  0.01
       0.00     16.00    1
      35.00     14.00    1
      42.00     12.00    1
      49.00     10.00    1
      55.00      8.00    1
      75.00      8.00    2
      83.00      6.00    2
      90.00      4.00    2
      95.00      2.00    2
     102.00      0.00    2
     111.00      0.00    2
     117.00      2.00    2
     137.00      2.00    2
     142.00      4.00    2
     147.00      6.00    2
     153.00      8.00    3
     159.00     10.00    3
     167.00     12.00    3
     187.00     14.00    3
     495.00     16.00   -1




 TABID=    1198
 STATION=     0.070
 NAVM=    0  SCALE=     1.000 SHIFT=     0.000
 NSUB    3 0.050 0.035 0.050
     OFFSET ELEVATION SUBS   X1  370.
       0.00     20.50    1
      13.60     15.50    1
      24.20     14.70    1
      37.80      8.90    1
      56.90      8.20    1
      71.40      5.90    1
     114.30      5.00    1
     138.30      4.30    2
     140.50      0.50    2
     157.00      0.10    2
     162.10      1.30    2
     164.20      6.90    3
     177.40     14.60    3
     192.00     15.40    3
     235.40     15.30    3
     290.90     15.00   -1

 *WRN:503* UNEXPECTED SLOPE AT RIGHT END.
  SLOPE EXPECTED TO BE > 0 AT RIGHT BOUNDARY




 TABID=    1196
 STATION=     0.155
 NAVM=    0  SCALE=     1.000 SHIFT=     0.000
 NSUB    3 0.050 0.035 0.050
     OFFSET ELEVATION SUBS   X1  820.
       0.00     21.60    1
      42.00     18.90    1
      71.10      9.20    1
      92.70      7.30    2
      99.30      2.90    2
     101.60      1.90    2
     112.10      1.20    2
     126.50      1.50    2
     131.00      2.80    2
     164.20      4.20    2
     168.70      6.80    3
     193.00     12.90    3
     206.50     17.00    3
     269.70     16.20    3
     321.10     15.90   -1

 *WRN:503* UNEXPECTED SLOPE AT RIGHT END.
  SLOPE EXPECTED TO BE > 0 AT RIGHT BOUNDARY




 TABID=    1194
 STATION=     0.162
 NAVM=    0  SCALE=     1.000 SHIFT=     0.000
 NSUB    3 0.050 0.035 0.050
     OFFSET ELEVATION SUBS   X1  854.
       0.00     19.40    1
      46.60     20.00    1
      87.20     18.70    1
     103.40     17.00    2
     134.35      1.20    2
     196.25      1.20    2
     236.40     17.00    3
     251.80     17.00    3
     308.20     16.10    3
     354.20     15.40   -1

 *WRN:502* UNEXPECTED SLOPE AT LEFT END.
  SLOPE EXPECTED TO BE < 0  AT LEFT BOUNDARY

 *WRN:503* UNEXPECTED SLOPE AT RIGHT END.
  SLOPE EXPECTED TO BE > 0 AT RIGHT BOUNDARY

 *WRN:556* Some point in cross section higher than either end.
          All area above minimum end elevation is ignored.




 TABID=    1192
 STATION=     0.171
 NAVM=    0  SCALE=     1.000 SHIFT=     0.000
 NSUB    3 0.050 0.035 0.050
     OFFSET ELEVATION SUBS   X1  904.
       0.00     19.40    1
      46.60     20.00    1
      87.20     18.70    1
     101.30     13.70    1
     116.70      8.20    1
     142.80      6.20    2
     148.30      0.80    2
     160.10      1.60    2
     173.40      2.20    2
     190.40      2.70    2
     198.60      4.70    2
     210.80      9.20    3
     251.80     17.00    3
     308.20     16.10    3
     354.20     15.40   -1

 *WRN:502* UNEXPECTED SLOPE AT LEFT END.
  SLOPE EXPECTED TO BE < 0  AT LEFT BOUNDARY

 *WRN:503* UNEXPECTED SLOPE AT RIGHT END.
  SLOPE EXPECTED TO BE > 0 AT RIGHT BOUNDARY

 *WRN:556* Some point in cross section higher than either end.
          All area above minimum end elevation is ignored.




 TABID=    1190
 STATION=     0.317
 NAVM=    0  SCALE=     1.000 SHIFT=     0.000
 NSUB    3 0.050 0.035 0.050
     OFFSET ELEVATION SUBS   X1 1674.
       0.00     28.70    1
      27.10     19.50    1
      43.00     14.60    1
      58.90      9.10    1
      93.90      6.10    2
      99.70      3.40    2
     105.10      3.20    2
     109.50      4.90    3
     142.50      5.10    3
     171.50     13.60    3
     275.20     16.80   -1




 TABID=    1188
 STATION=     0.405
 NAVM=    0  SCALE=     1.000 SHIFT=     0.000
 NSUB    3 0.050 0.035 0.050
     OFFSET ELEVATION SUBS   X1 2139.
       0.00     28.70    1
       1.00     25.00    1
       1.20     24.30    1
      27.10     19.50    1
      43.00     14.60    1
      58.90      9.10    1
      90.00     10.00    1
      93.90      6.10    2
      99.70      3.40    2
     105.10      3.20    2
     109.50      4.90    3
     142.50      5.10    3
     150.00     20.00    3
     171.50     13.60    3
     200.00     25.00    3
     275.20     16.80   -1

 *WRN:503* UNEXPECTED SLOPE AT RIGHT END.
  SLOPE EXPECTED TO BE > 0 AT RIGHT BOUNDARY




 TABID=    1186
 STATION=     0.493
 NAVM=    0  SCALE=     1.000 SHIFT=     0.000
 NSUB    3 0.050 0.035 0.050
     OFFSET ELEVATION SUBS   X1 2604.
       0.00     18.00    1
      10.00     18.00    2
      10.01      3.32    2
      21.00      3.32    2
      21.01     18.00    3
      31.00     18.00   -1

 *WRN:502* UNEXPECTED SLOPE AT LEFT END.
  SLOPE EXPECTED TO BE < 0  AT LEFT BOUNDARY

 *WRN:503* UNEXPECTED SLOPE AT RIGHT END.
  SLOPE EXPECTED TO BE > 0 AT RIGHT BOUNDARY




 TABID=    1184
 STATION=     0.530
 NAVM=    0  SCALE=     1.000 SHIFT=     0.000
 NSUB    3 0.050 0.011 0.050
     OFFSET ELEVATION SUBS   X1 2800.
       0.00     18.00    1
      10.00     18.00    2
      10.01      3.45    2
      21.00      3.45    2
      21.01     18.00    3
      31.00     18.00   -1

 *WRN:502* UNEXPECTED SLOPE AT LEFT END.
  SLOPE EXPECTED TO BE < 0  AT LEFT BOUNDARY

 *WRN:503* UNEXPECTED SLOPE AT RIGHT END.
  SLOPE EXPECTED TO BE > 0 AT RIGHT BOUNDARY




 TABID=    1182
 STATION=     0.549
 NAVM=    0  SCALE=     1.000 SHIFT=     0.000
 NSUB    3 0.050 0.035 0.050
     OFFSET ELEVATION SUBS   X1 2900.
       0.00     19.90    1
      72.20     17.40    1
     133.80     14.90    1
     140.40     11.90    1
     158.00      6.20    2
     159.20      2.60    2
     173.10      2.60    2
     182.00      3.30    2
     183.50      6.40    3
     202.00     12.10    3
     219.80     13.40    3
     230.10     14.00    3
     296.90     15.40    3
     378.50     17.60   -1




 TABID=    1180
 STATION=     0.569
 NAVM=    0  SCALE=     1.000 SHIFT=     0.000
 NSUB    3 0.050 0.035 0.050
     OFFSET ELEVATION SUBS   X1 3005.
       0.00     26.00    1
      11.00     24.20    1
      34.20     15.90    1
      40.50     15.30    1
      40.51     30.00    1
      42.00     30.00    1
      42.01     15.30    1
      51.40     15.20    1
      91.40     15.30    1
      91.41     30.00    1
      92.90     30.00    1
      92.91     15.30    1
     123.40     14.90    1
     123.41     30.00    1
     124.90     30.00    1
     124.91     14.90    1
     138.90     14.00    2
     144.40      5.10    2
     147.20      2.70    2
     157.80      2.70    2
     171.50      3.80    2
     174.00      5.00    2
     174.80      7.10    2
     174.81     30.00    2
     176.30     30.00    2
     176.31      7.10    2
     178.10      8.30    3
     206.50     21.20    3
     213.20     22.30    3
     215.00     25.10    3
     226.60     24.50   -1

 *WRN:503* UNEXPECTED SLOPE AT RIGHT END.
  SLOPE EXPECTED TO BE > 0 AT RIGHT BOUNDARY

 *WRN:556* Some point in cross section higher than either end.
          All area above minimum end elevation is ignored.




 TABID=    1178
 STATION=     0.578
 NAVM=    0  SCALE=     1.000 SHIFT=     0.000
 NSUB    6 0.050 0.040 0.030 0.020 0.025 0.010
     OFFSET ELEVATION SUBS   X1 3050.
       0.00     24.60    1
       1.00     25.00    1
       1.20     24.30    1
       5.70     23.60    1
      28.10     16.20    2
      35.10     15.40    2
      35.11     30.00    2
      36.60     30.00    3
      36.61     15.40    3
      44.30     15.20    4
      85.00     14.60    5
      85.01     30.00    5
      86.50     30.00    5
      86.51     14.60    5
      90.00     10.00    5
      96.20     14.30    5
     112.50      8.00    5
     116.50      4.00    5
     116.51     30.00    5
     118.00     30.00    6
     118.01      4.00    6
     123.00      3.00    6
     131.60      4.60    6
     144.60      3.80    6
     146.20      5.80    6
     150.00     20.00    6
     152.80      6.50    6
     158.50      6.80    6
     165.70     11.50    6
     167.80     12.00    6
     167.81     30.00    6
     169.30     30.00    6
     169.31     12.00    6
     189.10     23.00    6
     200.00     25.00    6
     203.10     24.60   -1

 *WRN:502* UNEXPECTED SLOPE AT LEFT END.
  SLOPE EXPECTED TO BE < 0  AT LEFT BOUNDARY

 *WRN:503* UNEXPECTED SLOPE AT RIGHT END.
  SLOPE EXPECTED TO BE > 0 AT RIGHT BOUNDARY

 *WRN:556* Some point in cross section higher than either end.
          All area above minimum end elevation is ignored.




 TABID=    1176
 STATION=     0.586
 NAVM=    0  SCALE=     1.000 SHIFT=     0.000
 NSUB    3 0.060 0.050 0.060
     OFFSET ELEVATION SUBS   X1 3095.
       0.00     22.50    1
       4.80     21.50    1
      18.50     16.20    1
      36.60     15.70    1
      36.61     30.00    1
      38.10     30.00    1
      38.11     15.70    1
      83.70     14.80    1
      83.71     30.00    1
      85.20     30.00    1
      85.21     14.80    1
     108.90     14.50    2
     117.00      6.00    2
     117.01     30.00    2
     118.50     30.00    2
     118.51      6.00    2
     121.40      3.40    2
     129.90      2.10    2
     143.10      5.50    2
     144.60      5.90    2
     152.50      7.50    2
     165.60      7.80    2
     167.80     11.40    3
     167.81     30.00    3
     169.30     30.00    3
     169.31     11.40    3
     176.40     14.80    3
     195.40     22.30    3
     204.40     23.20   -1

 *WRN:556* Some point in cross section higher than either end.
          All area above minimum end elevation is ignored.




 TABID=    1174
 STATION=     0.628
 NAVM=    0  SCALE=     1.000 SHIFT=     0.000
 NSUB    3 0.050 0.035 0.050
     OFFSET ELEVATION SUBS   X1 3315.
       0.00     15.60    1
      67.00     15.40    1
      83.70      9.20    1
      91.30      6.40    2
      92.40      5.00    2
      96.70      3.00    2
     103.10      2.60    2
     110.30      3.10    2
     114.10      5.00    2
     119.60      7.70    3
     143.60     15.40    3
     165.80     15.70    3
     211.10     15.30   -1

 *WRN:503* UNEXPECTED SLOPE AT RIGHT END.
  SLOPE EXPECTED TO BE > 0 AT RIGHT BOUNDARY

 *WRN:556* Some point in cross section higher than either end.
          All area above minimum end elevation is ignored.




 TABID=    1172
 STATION=     0.666
 NAVM=    0  SCALE=     1.000 SHIFT=     0.000
 NSUB    3 0.050 0.035 0.050
     OFFSET ELEVATION SUBS   X1 3515.
       0.00     17.10    1
      34.60     16.70    1
      35.30     10.80    1
      41.00      8.90    2
      43.30      5.50    2
      46.60      4.70    2
      56.20      4.20    2
      60.70      4.60    2
      64.80      5.50    3
      66.30      6.70    3
      71.80      7.60    3
      79.80     12.00    3
      80.20     16.80    3
     116.40     17.30    3
     147.40     17.20   -1

 *WRN:503* UNEXPECTED SLOPE AT RIGHT END.
  SLOPE EXPECTED TO BE > 0 AT RIGHT BOUNDARY

 *WRN:556* Some point in cross section higher than either end.
          All area above minimum end elevation is ignored.
  
  
  
 
  
  
  
  
  
  
 CHANNEL                                                                         
 SINDEF=CUBIC                                                                    
 HEAD      LOB                AXIS                 ROB                           
  
 STAT 0.0000000           0.0000000           0.0000000                          
 OFFS               75.00              153.00                                    
  
 STAT 0.0606061           0.0700758           0.0833333                          
 OFFS              138.30              164.20                                    
  
 STAT 0.1496212           0.1553030           0.1666667                          
 OFFS               92.70              168.70                                    
  
 STAT 0.1560606           0.1617424           0.1731061                          
 OFFS              103.40              236.40                                    
  
 STAT 0.1655303           0.1712121           0.1825758                          
 OFFS              142.80              210.80                                    
  
 STAT 0.3037879           0.3170455           0.3303030                          
 OFFS               93.90              109.50                                    
  
 STAT 0.3918561           0.4051136           0.4183712                          
 OFFS               93.90              109.50                                    
  
 STAT 0.4827651           0.4931818           0.5035985                          
 OFFS               10.00               21.01                                    
  
 STAT 0.5198864           0.5303030           0.5407197                          
 OFFS               10.00               21.01                                    
  
 STAT 0.5350379           0.5492424           0.5634470                          
 OFFS              158.00              183.50                                    
  
 STAT 0.5558712           0.5691288           0.5823864                          
 OFFS              138.90              178.10                                    
  
 STAT 0.5643939           0.5776515           0.5909091                          
 OFFS              112.50              146.20                                    
  
 STAT 0.5729167           0.5861742           0.5994318                          
 OFFS              108.90              167.80                                    
  
 STAT 0.6164773           0.6278409           0.6392046                          
 OFFS               91.30              119.60                                    
  
 STAT 0.6505682           0.6657197           0.6827651                          
 OFFS               41.00               64.80                                    
 END                                                                             

 Sinuousity table as defined by input.

  Item      LOB     AXIS      ROB
  STAT  0.00000  0.00000  0.00000
  OFFS    75.00   153.00         
  SINU    CUBIC   1.0000    CUBIC
 
  STAT  0.06061  0.07008  0.08333
  OFFS   138.30   164.20         
  SINU    CUBIC   1.0000    CUBIC
 
  STAT  0.14962  0.15530  0.16667
  OFFS    92.70   168.70         
  SINU    CUBIC   1.0000    CUBIC
 
  STAT  0.15606  0.16174  0.17311
  OFFS   103.40   236.40         
  SINU    CUBIC   1.0000    CUBIC
 
  STAT  0.16553  0.17121  0.18258
  OFFS   142.80   210.80         
  SINU    CUBIC   1.0000    CUBIC
 
  STAT  0.30379  0.31705  0.33030
  OFFS    93.90   109.50         
  SINU    CUBIC   1.0000    CUBIC
 
  STAT  0.39186  0.40511  0.41837
  OFFS    93.90   109.50         
  SINU    CUBIC   1.0000    CUBIC
 
  STAT  0.48277  0.49318  0.50360
  OFFS    10.00    21.01         
  SINU    CUBIC   1.0000    CUBIC
 
  STAT  0.51989  0.53030  0.54072
  OFFS    10.00    21.01         
  SINU    CUBIC   1.0000    CUBIC
 
  STAT  0.53504  0.54924  0.56345
  OFFS   158.00   183.50         
  SINU    CUBIC   1.0000    CUBIC
 
  STAT  0.55587  0.56913  0.58239
  OFFS   138.90   178.10         
  SINU    CUBIC   1.0000    CUBIC
 
  STAT  0.56439  0.57765  0.59091
  OFFS   112.50   146.20         
  SINU    CUBIC   1.0000    CUBIC
 
  STAT  0.57292  0.58617  0.59943
  OFFS   108.90   167.80         
  SINU    CUBIC   1.0000    CUBIC
 
  STAT  0.61648  0.62784  0.63920
  OFFS    91.30   119.60         
  SINU    CUBIC   1.0000    CUBIC
 
  STAT  0.65057  0.66572  0.68277
  OFFS    41.00    64.80         
  SINU    CUBIC   1.0000    CUBIC

 Final values of sinuosity.

  Item      LOB     AXIS      ROB
  STAT  0.00000  0.00000  0.00000
  OFFS    75.00   153.00         
  SINU   0.8129   1.0000   1.2466
 
  STAT  0.06061  0.07008  0.08333
  OFFS   138.30   164.20         
  SINU   0.9687   1.0000   1.0743
 
  STAT  0.14962  0.15530  0.16667
  OFFS    92.70   168.70         
  SINU   1.0064   1.0000   0.9943
 
  STAT  0.15606  0.16174  0.17311
  OFFS   103.40   236.40         
  SINU   0.9987   1.0000   1.0017
 
  STAT  0.16553  0.17121  0.18258
  OFFS   142.80   210.80         
  SINU   0.9968   1.0000   1.0001
 
  STAT  0.30379  0.31705  0.33030
  OFFS    93.90   109.50         
  SINU   0.9672   1.0000   1.0095
 
  STAT  0.39186  0.40511  0.41837
  OFFS    93.90   109.50         
  SINU   1.0130   1.0000   0.9930
 
  STAT  0.48277  0.49318  0.50360
  OFFS    10.00    21.01         
  SINU   1.0775   1.0000   0.9216
 
  STAT  0.51989  0.53030  0.54072
  OFFS    10.00    21.01         
  SINU   0.8150   1.0000   1.1851
 
  STAT  0.53504  0.54924  0.56345
  OFFS   158.00   183.50         
  SINU   0.9191   1.0000   1.0809
 
  STAT  0.55587  0.56913  0.58239
  OFFS   138.90   178.10         
  SINU   1.0386   1.0000   0.9612
 
  STAT  0.56439  0.57765  0.59091
  OFFS   112.50   146.20         
  SINU   0.9857   1.0000   1.0149
 
  STAT  0.57292  0.58617  0.59943
  OFFS   108.90   167.80         
  SINU   1.0186   1.0000   0.9792
 
  STAT  0.61648  0.62784  0.63920
  OFFS    91.30   119.60         
  SINU   0.9871   1.0000   1.0362
 
  STAT  0.65057  0.66572  0.68277
  OFFS    41.00    64.80         
  SINU   0.8565   1.0000   1.2069
  
  
 FEQX                                                                            

 Processing:TABLE#=  700  MONOTONE NEWBETA  NOSAVE   OUT23

 Processing:STATION= 0.0000000

 Processing:NAVM=0

 Processing:NSUB    3     0.050     0.035     0.050

 TabId= 700 NOSAVE   OUT23    NEWBETA  NOEXTEND MONOTONE
 STATION=     0.000
 NAVM=    0  Hor. scale factor=     1.000 Vert. shift=     0.000
  Vert. scale factor=     1.000 Hor. shift=     0.000
 NSUB    3 0.050 0.035 0.050
     OFFSET ELEVATION SUBS  X1  0.01                                             
        0.0     16.00    1
       35.0     14.00    1
       42.0     12.00    1
       49.0     10.00    1
       55.0      8.00    1
       75.0      8.00    2
       83.0      6.00    2
       90.0      4.00    2
       95.0      2.00    2
      102.0      0.00    2
      111.0      0.00    2
      117.0      2.00    2
      137.0      2.00    2
      142.0      4.00    2
      147.0      6.00    2
      153.0      8.00    3
      159.0     10.00    3
      167.0     12.00    3
      187.0     14.00    3
      495.0     16.00   -1
 

 *WRN:504*Line segment ending at (     75.00      8.00) is horizontal and not
      at minimum elevation.  Right hand end incremented by  0.053

 *WRN:504*Line segment ending at (    137.00      2.00) is horizontal and not
      at minimum elevation.  Right hand end incremented by  0.053

 *WRN:505* Decrease in conveyance in subsection   2 at elevation=     2.053
            decrease=  28.5 per cent

 ELEMENTS FOR SECTION ID: 700

 TABID= 700
 TYPE=  -23
 STATION= 0.00000E+00
 ELEVATION= 0.00000E+00

   DEPTH TOP WID    AREA SQR(CV)   BETA       J  ALPHA   CRITQ     MA     MQ  AVER n
   0.000 9.000+0 0.000+0 0.000+0  1.003 0.000+0  1.008 0.000+0  1.000  1.000  0.0000
   0.080 9.520+0 7.408-1 2.396+0  1.003 2.935-2  1.008 1.171+0  1.000  1.000  0.0350
   2.000 2.200+1 3.100+1 4.036+1  1.042 2.667+1  1.111 2.030+2  1.000  1.000  0.0350
   2.053 4.213+1 3.270+1 3.412+1  1.057 2.835+1  1.145 1.998+2  1.000  1.000  0.0350

 *WRN:506* Conveyance non-increasing at depth=      2.05
            decrease=  28.5 per cent
   4.000 5.200+1 1.243+2 9.646+1  1.058 1.781+2  1.170 1.006+3  1.000  1.000  0.0350
   6.000 6.400+1 2.403+2 1.556+2  1.043 5.388+2  1.119 2.534+3  1.000  1.000  0.0350
   8.000 7.779+1 3.821+2 2.145+2  1.045 1.157+3  1.123 4.642+3  1.000  1.000  0.0350
   8.053 9.832+1 3.868+2 2.162+2  1.047 1.177+3  1.126 4.673+3  1.000  1.000  0.0302
  10.000 1.100+2 5.896+2 2.890+2  1.084 2.124+3  1.221 7.344+3  0.988  0.996  0.0316
  12.000 1.250+2 8.246+2 3.640+2  1.092 3.533+3  1.247 1.127+4  0.984  0.992  0.0320
  14.000 1.520+2 1.102+3 4.392+2  1.107 5.450+3  1.289 1.595+4  0.986  0.989  0.0313
  16.000 4.950+2 1.749+3 5.183+2  1.286 8.186+3  1.798 1.874+4  1.032  0.997  0.0224
 
 Estimates of critical flow:
      Depth      Beta   dBetadY     Alpha  DAlphadY     Qbeta    Qalpha     Qcrit
    0.00000  1.003065  0.000000  1.007688  0.000000       0.0       0.0       0.0
    0.08000  1.003065  0.037016  1.007688  0.093301       1.2       1.2       1.2
    2.00000  1.041894  0.010472  1.110990  0.029584     206.0     200.0     208.8
    2.05300  1.056972  0.518311  1.144950  1.186016     202.0     197.6     163.5
    4.00000  1.057972 -0.021248  1.169904 -0.064493    1036.1     977.0    1091.0
    6.00000  1.042784 -0.001258  1.119388 -0.005874    2582.2    2485.7    2642.8
    8.00000  1.045375  0.002166  1.123211  0.005157    4724.6    4560.4    4805.9
    8.05300  1.046864  0.052849  1.126477  0.116114    4753.0    4593.9    4353.5
   10.00000  1.083598  0.005464  1.221090  0.017667    7543.6    7149.5    7745.7
   12.00000  1.091855  0.003528  1.247428  0.010928   11626.0   10919.3   12018.1
   14.00000  1.106987  0.009564  1.289198  0.026517   16520.0   15406.3   16828.3
   16.00000  1.286056  0.116881  1.798233  0.381610   19957.7   17588.8   18649.2
  
  
  
 FEQX                                                                            

 Processing:TABLE#=  698  MONOTONE NEWBETA  NOSAVE   OUT23

 Processing:STATION= 0.0700758

 Processing:NAVM=0

 Processing:NSUB    3     0.050     0.035     0.050

 TabId= 698 NOSAVE   OUT23    NEWBETA  NOEXTEND MONOTONE
 STATION=     0.070
 NAVM=    0  Hor. scale factor=     1.000 Vert. shift=     0.000
  Vert. scale factor=     1.000 Hor. shift=     0.000
 NSUB    3 0.050 0.035 0.050
     OFFSET ELEVATION SUBS  X1  370.                                             
        0.0     20.50    1
       13.6     15.50    1
       24.2     14.70    1
       37.8      8.90    1
       56.9      8.20    1
       71.4      5.90    1
      114.3      5.00    1
      138.3      4.30    2
      140.5      0.50    2
      157.0      0.10    2
      162.1      1.30    2
      164.2      6.90    3
      177.4     14.60    3
      192.0     15.40    3
      235.4     15.30    3
      290.9     15.00   -1

 *WRN:503* UNEXPECTED SLOPE AT RIGHT END.
  SLOPE EXPECTED TO BE > 0 AT RIGHT BOUNDARY
 

 *WRN:505* Decrease in conveyance in subsection   3 at elevation=    14.700
            decrease=   2.9 per cent

 *WRN:505* Decrease in conveyance in subsection   3 at elevation=    15.000
            decrease=   2.3 per cent

 ELEMENTS FOR SECTION ID: 698

 TABID= 698
 TYPE=  -23
 STATION= 7.00758E-02
 ELEVATION= 1.00000E-01

   DEPTH TOP WID    AREA SQR(CV)   BETA       J  ALPHA   CRITQ     MA     MQ  AVER n
   0.000 0.000+0 0.000+0 0.000+0  1.067 0.000+0  1.185 0.000+0  1.000  1.000  0.0000
   0.080 3.640+0 1.456-1 8.507-1  1.067 3.883-3  1.185 1.558-1  1.000  1.000  0.0350
   0.400 1.820+1 3.640+0 7.273+0  1.067 4.853-1  1.185 8.711+0  1.000  1.000  0.0350
   1.200 2.206+1 1.975+1 2.769+1  1.020 9.633+0  1.054 1.042+2  1.000  1.000  0.0350
   2.700 2.349+1 5.391+1 6.109+1  1.018 6.461+1  1.046 4.581+2  1.000  1.000  0.0350
   4.200 2.493+1 9.023+1 9.013+1  1.025 1.724+2  1.063 9.639+2  1.000  1.000  0.0350
   4.900 4.919+1 1.162+2 1.042+2  1.084 2.437+2  1.199 1.129+3  0.998  1.000  0.0265
   5.800 9.242+1 1.799+2 1.253+2  1.222 3.740+2  1.588 1.401+3  0.991  0.998  0.0256
   6.800 9.910+1 2.757+2 1.553+2  1.269 6.012+2  1.792 2.130+3  0.986  0.994  0.0323
   8.100 1.095+2 4.113+2 1.984+2  1.239 1.046+3  1.751 3.593+3  0.984  0.990  0.0361
   8.800 1.298+2 4.950+2 2.191+2  1.230 1.363+3  1.733 4.519+3  0.983  0.989  0.0362
  10.700 1.375+2 7.490+2 2.900+2  1.194 2.542+3  1.635 7.992+3  0.981  0.986  0.0396
  12.600 1.453+2 1.018+3 3.603+2  1.160 4.218+3  1.527 1.264+4  0.981  0.984  0.0411
  14.500 1.530+2 1.301+3 4.297+2  1.137 6.419+3  1.453 1.826+4  0.981  0.983  0.0420
  14.600 1.550+2 1.316+3 4.331+2  1.136 6.550+3  1.450 1.858+4  0.981  0.983  0.0418
  14.900 1.645+2 1.364+3 4.413+2  1.135 6.952+3  1.444 1.948+4  0.982  0.983  0.0412
 
 Estimates of critical flow:
      Depth      Beta   dBetadY     Alpha  DAlphadY     Qbeta    Qalpha     Qcrit
    0.00000  1.066697  0.000000  1.185281  0.000000       0.0       0.0       0.0
    0.08000  1.066697 -0.000003  1.185281 -0.000002       0.2       0.2       0.2
    0.40000  1.066696  0.000000  1.185279  0.000000       8.9       8.5       9.2
    1.20000  1.020222  0.002700  1.053877  0.002100     105.1     103.3     106.0
    2.70000  1.017989  0.003515  1.045569  0.007291     461.2     455.1     463.4
    4.20000  1.025366  0.005637  1.062623  0.013606     971.7     956.1     974.1
    4.90000  1.083755  0.127270  1.198799  0.315324    1144.7    1114.3    1013.0
    5.80000  1.222327  0.144825  1.587716  0.466453    1468.5    1337.5    1424.1
    6.80000  1.268671 -0.007879  1.792016  0.035616    2296.4    1976.3    2608.8
    8.10000  1.239483 -0.027221  1.751449 -0.063332    3904.1    3306.7    4522.2
    8.80000  1.230077 -0.004762  1.732564 -0.003359    4909.8    4159.7    5485.4
   10.70000  1.193985 -0.021391  1.634854 -0.064429    8664.8    7372.2    9919.1
   12.60000  1.159625 -0.014650  1.526995 -0.047615   13605.6   11745.3   15286.0
   14.50000  1.137177 -0.009368  1.452549 -0.031702   19517.8   17088.8   21530.3
   14.60000  1.136318 -0.007846  1.449585 -0.027629   19846.7   17389.7   21767.7
   14.90000  1.134895 -0.001982  1.443816 -0.011627   20780.5   18254.4   22297.6
  
  
  
 FEQX                                                                            

 Processing:TABLE#=  696  MONOTONE NEWBETA  NOSAVE   OUT23

 Processing:STATION= 0.1553030

 Processing:NAVM=0

 Processing:NSUB    3     0.050     0.035     0.050

 TabId= 696 NOSAVE   OUT23    NEWBETA  NOEXTEND MONOTONE
 STATION=     0.155
 NAVM=    0  Hor. scale factor=     1.000 Vert. shift=     0.000
  Vert. scale factor=     1.000 Hor. shift=     0.000
 NSUB    3 0.050 0.035 0.050
     OFFSET ELEVATION SUBS  X1  820.                                             
        0.0     21.60    1
       42.0     18.90    1
       71.1      9.20    1
       92.7      7.30    2
       99.3      2.90    2
      101.6      1.90    2
      112.1      1.20    2
      126.5      1.50    2
      131.0      2.80    2
      164.2      4.20    2
      168.7      6.80    3
      193.0     12.90    3
      206.5     17.00    3
      269.7     16.20    3
      321.1     15.90   -1

 *WRN:503* UNEXPECTED SLOPE AT RIGHT END.
  SLOPE EXPECTED TO BE > 0 AT RIGHT BOUNDARY
 

 ELEMENTS FOR SECTION ID: 696

 TABID= 696
 TYPE=  -23
 STATION= 1.55303E-01
 ELEVATION= 1.20000E+00

   DEPTH TOP WID    AREA SQR(CV)   BETA       J  ALPHA   CRITQ     MA     MQ  AVER n
   0.000 0.000+0 0.000+0 0.000+0  1.067 0.000+0  1.185 0.000+0  1.000  1.000  0.0000
   0.080 5.040+0 2.016-1 1.002+0  1.067 5.376-3  1.185 2.158-1  1.000  1.000  0.0350
   0.300 1.890+1 2.835+0 5.836+0  1.067 2.835-1  1.185 5.876+0  1.000  1.000  0.0350
   0.700 2.628+1 1.187+1 1.723+1  1.033 3.126+0  1.091 4.390+1  1.000  1.000  0.0350
   1.600 3.147+1 3.786+1 4.252+1  1.022 2.516+1  1.057 2.313+2  1.000  1.000  0.0350
   1.700 3.407+1 4.114+1 4.438+1  1.024 2.910+1  1.062 2.569+2  1.000  1.000  0.0350
   3.000 6.685+1 1.067+2 7.846+1  1.074 1.206+2  1.199 7.299+2  1.000  1.000  0.0350
   4.300 7.105+1 1.964+2 1.274+2  1.051 3.170+2  1.145 1.723+3  1.000  1.000  0.0350
   5.600 7.525+1 2.915+2 1.732+2  1.036 6.335+2  1.102 3.103+3  1.000  1.000  0.0350
   6.100 7.799+1 3.298+2 1.910+2  1.034 7.888+2  1.095 3.709+3  1.000  1.000  0.0345
   8.000 1.072+2 5.057+2 2.604+2  1.060 1.574+3  1.154 6.229+3  1.000  1.000  0.0307
   9.850 1.201+2 7.159+2 3.291+2  1.083 2.700+3  1.214 9.504+3  1.000  1.000  0.0318
  11.700 1.330+2 9.500+2 3.980+2  1.094 4.237+3  1.250 1.360+4  1.000  1.000  0.0325
  13.200 1.424+2 1.157+3 4.541+2  1.101 5.815+3  1.271 1.749+4  1.000  1.000  0.0331
  14.700 1.519+2 1.377+3 5.102+2  1.106 7.714+3  1.287 2.188+4  1.000  1.000  0.0336
 
 Estimates of critical flow:
      Depth      Beta   dBetadY     Alpha  DAlphadY     Qbeta    Qalpha     Qcrit
    0.00000  1.066670  0.000000  1.185189  0.000000       0.0       0.0       0.0
    0.08000  1.066670 -0.000001  1.185189  0.000001       0.2       0.2       0.2
    0.30000  1.066668 -0.000001  1.185188  0.000000       6.0       5.7       6.2
    0.70000  1.033242 -0.001399  1.090608 -0.014890      44.5      43.3      45.3
    1.60000  1.021539  0.001647  1.057476  0.001954     233.4     229.3     235.7
    1.70000  1.023676  0.035978  1.062062  0.080153     259.1     254.8     256.5
    3.00000  1.074272  0.017030  1.199113  0.055799     747.9     712.3     765.3
    4.30000  1.050946 -0.017971  1.144807 -0.049202    1765.8    1682.2    1852.5
    5.60000  1.035883 -0.006715  1.101633 -0.020299    3158.8    3047.4    3255.1
    6.10000  1.033861 -0.001856  1.094789 -0.008127    3770.2    3649.1    3848.0
    8.00000  1.060184  0.019931  1.153614  0.049113    6341.6    6118.9    6233.3
    9.85000  1.082676  0.007866  1.214450  0.023210    9745.6    9268.1    9918.5
   11.70000  1.094215  0.005119  1.249795  0.016188   14008.6   13195.7   14406.8
   13.20000  1.100609  0.003642  1.270690  0.012217   18069.9   16923.3   18700.8
   14.70000  1.105527  0.002987  1.287411  0.010270   22663.0   21128.0   23535.2
  
  
  
 FEQX                                                                            

 Processing:TABLE#=  694  MONOTONE NEWBETA  NOSAVE   OUT23

 Processing:STATION= 0.1617424

 Processing:NAVM=0

 Processing:NSUB    3     0.050     0.035     0.050

 TabId= 694 NOSAVE   OUT23    NEWBETA  NOEXTEND MONOTONE
 STATION=     0.162
 NAVM=    0  Hor. scale factor=     1.000 Vert. shift=     0.000
  Vert. scale factor=     1.000 Hor. shift=     0.000
 NSUB    3 0.050 0.035 0.050
     OFFSET ELEVATION SUBS  X1  854.                                             
        0.0     19.40    1
       46.6     20.00    1
       87.2     18.70    1
      103.4     17.00    2
      134.4      1.20    2
      196.3      1.20    2
      236.4     17.00    3
      251.8     17.00    3
      308.2     16.10    3
      354.2     15.40   -1

 *WRN:502* UNEXPECTED SLOPE AT LEFT END.
  SLOPE EXPECTED TO BE < 0  AT LEFT BOUNDARY

 *WRN:503* UNEXPECTED SLOPE AT RIGHT END.
  SLOPE EXPECTED TO BE > 0 AT RIGHT BOUNDARY

 *WRN:556* Some point in cross section higher than either end.
          All area above minimum end elevation is ignored.
 

 *WRN:504*Line segment ending at (    251.80     17.00) is horizontal and not
      at minimum elevation.  Right hand end incremented by  0.053

 ELEMENTS FOR SECTION ID: 694

 TABID= 694
 TYPE=  -23
 STATION= 1.61742E-01
 ELEVATION= 1.20000E+00

   DEPTH TOP WID    AREA SQR(CV)   BETA       J  ALPHA   CRITQ     MA     MQ  AVER n
   0.000 6.190+1 0.000+0 0.000+0  1.000 0.000+0  1.001 0.000+0  1.000  1.000  0.0000
   0.080 6.226+1 4.966+0 6.258+0  1.000 1.985-1  1.001 7.959+0  1.000  1.000  0.0350
   2.367 7.255+1 1.591+2 1.064+2  1.009 1.833+2  1.024 1.332+3  1.000  1.000  0.0350
   4.733 8.320+1 3.434+2 1.924+2  1.017 7.730+2  1.044 3.927+3  1.000  1.000  0.0350
   7.100 9.385+1 5.529+2 2.742+2  1.024 1.829+3  1.061 7.522+3  1.000  1.000  0.0350
   9.467 1.045+2 7.876+2 3.545+2  1.029 3.410+3  1.076 1.207+4  1.000  1.000  0.0350
  11.833 1.151+2 1.048+3 4.345+2  1.034 5.577+3  1.089 1.757+4  1.000  1.000  0.0350
  14.200 1.258+2 1.333+3 5.149+2  1.038 8.388+3  1.100 2.404+4  1.000  1.000  0.0350
 
 Estimates of critical flow:
      Depth      Beta   dBetadY     Alpha  DAlphadY     Qbeta    Qalpha     Qcrit
    0.00000  1.000350  0.000000  1.000871  0.000000       0.0       0.0       0.0
    0.08000  1.000350  0.004284  1.000871  0.010764       8.0       8.0       8.0
    2.36667  1.009380  0.003603  1.023723  0.009221    1335.9    1327.9    1336.9
    4.73333  1.017176  0.003009  1.043887  0.007865    3949.5    3905.3    3958.9
    7.10000  1.023714  0.002535  1.061137  0.006749    7582.2    7463.1    7615.4
    9.46667  1.029244  0.002152  1.075982  0.005825   12191.0   11951.5   12270.2
   11.83333  1.033954  0.001840  1.088828  0.005054   17776.6   17366.4   17929.0
   14.20000  1.037994  0.001583  1.100001  0.004407   24356.2   23721.0   24613.4
  
  
  
 FEQX                                                                            

 Processing:TABLE#=  692  MONOTONE NEWBETA  NOSAVE   OUT23

 Processing:STATION= 0.1712121

 Processing:NAVM=0

 Processing:NSUB    3     0.050     0.035     0.050

 TabId= 692 NOSAVE   OUT23    NEWBETA  NOEXTEND MONOTONE
 STATION=     0.171
 NAVM=    0  Hor. scale factor=     1.000 Vert. shift=     0.000
  Vert. scale factor=     1.000 Hor. shift=     0.000
 NSUB    3 0.050 0.035 0.050
     OFFSET ELEVATION SUBS  X1  904.                                             
        0.0     19.40    1
       46.6     20.00    1
       87.2     18.70    1
      101.3     13.70    1
      116.7      8.20    1
      142.8      6.20    2
      148.3      0.80    2
      160.1      1.60    2
      173.4      2.20    2
      190.4      2.70    2
      198.6      4.70    2
      210.8      9.20    3
      251.8     17.00    3
      308.2     16.10    3
      354.2     15.40   -1

 *WRN:502* UNEXPECTED SLOPE AT LEFT END.
  SLOPE EXPECTED TO BE < 0  AT LEFT BOUNDARY

 *WRN:503* UNEXPECTED SLOPE AT RIGHT END.
  SLOPE EXPECTED TO BE > 0 AT RIGHT BOUNDARY

 *WRN:556* Some point in cross section higher than either end.
          All area above minimum end elevation is ignored.
 

 ELEMENTS FOR SECTION ID: 692

 TABID= 692
 TYPE=  -23
 STATION= 1.71212E-01
 ELEVATION= 8.00000E-01

   DEPTH TOP WID    AREA SQR(CV)   BETA       J  ALPHA   CRITQ     MA     MQ  AVER n
   0.000 0.000+0 0.000+0 0.000+0  1.069 0.000+0  1.194 0.000+0  1.000  1.000  0.0000
   0.080 1.261+0 5.046-2 4.966-1  1.069 1.346-3  1.194 5.388-2  1.000  1.000  0.0350
   0.800 1.261+1 5.046+0 1.070+1  1.069 1.346+0  1.194 1.704+1  1.000  1.000  0.0350
   1.400 2.653+1 1.679+1 2.278+1  1.084 7.478+0  1.237 7.042+1  1.000  1.000  0.0350
   1.900 4.404+1 3.443+1 3.505+1  1.096 1.992+1  1.272 1.597+2  1.000  1.000  0.0350
   3.900 5.427+1 1.327+2 1.001+2  1.034 1.837+2  1.095 1.132+3  1.000  1.000  0.0350
   5.400 5.987+1 2.183+2 1.462+2  1.030 4.459+2  1.081 2.300+3  1.000  1.000  0.0350
   7.400 9.139+1 3.696+2 2.089+2  1.070 1.023+3  1.177 4.204+3  1.000  1.000  0.0313
   8.400 9.690+1 4.637+2 2.418+2  1.084 1.440+3  1.219 5.494+3  1.000  1.000  0.0328
  10.650 1.150+2 7.022+2 3.227+2  1.099 2.744+3  1.267 9.233+3  0.999  1.000  0.0328
  12.900 1.332+2 9.814+2 4.038+2  1.110 4.630+3  1.303 1.404+4  0.999  1.000  0.0332
  14.600 1.469+2 1.219+3 4.656+2  1.118 6.497+3  1.327 1.839+4  0.999  1.000  0.0336
 
 Estimates of critical flow:
      Depth      Beta   dBetadY     Alpha  DAlphadY     Qbeta    Qalpha     Qcrit
    0.00000  1.069322  0.000000  1.193509  0.000000       0.0       0.0       0.0
    0.08000  1.069322 -0.000002  1.193509 -0.000002       0.1       0.1       0.1
    0.80000  1.069319  0.000000  1.193507  0.000000      17.5      16.6      18.1
    1.40000  1.084215 -0.001298  1.237348  0.003518      72.8      68.2      75.8
    1.90000  1.095782  0.009023  1.271563  0.034382     165.6     154.0     172.7
    3.90000  1.033859 -0.005338  1.095421 -0.018643    1151.2    1113.9    1177.9
    5.40000  1.029625 -0.000448  1.080716 -0.002572    2330.0    2271.1    2366.1
    7.40000  1.069577  0.024819  1.176704  0.064773    4284.1    4124.4    4217.7
    8.40000  1.084482  0.008376  1.219403  0.027122    5633.1    5357.7    5756.8
   10.65000  1.099217  0.005520  1.267060  0.017748    9536.7    8938.6    9844.2
   12.90000  1.110484  0.004552  1.303430  0.014842   14568.0   13528.8   15118.0
   14.60000  1.117707  0.003948  1.327258  0.013207   19140.6   17674.2   19936.9
  
  
  
 FEQX                                                                            

 Processing:TABLE#=  690  MONOTONE NEWBETA  NOSAVE   OUT23

 Processing:STATION= 0.3170455

 Processing:NAVM=0

 Processing:NSUB    3     0.050     0.035     0.050

 TabId= 690 NOSAVE   OUT23    NEWBETA  NOEXTEND MONOTONE
 STATION=     0.317
 NAVM=    0  Hor. scale factor=     1.000 Vert. shift=     0.000
  Vert. scale factor=     1.000 Hor. shift=     0.000
 NSUB    3 0.050 0.035 0.050
     OFFSET ELEVATION SUBS  X1 1674.                                             
        0.0     28.70    1
       27.1     19.50    1
       43.0     14.60    1
       58.9      9.10    1
       93.9      6.10    2
       99.7      3.40    2
      105.1      3.20    2
      109.5      4.90    3
      142.5      5.10    3
      171.5     13.60    3
      275.2     16.80   -1
 

 ELEMENTS FOR SECTION ID: 690

 TABID= 690
 TYPE=  -23
 STATION= 3.17046E-01
 ELEVATION= 3.20000E+00

   DEPTH TOP WID    AREA SQR(CV)   BETA       J  ALPHA   CRITQ     MA     MQ  AVER n
   0.000 0.000+0 0.000+0 0.000+0  1.067 0.000+0  1.186 0.000+0  1.000  1.000  0.0000
   0.080 2.367+0 9.468-2 6.850-1  1.067 2.525-3  1.186 1.013-1  1.000  1.000  0.0350
   0.200 5.918+0 5.918-1 2.324+0  1.067 3.945-2  1.186 1.001+0  1.000  1.000  0.0350
   1.700 1.302+1 1.480+1 2.577+1  1.044 1.025+1  1.118 8.682+1  1.000  1.000  0.0350
   1.900 4.645+1 2.074+1 2.958+1  1.185 1.369+1  1.468 9.037+1  1.002  1.000  0.0204
   2.900 5.201+1 6.998+1 5.719+1  1.212 5.859+1  1.684 3.614+2  1.005  1.003  0.0383
   4.400 7.463+1 1.650+2 1.029+2  1.144 2.305+2  1.464 1.201+3  1.003  1.003  0.0389
   5.900 9.725+1 2.939+2 1.503+2  1.130 5.704+2  1.412 2.555+3  0.999  1.002  0.0401
   8.150 1.114+2 5.286+2 2.254+2  1.104 1.490+3  1.332 5.800+3  0.996  0.998  0.0432
  10.400 1.256+2 7.953+2 3.003+2  1.090 2.973+3  1.285 1.029+4  0.995  0.997  0.0443
  11.400 1.609+2 9.385+2 3.200+2  1.098 3.837+3  1.303 1.230+4  0.995  0.995  0.0437
  13.600 2.393+2 1.379+3 3.908+2  1.137 6.355+3  1.412 1.746+4  0.996  0.994  0.0428
 
 Estimates of critical flow:
      Depth      Beta   dBetadY     Alpha  DAlphadY     Qbeta    Qalpha     Qcrit
    0.00000  1.066842  0.000000  1.185757  0.000000       0.0       0.0       0.0
    0.08000  1.066842 -0.000002  1.185757 -0.000001       0.1       0.1       0.1
    0.20000  1.066841 -0.000001  1.185756 -0.000001       1.0       1.0       1.1
    1.70000  1.044493  0.013265  1.118476  0.037534      88.2      85.4      89.5
    1.90000  1.184586  1.064401  1.467889  2.949556      93.4      87.4      78.7
    2.90000  1.212143 -0.118846  1.683880 -0.353725     393.2     332.2     460.6
    4.40000  1.144359 -0.016201  1.463813 -0.057096    1281.0    1126.2    1391.6
    5.90000  1.129892 -0.005860  1.412453 -0.020718    2705.9    2412.5    2898.7
    8.15000  1.104090 -0.009260  1.331846 -0.029977    6097.8    5516.1    6533.6
   10.40000  1.089984 -0.003953  1.284551 -0.013880   10753.9    9852.1   11355.5
   11.40000  1.098346  0.015829  1.302652  0.039280   12824.0   11800.5   12862.5
   13.60000  1.137322  0.015187  1.412188  0.047481   18328.3   16628.6   18779.4
  
  
  
 FEQX                                                                            

 Processing:TABLE#=  688  MONOTONE NEWBETA  NOSAVE   OUT23

 Processing:STATION= 0.4051136

 Processing:NAVM=0

 Processing:NSUB    3     0.050     0.035     0.050

 TabId= 688 NOSAVE   OUT23    NEWBETA  NOEXTEND MONOTONE
 STATION=     0.405
 NAVM=    0  Hor. scale factor=     1.000 Vert. shift=     0.000
  Vert. scale factor=     1.000 Hor. shift=     0.000
 NSUB    3 0.050 0.035 0.050
     OFFSET ELEVATION SUBS  X1 2139.                                             
        0.0     28.70    1
        1.0     25.00    1
        1.2     24.30    1
       27.1     19.50    1
       43.0     14.60    1
       58.9      9.10    1
       90.0     10.00    1
       93.9      6.10    2
       99.7      3.40    2
      105.1      3.20    2
      109.5      4.90    3
      142.5      5.10    3
      150.0     20.00    3
      171.5     13.60    3
      200.0     25.00    3
      275.2     16.80   -1

 *WRN:503* UNEXPECTED SLOPE AT RIGHT END.
  SLOPE EXPECTED TO BE > 0 AT RIGHT BOUNDARY
 

 ELEMENTS FOR SECTION ID: 688

 TABID= 688
 TYPE=  -23
 STATION= 4.05114E-01
 ELEVATION= 3.20000E+00

   DEPTH TOP WID    AREA SQR(CV)   BETA       J  ALPHA   CRITQ     MA     MQ  AVER n
   0.000 0.000+0 0.000+0 0.000+0  1.067 0.000+0  1.186 0.000+0  1.000  1.000  0.0000
   0.080 2.367+0 9.468-2 6.850-1  1.067 2.525-3  1.186 1.013-1  1.000  1.000  0.0350
   0.200 5.918+0 5.918-1 2.324+0  1.067 3.945-2  1.186 1.001+0  1.000  1.000  0.0350
   1.700 1.302+1 1.480+1 2.577+1  1.044 1.025+1  1.118 8.682+1  1.000  1.000  0.0350
   1.900 4.645+1 2.074+1 2.958+1  1.184 1.369+1  1.467 9.026+1  0.999  1.000  0.0204
   2.900 4.910+1 6.852+1 5.708+1  1.202 5.810+1  1.649 3.614+2  0.996  0.998  0.0383
   4.400 5.136+1 1.439+2 1.002+2  1.107 2.170+2  1.343 1.188+3  0.996  0.997  0.0408
   5.900 5.361+1 2.226+2 1.401+2  1.083 4.914+2  1.260 2.335+3  0.996  0.997  0.0413
   6.800 8.867+1 2.866+2 1.636+2  1.115 7.182+2  1.337 2.914+3  0.997  0.997  0.0334
   8.600 9.478+1 4.517+2 2.165+2  1.138 1.381+3  1.414 4.923+3  0.999  0.998  0.0388
  10.400 1.009+2 6.278+2 2.701+2  1.124 2.351+3  1.382 7.793+3  1.000  0.999  0.0411
  11.400 1.101+2 7.333+2 2.949+2  1.121 3.031+3  1.372 9.602+3  1.001  1.000  0.0420
  13.600 1.313+2 9.989+2 3.553+2  1.123 4.928+3  1.377 1.413+4  1.001  1.001  0.0430
 
 Estimates of critical flow:
      Depth      Beta   dBetadY     Alpha  DAlphadY     Qbeta    Qalpha     Qcrit
    0.00000  1.066842  0.000000  1.185757  0.000000       0.0       0.0       0.0
    0.08000  1.066842 -0.000002  1.185757 -0.000001       0.1       0.1       0.1
    0.20000  1.066841 -0.000001  1.185756 -0.000001       1.0       1.0       1.1
    1.70000  1.044493  0.013265  1.118476  0.037534      88.2      85.4      89.5
    1.90000  1.184162  1.059198  1.466986  2.937113      93.3      87.3      78.7
    2.90000  1.202224 -0.121382  1.649188 -0.363532     392.2     333.0     459.3
    4.40000  1.106829 -0.028137  1.343285 -0.095729    1254.8    1124.2    1366.4
    5.90000  1.082932 -0.008151  1.259663 -0.030000    2435.5    2238.5    2573.8
    6.80000  1.115160  0.057376  1.336971  0.152426    3032.8    2800.1    2924.2
    8.60000  1.137728 -0.005492  1.413924 -0.008522    5187.1    4672.8    5596.1
   10.40000  1.124327 -0.007475  1.382410 -0.020091    8213.3    7393.4    8887.2
   11.40000  1.120572 -0.001217  1.371560 -0.004215   10107.1    9122.0   10737.7
   13.60000  1.122835  0.001998  1.376832  0.005648   14856.5   13430.4   15635.6
  
  
  
 FEQX                                                                            

 Processing:TABLE#=  686  MONOTONE NEWBETA  NOSAVE   OUT23

 Processing:STATION= 0.4931818

 Processing:NAVM=0

 Processing:NSUB    3     0.050     0.035     0.050

 TabId= 686 NOSAVE   OUT23    NEWBETA  NOEXTEND MONOTONE
 STATION=     0.493
 NAVM=    0  Hor. scale factor=     1.000 Vert. shift=     0.000
  Vert. scale factor=     1.000 Hor. shift=     0.000
 NSUB    3 0.050 0.035 0.050
     OFFSET ELEVATION SUBS  X1 2604.                                             
        0.0     18.00    1
       10.0     18.00    2
       10.0      3.32    2
       21.0      3.32    2
       21.0     18.00    3
       31.0     18.00   -1

 *WRN:502* UNEXPECTED SLOPE AT LEFT END.
  SLOPE EXPECTED TO BE < 0  AT LEFT BOUNDARY

 *WRN:503* UNEXPECTED SLOPE AT RIGHT END.
  SLOPE EXPECTED TO BE > 0 AT RIGHT BOUNDARY
 

 *WRN:504*Line segment ending at (     10.00     18.00) is horizontal and not
      at minimum elevation.  Right hand end incremented by  0.053

 *WRN:504*Line segment ending at (     31.00     18.00) is horizontal and not
      at minimum elevation.  Right hand end incremented by  0.053

 ELEMENTS FOR SECTION ID: 686

 TABID= 686
 TYPE=  -23
 STATION= 4.93182E-01
 ELEVATION= 3.32000E+00

   DEPTH TOP WID    AREA SQR(CV)   BETA       J  ALPHA   CRITQ     MA     MQ  AVER n
   0.000 1.099+1 0.000+0 0.000+0  1.000 0.000+0  1.000 0.000+0  1.000  1.000  0.0000
   0.080 1.099+1 8.792-1 2.623+0  1.000 3.517-2  1.000 1.411+0  1.000  1.000  0.0350
   2.447 1.099+1 2.689+1 4.033+1  1.000 3.290+1  1.000 2.387+2  1.000  1.000  0.0350
   4.893 1.100+1 5.379+1 6.571+1  1.000 1.316+2  1.001 6.751+2  1.000  1.000  0.0350
   7.340 1.100+1 8.070+1 8.587+1  1.000 2.961+2  1.001 1.240+3  1.000  1.000  0.0350
   9.787 1.100+1 1.076+2 1.030+2  1.001 5.265+2  1.001 1.910+3  1.000  1.000  0.0350
  12.233 1.101+1 1.345+2 1.180+2  1.001 8.228+2  1.001 2.669+3  1.000  1.000  0.0350
  14.680 1.101+1 1.615+2 1.316+2  1.001 1.185+3  1.002 3.508+3  1.000  1.000  0.0350
 
 Estimates of critical flow:
      Depth      Beta   dBetadY     Alpha  DAlphadY     Qbeta    Qalpha     Qcrit
    0.00000  1.000007  0.000000  1.000012  0.000000       0.0       0.0       0.0
    0.08000  1.000007  0.000018  1.000012  0.000064       1.4       1.4       1.4
    2.44667  1.000149  0.000061  1.000299  0.000123     238.7     238.7     238.7
    4.89333  1.000298  0.000061  1.000599  0.000123     675.1     675.0     675.1
    7.34000  1.000447  0.000061  1.000899  0.000123    1240.4    1240.1    1240.4
    9.78667  1.000596  0.000061  1.001199  0.000123    1909.9    1909.3    1909.9
   12.23333  1.000746  0.000061  1.001499  0.000123    2669.4    2668.4    2669.4
   14.68000  1.000895  0.000061  1.001799  0.000123    3509.2    3507.7    3509.2
  
  
  
 FEQX                                                                            

 Processing:TABLE#=  684  MONOTONE NEWBETA  NOSAVE   OUT23

 Processing:STATION= 0.5303030

 Processing:NAVM=0

 Processing:NSUB    3     0.050     0.011     0.050

 TabId= 684 NOSAVE   OUT23    NEWBETA  NOEXTEND MONOTONE
 STATION=     0.530
 NAVM=    0  Hor. scale factor=     1.000 Vert. shift=     0.000
  Vert. scale factor=     1.000 Hor. shift=     0.000
 NSUB    3 0.050 0.011 0.050
     OFFSET ELEVATION SUBS  X1 2800.                                             
        0.0     18.00    1
       10.0     18.00    2
       10.0      3.45    2
       21.0      3.45    2
       21.0     18.00    3
       31.0     18.00   -1

 *WRN:502* UNEXPECTED SLOPE AT LEFT END.
  SLOPE EXPECTED TO BE < 0  AT LEFT BOUNDARY

 *WRN:503* UNEXPECTED SLOPE AT RIGHT END.
  SLOPE EXPECTED TO BE > 0 AT RIGHT BOUNDARY
 

 *WRN:504*Line segment ending at (     10.00     18.00) is horizontal and not
      at minimum elevation.  Right hand end incremented by  0.053

 *WRN:504*Line segment ending at (     31.00     18.00) is horizontal and not
      at minimum elevation.  Right hand end incremented by  0.053

 ELEMENTS FOR SECTION ID: 684

 TABID= 684
 TYPE=  -23
 STATION= 5.30303E-01
 ELEVATION= 3.45000E+00

   DEPTH TOP WID    AREA SQR(CV)   BETA       J  ALPHA   CRITQ     MA     MQ  AVER n
   0.000 1.099+1 0.000+0 0.000+0  1.000 0.000+0  1.000 0.000+0  1.000  1.000  0.0000
   0.080 1.099+1 8.792-1 4.680+0  1.000 3.517-2  1.000 1.411+0  1.000  1.000  0.0110
   2.425 1.099+1 2.665+1 7.147+1  1.000 3.232+1  1.000 2.355+2  1.000  1.000  0.0110
   4.850 1.100+1 5.332+1 1.165+2  1.000 1.293+2  1.001 6.661+2  1.000  1.000  0.0110
   7.275 1.100+1 7.999+1 1.523+2  1.000 2.909+2  1.001 1.224+3  1.000  1.000  0.0110
   9.700 1.100+1 1.067+2 1.827+2  1.001 5.172+2  1.001 1.884+3  1.000  1.000  0.0110
  12.125 1.101+1 1.334+2 2.094+2  1.001 8.083+2  1.001 2.633+3  1.000  1.000  0.0110
  14.550 1.101+1 1.600+2 2.336+2  1.001 1.164+3  1.002 3.462+3  1.000  1.000  0.0110
 
 Estimates of critical flow:
      Depth      Beta   dBetadY     Alpha  DAlphadY     Qbeta    Qalpha     Qcrit
    0.00000  1.000007  0.000000  1.000012  0.000000       0.0       0.0       0.0
    0.08000  1.000007  0.000018  1.000012  0.000064       1.4       1.4       1.4
    2.42500  1.000149  0.000062  1.000299  0.000124     235.5     235.5     235.5
    4.85000  1.000298  0.000062  1.000599  0.000124     666.2     666.1     666.2
    7.27500  1.000447  0.000062  1.000899  0.000124    1224.0    1223.7    1224.0
    9.70000  1.000596  0.000062  1.001199  0.000124    1884.6    1884.0    1884.6
   12.12500  1.000746  0.000062  1.001499  0.000124    2634.0    2633.0    2634.0
   14.55000  1.000895  0.000062  1.001799  0.000124    3462.7    3461.2    3462.7
  
  
  
 FEQX                                                                            

 Processing:TABLE#=  682  MONOTONE NEWBETA  NOSAVE   OUT23

 Processing:STATION= 0.5492424

 Processing:NAVM=0

 Processing:NSUB    3     0.050     0.035     0.050

 TabId= 682 NOSAVE   OUT23    NEWBETA  NOEXTEND MONOTONE
 STATION=     0.549
 NAVM=    0  Hor. scale factor=     1.000 Vert. shift=     0.000
  Vert. scale factor=     1.000 Hor. shift=     0.000
 NSUB    3 0.050 0.035 0.050
     OFFSET ELEVATION SUBS  X1 2900.                                             
        0.0     19.90    1
       72.2     17.40    1
      133.8     14.90    1
      140.4     11.90    1
      158.0      6.20    2
      159.2      2.60    2
      173.1      2.60    2
      182.0      3.30    2
      183.5      6.40    3
      202.0     12.10    3
      219.8     13.40    3
      230.1     14.00    3
      296.9     15.40    3
      378.5     17.60   -1
 

 *WRN:505* Decrease in conveyance in subsection   1 at elevation=    15.400
            decrease=   4.9 per cent

 ELEMENTS FOR SECTION ID: 682

 TABID= 682
 TYPE=  -23
 STATION= 5.49242E-01
 ELEVATION= 2.60000E+00

   DEPTH TOP WID    AREA SQR(CV)   BETA       J  ALPHA   CRITQ     MA     MQ  AVER n
   0.000 1.390+1 0.000+0 0.000+0  1.004 0.000+0  1.010 0.000+0  1.000  1.000  0.0000
   0.080 1.494+1 1.154+0 2.980+0  1.004 4.559-2  1.010 1.817+0  1.000  1.000  0.0350
   0.700 2.303+1 1.293+1 1.920+1  1.026 4.151+0  1.067 5.418+1  1.000  1.000  0.0350
   2.150 2.422+1 4.718+1 5.418+1  1.016 4.752+1  1.041 3.693+2  1.000  1.000  0.0350
   3.600 2.540+1 8.316+1 8.373+1  1.022 1.418+2  1.055 8.456+2  1.000  1.000  0.0350
   3.800 2.612+1 8.831+1 8.776+1  1.024 1.590+2  1.058 9.198+2  1.000  1.000  0.0345
   5.633 3.773+1 1.468+2 1.264+2  1.073 3.713+2  1.178 1.652+3  0.999  1.000  0.0311
   7.467 4.934+1 2.267+2 1.663+2  1.121 7.104+2  1.314 2.641+3  1.000  1.000  0.0314
   9.300 6.095+1 3.277+2 2.081+2  1.153 1.215+3  1.417 3.969+3  1.000  0.999  0.0324
   9.500 6.204+1 3.400+2 2.128+2  1.155 1.282+3  1.426 4.138+3  1.000  0.999  0.0326
  10.800 8.270+1 4.341+2 2.427+2  1.184 1.782+3  1.519 5.236+3  1.002  0.998  0.0315
  11.400 9.432+1 4.872+2 2.575+2  1.201 2.058+3  1.575 5.792+3  1.004  0.998  0.0312
  12.300 1.392+2 5.923+2 2.793+2  1.247 2.541+3  1.721 6.546+3  1.008  0.998  0.0287
  12.800 1.754+2 6.710+2 2.902+2  1.283 2.856+3  1.843 6.972+3  1.012  1.001  0.0283
  14.800 2.989+2 1.145+3 3.593+2  1.394 4.631+3  2.314 1.002+4  1.019  1.009  0.0319
  15.000 3.121+2 1.206+3 3.675+2  1.399 4.867+3  2.344 1.047+4  1.020  1.010  0.0323
 
 Estimates of critical flow:
      Depth      Beta   dBetadY     Alpha  DAlphadY     Qbeta    Qalpha     Qcrit
    0.00000  1.003935  0.000000  1.009810  0.000000       0.0       0.0       0.0
    0.08000  1.003935  0.047145  1.009810  0.118179       1.8       1.8       1.8
    0.70000  1.026056  0.026744  1.066826  0.070965      54.7      53.7      55.0
    2.15000  1.016108  0.002456  1.040543  0.004076     371.6     367.1     373.7
    3.60000  1.022482  0.005334  1.054634  0.012584     851.7     839.6     853.8
    3.80000  1.024098  0.010357  1.058344  0.023666     926.6     913.2     921.5
    5.63333  1.073052  0.030030  1.178312  0.079154    1681.0    1624.2    1643.8
    7.46667  1.120906  0.021607  1.313787  0.065892    2727.2    2556.7    2756.5
    9.30000  1.152747  0.013528  1.417165  0.047140    4149.9    3796.5    4312.7
    9.50000  1.155326  0.012294  1.426267  0.043949    4331.1    3953.3    4517.6
   10.80000  1.184143  0.026571  1.518923  0.086172    5522.3    4964.2    5644.2
   11.40000  1.201247  0.029515  1.574903  0.098141    6136.1    5466.6    6284.0
   12.30000  1.246665  0.062366  1.721377  0.206789    6998.1    6124.0    6932.6
   12.80000  1.282725  0.078233  1.843173  0.271628    7509.2    6472.7    7446.9
   14.80000  1.394479  0.026314  2.313954  0.157385   11185.5    8968.2   12722.2
   15.00000  1.399232  0.021201  2.343719  0.140088   11727.3    9348.5   13459.7
  
  
  
 FEQX                                                                            

 Processing:TABLE#=  680  MONOTONE NEWBETA  NOSAVE   OUT23

 Processing:STATION= 0.5691288

 Processing:NAVM=0

 Processing:NSUB    3     0.050     0.035     0.050

 TabId= 680 NOSAVE   OUT23    NEWBETA  NOEXTEND MONOTONE
 STATION=     0.569
 NAVM=    0  Hor. scale factor=     1.000 Vert. shift=     0.000
  Vert. scale factor=     1.000 Hor. shift=     0.000
 NSUB    3 0.050 0.035 0.050
     OFFSET ELEVATION SUBS  X1 3005.                                             
        0.0     26.00    1
       11.0     24.20    1
       34.2     15.90    1
       40.5     15.30    1
       40.5     30.00    1
       42.0     30.00    1
       42.0     15.30    1
       51.4     15.20    1
       91.4     15.30    1
       91.4     30.00    1
       92.9     30.00    1
       92.9     15.30    1
      123.4     14.90    1
      123.4     30.00    1
      124.9     30.00    1
      124.9     14.90    1
      138.9     14.00    2
      144.4      5.10    2
      147.2      2.70    2
      157.8      2.70    2
      171.5      3.80    2
      174.0      5.00    2
      174.8      7.10    2
      174.8     30.00    2
      176.3     30.00    2
      176.3      7.10    2
      178.1      8.30    3
      206.5     21.20    3
      213.2     22.30    3
      215.0     25.10    3
      226.6     24.50   -1

 *WRN:503* UNEXPECTED SLOPE AT RIGHT END.
  SLOPE EXPECTED TO BE > 0 AT RIGHT BOUNDARY

 *WRN:556* Some point in cross section higher than either end.
          All area above minimum end elevation is ignored.
 

 *WRN:504*Line segment ending at (     42.00     30.00) is horizontal and not
      at minimum elevation.  Right hand end incremented by  0.053

 *WRN:504*Line segment ending at (     92.90     30.00) is horizontal and not
      at minimum elevation.  Right hand end incremented by  0.053

 *WRN:504*Line segment ending at (    124.90     30.00) is horizontal and not
      at minimum elevation.  Right hand end incremented by  0.053

 *WRN:504*Line segment ending at (    176.30     30.00) is horizontal and not
      at minimum elevation.  Right hand end incremented by  0.053

 ELEMENTS FOR SECTION ID: 680

 TABID= 680
 TYPE=  -23
 STATION= 5.69129E-01
 ELEVATION= 2.70000E+00

   DEPTH TOP WID    AREA SQR(CV)   BETA       J  ALPHA   CRITQ     MA     MQ  AVER n
   0.000 1.060+1 0.000+0 0.000+0  1.005 0.000+0  1.013 0.000+0  1.000  1.000  0.0000
   0.080 1.169+1 8.916-1 2.610+0  1.005 3.508-2  1.013 1.395+0  1.000  1.000  0.0350
   1.100 2.558+1 1.990+1 2.661+1  1.041 9.435+0  1.107 9.694+1  1.000  1.000  0.0350
   2.300 2.948+1 5.294+1 5.696+1  1.028 5.267+1  1.076 3.915+2  1.000  1.000  0.0350
   2.400 2.964+1 5.590+1 5.943+1  1.028 5.811+1  1.075 4.232+2  1.000  1.000  0.0350
   4.400 3.164+1 1.172+2 1.053+2  1.024 2.305+2  1.062 1.256+3  1.000  1.000  0.0350
   5.600 3.417+1 1.567+2 1.273+2  1.029 3.945+2  1.074 1.883+3  1.000  1.000  0.0350
   7.500 3.953+1 2.267+2 1.634+2  1.045 7.570+2  1.112 3.054+3  0.999  1.000  0.0338
   9.400 4.489+1 3.069+2 1.976+2  1.062 1.262+3  1.158 4.469+3  0.998  0.999  0.0338
  11.300 5.024+1 3.972+2 2.309+2  1.078 1.930+3  1.202 6.144+3  0.997  0.999  0.0343
  12.200 6.622+1 4.496+2 2.480+2  1.097 2.310+3  1.250 6.857+3  0.996  0.998  0.0316
  12.500 8.975+1 4.730+2 2.537+2  1.112 2.448+3  1.288 6.962+3  0.997  0.998  0.0279
  12.600 1.470+2 4.849+2 2.556+2  1.125 2.496+3  1.320 6.826+3  0.997  0.998  0.0219
  13.200 1.546+2 5.753+2 2.698+2  1.213 2.813+3  1.558 6.825+3  1.001  0.999  0.0250
  14.967 1.634+2 8.563+2 3.190+2  1.307 4.076+3  1.898 9.243+3  1.007  1.002  0.0320
  16.733 1.723+2 1.153+3 3.718+2  1.300 5.848+3  1.938 1.313+4  1.010  1.005  0.0360
  18.500 1.811+2 1.465+3 4.253+2  1.273 8.158+3  1.882 1.814+4  1.012  1.007  0.0385
  19.600 1.909+2 1.670+3 4.570+2  1.256 9.881+3  1.839 2.174+4  1.013  1.008  0.0395
  21.500 1.974+2 2.038+3 5.158+2  1.229 1.340+4  1.762 2.897+4  1.014  1.009  0.0410
  21.800 1.995+2 2.098+3 5.246+2  1.225 1.402+4  1.750 3.022+4  1.014  1.009  0.0412
 
 Estimates of critical flow:
      Depth      Beta   dBetadY     Alpha  DAlphadY     Qbeta    Qalpha     Qcrit
    0.00000  1.005169  0.000000  1.012992  0.000000       0.0       0.0       0.0
    0.08000  1.005169  0.060970  1.012992  0.154354       1.4       1.4       1.4
    1.10000  1.040579  0.018975  1.107172  0.053269      98.3      95.6      99.6
    2.30000  1.027888 -0.002408  1.075588 -0.008372     396.2     386.8     402.6
    2.40000  1.027574 -0.003660  1.074615 -0.010684     428.3     418.2     435.6
    4.40000  1.023607  0.001349  1.061990  0.002110    1267.8    1244.0    1279.6
    5.60000  1.028935  0.005751  1.073850  0.013753    1900.9    1864.3    1903.4
    7.50000  1.044708  0.009408  1.112468  0.023697    3094.4    3013.7    3080.0
    9.40000  1.062397  0.008983  1.158383  0.024001    4550.5    4388.4    4552.8
   11.30000  1.078455  0.007889  1.202420  0.022199    6287.6    6003.1    6337.9
   12.20000  1.097017  0.029942  1.249906  0.076828    7033.1    6685.4    6648.8
   12.50000  1.112359  0.069962  1.288368  0.175594    7146.4    6782.3    6162.5
   12.60000  1.125335  0.186709  1.320262  0.458470    7001.8    6654.1    4997.3
   13.20000  1.213452  0.115075  1.557717  0.340791    7107.6    6553.5    6298.1
   14.96667  1.306561  0.012365  1.897823  0.080126    9980.5    8560.5   11121.8
   16.73333  1.300459 -0.012983  1.938361 -0.015879   14367.2   11991.5   16922.5
   18.50000  1.272762 -0.016707  1.882169 -0.041213   19926.0   16517.7   23643.2
   19.60000  1.256043 -0.013917  1.839107 -0.037298   23870.5   19801.3   28018.7
   21.50000  1.228963 -0.013770  1.761630 -0.041351   31742.6   26447.7   37169.2
   21.80000  1.224957 -0.012956  1.749526 -0.039388   33094.0   27603.0   38611.5
  
  
  
 FEQX                                                                            

 Processing:TABLE#=  678  MONOTONE NEWBETA  NOSAVE   OUT23

 Processing:STATION= 0.5776515

 Processing:NAVM=0

 Processing:NSUB    6     0.050     0.040     0.030     0.020     0.025     0.010

 TabId= 678 NOSAVE   OUT23    NEWBETA  NOEXTEND MONOTONE
 STATION=     0.578
 NAVM=    0  Hor. scale factor=     1.000 Vert. shift=     0.000
  Vert. scale factor=     1.000 Hor. shift=     0.000
 NSUB    6 0.050 0.040 0.030 0.020 0.025 0.010

     OFFSET ELEVATION SUBS  X1 3050.                                             
        0.0     24.60    1
        1.0     25.00    1
        1.2     24.30    1
        5.7     23.60    1
       28.1     16.20    2
       35.1     15.40    2
       35.1     30.00    2
       36.6     30.00    3
       36.6     15.40    3
       44.3     15.20    4
       85.0     14.60    5
       85.0     30.00    5
       86.5     30.00    5
       86.5     14.60    5
       90.0     10.00    5
       96.2     14.30    5
      112.5      8.00    5
      116.5      4.00    5
      116.5     30.00    5
      118.0     30.00    6
      118.0      4.00    6
      123.0      3.00    6
      131.6      4.60    6
      144.6      3.80    6
      146.2      5.80    6
      150.0     20.00    6
      152.8      6.50    6
      158.5      6.80    6
      165.7     11.50    6
      167.8     12.00    6
      167.8     30.00    6
      169.3     30.00    6
      169.3     12.00    6
      189.1     23.00    6
      200.0     25.00    6
      203.1     24.60   -1

 *WRN:502* UNEXPECTED SLOPE AT LEFT END.
  SLOPE EXPECTED TO BE < 0  AT LEFT BOUNDARY

 *WRN:503* UNEXPECTED SLOPE AT RIGHT END.
  SLOPE EXPECTED TO BE > 0 AT RIGHT BOUNDARY

 *WRN:556* Some point in cross section higher than either end.
          All area above minimum end elevation is ignored.
 

 *WRN:504*Line segment ending at (     36.60     30.00) is horizontal and not
      at minimum elevation.  Right hand end incremented by  0.053

 *WRN:504*Line segment ending at (     86.50     30.00) is horizontal and not
      at minimum elevation.  Right hand end incremented by  0.053

 *WRN:504*Line segment ending at (    118.00     30.00) is horizontal and not
      at minimum elevation.  Right hand end incremented by  0.053

 *WRN:504*Line segment ending at (    169.30     30.00) is horizontal and not
      at minimum elevation.  Right hand end incremented by  0.053

 ELEMENTS FOR SECTION ID: 678

 TABID= 678
 TYPE=  -23
 STATION= 5.77652E-01
 ELEVATION= 3.00000E+00

   DEPTH TOP WID    AREA SQR(CV)   BETA       J  ALPHA   CRITQ     MA     MQ  AVER n
   0.000 0.000+0 0.000+0 0.000+0  1.067 0.000+0  1.185 0.000+0  1.000  1.000  0.0000
   0.080 8.292-1 3.317-2 7.557-1  1.067 8.845-4  1.185 3.550-2  1.000  1.000  0.0100
   0.800 8.292+0 3.317+0 1.628+1  1.067 8.845-1  1.185 1.123+1  1.000  1.000  0.0100
   1.000 1.378+1 5.523+0 2.101+1  1.096 1.750+0  1.263 1.886+1  1.000  1.000  0.0100
   1.600 2.783+1 1.801+1 4.411+1  1.104 8.387+0  1.297 7.471+1  1.000  1.000  0.0098
   2.800 2.999+1 5.270+1 1.027+2  1.048 5.055+1  1.129 3.758+2  1.014  1.015  0.0097
   3.500 3.088+1 7.400+1 1.330+2  1.045 9.486+1  1.116 6.256+2  1.014  1.015  0.0096
   3.800 3.702+1 8.419+1 1.389+2  1.054 1.185+2  1.134 7.260+2  1.014  1.015  0.0097
   5.000 4.063+1 1.308+2 1.892+2  1.074 2.471+2  1.186 1.271+3  1.014  1.015  0.0097
   7.000 4.982+1 2.212+2 2.674+2  1.101 5.960+2  1.254 2.528+3  1.013  1.015  0.0097
   8.500 6.001+1 3.036+2 3.240+2  1.132 9.878+2  1.335 3.710+3  1.013  1.014  0.0097
   9.000 6.475+1 3.348+2 3.410+2  1.145 1.147+3  1.370 4.139+3  1.013  1.014  0.0098
  11.300 8.099+1 5.024+2 4.228+2  1.200 2.103+3  1.530 6.514+3  1.012  1.014  0.0104
  11.600 8.190+1 5.268+2 4.339+2  1.206 2.257+3  1.548 6.877+3  1.012  1.014  0.0105
  12.200 1.240+2 5.886+2 4.563+2  1.237 2.591+3  1.639 7.392+3  1.011  1.014  0.0093
  12.400 1.321+2 6.142+2 4.642+2  1.253 2.711+3  1.687 7.561+3  1.011  1.014  0.0094
  13.200 1.409+2 7.234+2 4.974+2  1.307 3.245+3  1.858 8.536+3  1.009  1.013  0.0101
  15.100 1.510+2 1.001+3 5.818+2  1.369 4.880+3  2.095 1.186+4  1.007  1.011  0.0116
  17.000 1.611+2 1.297+3 6.694+2  1.387 7.061+3  2.195 1.618+4  1.005  1.010  0.0125
  18.500 1.683+2 1.544+3 7.436+2  1.391 9.190+3  2.231 2.019+4  1.004  1.009  0.0129
  20.000 1.756+2 1.802+3 8.176+2  1.391 1.170+4  2.248 2.472+4  1.004  1.008  0.0132
  20.600 1.807+2 1.909+3 8.445+2  1.391 1.281+4  2.253 2.662+4  1.003  1.008  0.0133
  21.300 1.890+2 2.039+3 8.765+2  1.391 1.419+4  2.261 2.888+4  1.003  1.008  0.0134
  21.600 1.907+2 2.096+3 8.907+2  1.392 1.481+4  2.265 2.987+4  1.003  1.008  0.0135
 
 Estimates of critical flow:
      Depth      Beta   dBetadY     Alpha  DAlphadY     Qbeta    Qalpha     Qcrit
    0.00000  1.066670  0.000000  1.185191  0.000000       0.0       0.0       0.0
    0.08000  1.066670 -0.000003  1.185191 -0.000002       0.0       0.0       0.0
    0.80000  1.066668  0.000000  1.185188  0.000000      11.5      10.9      11.9
    1.00000  1.095815  0.139169  1.262814  0.412805      19.5      18.3      19.8
    1.60000  1.103522 -0.017546  1.296539 -0.051713      77.8      71.7      82.2
    2.80000  1.047555 -0.009730  1.128516 -0.038235     384.2     367.7     396.4
    3.50000  1.045263  0.001632  1.116018 -0.002748     637.0     614.5     650.1
    3.80000  1.053567  0.044412  1.133674  0.101846     738.1     714.0     720.4
    5.00000  1.073856  0.008301  1.185985  0.022345    1301.1    1241.5    1331.4
    7.00000  1.100595  0.015762  1.253761  0.040642    2605.8    2452.5    2645.4
    8.50000  1.131855  0.023631  1.335297  0.063145    3851.4    3573.9    3875.0
    9.00000  1.144642  0.026898  1.369730  0.073271    4308.2    3976.5    4320.1
   11.30000  1.199880  0.021640  1.529811  0.066106    6878.1    6168.9    7100.3
   11.60000  1.205898  0.018599  1.548481  0.058608    7274.8    6501.6    7582.1
   12.20000  1.237327  0.079439  1.639122  0.230339    7847.0    6963.4    7277.7
   12.40000  1.253463  0.081976  1.686574  0.244262    8045.9    7104.7    7514.9
   13.20000  1.307257  0.055278  1.857519  0.187368    9193.0    7926.7    9300.5
   15.10000  1.368891  0.016944  2.095098  0.078490   13041.4   10792.0   14619.2
   17.00000  1.387291  0.004663  2.195182  0.033430   17981.1   14552.8   20890.1
   18.50000  1.390911  0.000767  2.230709  0.016014   22563.7   18072.1   26543.6
   20.00000  1.390788 -0.000673  2.247638  0.007586   27715.6   22047.6   32766.5
   20.60000  1.390661  0.000110  2.252802  0.009277   29876.3   23723.0   35217.3
   21.30000  1.391387  0.001808  2.261205  0.014280   32437.0   25707.1   37992.5
   21.60000  1.391828  0.001145  2.265130  0.011927   33562.9   26577.1   39416.7
  
  
  
 FEQX                                                                            

 Processing:TABLE#=  676  MONOTONE NEWBETA  NOSAVE   OUT23

 Processing:STATION= 0.5861742

 Processing:NAVM=0

 Processing:NSUB    3     0.060     0.050     0.060

 TabId= 676 NOSAVE   OUT23    NEWBETA  NOEXTEND MONOTONE
 STATION=     0.586
 NAVM=    0  Hor. scale factor=     1.000 Vert. shift=     0.000
  Vert. scale factor=     1.000 Hor. shift=     0.000
 NSUB    3 0.060 0.050 0.060
     OFFSET ELEVATION SUBS  X1 3095.                                             
        0.0     22.50    1
        4.8     21.50    1
       18.5     16.20    1
       36.6     15.70    1
       36.6     30.00    1
       38.1     30.00    1
       38.1     15.70    1
       83.7     14.80    1
       83.7     30.00    1
       85.2     30.00    1
       85.2     14.80    1
      108.9     14.50    2
      117.0      6.00    2
      117.0     30.00    2
      118.5     30.00    2
      118.5      6.00    2
      121.4      3.40    2
      129.9      2.10    2
      143.1      5.50    2
      144.6      5.90    2
      152.5      7.50    2
      165.6      7.80    2
      167.8     11.40    3
      167.8     30.00    3
      169.3     30.00    3
      169.3     11.40    3
      176.4     14.80    3
      195.4     22.30    3
      204.4     23.20   -1

 *WRN:556* Some point in cross section higher than either end.
          All area above minimum end elevation is ignored.
 

 *WRN:504*Line segment ending at (     38.10     30.00) is horizontal and not
      at minimum elevation.  Right hand end incremented by  0.053

 *WRN:504*Line segment ending at (     85.20     30.00) is horizontal and not
      at minimum elevation.  Right hand end incremented by  0.053

 *WRN:504*Line segment ending at (    118.50     30.00) is horizontal and not
      at minimum elevation.  Right hand end incremented by  0.053

 *WRN:504*Line segment ending at (    169.30     30.00) is horizontal and not
      at minimum elevation.  Right hand end incremented by  0.053

 *WRN:505* Decrease in conveyance in subsection   2 at elevation=     7.800
            decrease=   1.3 per cent

 ELEMENTS FOR SECTION ID: 676

 TABID= 676
 TYPE=  -23
 STATION= 5.86174E-01
 ELEVATION= 2.10000E+00

   DEPTH TOP WID    AREA SQR(CV)   BETA       J  ALPHA   CRITQ     MA     MQ  AVER n
   0.000 0.000+0 0.000+0 0.000+0  1.067 0.000+0  1.185 0.000+0  1.000  1.000  0.0000
   0.080 8.337-1 3.335-2 3.387-1  1.067 8.892-4  1.185 3.569-2  1.000  1.000  0.0500
   1.300 1.355+1 8.806+0 1.394+1  1.067 3.816+0  1.185 3.799+1  1.000  1.000  0.0500
   3.400 2.403+1 4.827+1 4.699+1  1.050 5.989+1  1.135 3.731+2  1.000  1.000  0.0500
   3.800 2.598+1 5.827+1 5.351+1  1.052 8.117+1  1.140 4.756+2  1.000  1.000  0.0500
   3.900 2.658+1 6.090+1 5.508+1  1.052 8.713+1  1.141 5.031+2  1.000  1.000  0.0500
   5.400 3.542+1 1.074+2 7.811+1  1.062 2.117+2  1.168 1.015+3  1.000  1.000  0.0500
   5.700 4.881+1 1.200+2 7.762+1  1.075 2.457+2  1.200 1.101+3  1.000  1.000  0.0500

 *WRN:506* Conveyance non-increasing at depth=      5.70
            decrease=   1.3 per cent
   7.500 5.162+1 2.104+2 1.183+2  1.079 5.424+2  1.223 2.188+3  1.000  1.000  0.0500
   9.300 5.444+1 3.059+2 1.551+2  1.059 1.006+3  1.168 3.813+3  1.000  1.000  0.0500
  10.850 5.915+1 3.939+2 1.861+2  1.053 1.548+3  1.149 5.475+3  1.000  1.000  0.0477
  12.400 6.386+1 4.893+2 2.159+2  1.054 2.231+3  1.149 7.360+3  1.000  1.000  0.0466
  12.700 8.818+1 5.121+2 2.220+2  1.061 2.381+3  1.164 7.569+3  1.000  1.000  0.0406
  13.600 1.361+2 6.130+2 2.414+2  1.113 2.884+3  1.292 8.020+3  1.001  1.000  0.0363
  14.100 1.554+2 6.858+2 2.533+2  1.145 3.209+3  1.380 8.444+3  1.002  1.000  0.0365
  15.867 1.645+2 9.684+2 3.010+2  1.186 4.667+3  1.523 1.163+4  1.004  1.002  0.0426
  17.633 1.735+2 1.267+3 3.507+2  1.175 6.640+3  1.514 1.636+4  1.005  1.003  0.0458
  19.400 1.826+2 1.582+3 4.005+2  1.155 9.153+3  1.469 2.226+4  1.005  1.004  0.0478
  20.200 1.884+2 1.730+3 4.225+2  1.148 1.048+4  1.448 2.526+4  1.006  1.004  0.0484
  20.400 1.914+2 1.768+3 4.278+2  1.146 1.083+4  1.444 2.603+4  1.006  1.004  0.0484
 
 Estimates of critical flow:
      Depth      Beta   dBetadY     Alpha  DAlphadY     Qbeta    Qalpha     Qcrit
    0.00000  1.066716  0.000000  1.185344  0.000000       0.0       0.0       0.0
    0.08000  1.066716 -0.000002  1.185344 -0.000001       0.0       0.0       0.0
    1.30000  1.066713  0.000000  1.185340  0.000000      39.0      37.0      40.3
    3.40000  1.050005  0.004374  1.135355  0.011107     380.4     366.1     388.1
    3.80000  1.051689  0.004118  1.139787  0.011107     485.0     466.4     495.2
    3.90000  1.052185  0.005666  1.141092  0.014738     513.1     493.3     523.0
    5.40000  1.062023  0.005345  1.168185  0.015664    1037.7     992.0    1061.2
    5.70000  1.075182  0.070638  1.200267  0.175417    1125.1    1076.5    1068.2
    7.50000  1.078770 -0.014397  1.222815 -0.036234    2260.3    2117.0    2410.7
    9.30000  1.058692 -0.007591  1.167715 -0.022438    3920.4    3708.6    4114.3
   10.85000  1.053359 -0.000723  1.149387 -0.004407    5607.4    5346.3    5768.2
   12.40000  1.054247  0.001497  1.148639  0.002446    7524.9    7199.2    7684.2
   12.70000  1.061079  0.041258  1.163830  0.093826    7725.3    7416.2    7002.0
   13.60000  1.113181  0.068148  1.291827  0.177974    8222.8    7821.8    7382.9
   14.10000  1.145352  0.060398  1.379610  0.172077    8720.6    8175.4    8175.2
   15.86667  1.185863  0.000845  1.523341  0.020447   12270.6   11023.6   13334.2
   17.63333  1.174527 -0.010315  1.514349 -0.020851   17376.9   15404.1   19426.7
   19.40000  1.155397 -0.010604  1.469187 -0.027467   23650.8   20959.3   26413.3
   20.20000  1.147574 -0.009037  1.448414 -0.024553   26812.3   23804.7   29742.7
   20.40000  1.145888 -0.007865  1.443798 -0.021699   27620.2   24536.9   30489.1
  
  
  
 FEQX                                                                            

 Processing:TABLE#=  674  MONOTONE NEWBETA  NOSAVE   OUT23

 Processing:STATION= 0.6278409

 Processing:NAVM=0

 Processing:NSUB    3     0.050     0.035     0.050

 TabId= 674 NOSAVE   OUT23    NEWBETA  NOEXTEND MONOTONE
 STATION=     0.628
 NAVM=    0  Hor. scale factor=     1.000 Vert. shift=     0.000
  Vert. scale factor=     1.000 Hor. shift=     0.000
 NSUB    3 0.050 0.035 0.050
     OFFSET ELEVATION SUBS  X1 3315.                                             
        0.0     15.60    1
       67.0     15.40    1
       83.7      9.20    1
       91.3      6.40    2
       92.4      5.00    2
       96.7      3.00    2
      103.1      2.60    2
      110.3      3.10    2
      114.1      5.00    2
      119.6      7.70    3
      143.6     15.40    3
      165.8     15.70    3
      211.1     15.30   -1

 *WRN:503* UNEXPECTED SLOPE AT RIGHT END.
  SLOPE EXPECTED TO BE > 0 AT RIGHT BOUNDARY

 *WRN:556* Some point in cross section higher than either end.
          All area above minimum end elevation is ignored.
 

 ELEMENTS FOR SECTION ID: 674

 TABID= 674
 TYPE=  -23
 STATION= 6.27841E-01
 ELEVATION= 2.60000E+00

   DEPTH TOP WID    AREA SQR(CV)   BETA       J  ALPHA   CRITQ     MA     MQ  AVER n
   0.000 0.000+0 0.000+0 0.000+0  1.067 0.000+0  1.185 0.000+0  1.000  1.000  0.0000
   0.080 2.432+0 9.728-2 6.955-1  1.067 2.594-3  1.185 1.041-1  1.000  1.000  0.0350
   0.400 1.216+1 2.432+0 5.946+0  1.067 3.243-1  1.185 5.820+0  1.000  1.000  0.0350
   0.500 1.382+1 3.731+0 8.136+0  1.058 6.310-1  1.163 1.031+1  1.000  1.000  0.0350
   2.400 2.170+1 3.747+1 4.726+1  1.032 3.740+1  1.084 2.739+2  1.000  1.000  0.0350
   3.800 2.565+1 7.062+1 7.501+1  1.037 1.124+2  1.099 6.471+2  1.000  1.000  0.0350
   5.100 3.183+1 1.080+2 1.017+2  1.052 2.276+2  1.136 1.107+3  1.000  1.000  0.0334
   6.600 4.058+1 1.623+2 1.362+2  1.079 4.287+2  1.205 1.795+3  1.000  1.000  0.0314
   8.633 5.239+1 2.568+2 1.835+2  1.113 8.507+2  1.302 3.053+3  1.001  1.000  0.0313
  10.667 6.420+1 3.753+2 2.324+2  1.137 1.489+3  1.378 4.744+3  1.002  1.001  0.0322
  12.700 7.602+1 5.179+2 2.829+2  1.153 2.393+3  1.434 6.924+3  1.004  1.001  0.0332
 
 Estimates of critical flow:
      Depth      Beta   dBetadY     Alpha  DAlphadY     Qbeta    Qalpha     Qcrit
    0.00000  1.066669  0.000000  1.185188  0.000000       0.0       0.0       0.0
    0.08000  1.066669 -0.000002  1.185188 -0.000001       0.1       0.1       0.1
    0.40000  1.066668  0.000000  1.185186  0.000000       6.0       5.7       6.2
    0.50000  1.058232 -0.089758  1.163353 -0.247386      10.6      10.1      11.0
    2.40000  1.032120  0.008459  1.084269  0.022469     277.0     270.8     279.4
    3.80000  1.037268  0.003718  1.098837  0.009830     656.0     638.2     664.9
    5.10000  1.052108  0.014033  1.135711  0.036000    1126.0    1088.7    1128.6
    6.60000  1.078688  0.018739  1.204813  0.050293    1838.2    1752.5    1841.6
    8.63333  1.112811  0.014345  1.301565  0.043130    3159.7    2950.2    3226.2
   10.66667  1.136968  0.009600  1.378039  0.032177    4953.2    4544.6    5149.6
   12.70000  1.152724  0.006108  1.433589  0.022837    7276.9    6587.7    7670.6
  
  
  
 FEQX                                                                            

 Processing:TABLE#=  672  MONOTONE NEWBETA  NOSAVE   OUT23

 Processing:STATION= 0.6657197

 Processing:NAVM=0

 Processing:NSUB    3     0.050     0.035     0.050

 TabId= 672 NOSAVE   OUT23    NEWBETA  NOEXTEND MONOTONE
 STATION=     0.666
 NAVM=    0  Hor. scale factor=     1.000 Vert. shift=     0.000
  Vert. scale factor=     1.000 Hor. shift=     0.000
 NSUB    3 0.050 0.035 0.050
     OFFSET ELEVATION SUBS  X1 3515.                                             
        0.0     17.10    1
       34.6     16.70    1
       35.3     10.80    1
       41.0      8.90    2
       43.3      5.50    2
       46.6      4.70    2
       56.2      4.20    2
       60.7      4.60    2
       64.8      5.50    3
       66.3      6.70    3
       71.8      7.60    3
       79.8     12.00    3
       80.2     16.80    3
      116.4     17.30    3
      147.4     17.20   -1

 *WRN:503* UNEXPECTED SLOPE AT RIGHT END.
  SLOPE EXPECTED TO BE > 0 AT RIGHT BOUNDARY

 *WRN:556* Some point in cross section higher than either end.
          All area above minimum end elevation is ignored.
 

 *WRN:505* Decrease in conveyance in subsection   1 at elevation=    16.800
            decrease=  27.4 per cent

 *WRN:505* Decrease in conveyance in subsection   1 at elevation=    17.100
            decrease=  21.4 per cent

 *WRN:505* Decrease in conveyance in subsection   3 at elevation=    17.100
            decrease=  30.6 per cent

 ELEMENTS FOR SECTION ID: 672

 TABID= 672
 TYPE=  -23
 STATION= 6.65720E-01
 ELEVATION= 4.20000E+00

   DEPTH TOP WID    AREA SQR(CV)   BETA       J  ALPHA   CRITQ     MA     MQ  AVER n
   0.000 0.000+0 0.000+0 0.000+0  1.067 0.000+0  1.185 0.000+0  1.000  1.000  0.0000
   0.080 2.436+0 9.744-2 6.960-1  1.067 2.598-3  1.185 1.043-1  1.000  1.000  0.0350
   0.400 1.218+1 2.436+0 5.951+0  1.067 3.248-1  1.185 5.830+0  1.000  1.000  0.0350
   0.500 1.456+1 3.773+0 8.073+0  1.063 6.333-1  1.175 1.025+1  1.000  1.000  0.0350
   1.300 2.150+1 1.820+1 2.623+1  1.034 9.050+0  1.092 9.235+1  1.000  1.000  0.0350
   2.500 2.381+1 4.538+1 5.422+1  1.028 4.692+1  1.072 3.484+2  1.004  1.001  0.0341
   3.400 2.992+1 6.956+1 7.355+1  1.052 9.823+1  1.128 6.028+2  1.014  1.004  0.0323
   4.700 3.316+1 1.106+2 1.011+2  1.077 2.149+2  1.196 1.099+3  1.029  1.011  0.0340
   6.600 4.232+1 1.823+2 1.432+2  1.107 4.903+2  1.282 2.038+3  1.037  1.018  0.0332
   7.800 4.464+1 2.345+2 1.699+2  1.117 7.401+2  1.317 2.811+3  1.039  1.020  0.0341
  10.150 4.512+1 3.399+2 2.212+2  1.115 1.415+3  1.321 4.762+3  1.043  1.023  0.0351
  12.500 4.559+1 4.465+2 2.695+2  1.108 2.339+3  1.306 7.150+3  1.045  1.025  0.0353
  12.600 5.425+1 4.515+2 2.699+2  1.108 2.383+3  1.308 7.217+3  1.044  1.027  0.0327
  12.900 1.019+2 4.749+2 2.674+2  1.128 2.522+3  1.356 7.059+3  1.043  1.019  0.0254

 *WRN:506* Conveyance non-increasing at depth=     12.90
            decrease=   1.9 per cent
 
 Estimates of critical flow:
      Depth      Beta   dBetadY     Alpha  DAlphadY     Qbeta    Qalpha     Qcrit
    0.00000  1.066670  0.000000  1.185191  0.000000       0.0       0.0       0.0
    0.08000  1.066670 -0.000002  1.185191 -0.000001       0.1       0.1       0.1
    0.40000  1.066668  0.000000  1.185189  0.000001       6.0       5.7       6.2
    0.50000  1.062615 -0.042637  1.174664 -0.118480      10.5      10.0      10.9
    1.30000  1.034208  0.005832  1.092122  0.011662      93.6      91.1      95.0
    2.50000  1.027610  0.004482  1.071578  0.007413     352.2     344.6     355.5
    3.40000  1.051980  0.035739  1.127890  0.088021     611.4     594.3     601.9
    4.70000  1.076800  0.011671  1.195835  0.034756    1124.5    1073.9    1145.6
    6.60000  1.106609  0.015227  1.281934  0.045784    2103.9    1973.3    2146.6
    7.80000  1.116997  0.004853  1.317151  0.018909    2918.2    2708.1    3048.8
   10.15000  1.114623 -0.003126  1.321259 -0.005768    4962.7    4568.6    5294.4
   12.50000  1.107731 -0.002491  1.306218 -0.006044    7452.0    6860.3    7929.0
   12.60000  1.108482  0.017016  1.308007  0.040869    7516.6    6928.6    7391.0
   12.90000  1.127811  0.106697  1.355622  0.267926    7325.5    6802.2    5817.4
  
  
  
 ENDCHAN                                                                         
 
  
  
 *     Test of channel with symmetrical triangular channel with
 *     large values of constant and linearly varying sinuousity.
 *     Note that the value of MA is always 1.0 in a symmetrical
 *     channel with the distace axis on the line of symmetry.
 *     MQ is not 1.0 because our assumption that the decline in
 *     the total energy line is constant between two sections
 *     entails that the friction slope is no longer constant.
 *     This causes an asymmetry in the distribution
 *     of flow with more flow taking the shorter path.  Thus
 *     MQ will be slightly less than 1.0 in a sinuous symmetrical
 *     channel.
  
 CHANNEL                                                                         
 SINDEF=LINEAR                                                                   
 HEAD     LFB    AXIS     RFB                                                    
  
 STAT   0.000   0.000   0.000                                                    
 OFFS    0.00   10.00   20.00                                                    
  
 STAT   1.500   1.000   0.500                                                    
 OFFS    0.00   10.00   20.00                                                    
  
 STAT   3.000   2.000   1.000                                                    
 OFFS    0.00   10.00   20.00                                                    
  
 END                                                                             

 Sinuousity table as defined by input.

  Item      LFB     AXIS      RFB
  STAT  0.00000  0.00000  0.00000
  OFFS     0.00    10.00    20.00
  SINU      LIN   1.0000      LIN
 
  STAT  1.50000  1.00000  0.50000
  OFFS     0.00    10.00    20.00
  SINU      LIN   1.0000      LIN
 
  STAT  3.00000  2.00000  1.00000
  OFFS     0.00    10.00    20.00
  SINU      LIN   1.0000      LIN

 Final values of sinuosity.

  Item      LFB     AXIS      RFB
  STAT  0.00000  0.00000  0.00000
  OFFS     0.00    10.00    20.00
  SINU   1.5000   1.0000   0.5000
 
  STAT  1.50000  1.00000  0.50000
  OFFS     0.00    10.00    20.00
  SINU   1.5000   1.0000   0.5000
 
  STAT  3.00000  2.00000  1.00000
  OFFS     0.00    10.00    20.00
  SINU   1.5000   1.0000   0.5000
  
 FEQX                                                                            

 Processing:TABLE#=  900  MONOTONE NEWBETA  NOSAVE   OUT25

 Processing:STATION=0.00

 Processing:NAVM=0

 Processing:NSUB    1     0.050

 TabId= 900 NOSAVE   OUT25    NEWBETA  NOEXTEND MONOTONE
 STATION=     0.000
 NAVM=    0  Hor. scale factor=     1.000 Vert. shift=     0.000
  Vert. scale factor=     1.000 Hor. shift=     0.000
 NSUB    1 0.050
     OFFSET ELEVATION SUBS  X1  0.01                                             
        0.0     10.00    1
       10.0      0.00    1
       20.0     10.00   -1
 

 ELEMENTS FOR SECTION ID: 900

 TABID= 900
 TYPE=  -25
 STATION= 0.00000E+00
 ELEVATION= 0.00000E+00

   DEPTH TOP WID    AREA SQR(CV)   BETA       J  ALPHA   CRITQ     MA     MQ  AVER n
   0.000 0.000+0 0.000+0 0.000+0  1.067 0.000+0  1.185 0.000+0  1.000  1.000  0.0000
   0.080 1.600-1 6.400-3 1.331-1  1.067 1.707-4  1.185 6.846-3  1.000  1.000  0.0500
   2.000 4.000+0 4.000+0 9.729+0  1.067 2.667+0  1.185 2.139+1  1.000  0.999  0.0500
   4.000 8.000+0 1.600+1 2.453+1  1.067 2.133+1  1.185 1.210+2  1.000  0.998  0.0499
   6.000 1.200+1 3.600+1 4.217+1  1.067 7.200+1  1.185 3.335+2  1.000  0.995  0.0498
   8.000 1.600+1 6.400+1 6.199+1  1.067 1.707+2  1.184 6.846+2  1.000  0.990  0.0496
  10.000 2.000+1 1.000+2 8.365+1  1.066 3.333+2  1.183 1.196+3  1.000  0.985  0.0494
 
 Estimates of critical flow:
      Depth      Beta   dBetadY     Alpha  DAlphadY     Qbeta    Qalpha     Qcrit
    0.00000  1.066725  0.000000  1.185273  0.000000       0.0       0.0       0.0
    0.08000  1.066725 -0.037298  1.185273 -0.057341       0.0       0.0       0.0
    2.00000  1.066713 -0.001510  1.185197 -0.002379      22.0      20.8      22.7
    4.00000  1.066679 -0.000782  1.184966 -0.001318     124.2     117.9     128.4
    6.00000  1.066622 -0.000552  1.184582 -0.001023     342.3     324.9     353.8
    8.00000  1.066546 -0.000446  1.184043 -0.000921     702.7     667.0     726.3
   10.00000  1.066454 -0.000390  1.183348 -0.000900    1227.6    1165.3    1268.9
  
  
 FEQX                                                                            

 Processing:TABLE#=  902  MONOTONE NEWBETA  NOSAVE   OUT25

 Processing:STATION=1.000

 Processing:NAVM=0

 Processing:NSUB    1     0.050

 TabId= 902 NOSAVE   OUT25    NEWBETA  NOEXTEND MONOTONE
 STATION=     1.000
 NAVM=    0  Hor. scale factor=     1.000 Vert. shift=     0.000
  Vert. scale factor=     1.000 Hor. shift=     0.000
 NSUB    1 0.050
     OFFSET ELEVATION SUBS  X1  0.01                                             
        0.0     10.00    1
       10.0      0.00    1
       20.0     10.00   -1
 

 ELEMENTS FOR SECTION ID: 902

 TABID= 902
 TYPE=  -25
 STATION= 1.00000E+00
 ELEVATION= 0.00000E+00

   DEPTH TOP WID    AREA SQR(CV)   BETA       J  ALPHA   CRITQ     MA     MQ  AVER n
   0.000 0.000+0 0.000+0 0.000+0  1.067 0.000+0  1.185 0.000+0  1.000  1.000  0.0000
   0.080 1.600-1 6.400-3 1.331-1  1.067 1.707-4  1.185 6.846-3  1.000  1.000  0.0500
   2.000 4.000+0 4.000+0 9.729+0  1.067 2.667+0  1.185 2.139+1  1.000  0.999  0.0500
   4.000 8.000+0 1.600+1 2.453+1  1.067 2.133+1  1.185 1.210+2  1.000  0.998  0.0499
   6.000 1.200+1 3.600+1 4.217+1  1.067 7.200+1  1.185 3.335+2  1.000  0.995  0.0498
   8.000 1.600+1 6.400+1 6.199+1  1.067 1.707+2  1.184 6.846+2  1.000  0.990  0.0496
  10.000 2.000+1 1.000+2 8.365+1  1.066 3.333+2  1.183 1.196+3  1.000  0.985  0.0494
 
 Estimates of critical flow:
      Depth      Beta   dBetadY     Alpha  DAlphadY     Qbeta    Qalpha     Qcrit
    0.00000  1.066725  0.000000  1.185273  0.000000       0.0       0.0       0.0
    0.08000  1.066725 -0.037298  1.185273 -0.057341       0.0       0.0       0.0
    2.00000  1.066713 -0.001510  1.185197 -0.002379      22.0      20.8      22.7
    4.00000  1.066679 -0.000782  1.184966 -0.001318     124.2     117.9     128.4
    6.00000  1.066622 -0.000552  1.184582 -0.001023     342.3     324.9     353.8
    8.00000  1.066546 -0.000446  1.184043 -0.000921     702.7     667.0     726.3
   10.00000  1.066454 -0.000390  1.183348 -0.000900    1227.6    1165.3    1268.9
  
 FEQX                                                                            

 Processing:TABLE#=  904  MONOTONE NEWBETA  NOSAVE   OUT25

 Processing:STATION=2.000

 Processing:NAVM=0

 Processing:NSUB    1     0.050

 TabId= 904 NOSAVE   OUT25    NEWBETA  NOEXTEND MONOTONE
 STATION=     2.000
 NAVM=    0  Hor. scale factor=     1.000 Vert. shift=     0.000
  Vert. scale factor=     1.000 Hor. shift=     0.000
 NSUB    1 0.050
     OFFSET ELEVATION SUBS  X1  0.01                                             
        0.0     10.00    1
       10.0      0.00    1
       20.0     10.00   -1
 

 ELEMENTS FOR SECTION ID: 904

 TABID= 904
 TYPE=  -25
 STATION= 2.00000E+00
 ELEVATION= 0.00000E+00

   DEPTH TOP WID    AREA SQR(CV)   BETA       J  ALPHA   CRITQ     MA     MQ  AVER n
   0.000 0.000+0 0.000+0 0.000+0  1.067 0.000+0  1.185 0.000+0  1.000  1.000  0.0000
   0.080 1.600-1 6.400-3 1.331-1  1.067 1.707-4  1.185 6.846-3  1.000  1.000  0.0500
   2.000 4.000+0 4.000+0 9.729+0  1.067 2.667+0  1.185 2.139+1  1.000  0.999  0.0500
   4.000 8.000+0 1.600+1 2.453+1  1.067 2.133+1  1.185 1.210+2  1.000  0.998  0.0499
   6.000 1.200+1 3.600+1 4.217+1  1.067 7.200+1  1.185 3.335+2  1.000  0.995  0.0498
   8.000 1.600+1 6.400+1 6.199+1  1.067 1.707+2  1.184 6.846+2  1.000  0.990  0.0496
  10.000 2.000+1 1.000+2 8.365+1  1.066 3.333+2  1.183 1.196+3  1.000  0.985  0.0494
 
 Estimates of critical flow:
      Depth      Beta   dBetadY     Alpha  DAlphadY     Qbeta    Qalpha     Qcrit
    0.00000  1.066725  0.000000  1.185273  0.000000       0.0       0.0       0.0
    0.08000  1.066725 -0.037298  1.185273 -0.057341       0.0       0.0       0.0
    2.00000  1.066713 -0.001510  1.185197 -0.002379      22.0      20.8      22.7
    4.00000  1.066679 -0.000782  1.184966 -0.001318     124.2     117.9     128.4
    6.00000  1.066622 -0.000552  1.184582 -0.001023     342.3     324.9     353.8
    8.00000  1.066546 -0.000446  1.184043 -0.000921     702.7     667.0     726.3
   10.00000  1.066454 -0.000390  1.183348 -0.000900    1227.6    1165.3    1268.9
  
 ENDCHAN                                                                         
 
  
  
 *     Test of channel with symmetrical rectangular channel
 *     for which we can compute the value of Mq by analytical
 *     integration.  When we do this and evaluate the
 *     resulting integrals at their limits we find that
 *     MQ = 0.95534.
  
  
 CHANNEL                                                                         
 SINDEF=PARABOLA                                                                 
 HEAD     LFB    AXIS     RFB                                                    
  
 STAT   0.000   0.000   0.000                                                    
 OFFS    0.00   10.00   20.00                                                    
  
 STAT   1.500   1.000   0.500                                                    
 OFFS    0.00   10.00   20.00                                                    
  
 STAT   3.000   2.000   1.000                                                    
 OFFS    0.00   10.00   20.00                                                    
  
 END                                                                             

 Sinuousity table as defined by input.

  Item      LFB     AXIS      RFB
  STAT  0.00000  0.00000  0.00000
  OFFS     0.00    10.00    20.00
  SINU PARABOLA   1.0000 PARABOLA
 
  STAT  1.50000  1.00000  0.50000
  OFFS     0.00    10.00    20.00
  SINU PARABOLA   1.0000 PARABOLA
 
  STAT  3.00000  2.00000  1.00000
  OFFS     0.00    10.00    20.00
  SINU PARABOLA   1.0000 PARABOLA

 Final values of sinuosity.

  Item      LFB     AXIS      RFB
  STAT  0.00000  0.00000  0.00000
  OFFS     0.00    10.00    20.00
  SINU   1.5000   1.0000   0.5000
 
  STAT  1.50000  1.00000  0.50000
  OFFS     0.00    10.00    20.00
  SINU   1.5000   1.0000   0.5000
 
  STAT  3.00000  2.00000  1.00000
  OFFS     0.00    10.00    20.00
  SINU   1.5000   1.0000   0.5000
  
 FEQX                                                                            

 Processing:TABLE#= 7801  MONOTONE OLDBETA  NOSAVE   OUT25

 Processing:STATION=0.00

 Processing:NAVM=0

 Processing:NSUB    1     0.050

 TabId= 7801 NOSAVE   OUT25    OLDBETA  NOEXTEND MONOTONE
 STATION=     0.000
 NAVM=    0  Hor. scale factor=     1.000 Vert. shift=     0.000
  Vert. scale factor=     1.000 Hor. shift=     0.000
 NSUB    1 0.050
     OFFSET ELEVATION SUBS  X1  0.01                                             
        0.0     10.00    1
        0.0      0.00    1
       20.0      0.00    1
       20.0     10.00   -1
 

 ELEMENTS FOR SECTION ID: 7801

 TABID= 7801
 TYPE=  -25
 STATION= 0.00000E+00
 ELEVATION= 0.00000E+00

   DEPTH TOP WID    AREA SQR(CV)   BETA       J  ALPHA   CRITQ     MA     MQ  AVER n
   0.000 2.000+1 0.000+0 0.000+0  1.000 0.000+0  1.000 0.000+0  1.000  1.000  0.0000
   0.080 2.000+1 1.600+0 3.019+0  1.000 6.400-2  1.000 2.568+0  1.000  0.955  0.0483
   2.000 2.000+1 4.000+1 4.165+1  1.000 4.000+1  1.000 3.210+2  1.000  0.955  0.0483
   4.000 2.000+1 8.000+1 7.050+1  1.000 1.600+2  1.000 9.079+2  1.000  0.955  0.0483
   6.000 2.000+1 1.200+2 9.453+1  1.000 3.600+2  1.000 1.668+3  1.000  0.955  0.0483
   8.000 2.000+1 1.600+2 1.155+2  1.000 6.400+2  1.000 2.568+3  1.000  0.955  0.0483
  10.000 2.000+1 2.000+2 1.343+2  1.000 1.000+3  1.000 3.589+3  1.000  0.955  0.0483
  
  
 FEQX                                                                            

 Processing:TABLE#= 7802  MONOTONE OLDBETA  NOSAVE   OUT25

 Processing:STATION=1.000

 Processing:NAVM=0

 Processing:NSUB    1     0.050

 TabId= 7802 NOSAVE   OUT25    OLDBETA  NOEXTEND MONOTONE
 STATION=     1.000
 NAVM=    0  Hor. scale factor=     1.000 Vert. shift=     0.000
  Vert. scale factor=     1.000 Hor. shift=     0.000
 NSUB    1 0.050
     OFFSET ELEVATION SUBS  X1  0.01                                             
        0.0     10.00    1
        0.0      0.00    1
       20.0      0.00    1
       20.0     10.00   -1
 

 ELEMENTS FOR SECTION ID: 7802

 TABID= 7802
 TYPE=  -25
 STATION= 1.00000E+00
 ELEVATION= 0.00000E+00

   DEPTH TOP WID    AREA SQR(CV)   BETA       J  ALPHA   CRITQ     MA     MQ  AVER n
   0.000 2.000+1 0.000+0 0.000+0  1.000 0.000+0  1.000 0.000+0  1.000  1.000  0.0000
   0.080 2.000+1 1.600+0 3.019+0  1.000 6.400-2  1.000 2.568+0  1.000  0.955  0.0483
   2.000 2.000+1 4.000+1 4.165+1  1.000 4.000+1  1.000 3.210+2  1.000  0.955  0.0483
   4.000 2.000+1 8.000+1 7.050+1  1.000 1.600+2  1.000 9.079+2  1.000  0.955  0.0483
   6.000 2.000+1 1.200+2 9.453+1  1.000 3.600+2  1.000 1.668+3  1.000  0.955  0.0483
   8.000 2.000+1 1.600+2 1.155+2  1.000 6.400+2  1.000 2.568+3  1.000  0.955  0.0483
  10.000 2.000+1 2.000+2 1.343+2  1.000 1.000+3  1.000 3.589+3  1.000  0.955  0.0483
  
 FEQX                                                                            

 Processing:TABLE#= 7804  MONOTONE OLDBETA  NOSAVE   OUT25

 Processing:STATION=2.000

 Processing:NAVM=0

 Processing:NSUB    1     0.050

 TabId= 7804 NOSAVE   OUT25    OLDBETA  NOEXTEND MONOTONE
 STATION=     2.000
 NAVM=    0  Hor. scale factor=     1.000 Vert. shift=     0.000
  Vert. scale factor=     1.000 Hor. shift=     0.000
 NSUB    1 0.050
     OFFSET ELEVATION SUBS  X1  0.01                                             
        0.0     10.00    1
        0.0      0.00    1
       20.0      0.00    1
       20.0     10.00   -1
 

 ELEMENTS FOR SECTION ID: 7804

 TABID= 7804
 TYPE=  -25
 STATION= 2.00000E+00
 ELEVATION= 0.00000E+00

   DEPTH TOP WID    AREA SQR(CV)   BETA       J  ALPHA   CRITQ     MA     MQ  AVER n
   0.000 2.000+1 0.000+0 0.000+0  1.000 0.000+0  1.000 0.000+0  1.000  1.000  0.0000
   0.080 2.000+1 1.600+0 3.019+0  1.000 6.400-2  1.000 2.568+0  1.000  0.955  0.0483
   2.000 2.000+1 4.000+1 4.165+1  1.000 4.000+1  1.000 3.210+2  1.000  0.955  0.0483
   4.000 2.000+1 8.000+1 7.050+1  1.000 1.600+2  1.000 9.079+2  1.000  0.955  0.0483
   6.000 2.000+1 1.200+2 9.453+1  1.000 3.600+2  1.000 1.668+3  1.000  0.955  0.0483
   8.000 2.000+1 1.600+2 1.155+2  1.000 6.400+2  1.000 2.568+3  1.000  0.955  0.0483
  10.000 2.000+1 2.000+2 1.343+2  1.000 1.000+3  1.000 3.589+3  1.000  0.955  0.0483
  
 ENDCHAN                                                                         
 
  
  
         Example of an underflow gate table computation.                         
  
 FTABIN                                                                          

 Table Id= 200  Internal number=    50  Type=   -2
 Function scale fac=  1.00000E+00 Arg scale fac= 1.00000E+00 Arg shift= 0.00000E+00
      ANLGE        Cc   Tainter gate- Henderson Eq. 6-46                         
 
 THERE ARE NOW   34 FUNCTION TABLES STORED
      4546 LOCATIONS OUT OF 8000000 ARE USED
 
  
  
 FEQX                                                                            

 Processing:TABLE#= 1000 OUT22 SAVE22

 Processing:STATION=     1.00

 Processing:NAVM=    0

 Processing:NSUB    1     0.024

 TabId= 1000 SAVE22   OUT22    OLDBETA  NOEXTEND         
 STATION=     1.000
 NAVM=    0  Hor. scale factor=     1.000 Vert. shift=     0.000
  Vert. scale factor=     1.000 Hor. shift=     0.000
 NSUB    1 0.024
     OFFSET ELEVATION SUBS                                                       
        0.0    650.00    1
        0.0    449.00    1
     1200.0    449.00    1
     1200.0    650.00   -1
 

 ELEMENTS FOR SECTION ID: 1000

 TABID= 1000
 TYPE=  -22
 STATION= 1.00000E+00
 ELEVATION= 4.49000E+02

   DEPTH TOP WID    AREA SQR(CV)   BETA       J  ALPHA   CRITQ     MA     MQ  AVER n
   0.000 1.200+3 0.000+0 0.000+0  1.000 0.000+0  1.000 0.000+0  1.000  1.000  0.0000
   0.080 1.200+3 9.598+1 3.326+1  1.000 3.839+0  1.000 1.540+2  1.000  1.000  0.0240
   2.481 1.200+3 2.978+3 5.813+2  1.000 3.695+3  1.000 2.662+4  1.000  1.000  0.0240
   4.963 1.200+3 5.956+3 1.034+3  1.000 1.478+4  1.000 7.529+4  1.000  1.000  0.0240
   7.444 1.200+3 8.933+3 1.448+3  1.000 3.325+4  1.000 1.383+5  1.000  1.000  0.0240
   9.926 1.200+3 1.191+4 1.838+3  1.000 5.911+4  1.000 2.129+5  1.000  1.000  0.0240
  12.407 1.200+3 1.489+4 2.211+3  1.000 9.237+4  1.000 2.976+5  1.000  1.000  0.0240
  14.889 1.200+3 1.787+4 2.570+3  1.000 1.330+5  1.000 3.912+5  1.000  1.000  0.0240
  17.370 1.200+3 2.084+4 2.918+3  1.000 1.810+5  1.000 4.930+5  1.000  1.000  0.0240
  19.852 1.200+3 2.382+4 3.257+3  1.000 2.365+5  1.000 6.023+5  1.000  1.000  0.0240
  22.333 1.200+3 2.680+4 3.589+3  1.000 2.993+5  1.000 7.187+5  1.000  1.000  0.0240
  24.815 1.200+3 2.978+4 3.913+3  1.000 3.695+5  1.000 8.417+5  1.000  1.000  0.0240
  27.296 1.200+3 3.276+4 4.230+3  1.000 4.471+5  1.000 9.711+5  1.000  1.000  0.0240
  29.778 1.200+3 3.573+4 4.543+3  1.000 5.320+5  1.000 1.106+6  1.000  1.000  0.0240
  32.259 1.200+3 3.871+4 4.850+3  1.000 6.244+5  1.000 1.248+6  1.000  1.000  0.0240
  34.741 1.200+3 4.169+4 5.152+3  1.000 7.241+5  1.000 1.394+6  1.000  1.000  0.0240
  37.222 1.200+3 4.467+4 5.450+3  1.000 8.313+5  1.000 1.546+6  1.000  1.000  0.0240
  39.704 1.200+3 4.764+4 5.743+3  1.000 9.458+5  1.000 1.704+6  1.000  1.000  0.0240
  42.185 1.200+3 5.062+4 6.033+3  1.000 1.068+6  1.000 1.866+6  1.000  1.000  0.0240
  44.667 1.200+3 5.360+4 6.319+3  1.000 1.197+6  1.000 2.033+6  1.000  1.000  0.0240
  47.148 1.200+3 5.658+4 6.602+3  1.000 1.334+6  1.000 2.204+6  1.000  1.000  0.0240
  49.630 1.200+3 5.956+4 6.882+3  1.000 1.478+6  1.000 2.381+6  1.000  1.000  0.0240
  52.111 1.200+3 6.253+4 7.158+3  1.000 1.629+6  1.000 2.562+6  1.000  1.000  0.0240
  54.592 1.200+3 6.551+4 7.432+3  1.000 1.788+6  1.000 2.747+6  1.000  1.000  0.0240
  57.074 1.200+3 6.849+4 7.702+3  1.000 1.954+6  1.000 2.936+6  1.000  1.000  0.0240
  59.555 1.200+3 7.147+4 7.970+3  1.000 2.128+6  1.000 3.130+6  1.000  1.000  0.0240
  62.037 1.200+3 7.444+4 8.236+3  1.000 2.309+6  1.000 3.327+6  1.000  1.000  0.0240
  64.518 1.200+3 7.742+4 8.499+3  1.000 2.498+6  1.000 3.529+6  1.000  1.000  0.0240
  67.000 1.200+3 8.040+4 8.760+3  1.000 2.693+6  1.000 3.734+6  1.000  1.000  0.0240
  69.481 1.200+3 8.338+4 9.018+3  1.000 2.897+6  1.000 3.944+6  1.000  1.000  0.0240
  71.963 1.200+3 8.636+4 9.274+3  1.000 3.107+6  1.000 4.157+6  1.000  1.000  0.0240
  74.444 1.200+3 8.933+4 9.528+3  1.000 3.325+6  1.000 4.374+6  1.000  1.000  0.0240
  76.926 1.200+3 9.231+4 9.780+3  1.000 3.551+6  1.000 4.594+6  1.000  1.000  0.0240
  79.407 1.200+3 9.529+4 1.003+4  1.000 3.783+6  1.000 4.818+6  1.000  1.000  0.0240
  81.889 1.200+3 9.827+4 1.028+4  1.000 4.023+6  1.000 5.046+6  1.000  1.000  0.0240
  84.370 1.200+3 1.012+5 1.052+4  1.000 4.271+6  1.000 5.277+6  1.000  1.000  0.0240
  86.852 1.200+3 1.042+5 1.077+4  1.000 4.526+6  1.000 5.512+6  1.000  1.000  0.0240
  89.333 1.200+3 1.072+5 1.101+4  1.000 4.788+6  1.000 5.750+6  1.000  1.000  0.0240
  91.815 1.200+3 1.102+5 1.125+4  1.000 5.058+6  1.000 5.991+6  1.000  1.000  0.0240
  94.296 1.200+3 1.132+5 1.149+4  1.000 5.335+6  1.000 6.235+6  1.000  1.000  0.0240
  96.778 1.200+3 1.161+5 1.173+4  1.000 5.620+6  1.000 6.483+6  1.000  1.000  0.0240
  99.259 1.200+3 1.191+5 1.196+4  1.000 5.911+6  1.000 6.734+6  1.000  1.000  0.0240
 101.741 1.200+3 1.221+5 1.220+4  1.000 6.211+6  1.000 6.988+6  1.000  1.000  0.0240
 104.222 1.200+3 1.251+5 1.243+4  1.000 6.517+6  1.000 7.245+6  1.000  1.000  0.0240
 106.704 1.200+3 1.280+5 1.266+4  1.000 6.831+6  1.000 7.506+6  1.000  1.000  0.0240
 109.185 1.200+3 1.310+5 1.289+4  1.000 7.153+6  1.000 7.769+6  1.000  1.000  0.0240
 111.667 1.200+3 1.340+5 1.312+4  1.000 7.482+6  1.000 8.035+6  1.000  1.000  0.0240
 114.148 1.200+3 1.370+5 1.335+4  1.000 7.818+6  1.000 8.305+6  1.000  1.000  0.0240
 116.630 1.200+3 1.400+5 1.357+4  1.000 8.162+6  1.000 8.577+6  1.000  1.000  0.0240
 119.112 1.200+3 1.429+5 1.380+4  1.000 8.513+6  1.000 8.852+6  1.000  1.000  0.0240
 121.593 1.200+3 1.459+5 1.402+4  1.000 8.871+6  1.000 9.130+6  1.000  1.000  0.0240
 124.075 1.200+3 1.489+5 1.424+4  1.000 9.237+6  1.000 9.411+6  1.000  1.000  0.0240
 126.556 1.200+3 1.519+5 1.446+4  1.000 9.610+6  1.000 9.695+6  1.000  1.000  0.0240
 129.038 1.200+3 1.548+5 1.468+4  1.000 9.990+6  1.000 9.981+6  1.000  1.000  0.0240
 131.519 1.200+3 1.578+5 1.490+4  1.000 1.038+7  1.000 1.027+7  1.000  1.000  0.0240
 134.001 1.200+3 1.608+5 1.512+4  1.000 1.077+7  1.000 1.056+7  1.000  1.000  0.0240
 136.482 1.200+3 1.638+5 1.533+4  1.000 1.118+7  1.000 1.086+7  1.000  1.000  0.0240
 138.964 1.200+3 1.668+5 1.555+4  1.000 1.159+7  1.000 1.115+7  1.000  1.000  0.0240
 141.445 1.200+3 1.697+5 1.576+4  1.000 1.200+7  1.000 1.145+7  1.000  1.000  0.0240
 143.927 1.200+3 1.727+5 1.597+4  1.000 1.243+7  1.000 1.176+7  1.000  1.000  0.0240
 146.408 1.200+3 1.757+5 1.618+4  1.000 1.286+7  1.000 1.206+7  1.000  1.000  0.0240
 148.890 1.200+3 1.787+5 1.639+4  1.000 1.330+7  1.000 1.237+7  1.000  1.000  0.0240
 151.371 1.200+3 1.816+5 1.660+4  1.000 1.375+7  1.000 1.268+7  1.000  1.000  0.0240
 153.853 1.200+3 1.846+5 1.681+4  1.000 1.420+7  1.000 1.299+7  1.000  1.000  0.0240
 156.334 1.200+3 1.876+5 1.702+4  1.000 1.466+7  1.000 1.331+7  1.000  1.000  0.0240
 158.816 1.200+3 1.906+5 1.723+4  1.000 1.513+7  1.000 1.363+7  1.000  1.000  0.0240
 161.297 1.200+3 1.936+5 1.743+4  1.000 1.561+7  1.000 1.395+7  1.000  1.000  0.0240
 163.779 1.200+3 1.965+5 1.763+4  1.000 1.609+7  1.000 1.427+7  1.000  1.000  0.0240
 166.260 1.200+3 1.995+5 1.784+4  1.000 1.659+7  1.000 1.460+7  1.000  1.000  0.0240
 168.742 1.200+3 2.025+5 1.804+4  1.000 1.708+7  1.000 1.493+7  1.000  1.000  0.0240
 171.223 1.200+3 2.055+5 1.824+4  1.000 1.759+7  1.000 1.526+7  1.000  1.000  0.0240
 173.705 1.200+3 2.084+5 1.844+4  1.000 1.810+7  1.000 1.559+7  1.000  1.000  0.0240
 176.186 1.200+3 2.114+5 1.864+4  1.000 1.862+7  1.000 1.592+7  1.000  1.000  0.0240
 178.668 1.200+3 2.144+5 1.884+4  1.000 1.915+7  1.000 1.626+7  1.000  1.000  0.0240
 181.149 1.200+3 2.174+5 1.904+4  1.000 1.969+7  1.000 1.660+7  1.000  1.000  0.0240
 183.631 1.200+3 2.204+5 1.923+4  1.000 2.023+7  1.000 1.694+7  1.000  1.000  0.0240
 186.112 1.200+3 2.233+5 1.943+4  1.000 2.078+7  1.000 1.729+7  1.000  1.000  0.0240
 188.594 1.200+3 2.263+5 1.962+4  1.000 2.134+7  1.000 1.764+7  1.000  1.000  0.0240
 191.075 1.200+3 2.293+5 1.982+4  1.000 2.191+7  1.000 1.799+7  1.000  1.000  0.0240
 193.557 1.200+3 2.323+5 2.001+4  1.000 2.248+7  1.000 1.834+7  1.000  1.000  0.0240
 196.038 1.200+3 2.352+5 2.020+4  1.000 2.306+7  1.000 1.869+7  1.000  1.000  0.0240
 198.520 1.200+3 2.382+5 2.040+4  1.000 2.365+7  1.000 1.905+7  1.000  1.000  0.0240
 201.000 1.200+3 2.412+5 2.059+4  1.000 2.424+7  1.000 1.940+7  1.000  1.000  0.0240

 Saving TabId= 1000  Internal table number=  100
 
  
  
 FEQX                                                                            

 Processing:TABLE#= 1002 OUT22 SAVE22

 Processing:STATION=     1.00

 Processing:NAVM=    0

 Processing:NSUB    1     0.024

 TabId= 1002 SAVE22   OUT22    OLDBETA  NOEXTEND         
 STATION=     1.000
 NAVM=    0  Hor. scale factor=     1.000 Vert. shift=     0.000
  Vert. scale factor=     1.000 Hor. shift=     0.000
 NSUB    1 0.024
     OFFSET ELEVATION SUBS                                                       
        0.0    650.00    1
        0.0    446.00    1
     1200.0    446.00    1
     1200.0    650.00   -1
 

 ELEMENTS FOR SECTION ID: 1002

 TABID= 1002
 TYPE=  -22
 STATION= 1.00000E+00
 ELEVATION= 4.46000E+02

   DEPTH TOP WID    AREA SQR(CV)   BETA       J  ALPHA   CRITQ     MA     MQ  AVER n
   0.000 1.200+3 0.000+0 0.000+0  1.000 0.000+0  1.000 0.000+0  1.000  1.000  0.0000
   0.080 1.200+3 9.598+1 3.326+1  1.000 3.839+0  1.000 1.540+2  1.000  1.000  0.0240
   2.488 1.200+3 2.985+3 5.825+2  1.000 3.713+3  1.000 2.672+4  1.000  1.000  0.0240
   4.976 1.200+3 5.971+3 1.037+3  1.000 1.485+4  1.000 7.557+4  1.000  1.000  0.0240
   7.463 1.200+3 8.956+3 1.451+3  1.000 3.342+4  1.000 1.388+5  1.000  1.000  0.0240
   9.951 1.200+3 1.194+4 1.842+3  1.000 5.942+4  1.000 2.138+5  1.000  1.000  0.0240
  12.439 1.200+3 1.493+4 2.215+3  1.000 9.284+4  1.000 2.987+5  1.000  1.000  0.0240
  14.927 1.200+3 1.791+4 2.575+3  1.000 1.337+5  1.000 3.927+5  1.000  1.000  0.0240
  17.415 1.200+3 2.090+4 2.924+3  1.000 1.820+5  1.000 4.949+5  1.000  1.000  0.0240
  19.902 1.200+3 2.388+4 3.264+3  1.000 2.377+5  1.000 6.046+5  1.000  1.000  0.0240
  22.390 1.200+3 2.687+4 3.596+3  1.000 3.008+5  1.000 7.214+5  1.000  1.000  0.0240
  24.878 1.200+3 2.985+4 3.921+3  1.000 3.713+5  1.000 8.449+5  1.000  1.000  0.0240
  27.366 1.200+3 3.284+4 4.239+3  1.000 4.493+5  1.000 9.748+5  1.000  1.000  0.0240
  29.854 1.200+3 3.582+4 4.552+3  1.000 5.347+5  1.000 1.111+6  1.000  1.000  0.0240
  32.341 1.200+3 3.881+4 4.860+3  1.000 6.276+5  1.000 1.252+6  1.000  1.000  0.0240
  34.829 1.200+3 4.179+4 5.163+3  1.000 7.278+5  1.000 1.400+6  1.000  1.000  0.0240
  37.317 1.200+3 4.478+4 5.461+3  1.000 8.355+5  1.000 1.552+6  1.000  1.000  0.0240
  39.805 1.200+3 4.777+4 5.755+3  1.000 9.506+5  1.000 1.710+6  1.000  1.000  0.0240
  42.292 1.200+3 5.075+4 6.046+3  1.000 1.073+6  1.000 1.873+6  1.000  1.000  0.0240
  44.780 1.200+3 5.374+4 6.332+3  1.000 1.203+6  1.000 2.041+6  1.000  1.000  0.0240
  47.268 1.200+3 5.672+4 6.616+3  1.000 1.341+6  1.000 2.213+6  1.000  1.000  0.0240
  49.756 1.200+3 5.971+4 6.896+3  1.000 1.485+6  1.000 2.390+6  1.000  1.000  0.0240
  52.244 1.200+3 6.269+4 7.173+3  1.000 1.638+6  1.000 2.571+6  1.000  1.000  0.0240
  54.731 1.200+3 6.568+4 7.447+3  1.000 1.797+6  1.000 2.757+6  1.000  1.000  0.0240
  57.219 1.200+3 6.866+4 7.718+3  1.000 1.964+6  1.000 2.947+6  1.000  1.000  0.0240
  59.707 1.200+3 7.165+4 7.987+3  1.000 2.139+6  1.000 3.142+6  1.000  1.000  0.0240
  62.195 1.200+3 7.463+4 8.253+3  1.000 2.321+6  1.000 3.340+6  1.000  1.000  0.0240
  64.683 1.200+3 7.762+4 8.516+3  1.000 2.510+6  1.000 3.542+6  1.000  1.000  0.0240
  67.170 1.200+3 8.060+4 8.777+3  1.000 2.707+6  1.000 3.749+6  1.000  1.000  0.0240
  69.658 1.200+3 8.359+4 9.036+3  1.000 2.911+6  1.000 3.959+6  1.000  1.000  0.0240
  72.146 1.200+3 8.658+4 9.293+3  1.000 3.123+6  1.000 4.173+6  1.000  1.000  0.0240
  74.634 1.200+3 8.956+4 9.547+3  1.000 3.342+6  1.000 4.390+6  1.000  1.000  0.0240
  77.122 1.200+3 9.255+4 9.800+3  1.000 3.569+6  1.000 4.612+6  1.000  1.000  0.0240
  79.609 1.200+3 9.553+4 1.005+4  1.000 3.803+6  1.000 4.837+6  1.000  1.000  0.0240
  82.097 1.200+3 9.852+4 1.030+4  1.000 4.044+6  1.000 5.065+6  1.000  1.000  0.0240
  84.585 1.200+3 1.015+5 1.055+4  1.000 4.293+6  1.000 5.297+6  1.000  1.000  0.0240
  87.073 1.200+3 1.045+5 1.079+4  1.000 4.549+6  1.000 5.533+6  1.000  1.000  0.0240
  89.561 1.200+3 1.075+5 1.103+4  1.000 4.813+6  1.000 5.771+6  1.000  1.000  0.0240
  92.048 1.200+3 1.105+5 1.127+4  1.000 5.084+6  1.000 6.014+6  1.000  1.000  0.0240
  94.536 1.200+3 1.134+5 1.151+4  1.000 5.362+6  1.000 6.259+6  1.000  1.000  0.0240
  97.024 1.200+3 1.164+5 1.175+4  1.000 5.648+6  1.000 6.508+6  1.000  1.000  0.0240
  99.512 1.200+3 1.194+5 1.199+4  1.000 5.942+6  1.000 6.760+6  1.000  1.000  0.0240
 102.000 1.200+3 1.224+5 1.222+4  1.000 6.242+6  1.000 7.015+6  1.000  1.000  0.0240
 104.487 1.200+3 1.254+5 1.246+4  1.000 6.551+6  1.000 7.273+6  1.000  1.000  0.0240
 106.975 1.200+3 1.284+5 1.269+4  1.000 6.866+6  1.000 7.534+6  1.000  1.000  0.0240
 109.463 1.200+3 1.314+5 1.292+4  1.000 7.189+6  1.000 7.798+6  1.000  1.000  0.0240
 111.951 1.200+3 1.343+5 1.315+4  1.000 7.520+6  1.000 8.066+6  1.000  1.000  0.0240
 114.438 1.200+3 1.373+5 1.337+4  1.000 7.858+6  1.000 8.336+6  1.000  1.000  0.0240
 116.926 1.200+3 1.403+5 1.360+4  1.000 8.203+6  1.000 8.609+6  1.000  1.000  0.0240
 119.414 1.200+3 1.433+5 1.383+4  1.000 8.556+6  1.000 8.886+6  1.000  1.000  0.0240
 121.902 1.200+3 1.463+5 1.405+4  1.000 8.916+6  1.000 9.165+6  1.000  1.000  0.0240
 124.390 1.200+3 1.493+5 1.427+4  1.000 9.284+6  1.000 9.447+6  1.000  1.000  0.0240
 126.877 1.200+3 1.523+5 1.449+4  1.000 9.659+6  1.000 9.732+6  1.000  1.000  0.0240
 129.365 1.200+3 1.552+5 1.471+4  1.000 1.004+7  1.000 1.002+7  1.000  1.000  0.0240
 131.853 1.200+3 1.582+5 1.493+4  1.000 1.043+7  1.000 1.031+7  1.000  1.000  0.0240
 134.341 1.200+3 1.612+5 1.515+4  1.000 1.083+7  1.000 1.060+7  1.000  1.000  0.0240
 136.829 1.200+3 1.642+5 1.536+4  1.000 1.123+7  1.000 1.090+7  1.000  1.000  0.0240
 139.316 1.200+3 1.672+5 1.558+4  1.000 1.165+7  1.000 1.120+7  1.000  1.000  0.0240
 141.804 1.200+3 1.702+5 1.579+4  1.000 1.207+7  1.000 1.150+7  1.000  1.000  0.0240
 144.292 1.200+3 1.732+5 1.600+4  1.000 1.249+7  1.000 1.180+7  1.000  1.000  0.0240
 146.780 1.200+3 1.761+5 1.622+4  1.000 1.293+7  1.000 1.211+7  1.000  1.000  0.0240
 149.268 1.200+3 1.791+5 1.643+4  1.000 1.337+7  1.000 1.242+7  1.000  1.000  0.0240
 151.755 1.200+3 1.821+5 1.664+4  1.000 1.382+7  1.000 1.273+7  1.000  1.000  0.0240
 154.243 1.200+3 1.851+5 1.684+4  1.000 1.427+7  1.000 1.304+7  1.000  1.000  0.0240
 156.731 1.200+3 1.881+5 1.705+4  1.000 1.474+7  1.000 1.336+7  1.000  1.000  0.0240
 159.219 1.200+3 1.911+5 1.726+4  1.000 1.521+7  1.000 1.368+7  1.000  1.000  0.0240
 161.707 1.200+3 1.940+5 1.746+4  1.000 1.569+7  1.000 1.400+7  1.000  1.000  0.0240
 164.194 1.200+3 1.970+5 1.767+4  1.000 1.618+7  1.000 1.433+7  1.000  1.000  0.0240
 166.682 1.200+3 2.000+5 1.787+4  1.000 1.667+7  1.000 1.465+7  1.000  1.000  0.0240
 169.170 1.200+3 2.030+5 1.807+4  1.000 1.717+7  1.000 1.498+7  1.000  1.000  0.0240
 171.658 1.200+3 2.060+5 1.828+4  1.000 1.768+7  1.000 1.531+7  1.000  1.000  0.0240
 174.146 1.200+3 2.090+5 1.848+4  1.000 1.820+7  1.000 1.565+7  1.000  1.000  0.0240
 176.633 1.200+3 2.120+5 1.868+4  1.000 1.872+7  1.000 1.599+7  1.000  1.000  0.0240
 179.121 1.200+3 2.149+5 1.887+4  1.000 1.925+7  1.000 1.632+7  1.000  1.000  0.0240
 181.609 1.200+3 2.179+5 1.907+4  1.000 1.979+7  1.000 1.667+7  1.000  1.000  0.0240
 184.097 1.200+3 2.209+5 1.927+4  1.000 2.033+7  1.000 1.701+7  1.000  1.000  0.0240
 186.584 1.200+3 2.239+5 1.947+4  1.000 2.089+7  1.000 1.735+7  1.000  1.000  0.0240
 189.072 1.200+3 2.269+5 1.966+4  1.000 2.145+7  1.000 1.770+7  1.000  1.000  0.0240
 191.560 1.200+3 2.299+5 1.986+4  1.000 2.202+7  1.000 1.805+7  1.000  1.000  0.0240
 194.048 1.200+3 2.329+5 2.005+4  1.000 2.259+7  1.000 1.841+7  1.000  1.000  0.0240
 196.536 1.200+3 2.358+5 2.024+4  1.000 2.318+7  1.000 1.876+7  1.000  1.000  0.0240
 199.023 1.200+3 2.388+5 2.043+4  1.000 2.377+7  1.000 1.912+7  1.000  1.000  0.0240
 201.511 1.200+3 2.418+5 2.063+4  1.000 2.436+7  1.000 1.948+7  1.000  1.000  0.0240
 204.000 1.200+3 2.448+5 2.082+4  1.000 2.497+7  1.000 1.984+7  1.000  1.000  0.0240

 Saving TabId= 1002  Internal table number=  101
 
  
  
  
 UFGATE                                                                          

 TabId= 590 for type 15 table for underflow gate.

 Label= Tainter gates at Lock and Dam 21.                

 Approach section table id= 1000

 Departure section table id= 1002

 Elevation of gate sill=   450.000

 Total gate opening width=   642.000

 Discharge coefficient for approach to gate=     0.980

 Contraction coefficient table id= 200

 Free weir to free orifice transition fraction=    0.20

 Maximum upstream head=   60.00

 Minimum non-zero upstream head=    2.00

 Linear interpolation precision=   0.020
 
   Opening 2-D_Table  Cc_Value Lip_Angle                                        
     0.500      5901     0.000      39.4
     1.000      5902     0.000      40.7
     2.000      5903     0.000      43.3
     4.000      5904     0.000      48.2
     8.000      5905     0.000      56.9
    12.000      5906     0.000      64.9
    16.000      5907     0.000      72.4
    24.000      5908     0.000      86.5
    26.000      5909     0.000      90.0
    32.000      5910     0.000     100.4
 
Partial free drop parameters                                                    

 Minimum partial free drop=   0.00500

 Partial free drop at power breakpoint=   0.50000

 Limiting partial free drop=     0.990

 Final local power for partial free drops=     2.000

Two-D table computations for gate opening=   0.500  Two-D table id= 5901
     Head at section 1 for FW/FO boundary=   0.7545
     Head-relative gate opening at FW/FO boundary=   0.6627
 FW flow at its upper limit=    1288.01    
 Non-standard FO flow=    1287.98    

Upstream head=   0.2500 Elevation=  450.2500
  Depth at section 1=  1.2500 Gate opening=  0.5000

  Partial  Drop    Head    Head   Flow Cont.  Discharge Local  Energy
   free    sect.   sect.   sect.  type coef.            power   loss
   drop    1->4     3       4           Cc                      1->4
 --------  ------  ------  ------  ---  ---- --------- -----  ------
   1.0000   0.082   0.165   0.168   FW  ---  2.434492+2         0.082
   0.9900   0.081   0.166   0.169   SW  ---  2.434932+2 -0.02   0.081
   0.8892   0.073   0.174   0.177   SW  ---  2.428297+2  0.03   0.073
   0.7884   0.065   0.183   0.185   SW  ---  2.400938+2  0.09   0.065
   0.7081   0.058   0.189   0.192   SW  ---  2.362138+2  0.15   0.058
   0.6279   0.051   0.196   0.199   SW  ---  2.306475+2  0.20   0.052
   0.5639   0.046   0.202   0.204   SW  ---  2.248401+2  0.24   0.046
   0.5000   0.041   0.207   0.209   SW  ---  2.175838+2  0.27   0.041
   0.3660   0.030   0.218   0.220   SW  ---  1.968097+2  0.32   0.030
   0.2321   0.019   0.230   0.231   SW  ---  1.652678+2  0.38   0.019
   0.1699   0.014   0.235   0.236   SW  ---  1.449191+2  0.42   0.014
   0.1077   0.009   0.241   0.241   SW  ---  1.181129+2  0.45   0.009
   0.0789   0.006   0.243   0.244   SW  ---  1.020205+2  0.47   0.007
   0.0500   0.004   0.246   0.246   SW  ---  8.216776+1  0.47   0.004
   0.0366   0.003   0.247   0.247   SW  ---  6.857233+1  0.58   0.003
   0.0232   0.002   0.248   0.248   SW  ---  5.478732+1  0.49   0.002
   0.0170   0.001   0.249   0.249   SW  ---  4.728532+1  0.47   0.001
   0.0108   0.001   0.249   0.249   SW  ---  3.762372+1  0.50   0.001
   0.0079   0.001   0.249   0.249   SW  ---  3.204812+1  0.51   0.001
   0.0050   0.000   0.250   0.250   SW  ---  2.524029+1  0.52   0.000

Upstream head=   0.3536 Elevation=  450.3535
  Depth at section 1=  1.3536 Gate opening=  0.5000

  Partial  Drop    Head    Head   Flow Cont.  Discharge Local  Energy
   free    sect.   sect.   sect.  type coef.            power   loss
   drop    1->4     3       4           Cc                      1->4
 --------  ------  ------  ------  ---  ---- --------- -----  ------
   1.0000   0.114   0.233   0.240   FW  ---  4.101452+2         0.115
   0.9900   0.113   0.234   0.241   SW  ---  4.102117+2 -0.02   0.114
   0.8892   0.101   0.246   0.252   SW  ---  4.091587+2  0.02   0.102
   0.7884   0.090   0.258   0.264   SW  ---  4.046479+2  0.09   0.091
   0.7081   0.081   0.268   0.273   SW  ---  3.982537+2  0.15   0.081
   0.6279   0.071   0.277   0.282   SW  ---  3.890092+2  0.20   0.072
   0.5639   0.064   0.285   0.289   SW  ---  3.793297+2  0.23   0.065
   0.5000   0.057   0.293   0.297   SW  ---  3.672295+2  0.27   0.058
   0.3660   0.042   0.309   0.312   SW  ---  3.324649+2  0.32   0.042
   0.2321   0.026   0.325   0.327   SW  ---  2.794915+2  0.38   0.027
   0.1699   0.019   0.333   0.334   SW  ---  2.450250+2  0.42   0.020
   0.1077   0.012   0.340   0.341   SW  ---  1.997800+2  0.45   0.012
   0.0789   0.009   0.344   0.345   SW  ---  1.729627+2  0.46   0.009
   0.0500   0.006   0.347   0.348   SW  ---  1.391219+2  0.48   0.006
   0.0366   0.004   0.349   0.349   SW  ---  1.195896+2  0.49   0.004
   0.0232   0.003   0.351   0.351   SW  ---  9.174640+1  0.58   0.003
   0.0170   0.002   0.352   0.352   SW  ---  7.872509+1  0.49   0.002
   0.0108   0.001   0.352   0.352   SW  ---  6.292530+1  0.49   0.001
   0.0079   0.001   0.353   0.353   SW  ---  5.369118+1  0.51   0.001
   0.0050   0.001   0.353   0.353   SW  ---  4.244632+1  0.52   0.001

Upstream head=   0.5000 Elevation=  450.5000
  Depth at section 1=  1.5000 Gate opening=  0.5000

  Partial  Drop    Head    Head   Flow Cont.  Discharge Local  Energy
   free    sect.   sect.   sect.  type coef.            power   loss
   drop    1->4     3       4           Cc                      1->4
 --------  ------  ------  ------  ---  ---- --------- -----  ------
   1.0000   0.157   0.330   0.343   FW  ---  6.916210+2         0.159
   0.9900   0.155   0.332   0.345   SW  ---  6.917337+2 -0.02   0.157
   0.8892   0.139   0.349   0.361   SW  ---  6.900132+2  0.02   0.141
   0.7884   0.124   0.365   0.376   SW  ---  6.825808+2  0.09   0.126
   0.7081   0.111   0.379   0.389   SW  ---  6.720089+2  0.15   0.113
   0.6279   0.098   0.392   0.402   SW  ---  6.566375+2  0.19   0.100
   0.5639   0.088   0.403   0.412   SW  ---  6.405381+2  0.23   0.090
   0.5000   0.078   0.414   0.422   SW  ---  6.203922+2  0.27   0.080
   0.3660   0.057   0.436   0.443   SW  ---  5.622147+2  0.32   0.059
   0.2321   0.036   0.459   0.464   SW  ---  4.731599+2  0.38   0.037
   0.1699   0.027   0.470   0.473   SW  ---  4.152104+2  0.42   0.027
   0.1077   0.017   0.481   0.483   SW  ---  3.387296+2  0.45   0.017
   0.0789   0.012   0.486   0.488   SW  ---  2.931852+2  0.46   0.013
   0.0500   0.008   0.491   0.492   SW  ---  2.361821+2  0.47   0.008
   0.0366   0.006   0.494   0.494   SW  ---  2.030632+2  0.48   0.006
   0.0232   0.004   0.496   0.496   SW  ---  1.623999+2  0.49   0.004
   0.0170   0.003   0.497   0.497   SW  ---  1.391866+2  0.49   0.003
   0.0108   0.002   0.498   0.498   SW  ---  1.046791+2  0.63   0.002
   0.0079   0.001   0.499   0.499   SW  ---  9.045956+1  0.47   0.001
   0.0050   0.001   0.499   0.499   SW  ---  7.210413+1  0.50   0.001

Upstream head=   0.6272 Elevation=  450.6273
  Depth at section 1=  1.6272 Gate opening=  0.5000

  Partial  Drop    Head    Head   Flow Cont.  Discharge Local  Energy
   free    sect.   sect.   sect.  type coef.            power   loss
   drop    1->4     3       4           Cc                      1->4
 --------  ------  ------  ------  ---  ---- --------- -----  ------
   1.0000   0.192   0.415   0.435   FW  ---  9.740649+2         0.196
   0.9900   0.191   0.417   0.437   SW  ---  9.742230+2 -0.02   0.194
   0.8892   0.171   0.438   0.456   SW  ---  9.718591+2  0.02   0.174
   0.7884   0.152   0.458   0.476   SW  ---  9.615988+2  0.09   0.155
   0.7081   0.136   0.475   0.491   SW  ---  9.469412+2  0.14   0.139
   0.6279   0.121   0.492   0.506   SW  ---  9.255829+2  0.19   0.124
   0.5639   0.109   0.505   0.519   SO 1.000 8.932077+2  0.33   0.111
   0.5000   0.096   0.519   0.531   SO 1.000 8.409258+2  0.50   0.099
   0.3660   0.070   0.548   0.557   SO 1.000 7.194278+2  0.50   0.072
   0.2321   0.045   0.577   0.583   SO 1.000 5.726227+2  0.50   0.046
   0.1699   0.033   0.591   0.595   SO 1.000 4.898409+2  0.50   0.034
   0.1077   0.021   0.604   0.607   SO 1.000 3.900168+2  0.50   0.021
   0.0789   0.015   0.610   0.612   SO 1.000 3.336848+2  0.50   0.016
   0.0500   0.010   0.616   0.618   SO 1.000 2.657064+2  0.50   0.010
   0.0366   0.007   0.619   0.620   SO 1.000 2.271009+2  0.50   0.007
   0.0232   0.004   0.622   0.623   SO 1.000 1.810456+2  0.50   0.005
   0.0170   0.003   0.624   0.624   SO 1.000 1.550845+2  0.50   0.003
   0.0108   0.002   0.625   0.625   SO 1.000 1.160944+2  0.64   0.002
   0.0079   0.002   0.626   0.626   SO 1.000 9.941727+1  0.50   0.002
   0.0050   0.001   0.626   0.626   SO 1.000 7.930755+1  0.50   0.001

Upstream head=   0.7545 Elevation=  450.7545
  Depth at section 1=  1.7545 Gate opening=  0.5000

  Partial  Drop    Head    Head   Flow Cont.  Discharge Local  Energy
   free    sect.   sect.   sect.  type coef.            power   loss
   drop    1->4     3       4           Cc                      1->4
 --------  ------  ------  ------  ---  ---- --------- -----  ------
   1.0000   0.227   0.500   0.528   FW  ---  1.287979+3         0.232
   0.9900   0.224   0.503   0.530   SO 1.000 1.281487+3  0.50   0.229
   0.8892   0.201   0.528   0.553   SO 1.000 1.214262+3  0.50   0.206
   0.7884   0.179   0.554   0.576   SO 1.000 1.143055+3  0.50   0.183
   0.7081   0.160   0.575   0.594   SO 1.000 1.083005+3  0.50   0.164
   0.6279   0.142   0.595   0.612   SO 1.000 1.019534+3  0.50   0.145
   0.5639   0.128   0.611   0.627   SO 1.000 9.659894+2  0.50   0.131
   0.5000   0.113   0.628   0.641   SO 1.000 9.094976+2  0.50   0.116
   0.3660   0.083   0.662   0.672   SO 1.000 7.779359+2  0.50   0.085
   0.2321   0.053   0.696   0.702   SO 1.000 6.191481+2  0.50   0.054
   0.1699   0.038   0.711   0.716   SO 1.000 5.297280+2  0.50   0.039
   0.1077   0.024   0.727   0.730   SO 1.000 4.216908+2  0.50   0.025
   0.0789   0.018   0.735   0.737   SO 1.000 3.608593+2  0.50   0.018
   0.0500   0.011   0.742   0.743   SO 1.000 2.871049+2  0.50   0.012
   0.0366   0.008   0.745   0.746   SO 1.000 2.458160+2  0.50   0.008
   0.0232   0.005   0.749   0.749   SO 1.000 1.954669+2  0.50   0.005
   0.0170   0.004   0.750   0.751   SO 1.000 1.672937+2  0.50   0.004
   0.0108   0.002   0.752   0.752   SO 1.000 1.333049+2  0.50   0.002
   0.0079   0.002   0.753   0.753   SO 1.000 1.083373+2  0.66   0.002
   0.0050   0.001   0.753   0.753   SO 1.000 8.579319+1  0.51   0.001

Upstream head=   0.8045 Elevation=  450.8045
  Depth at section 1=  1.8045 Gate opening=  0.5000

  Partial  Drop    Head    Head   Flow Cont.  Discharge Local  Energy
   free    sect.   sect.   sect.  type coef.            power   loss
   drop    1->4     3       4           Cc                      1->4
 --------  ------  ------  ------  ---  ---- --------- -----  ------
   1.0000   0.333   0.435   0.471   FO 0.871 1.346197+3         0.338
   0.9900   0.330   0.439   0.474   SO 0.871 1.339374+3  0.51   0.335
   0.8892   0.297   0.476   0.508   SO 0.871 1.269092+3  0.50   0.301
   0.7884   0.263   0.514   0.542   SO 0.871 1.194256+3  0.51   0.267
   0.7081   0.236   0.544   0.568   SO 0.871 1.131483+3  0.50   0.240
   0.6279   0.209   0.573   0.595   SO 0.871 1.065105+3  0.50   0.213
   0.5639   0.188   0.597   0.616   SO 0.871 1.009143+3  0.50   0.191
   0.5000   0.167   0.621   0.638   SO 0.871 9.500380+2  0.50   0.169
   0.3660   0.122   0.670   0.682   SO 0.871 8.124439+2  0.50   0.124
   0.2321   0.077   0.720   0.727   SO 0.871 6.456166+2  0.50   0.079
   0.1699   0.057   0.742   0.748   SO 0.871 5.540587+2  0.49   0.058
   0.1077   0.036   0.765   0.769   SO 0.871 4.412005+2  0.50   0.036
   0.0789   0.026   0.775   0.778   SO 0.871 3.773598+2  0.50   0.027
   0.0500   0.017   0.786   0.788   SO 0.871 3.005302+2  0.50   0.017
   0.0366   0.012   0.791   0.792   SO 0.871 2.572599+2  0.50   0.012
   0.0232   0.008   0.796   0.797   SO 0.871 2.046534+2  0.50   0.008
   0.0170   0.006   0.798   0.799   SO 0.871 1.750467+2  0.50   0.006
   0.0108   0.004   0.801   0.801   SO 0.871 1.392911+2  0.50   0.004
   0.0079   0.003   0.802   0.802   SO 0.871 1.137633+2  0.65   0.003
   0.0050   0.002   0.803   0.803   SO 0.871 9.026978+1  0.51   0.002

Upstream head=   0.8545 Elevation=  450.8545
  Depth at section 1=  1.8545 Gate opening=  0.5000

  Partial  Drop    Head    Head   Flow Cont.  Discharge Local  Energy
   free    sect.   sect.   sect.  type coef.            power   loss
   drop    1->4     3       4           Cc                      1->4
 --------  ------  ------  ------  ---  ---- --------- -----  ------
   1.0000   0.443   0.371   0.411   FO 0.741 1.308726+3         0.448
   0.9900   0.439   0.375   0.416   SO 0.741 1.302039+3  0.51   0.443
   0.8892   0.394   0.424   0.460   SO 0.741 1.233683+3  0.50   0.398
   0.7884   0.350   0.474   0.505   SO 0.741 1.160823+3  0.51   0.353
   0.7081   0.314   0.513   0.541   SO 0.741 1.099760+3  0.50   0.317
   0.6279   0.278   0.552   0.576   SO 0.741 1.035199+3  0.50   0.281
   0.5639   0.250   0.583   0.604   SO 0.741 9.807975+2  0.50   0.253
   0.5000   0.222   0.614   0.633   SO 0.741 9.233273+2  0.50   0.224
   0.3660   0.162   0.678   0.692   SO 0.741 7.895887+2  0.50   0.164
   0.2321   0.103   0.743   0.752   SO 0.741 6.283964+2  0.50   0.104
   0.1699   0.075   0.773   0.779   SO 0.741 5.374672+2  0.50   0.076
   0.1077   0.048   0.803   0.807   SO 0.741 4.287208+2  0.50   0.048
   0.0789   0.035   0.816   0.820   SO 0.741 3.668384+2  0.50   0.035
   0.0500   0.022   0.830   0.832   SO 0.741 2.921491+2  0.50   0.022
   0.0366   0.016   0.837   0.838   SO 0.741 2.498954+2  0.50   0.016
   0.0232   0.010   0.843   0.844   SO 0.741 1.988659+2  0.50   0.010
   0.0170   0.008   0.846   0.847   SO 0.741 1.702335+2  0.50   0.008
   0.0108   0.005   0.849   0.850   SO 0.741 1.356880+2  0.50   0.005
   0.0079   0.003   0.851   0.851   SO 0.741 1.161028+2  0.50   0.004
   0.0050   0.002   0.852   0.852   SO 0.741 8.867519+1  0.59   0.002

Upstream head=   1.1202 Elevation=  451.1202
  Depth at section 1=  2.1202 Gate opening=  0.5000

  Partial  Drop    Head    Head   Flow Cont.  Discharge Local  Energy
   free    sect.   sect.   sect.  type coef.            power   loss
   drop    1->4     3       4           Cc                      1->4
 --------  ------  ------  ------  ---  ---- --------- -----  ------
   1.0000   0.687   0.371   0.433   FO 0.741 1.626725+3         0.692
   0.9900   0.680   0.378   0.440   SO 0.741 1.618512+3  0.50   0.685
   0.8892   0.611   0.455   0.509   SO 0.741 1.532748+3  0.51   0.615
   0.7884   0.542   0.531   0.578   SO 0.741 1.442300+3  0.51   0.546
   0.7081   0.487   0.591   0.634   SO 0.741 1.366161+3  0.51   0.490
   0.6279   0.431   0.652   0.689   SO 0.741 1.285758+3  0.50   0.435
   0.5639   0.387   0.700   0.733   SO 0.741 1.218030+3  0.50   0.390
   0.5000   0.344   0.748   0.777   SO 0.741 1.146485+3  0.50   0.346
   0.3660   0.252   0.848   0.869   SO 0.741 9.801878+2  0.50   0.253
   0.2321   0.159   0.948   0.961   SO 0.741 7.798411+2  0.50   0.161
   0.1699   0.117   0.994   1.003   SO 0.741 6.670060+2  0.50   0.118
   0.1077   0.074   1.040   1.046   SO 0.741 5.309152+2  0.50   0.075
   0.0789   0.054   1.062   1.066   SO 0.741 4.542822+2  0.50   0.055
   0.0500   0.034   1.083   1.086   SO 0.741 3.627382+2  0.49   0.035
   0.0366   0.025   1.093   1.095   SO 0.741 3.102964+2  0.50   0.025
   0.0232   0.016   1.103   1.104   SO 0.741 2.472043+2  0.50   0.016
   0.0170   0.012   1.108   1.108   SO 0.741 2.115462+2  0.50   0.012
   0.0108   0.007   1.112   1.113   SO 0.741 1.681591+2  0.50   0.007
   0.0079   0.005   1.114   1.115   SO 0.741 1.442232+2  0.49   0.005
   0.0050   0.003   1.117   1.117   SO 0.741 1.103565+2  0.59   0.003

Upstream head=   1.5317 Elevation=  451.5317
  Depth at section 1=  2.5317 Gate opening=  0.5000

  Partial  Drop    Head    Head   Flow Cont.  Discharge Local  Energy
   free    sect.   sect.   sect.  type coef.            power   loss
   drop    1->4     3       4           Cc                      1->4
 --------  ------  ------  ------  ---  ---- --------- -----  ------
   1.0000   1.065   0.371   0.467   FO 0.741 2.022072+3         1.070
   0.9900   1.054   0.382   0.477   SO 0.741 2.011826+3  0.51   1.059
   0.8892   0.947   0.502   0.585   SO 0.741 1.904484+3  0.51   0.951
   0.7884   0.840   0.620   0.692   SO 0.741 1.791485+3  0.51   0.843
   0.7081   0.754   0.714   0.778   SO 0.741 1.696496+3  0.51   0.758
   0.6279   0.669   0.808   0.863   SO 0.741 1.596268+3  0.51   0.672
   0.5639   0.601   0.883   0.931   SO 0.741 1.511951+3  0.51   0.603
   0.5000   0.532   0.957   0.999   SO 0.741 1.422880+3  0.50   0.535
   0.3660   0.390   1.112   1.142   SO 0.741 1.216075+3  0.50   0.392
   0.2321   0.247   1.266   1.285   SO 0.741 9.673379+2  0.50   0.248
   0.1699   0.181   1.337   1.351   SO 0.741 8.272841+2  0.50   0.182
   0.1077   0.115   1.409   1.417   SO 0.741 6.584318+2  0.50   0.115
   0.0789   0.084   1.442   1.448   SO 0.741 5.632710+2  0.50   0.084
   0.0500   0.053   1.475   1.478   SO 0.741 4.484548+2  0.50   0.054
   0.0366   0.039   1.490   1.493   SO 0.741 3.823398+2  0.51   0.039
   0.0232   0.025   1.505   1.507   SO 0.741 3.067845+2  0.48   0.025
   0.0170   0.018   1.512   1.514   SO 0.741 2.625091+2  0.50   0.018
   0.0108   0.011   1.519   1.520   SO 0.741 2.090622+2  0.50   0.012
   0.0079   0.008   1.523   1.523   SO 0.741 1.788219+2  0.50   0.008
   0.0050   0.005   1.526   1.526   SO 0.741 1.422937+2  0.50   0.005

Upstream head=   2.1693 Elevation=  452.1693
  Depth at section 1=  3.1693 Gate opening=  0.5000

  Partial  Drop    Head    Head   Flow Cont.  Discharge Local  Energy
   free    sect.   sect.   sect.  type coef.            power   loss
   drop    1->4     3       4           Cc                      1->4
 --------  ------  ------  ------  ---  ---- --------- -----  ------
   1.0000   1.651   0.371   0.518   FO 0.741 2.513985+3         1.654
   0.9900   1.634   0.389   0.535   SO 0.741 2.500962+3  0.52   1.638
   0.8892   1.468   0.576   0.701   SO 0.741 2.366368+3  0.52   1.471
   0.7884   1.302   0.760   0.868   SO 0.741 2.224890+3  0.51   1.305
   0.7081   1.169   0.907   1.000   SO 0.741 2.106219+3  0.51   1.172
   0.6279   1.036   1.052   1.133   SO 0.741 1.981177+3  0.51   1.039
   0.5639   0.931   1.168   1.238   SO 0.741 1.876122+3  0.51   0.933
   0.5000   0.825   1.282   1.344   SO 0.741 1.765247+3  0.51   0.828
   0.3660   0.604   1.522   1.565   SO 0.741 1.508106+3  0.50   0.606
   0.2321   0.383   1.760   1.786   SO 0.741 1.199218+3  0.50   0.384
   0.1699   0.280   1.870   1.889   SO 0.741 1.025431+3  0.50   0.281
   0.1077   0.178   1.980   1.991   SO 0.741 8.160629+2  0.50   0.178
   0.0789   0.130   2.031   2.039   SO 0.741 6.980730+2  0.50   0.131
   0.0500   0.083   2.081   2.087   SO 0.741 5.557360+2  0.50   0.083
   0.0366   0.060   2.105   2.109   SO 0.741 4.754122+2  0.50   0.061
   0.0232   0.038   2.129   2.131   SO 0.741 3.769465+2  0.51   0.038
   0.0170   0.028   2.139   2.141   SO 0.741 3.256092+2  0.47   0.028
   0.0108   0.018   2.150   2.151   SO 0.741 2.593484+2  0.50   0.018
   0.0079   0.013   2.155   2.156   SO 0.741 2.217019+2  0.50   0.013
   0.0050   0.008   2.160   2.161   SO 0.741 1.765147+2  0.50   0.008

Upstream head=   3.1569 Elevation=  453.1569
  Depth at section 1=  4.1569 Gate opening=  0.5000

  Partial  Drop    Head    Head   Flow Cont.  Discharge Local  Energy
   free    sect.   sect.   sect.  type coef.            power   loss
   drop    1->4     3       4           Cc                      1->4
 --------  ------  ------  ------  ---  ---- --------- -----  ------
   1.0000   2.559   0.371   0.598   FO 0.741 3.126446+3         2.560
   0.9900   2.534   0.400   0.623   SO 0.741 3.109925+3  0.53   2.535
   0.8892   2.276   0.693   0.881   SO 0.741 2.940212+3  0.52   2.277
   0.7884   2.018   0.981   1.139   SO 0.741 2.762599+3  0.52   2.019
   0.7081   1.812   1.209   1.345   SO 0.741 2.614147+3  0.51   1.814
   0.6279   1.607   1.435   1.550   SO 0.741 2.458041+3  0.51   1.609
   0.5639   1.443   1.613   1.714   SO 0.741 2.327111+3  0.51   1.445
   0.5000   1.280   1.791   1.877   SO 0.741 2.189095+3  0.51   1.281
   0.3660   0.937   2.161   2.220   SO 0.741 1.869524+3  0.51   0.938
   0.2321   0.594   2.527   2.563   SO 0.741 1.486128+3  0.50   0.595
   0.1699   0.435   2.697   2.722   SO 0.741 1.270672+3  0.50   0.435
   0.1077   0.276   2.865   2.881   SO 0.741 1.011080+3  0.50   0.276
   0.0789   0.202   2.944   2.955   SO 0.741 8.648569+2  0.50   0.202
   0.0500   0.128   3.022   3.029   SO 0.741 6.884030+2  0.50   0.128
   0.0366   0.094   3.058   3.063   SO 0.741 5.889617+2  0.50   0.094
   0.0232   0.059   3.094   3.097   SO 0.741 4.688387+2  0.50   0.059
   0.0170   0.043   3.111   3.113   SO 0.741 4.011676+2  0.50   0.044
   0.0108   0.028   3.128   3.129   SO 0.741 3.180794+2  0.51   0.028
   0.0079   0.020   3.135   3.137   SO 0.741 2.752051+2  0.46   0.020
   0.0050   0.013   3.143   3.144   SO 0.741 2.191831+2  0.50   0.013

Upstream head=   4.6866 Elevation=  454.6866
  Depth at section 1=  5.6866 Gate opening=  0.5000

  Partial  Drop    Head    Head   Flow Cont.  Discharge Local  Energy
   free    sect.   sect.   sect.  type coef.            power   loss
   drop    1->4     3       4           Cc                      1->4
 --------  ------  ------  ------  ---  ---- --------- -----  ------
   1.0000   3.969   0.371   0.717   FO 0.741 3.889204+3         3.967
   0.9900   3.929   0.417   0.757   SO 0.741 3.868172+3  0.54   3.927
   0.8892   3.529   0.879   1.157   SO 0.741 3.652910+3  0.53   3.528
   0.7884   3.129   1.331   1.557   SO 0.741 3.429455+3  0.52   3.129
   0.7081   2.811   1.685   1.876   SO 0.741 3.243589+3  0.52   2.811
   0.6279   2.492   2.034   2.195   SO 0.741 3.048716+3  0.51   2.493
   0.5639   2.238   2.311   2.448   SO 0.741 2.885620+3  0.51   2.239
   0.5000   1.985   2.585   2.702   SO 0.741 2.713915+3  0.51   1.985
   0.3660   1.453   3.155   3.234   SO 0.741 2.316984+3  0.51   1.454
   0.2321   0.921   3.719   3.765   SO 0.741 1.841469+3  0.50   0.922
   0.1699   0.674   3.979   4.012   SO 0.741 1.574366+3  0.50   0.675
   0.1077   0.428   4.239   4.259   SO 0.741 1.252692+3  0.50   0.428
   0.0789   0.313   4.359   4.374   SO 0.741 1.071464+3  0.50   0.313
   0.0500   0.198   4.479   4.488   SO 0.741 8.528705+2  0.50   0.199
   0.0366   0.145   4.535   4.541   SO 0.741 7.296420+2  0.50   0.145
   0.0232   0.092   4.590   4.595   SO 0.741 5.809277+2  0.50   0.092
   0.0170   0.067   4.616   4.619   SO 0.741 4.969912+2  0.50   0.067
   0.0108   0.043   4.642   4.644   SO 0.741 3.939077+2  0.51   0.043
   0.0079   0.031   4.654   4.655   SO 0.741 3.370703+2  0.50   0.031
   0.0050   0.020   4.666   4.667   SO 0.741 2.716753+2  0.47   0.020

Upstream head=   7.0563 Elevation=  457.0563
  Depth at section 1=  8.0563 Gate opening=  0.5000

  Partial  Drop    Head    Head   Flow Cont.  Discharge Local  Energy
   free    sect.   sect.   sect.  type coef.            power   loss
   drop    1->4     3       4           Cc                      1->4
 --------  ------  ------  ------  ---  ---- --------- -----  ------
   1.0000   6.158   0.371   0.898   FO 0.741 4.839098+3         6.152
   0.9900   6.097   0.445   0.960   SO 0.741 4.811930+3  0.56   6.090
   0.8892   5.476   1.179   1.580   SO 0.741 4.537169+3  0.55   5.472
   0.7884   4.855   1.885   2.201   SO 0.741 4.255718+3  0.53   4.853
   0.7081   4.361   2.435   2.695   SO 0.741 4.023160+3  0.52   4.360
   0.6279   3.866   2.976   3.190   SO 0.741 3.780246+3  0.52   3.866
   0.5639   3.473   3.402   3.584   SO 0.741 3.577368+3  0.51   3.473
   0.5000   3.079   3.825   3.977   SO 0.741 3.364085+3  0.51   3.079
   0.3660   2.254   4.702   4.802   SO 0.741 2.871633+3  0.51   2.254
   0.2321   1.429   5.569   5.627   SO 0.741 2.282189+3  0.50   1.429
   0.1699   1.046   5.969   6.010   SO 0.741 1.951143+3  0.50   1.047
   0.1077   0.663   6.368   6.393   SO 0.741 1.552507+3  0.50   0.664
   0.0789   0.486   6.553   6.571   SO 0.741 1.327931+3  0.50   0.486
   0.0500   0.308   6.737   6.748   SO 0.741 1.057051+3  0.50   0.308
   0.0366   0.225   6.823   6.831   SO 0.741 9.043200+2  0.50   0.225
   0.0232   0.143   6.908   6.913   SO 0.741 7.199968+2  0.50   0.143
   0.0170   0.105   6.948   6.952   SO 0.741 6.159882+2  0.50   0.105
   0.0108   0.066   6.988   6.990   SO 0.741 4.884432+2  0.51   0.066
   0.0079   0.049   7.006   7.008   SO 0.741 4.179569+2  0.50   0.049
   0.0050   0.031   7.024   7.026   SO 0.741 3.366270+2  0.47   0.031

Upstream head=  10.7271 Elevation=  460.7271
  Depth at section 1= 11.7271 Gate opening=  0.5000

  Partial  Drop    Head    Head   Flow Cont.  Discharge Local  Energy
   free    sect.   sect.   sect.  type coef.            power   loss
   drop    1->4     3       4           Cc                      1->4
 --------  ------  ------  ------  ---  ---- --------- -----  ------
   1.0000   9.561   0.371   1.166   FO 0.741 6.021833+3         9.549
   0.9900   9.465   0.493   1.262   SO 0.741 5.986274+3  0.59   9.454
   0.8892   8.502   1.663   2.225   SO 0.741 5.633632+3  0.57   8.495
   0.7884   7.538   2.767   3.189   SO 0.741 5.279462+3  0.54   7.534
   0.7081   6.770   3.617   3.957   SO 0.741 4.989441+3  0.53   6.768
   0.6279   6.003   4.452   4.724   SO 0.741 4.687422+3  0.52   6.001
   0.5639   5.392   5.108   5.335   SO 0.741 4.435612+3  0.51   5.391
   0.5000   4.780   5.758   5.947   SO 0.741 4.171113+3  0.51   4.780
   0.3660   3.500   7.106   7.227   SO 0.741 3.560764+3  0.51   3.500
   0.2321   2.219   8.439   8.508   SO 0.741 2.830220+3  0.50   2.219
   0.1699   1.624   9.055   9.103   SO 0.741 2.419856+3  0.50   1.624
   0.1077   1.030   9.668   9.697   SO 0.741 1.925594+3  0.50   1.030
   0.0789   0.754   9.952   9.973   SO 0.741 1.647105+3  0.50   0.754
   0.0500   0.478  10.236  10.249   SO 0.741 1.311162+3  0.50   0.478
   0.0366   0.350  10.368  10.377   SO 0.741 1.121705+3  0.50   0.350
   0.0232   0.222  10.499  10.505   SO 0.741 8.931042+2  0.50   0.222
   0.0170   0.162  10.560  10.565   SO 0.741 7.641216+2  0.50   0.162
   0.0108   0.103  10.622  10.624   SO 0.741 6.063506+2  0.51   0.103
   0.0079   0.075  10.650  10.652   SO 0.741 5.187202+2  0.50   0.075
   0.0050   0.048  10.677  10.679   SO 0.741 4.174170+2  0.48   0.048

Upstream head=  16.4132 Elevation=  466.4132
  Depth at section 1= 17.4132 Gate opening=  0.5000

  Partial  Drop    Head    Head   Flow Cont.  Discharge Local  Energy
   free    sect.   sect.   sect.  type coef.            power   loss
   drop    1->4     3       4           Cc                      1->4
 --------  ------  ------  ------  ---  ---- --------- -----  ------
   1.0000  14.856   0.371   1.557   FO 0.741 7.494231+3        14.838
   0.9900  14.707   0.573   1.706   SO 0.741 7.446801+3  0.63  14.691
   0.8892  13.210   2.445   3.203   SO 0.741 6.992827+3  0.59  13.201
   0.7884  11.712   4.160   4.701   SO 0.741 6.549585+3  0.54  11.708
   0.7081  10.520   5.472   5.893   SO 0.741 6.189101+3  0.53  10.517
   0.6279   9.327   6.755   7.086   SO 0.741 5.814931+3  0.52   9.325
   0.5639   8.378   7.763   8.036   SO 0.741 5.503029+3  0.51   8.376
   0.5000   7.428   8.762   8.985   SO 0.741 5.175447+3  0.51   7.427
   0.3660   5.438  10.835  10.975   SO 0.741 4.419253+3  0.51   5.438
   0.2321   3.448  12.887  12.965   SO 0.741 3.513503+3  0.50   3.448
   0.1699   2.524  13.835  13.889   SO 0.741 3.004442+3  0.50   2.524
   0.1077   1.600  14.780  14.813   SO 0.741 2.391028+3  0.50   1.600
   0.0789   1.172  15.218  15.242   SO 0.741 2.045339+3  0.50   1.172
   0.0500   0.743  15.656  15.670   SO 0.741 1.628269+3  0.50   0.743
   0.0366   0.544  15.859  15.869   SO 0.741 1.393043+3  0.50   0.544
   0.0232   0.345  16.062  16.068   SO 0.741 1.109121+3  0.50   0.345
   0.0170   0.252  16.156  16.161   SO 0.741 9.489352+2  0.50   0.252
   0.0108   0.160  16.251  16.253   SO 0.741 7.535440+2  0.51   0.160
   0.0079   0.117  16.294  16.296   SO 0.741 6.447247+2  0.50   0.117
   0.0050   0.074  16.337  16.339   SO 0.741 5.178793+2  0.48   0.074

Upstream head=  25.2212 Elevation=  475.2212
  Depth at section 1= 26.2212 Gate opening=  0.5000

  Partial  Drop    Head    Head   Flow Cont.  Discharge Local  Energy
   free    sect.   sect.   sect.  type coef.            power   loss
   drop    1->4     3       4           Cc                      1->4
 --------  ------  ------  ------  ---  ---- --------- -----  ------
   1.0000  23.104   0.371   2.117   FO 0.741 9.327021+3        23.081
   0.9900  22.873   0.713   2.348   SO 0.741 9.262577+3  0.69  22.852
   0.8892  20.544   3.699   4.677   SO 0.741 8.680028+3  0.60  20.535
   0.7884  18.215   6.344   7.006   SO 0.741 8.129017+3  0.55  18.211
   0.7081  16.361   8.359   8.860   SO 0.741 7.683010+3  0.53  16.358
   0.6279  14.506  10.329  10.715   SO 0.741 7.220254+3  0.52  14.504
   0.5639  13.029  11.879  12.192   SO 0.741 6.834313+3  0.51  13.028
   0.5000  11.552  13.415  13.669   SO 0.741 6.428707+3  0.51  11.551
   0.3660   8.457  16.607  16.764   SO 0.741 5.491412+3  0.51   8.457
   0.2321   5.362  19.773  19.859   SO 0.741 4.367285+3  0.50   5.362
   0.1699   3.925  21.236  21.296   SO 0.741 3.735010+3  0.50   3.925
   0.1077   2.489  22.697  22.732   SO 0.741 2.972812+3  0.50   2.489
   0.0789   1.822  23.374  23.399   SO 0.741 2.543143+3  0.50   1.822
   0.0500   1.155  24.050  24.066   SO 0.741 2.024662+3  0.50   1.155
   0.0366   0.846  24.364  24.375   SO 0.741 1.732203+3  0.50   0.846
   0.0232   0.536  24.678  24.685   SO 0.741 1.379174+3  0.50   0.536
   0.0170   0.393  24.823  24.829   SO 0.741 1.180023+3  0.50   0.393
   0.0108   0.249  24.970  24.972   SO 0.741 9.377008+2  0.50   0.249
   0.0079   0.182  25.037  25.039   SO 0.741 8.022963+2  0.50   0.182
   0.0050   0.116  25.103  25.106   SO 0.741 6.432092+2  0.49   0.116

Upstream head=  38.8651 Elevation=  488.8651
  Depth at section 1= 39.8651 Gate opening=  0.5000

  Partial  Drop    Head    Head   Flow Cont.  Discharge Local  Energy
   free    sect.   sect.   sect.  type coef.            power   loss
   drop    1->4     3       4           Cc                      1->4
 --------  ------  ------  ------  ---  ---- --------- -----  ------
   1.0000  35.967   0.371   2.898   FO 0.741 1.160826+4        35.938
   0.9900  35.608   0.959   3.257   SO 0.741 1.151927+4  0.77  35.582
   0.8892  31.982   5.676   6.883   SO 0.741 1.077874+4  0.62  31.972
   0.7884  28.357   9.733  10.508   SO 0.741 1.009835+4  0.54  28.352
   0.7081  25.470  12.822  13.396   SO 0.741 9.547943+3  0.52  25.467
   0.6279  22.582  15.849  16.283   SO 0.741 8.975929+3  0.51  22.581
   0.5639  20.283  18.234  18.582   SO 0.741 8.498232+3  0.51  20.282
   0.5000  17.984  20.602  20.881   SO 0.741 7.995630+3  0.51  17.983
   0.3660  13.166  25.529  25.700   SO 0.741 6.832508+3  0.50  13.165
   0.2321   8.347  30.425  30.518   SO 0.741 5.435510+3  0.50   8.347
   0.1699   6.111  32.690  32.754   SO 0.741 4.649134+3  0.50   6.111
   0.1077   3.874  34.953  34.991   SO 0.741 3.700804+3  0.50   3.874
   0.0789   2.836  36.002  36.029   SO 0.741 3.166064+3  0.50   2.836
   0.0500   1.798  37.050  37.067   SO 0.741 2.520699+3  0.50   1.798
   0.0366   1.317  37.536  37.549   SO 0.741 2.156643+3  0.50   1.317
   0.0232   0.835  38.023  38.030   SO 0.741 1.717138+3  0.50   0.835
   0.0170   0.611  38.250  38.254   SO 0.741 1.467124+3  0.50   0.611
   0.0108   0.387  38.475  38.478   SO 0.741 1.168205+3  0.50   0.387
   0.0079   0.284  38.577  38.581   SO 0.741 1.004565+3  0.48   0.284
   0.0050   0.180  38.685  38.685   SO 0.741 7.934343+2  0.52   0.180

Upstream head=  60.0000 Elevation=  510.0000
  Depth at section 1= 61.0000 Gate opening=  0.5000

  Partial  Drop    Head    Head   Flow Cont.  Discharge Local  Energy
   free    sect.   sect.   sect.  type coef.            power   loss
   drop    1->4     3       4           Cc                      1->4
 --------  ------  ------  ------  ---  ---- --------- -----  ------
   1.0000  56.039   0.371   3.961   FO 0.741 1.444758+4        56.004
   0.9900  55.478   1.387   4.522   SO 0.741 1.432390+4  0.86  55.448
   0.8892  49.829   8.740  10.171   SO 0.741 1.339535+4  0.62  49.820
   0.7884  44.181  14.943  15.819   SO 0.741 1.255877+4  0.54  44.177
   0.7081  39.682  19.683  20.318   SO 0.741 1.187977+4  0.52  39.680
   0.6279  35.184  24.343  24.816   SO 0.741 1.117211+4  0.51  35.183
   0.5639  31.602  28.022  28.398   SO 0.741 1.058009+4  0.51  31.601
   0.5000  28.019  31.681  31.981   SO 0.741 9.956408+3  0.50  28.019
   0.3660  20.512  39.307  39.488   SO 0.741 8.510956+3  0.50  20.512
   0.2321  13.005  46.897  46.995   SO 0.741 6.772514+3  0.50  13.005
   0.1699   9.521  50.412  50.479   SO 0.741 5.793274+3  0.50   9.521
   0.1077   6.037  53.924  53.963   SO 0.741 4.611972+3  0.50   6.037
   0.0789   4.419  55.552  55.581   SO 0.741 3.945728+3  0.50   4.419
   0.0500   2.802  57.181  57.198   SO 0.741 3.141561+3  0.50   2.802
   0.0366   2.051  57.936  57.949   SO 0.741 2.687865+3  0.50   2.051
   0.0232   1.301  58.694  58.699   SO 0.741 2.138088+3  0.50   1.301
   0.0170   0.952  59.044  59.048   SO 0.741 1.829353+3  0.50   0.952
   0.0108   0.604  59.394  59.396   SO 0.741 1.456641+3  0.50   0.604
   0.0079   0.442  59.558  59.558   SO 0.741 1.243767+3  0.51   0.442
   0.0050   0.280  59.720  59.720   SO 0.741 9.903411+2  0.50   0.280

Two-D table computations for gate opening=   1.000  Two-D table id= 5902
     Head at section 1 for FW/FO boundary=   1.4975
     Head-relative gate opening at FW/FO boundary=   0.6678
 FW flow at its upper limit=    3643.03    
 Non-standard FO flow=    3642.39    

Upstream head=   0.5000 Elevation=  450.5000
  Depth at section 1=  1.5000 Gate opening=  1.0000

  Partial  Drop    Head    Head   Flow Cont.  Discharge Local  Energy
   free    sect.   sect.   sect.  type coef.            power   loss
   drop    1->4     3       4           Cc                      1->4
 --------  ------  ------  ------  ---  ---- --------- -----  ------
   1.0000   0.157   0.330   0.343   FW  ---  6.916210+2         0.159
   0.9900   0.155   0.332   0.345   SW  ---  6.917337+2 -0.02   0.157
   0.8892   0.139   0.349   0.361   SW  ---  6.900132+2  0.02   0.141
   0.7884   0.124   0.365   0.376   SW  ---  6.825808+2  0.09   0.126
   0.7081   0.111   0.379   0.389   SW  ---  6.720089+2  0.15   0.113
   0.6279   0.098   0.392   0.402   SW  ---  6.566375+2  0.19   0.100
   0.5639   0.088   0.403   0.412   SW  ---  6.405381+2  0.23   0.090
   0.5000   0.078   0.414   0.422   SW  ---  6.203922+2  0.27   0.080
   0.3660   0.057   0.436   0.443   SW  ---  5.622147+2  0.32   0.059
   0.2321   0.036   0.459   0.464   SW  ---  4.731599+2  0.38   0.037
   0.1699   0.027   0.470   0.473   SW  ---  4.152104+2  0.42   0.027
   0.1077   0.017   0.481   0.483   SW  ---  3.387296+2  0.45   0.017
   0.0789   0.012   0.486   0.488   SW  ---  2.931852+2  0.46   0.013
   0.0500   0.008   0.491   0.492   SW  ---  2.361821+2  0.47   0.008
   0.0366   0.006   0.494   0.494   SW  ---  2.030632+2  0.48   0.006
   0.0232   0.004   0.496   0.496   SW  ---  1.623999+2  0.49   0.004
   0.0170   0.003   0.497   0.497   SW  ---  1.391866+2  0.49   0.003
   0.0108   0.002   0.498   0.498   SW  ---  1.046791+2  0.63   0.002
   0.0079   0.001   0.499   0.499   SW  ---  9.045956+1  0.47   0.001
   0.0050   0.001   0.499   0.499   SW  ---  7.210413+1  0.50   0.001

Upstream head=   0.7071 Elevation=  450.7071
  Depth at section 1=  1.7071 Gate opening=  1.0000

  Partial  Drop    Head    Head   Flow Cont.  Discharge Local  Energy
   free    sect.   sect.   sect.  type coef.            power   loss
   drop    1->4     3       4           Cc                      1->4
 --------  ------  ------  ------  ---  ---- --------- -----  ------
   1.0000   0.214   0.468   0.493   FW  ---  1.167594+3         0.218
   0.9900   0.212   0.471   0.495   SW  ---  1.167784+3 -0.02   0.216
   0.8892   0.190   0.494   0.517   SW  ---  1.164996+3  0.02   0.195
   0.7884   0.169   0.517   0.538   SW  ---  1.152821+3  0.09   0.173
   0.7081   0.152   0.536   0.556   SW  ---  1.135408+3  0.14   0.156
   0.6279   0.134   0.554   0.573   SW  ---  1.110058+3  0.19   0.138
   0.5639   0.121   0.569   0.586   SW  ---  1.083381+3  0.23   0.124
   0.5000   0.107   0.585   0.600   SW  ---  1.049929+3  0.26   0.111
   0.3660   0.078   0.617   0.629   SW  ---  9.528405+2  0.31   0.081
   0.2321   0.050   0.650   0.657   SW  ---  8.031964+2  0.37   0.052
   0.1699   0.036   0.665   0.671   SW  ---  7.053724+2  0.42   0.038
   0.1077   0.023   0.680   0.684   SW  ---  5.762338+2  0.44   0.024
   0.0789   0.017   0.687   0.690   SW  ---  4.990818+2  0.46   0.018
   0.0500   0.011   0.695   0.696   SW  ---  4.018341+2  0.48   0.011
   0.0366   0.008   0.698   0.699   SW  ---  3.456306+2  0.48   0.008
   0.0232   0.005   0.701   0.702   SW  ---  2.765826+2  0.49   0.005
   0.0170   0.004   0.703   0.703   SW  ---  2.377672+2  0.48   0.004
   0.0108   0.002   0.704   0.705   SW  ---  1.894548+2  0.50   0.002
   0.0079   0.002   0.705   0.705   SW  ---  1.626206+2  0.49   0.002
   0.0050   0.001   0.706   0.706   SW  ---  1.201510+2  0.66   0.001

Upstream head=   1.0000 Elevation=  451.0000
  Depth at section 1=  2.0000 Gate opening=  1.0000

  Partial  Drop    Head    Head   Flow Cont.  Discharge Local  Energy
   free    sect.   sect.   sect.  type coef.            power   loss
   drop    1->4     3       4           Cc                      1->4
 --------  ------  ------  ------  ---  ---- --------- -----  ------
   1.0000   0.289   0.665   0.711   FW  ---  1.973502+3         0.297
   0.9900   0.286   0.668   0.714   SW  ---  1.973825+3 -0.02   0.295
   0.8892   0.257   0.700   0.743   SW  ---  1.969345+3  0.02   0.265
   0.7884   0.228   0.732   0.772   SW  ---  1.949524+3  0.08   0.236
   0.7081   0.205   0.758   0.795   SW  ---  1.921076+3  0.14   0.213
   0.6279   0.181   0.784   0.819   SW  ---  1.879405+3  0.18   0.189
   0.5639   0.163   0.805   0.837   SW  ---  1.835380+3  0.22   0.170
   0.5000   0.144   0.827   0.856   SW  ---  1.780082+3  0.25   0.152
   0.3660   0.106   0.872   0.894   SW  ---  1.618189+3  0.31   0.112
   0.2321   0.067   0.918   0.933   SW  ---  1.367114+3  0.37   0.071
   0.1699   0.049   0.940   0.951   SW  ---  1.202225+3  0.41   0.052
   0.1077   0.031   0.962   0.969   SW  ---  9.831099+2  0.44   0.033
   0.0789   0.023   0.972   0.977   SW  ---  8.517642+2  0.46   0.024
   0.0500   0.014   0.982   0.986   SW  ---  6.866572+2  0.47   0.016
   0.0366   0.011   0.987   0.989   SW  ---  5.906886+2  0.48   0.011
   0.0232   0.007   0.992   0.993   SW  ---  4.736960+2  0.48   0.007
   0.0170   0.005   0.994   0.995   SW  ---  4.063203+2  0.49   0.005
   0.0108   0.003   0.996   0.997   SW  ---  3.242638+2  0.50   0.003
   0.0079   0.002   0.997   0.998   SW  ---  2.783890+2  0.49   0.002
   0.0050   0.001   0.998   0.999   SW  ---  2.206694+2  0.51   0.002

Upstream head=   1.2487 Elevation=  451.2487
  Depth at section 1=  2.2487 Gate opening=  1.0000

  Partial  Drop    Head    Head   Flow Cont.  Discharge Local  Energy
   free    sect.   sect.   sect.  type coef.            power   loss
   drop    1->4     3       4           Cc                      1->4
 --------  ------  ------  ------  ---  ---- --------- -----  ------
   1.0000   0.347   0.832   0.901   FW  ---  2.764341+3         0.360
   0.9900   0.344   0.836   0.905   SW  ---  2.764801+3 -0.02   0.357
   0.8892   0.309   0.875   0.940   SW  ---  2.758730+3  0.02   0.322
   0.7884   0.274   0.915   0.975   SW  ---  2.731738+3  0.08   0.287
   0.7081   0.246   0.947   1.003   SW  ---  2.692825+3  0.13   0.258
   0.6279   0.218   0.980   1.031   SW  ---  2.635701+3  0.18   0.230
   0.5639   0.196   1.006   1.053   SO 1.000 2.559584+3  0.27   0.207
   0.5000   0.174   1.033   1.075   SO 1.000 2.408880+3  0.50   0.184
   0.3660   0.127   1.091   1.122   SO 1.000 2.059607+3  0.50   0.134
   0.2321   0.081   1.149   1.168   SO 1.000 1.638010+3  0.50   0.085
   0.1699   0.059   1.176   1.190   SO 1.000 1.400272+3  0.50   0.062
   0.1077   0.037   1.203   1.211   SO 1.000 1.114794+3  0.50   0.040
   0.0789   0.027   1.215   1.221   SO 1.000 9.533340+2  0.50   0.029
   0.0500   0.017   1.227   1.231   SO 1.000 7.586967+2  0.50   0.018
   0.0366   0.013   1.233   1.236   SO 1.000 6.493858+2  0.50   0.013
   0.0232   0.008   1.239   1.241   SO 1.000 5.166448+2  0.50   0.009
   0.0170   0.006   1.242   1.243   SO 1.000 4.417061+2  0.50   0.006
   0.0108   0.004   1.244   1.245   SO 1.000 3.526016+2  0.49   0.004
   0.0079   0.003   1.245   1.246   SO 1.000 3.016135+2  0.50   0.003
   0.0050   0.002   1.247   1.247   SO 1.000 2.400281+2  0.50   0.002

Upstream head=   1.4975 Elevation=  451.4975
  Depth at section 1=  2.4975 Gate opening=  1.0000

  Partial  Drop    Head    Head   Flow Cont.  Discharge Local  Energy
   free    sect.   sect.   sect.  type coef.            power   loss
   drop    1->4     3       4           Cc                      1->4
 --------  ------  ------  ------  ---  ---- --------- -----  ------
   1.0000   0.403   1.000   1.095   FW  ---  3.642371+3         0.420
   0.9900   0.399   1.005   1.099   SO 1.000 3.624480+3  0.49   0.416
   0.8892   0.358   1.056   1.139   SO 1.000 3.431604+3  0.51   0.374
   0.7884   0.318   1.107   1.180   SO 1.000 3.228157+3  0.51   0.331
   0.7081   0.285   1.147   1.212   SO 1.000 3.058619+3  0.50   0.298
   0.6279   0.253   1.187   1.245   SO 1.000 2.877878+3  0.51   0.264
   0.5639   0.227   1.219   1.270   SO 1.000 2.725768+3  0.51   0.237
   0.5000   0.201   1.251   1.296   SO 1.000 2.565141+3  0.50   0.210
   0.3660   0.147   1.317   1.350   SO 1.000 2.193055+3  0.50   0.154
   0.2321   0.093   1.383   1.404   SO 1.000 1.744271+3  0.50   0.098
   0.1699   0.068   1.414   1.429   SO 1.000 1.491001+3  0.50   0.071
   0.1077   0.043   1.445   1.454   SO 1.000 1.186837+3  0.50   0.045
   0.0789   0.032   1.459   1.466   SO 1.000 1.015071+3  0.50   0.033
   0.0500   0.020   1.473   1.477   SO 1.000 8.080574+2  0.50   0.021
   0.0366   0.015   1.480   1.483   SO 1.000 6.911338+2  0.50   0.015
   0.0232   0.009   1.486   1.488   SO 1.000 5.500599+2  0.50   0.010
   0.0170   0.007   1.489   1.491   SO 1.000 4.705849+2  0.50   0.007
   0.0108   0.004   1.492   1.493   SO 1.000 3.746632+2  0.50   0.005
   0.0079   0.003   1.494   1.494   SO 1.000 3.206191+2  0.50   0.003
   0.0050   0.002   1.495   1.495   SO 1.000 2.554082+2  0.50   0.002

Upstream head=   1.5975 Elevation=  451.5975
  Depth at section 1=  2.5975 Gate opening=  1.0000

  Partial  Drop    Head    Head   Flow Cont.  Discharge Local  Energy
   free    sect.   sect.   sect.  type coef.            power   loss
   drop    1->4     3       4           Cc                      1->4
 --------  ------  ------  ------  ---  ---- --------- -----  ------
   1.0000   0.607   0.867   0.991   FO 0.867 3.800911+3         0.623
   0.9900   0.600   0.875   0.997   SO 0.867 3.781636+3  0.51   0.617
   0.8892   0.539   0.950   1.058   SO 0.867 3.579188+3  0.51   0.554
   0.7884   0.478   1.025   1.119   SO 0.867 3.366135+3  0.51   0.492
   0.7081   0.429   1.084   1.168   SO 0.867 3.187079+3  0.51   0.442
   0.6279   0.381   1.143   1.217   SO 0.867 2.998265+3  0.51   0.392
   0.5639   0.342   1.190   1.255   SO 0.867 2.839542+3  0.51   0.352
   0.5000   0.303   1.237   1.294   SO 0.867 2.671797+3  0.51   0.312
   0.3660   0.222   1.334   1.375   SO 0.867 2.282780+3  0.50   0.228
   0.2321   0.141   1.431   1.457   SO 0.867 1.815230+3  0.50   0.145
   0.1699   0.103   1.476   1.494   SO 0.867 1.552130+3  0.50   0.106
   0.1077   0.065   1.520   1.532   SO 0.867 1.235079+3  0.50   0.067
   0.0789   0.048   1.541   1.550   SO 0.867 1.056306+3  0.50   0.049
   0.0500   0.030   1.562   1.567   SO 0.867 8.410255+2  0.50   0.031
   0.0366   0.022   1.571   1.575   SO 0.867 7.239930+2  0.48   0.023
   0.0232   0.014   1.581   1.583   SO 0.867 5.760437+2  0.50   0.014
   0.0170   0.010   1.585   1.587   SO 0.867 4.931924+2  0.50   0.011
   0.0108   0.007   1.590   1.591   SO 0.867 3.923561+2  0.50   0.007
   0.0079   0.005   1.592   1.593   SO 0.867 3.359993+2  0.50   0.005
   0.0050   0.003   1.594   1.594   SO 0.867 2.680619+2  0.50   0.003

Upstream head=   1.6975 Elevation=  451.6975
  Depth at section 1=  2.6975 Gate opening=  1.0000

  Partial  Drop    Head    Head   Flow Cont.  Discharge Local  Energy
   free    sect.   sect.   sect.  type coef.            power   loss
   drop    1->4     3       4           Cc                      1->4
 --------  ------  ------  ------  ---  ---- --------- -----  ------
   1.0000   0.821   0.735   0.877   FO 0.735 3.678227+3         0.835
   0.9900   0.812   0.745   0.885   SO 0.735 3.659545+3  0.51   0.826
   0.8892   0.730   0.844   0.968   SO 0.735 3.462846+3  0.51   0.742
   0.7884   0.647   0.943   1.051   SO 0.735 3.256012+3  0.51   0.658
   0.7081   0.581   1.021   1.116   SO 0.735 3.082486+3  0.51   0.591
   0.6279   0.515   1.099   1.182   SO 0.735 2.899416+3  0.51   0.524
   0.5639   0.463   1.161   1.235   SO 0.735 2.745597+3  0.51   0.471
   0.5000   0.410   1.223   1.287   SO 0.735 2.583230+3  0.51   0.418
   0.3660   0.300   1.351   1.397   SO 0.735 2.206700+3  0.51   0.306
   0.2321   0.190   1.479   1.507   SO 0.735 1.754421+3  0.50   0.194
   0.1699   0.139   1.537   1.558   SO 0.735 1.500074+3  0.50   0.142
   0.1077   0.088   1.596   1.609   SO 0.735 1.193638+3  0.50   0.090
   0.0789   0.065   1.623   1.633   SO 0.735 1.020994+3  0.50   0.066
   0.0500   0.041   1.650   1.656   SO 0.735 8.127544+2  0.50   0.042
   0.0366   0.030   1.663   1.667   SO 0.735 6.953947+2  0.50   0.031
   0.0232   0.019   1.675   1.678   SO 0.735 5.569954+2  0.49   0.019
   0.0170   0.014   1.681   1.684   SO 0.735 4.765967+2  0.50   0.014
   0.0108   0.009   1.687   1.689   SO 0.735 3.795503+2  0.50   0.009
   0.0079   0.006   1.690   1.691   SO 0.735 3.244276+2  0.50   0.007
   0.0050   0.004   1.693   1.693   SO 0.735 2.587483+2  0.50   0.004

Upstream head=   2.2267 Elevation=  452.2267
  Depth at section 1=  3.2267 Gate opening=  1.0000

  Partial  Drop    Head    Head   Flow Cont.  Discharge Local  Energy
   free    sect.   sect.   sect.  type coef.            power   loss
   drop    1->4     3       4           Cc                      1->4
 --------  ------  ------  ------  ---  ---- --------- -----  ------
   1.0000   1.275   0.735   0.952   FO 0.735 4.564789+3         1.287
   0.9900   1.262   0.751   0.965   SO 0.735 4.540808+3  0.52   1.274
   0.8892   1.133   0.907   1.093   SO 0.735 4.293824+3  0.52   1.145
   0.7884   1.005   1.061   1.222   SO 0.735 4.034718+3  0.52   1.015
   0.7081   0.903   1.183   1.324   SO 0.735 3.817741+3  0.51   0.912
   0.6279   0.800   1.304   1.427   SO 0.735 3.589401+3  0.51   0.809
   0.5639   0.719   1.400   1.508   SO 0.735 3.397909+3  0.51   0.727
   0.5000   0.637   1.495   1.589   SO 0.735 3.195963+3  0.51   0.644
   0.3660   0.467   1.694   1.760   SO 0.735 2.728472+3  0.51   0.472
   0.2321   0.296   1.890   1.931   SO 0.735 2.168078+3  0.50   0.299
   0.1699   0.217   1.981   2.010   SO 0.735 1.853337+3  0.50   0.219
   0.1077   0.137   2.071   2.089   SO 0.735 1.474406+3  0.50   0.139
   0.0789   0.101   2.113   2.126   SO 0.735 1.261076+3  0.50   0.102
   0.0500   0.064   2.155   2.163   SO 0.735 1.003843+3  0.50   0.065
   0.0366   0.047   2.174   2.180   SO 0.735 8.586377+2  0.50   0.047
   0.0232   0.030   2.193   2.197   SO 0.735 6.837411+2  0.50   0.030
   0.0170   0.022   2.203   2.205   SO 0.735 5.808835+2  0.52   0.022
   0.0108   0.014   2.211   2.213   SO 0.735 4.697057+2  0.47   0.014
   0.0079   0.010   2.215   2.217   SO 0.735 4.021768+2  0.50   0.010
   0.0050   0.006   2.219   2.220   SO 0.735 3.199728+2  0.50   0.006

Upstream head=   3.0470 Elevation=  453.0470
  Depth at section 1=  4.0470 Gate opening=  1.0000

  Partial  Drop    Head    Head   Flow Cont.  Discharge Local  Energy
   free    sect.   sect.   sect.  type coef.            power   loss
   drop    1->4     3       4           Cc                      1->4
 --------  ------  ------  ------  ---  ---- --------- -----  ------
   1.0000   1.980   0.735   1.067   FO 0.735 5.667862+3         1.988
   0.9900   1.961   0.760   1.086   SO 0.735 5.637346+3  0.54   1.968
   0.8892   1.761   1.006   1.286   SO 0.735 5.324799+3  0.53   1.769
   0.7884   1.561   1.249   1.486   SO 0.735 4.998718+3  0.53   1.569
   0.7081   1.402   1.439   1.645   SO 0.735 4.726878+3  0.52   1.409
   0.6279   1.243   1.627   1.804   SO 0.735 4.441668+3  0.52   1.250
   0.5639   1.117   1.776   1.930   SO 0.735 4.202942+3  0.51   1.123
   0.5000   0.990   1.923   2.057   SO 0.735 3.951719+3  0.51   0.996
   0.3660   0.725   2.229   2.322   SO 0.735 3.371433+3  0.51   0.729
   0.2321   0.460   2.531   2.587   SO 0.735 2.677521+3  0.51   0.463
   0.1699   0.336   2.670   2.711   SO 0.735 2.288321+3  0.50   0.339
   0.1077   0.213   2.809   2.834   SO 0.735 1.820087+3  0.50   0.215
   0.0789   0.156   2.873   2.891   SO 0.735 1.556640+3  0.50   0.157
   0.0500   0.099   2.936   2.948   SO 0.735 1.238886+3  0.50   0.100
   0.0366   0.072   2.966   2.974   SO 0.735 1.059633+3  0.50   0.073
   0.0232   0.046   2.996   3.001   SO 0.735 8.435853+2  0.50   0.046
   0.0170   0.034   3.009   3.013   SO 0.735 7.218558+2  0.50   0.034
   0.0108   0.021   3.024   3.026   SO 0.735 5.700208+2  0.52   0.021
   0.0079   0.016   3.030   3.031   SO 0.735 4.877963+2  0.50   0.016
   0.0050   0.010   3.036   3.037   SO 0.735 3.961017+2  0.46   0.010

Upstream head=   4.3182 Elevation=  454.3181
  Depth at section 1=  5.3182 Gate opening=  1.0000

  Partial  Drop    Head    Head   Flow Cont.  Discharge Local  Energy
   free    sect.   sect.   sect.  type coef.            power   loss
   drop    1->4     3       4           Cc                      1->4
 --------  ------  ------  ------  ---  ---- --------- -----  ------
   1.0000   3.079   0.735   1.239   FO 0.735 7.042463+3         3.078
   0.9900   3.048   0.775   1.270   SO 0.735 7.003399+3  0.55   3.048
   0.8892   2.738   1.167   1.581   SO 0.735 6.604555+3  0.55   2.739
   0.7884   2.427   1.548   1.891   SO 0.735 6.192517+3  0.54   2.430
   0.7081   2.180   1.845   2.138   SO 0.735 5.851209+3  0.53   2.183
   0.6279   1.933   2.137   2.385   SO 0.735 5.494641+3  0.52   1.936
   0.5639   1.736   2.367   2.582   SO 0.735 5.197062+3  0.52   1.740
   0.5000   1.539   2.594   2.779   SO 0.735 4.884581+3  0.52   1.543
   0.3660   1.127   3.065   3.191   SO 0.735 4.164731+3  0.51   1.130
   0.2321   0.714   3.529   3.604   SO 0.735 3.305989+3  0.51   0.717
   0.1699   0.523   3.742   3.795   SO 0.735 2.825031+3  0.50   0.525
   0.1077   0.332   3.953   3.987   SO 0.735 2.246669+3  0.50   0.333
   0.0789   0.243   4.051   4.075   SO 0.735 1.921177+3  0.50   0.244
   0.0500   0.154   4.149   4.164   SO 0.735 1.528995+3  0.50   0.154
   0.0366   0.113   4.195   4.205   SO 0.735 1.307814+3  0.50   0.113
   0.0232   0.071   4.240   4.247   SO 0.735 1.041165+3  0.50   0.072
   0.0170   0.052   4.261   4.266   SO 0.735 8.908113+2  0.50   0.052
   0.0108   0.033   4.282   4.285   SO 0.735 7.090291+2  0.50   0.033
   0.0079   0.024   4.292   4.294   SO 0.735 6.015850+2  0.53   0.024
   0.0050   0.015   4.301   4.303   SO 0.735 4.894692+2  0.45   0.015

Upstream head=   6.2883 Elevation=  456.2883
  Depth at section 1=  7.2883 Gate opening=  1.0000

  Partial  Drop    Head    Head   Flow Cont.  Discharge Local  Energy
   free    sect.   sect.   sect.  type coef.            power   loss
   drop    1->4     3       4           Cc                      1->4
 --------  ------  ------  ------  ---  ---- --------- -----  ------
   1.0000   4.790   0.735   1.498   FO 0.735 8.756476+3         4.778
   0.9900   4.742   0.800   1.546   SO 0.735 8.705400+3  0.58   4.731
   0.8892   4.259   1.428   2.029   SO 0.735 8.191670+3  0.57   4.253
   0.7884   3.776   2.028   2.512   SO 0.735 7.669504+3  0.55   3.773
   0.7081   3.392   2.491   2.896   SO 0.735 7.240916+3  0.54   3.391
   0.6279   3.007   2.944   3.281   SO 0.735 6.795530+3  0.53   3.007
   0.5639   2.701   3.298   3.587   SO 0.735 6.425114+3  0.52   2.702
   0.5000   2.395   3.649   3.893   SO 0.735 6.037022+3  0.52   2.396
   0.3660   1.753   4.371   4.535   SO 0.735 5.145157+3  0.51   1.755
   0.2321   1.112   5.081   5.177   SO 0.735 4.083304+3  0.51   1.113
   0.1699   0.814   5.407   5.474   SO 0.735 3.488999+3  0.50   0.815
   0.1077   0.516   5.731   5.772   SO 0.735 2.774574+3  0.50   0.517
   0.0789   0.378   5.881   5.911   SO 0.735 2.372632+3  0.50   0.378
   0.0500   0.240   6.030   6.049   SO 0.735 1.888192+3  0.50   0.240
   0.0366   0.175   6.099   6.113   SO 0.735 1.615115+3  0.50   0.176
   0.0232   0.111   6.169   6.177   SO 0.735 1.285820+3  0.50   0.111
   0.0170   0.081   6.201   6.207   SO 0.735 1.100046+3  0.50   0.082
   0.0108   0.052   6.233   6.237   SO 0.735 8.758312+2  0.50   0.052
   0.0079   0.038   6.248   6.250   SO 0.735 7.493566+2  0.50   0.038
   0.0050   0.024   6.263   6.264   SO 0.735 5.918965+2  0.52   0.024

Upstream head=   9.3416 Elevation=  459.3416
  Depth at section 1= 10.3416 Gate opening=  1.0000

  Partial  Drop    Head    Head   Flow Cont.  Discharge Local  Energy
   free    sect.   sect.   sect.  type coef.            power   loss
   drop    1->4     3       4           Cc                      1->4
 --------  ------  ------  ------  ---  ---- --------- -----  ------
   1.0000   7.462   0.735   1.879   FO 0.735 1.089339+4         7.437
   0.9900   7.388   0.842   1.954   SO 0.735 1.082559+4  0.62   7.364
   0.8892   6.635   1.858   2.706   SO 0.735 1.015775+4  0.59   6.621
   0.7884   5.883   2.801   3.458   SO 0.735 9.496153+3  0.56   5.875
   0.7081   5.284   3.520   4.057   SO 0.735 8.959416+3  0.54   5.279
   0.6279   4.685   4.218   4.656   SO 0.735 8.404896+3  0.53   4.682
   0.5639   4.208   4.763   5.133   SO 0.735 7.945207+3  0.52   4.206
   0.5000   3.731   5.300   5.610   SO 0.735 7.464778+3  0.52   3.730
   0.3660   2.731   6.407   6.610   SO 0.735 6.361417+3  0.51   2.732
   0.2321   1.732   7.493   7.610   SO 0.735 5.048896+3  0.51   1.732
   0.1699   1.268   7.992   8.074   SO 0.735 4.314269+3  0.50   1.268
   0.1077   0.804   8.488   8.538   SO 0.735 3.431082+3  0.50   0.804
   0.0789   0.588   8.717   8.753   SO 0.735 2.934141+3  0.50   0.589
   0.0500   0.373   8.946   8.968   SO 0.735 2.335145+3  0.50   0.373
   0.0366   0.273   9.052   9.068   SO 0.735 1.997591+3  0.50   0.273
   0.0232   0.173   9.158   9.168   SO 0.735 1.590207+3  0.50   0.173
   0.0170   0.127   9.207   9.215   SO 0.735 1.360536+3  0.50   0.127
   0.0108   0.080   9.256   9.261   SO 0.735 1.083139+3  0.50   0.080
   0.0079   0.059   9.279   9.283   SO 0.735 9.266287+2  0.50   0.059
   0.0050   0.037   9.303   9.304   SO 0.735 7.327695+2  0.52   0.037

Upstream head=  14.0736 Elevation=  464.0736
  Depth at section 1= 15.0736 Gate opening=  1.0000

  Partial  Drop    Head    Head   Flow Cont.  Discharge Local  Energy
   free    sect.   sect.   sect.  type coef.            power   loss
   drop    1->4     3       4           Cc                      1->4
 --------  ------  ------  ------  ---  ---- --------- -----  ------
   1.0000  11.643   0.735   2.430   FO 0.735 1.355636+4        11.604
   0.9900  11.527   0.916   2.547   SO 0.735 1.346402+4  0.68  11.490
   0.8892  10.353   2.565   3.720   SO 0.735 1.259225+4  0.62  10.332
   0.7884   9.180   4.038   4.894   SO 0.735 1.175880+4  0.57   9.167
   0.7081   8.245   5.146   5.829   SO 0.735 1.109056+4  0.54   8.237
   0.6279   7.310   6.218   6.763   SO 0.735 1.040334+4  0.53   7.305
   0.5639   6.566   7.053   7.508   SO 0.735 9.834689+3  0.52   6.563
   0.5000   5.822   7.876   8.252   SO 0.735 9.240396+3  0.52   5.820
   0.3660   4.262   9.570   9.812   SO 0.735 7.877187+3  0.51   4.261
   0.2321   2.702  11.235  11.371   SO 0.735 6.253994+3  0.51   2.702
   0.1699   1.978  12.000  12.095   SO 0.735 5.344870+3  0.50   1.978
   0.1077   1.254  12.762  12.819   SO 0.735 4.251499+3  0.50   1.254
   0.0789   0.918  13.114  13.155   SO 0.735 3.635966+3  0.50   0.918
   0.0500   0.582  13.466  13.491   SO 0.735 2.893919+3  0.50   0.582
   0.0366   0.426  13.629  13.647   SO 0.735 2.475591+3  0.50   0.426
   0.0232   0.270  13.792  13.803   SO 0.735 1.970824+3  0.50   0.270
   0.0170   0.198  13.867  13.876   SO 0.735 1.686148+3  0.50   0.198
   0.0108   0.125  13.943  13.948   SO 0.735 1.342548+3  0.50   0.125
   0.0079   0.092  13.978  13.982   SO 0.735 1.148518+3  0.50   0.092
   0.0050   0.058  14.014  14.015   SO 0.735 9.092512+2  0.51   0.058

Upstream head=  21.4075 Elevation=  471.4075
  Depth at section 1= 22.4075 Gate opening=  1.0000

  Partial  Drop    Head    Head   Flow Cont.  Discharge Local  Energy
   free    sect.   sect.   sect.  type coef.            power   loss
   drop    1->4     3       4           Cc                      1->4
 --------  ------  ------  ------  ---  ---- --------- -----  ------
   1.0000  18.200   0.735   3.208   FO 0.735 1.687351+4        18.147
   0.9900  18.018   1.048   3.390   SO 0.735 1.674536+4  0.76  17.968
   0.8892  16.183   3.713   5.224   SO 0.735 1.561090+4  0.65  16.158
   0.7884  14.349   5.992   7.059   SO 0.735 1.457114+4  0.57  14.335
   0.7081  12.888   7.691   8.520   SO 0.735 1.374477+4  0.54  12.879
   0.6279  11.427   9.331   9.981   SO 0.735 1.289649+4  0.53  11.421
   0.5639  10.263  10.610  11.144   SO 0.735 1.219463+4  0.52  10.260
   0.5000   9.100  11.871  12.308   SO 0.735 1.146074+4  0.52   9.097
   0.3660   6.662  14.469  14.746   SO 0.735 9.775187+3  0.51   6.661
   0.2321   4.224  17.030  17.184   SO 0.735 7.764823+3  0.51   4.224
   0.1699   3.092  18.209  18.315   SO 0.735 6.637520+3  0.50   3.092
   0.1077   1.961  19.383  19.447   SO 0.735 5.280750+3  0.50   1.961
   0.0789   1.435  19.926  19.972   SO 0.735 4.516659+3  0.50   1.435
   0.0500   0.910  20.469  20.497   SO 0.735 3.595171+3  0.50   0.910
   0.0366   0.666  20.721  20.741   SO 0.735 3.075606+3  0.50   0.666
   0.0232   0.422  20.972  20.985   SO 0.735 2.448597+3  0.50   0.422
   0.0170   0.309  21.089  21.098   SO 0.735 2.094920+3  0.50   0.309
   0.0108   0.196  21.205  21.211   SO 0.735 1.668000+3  0.50   0.196
   0.0079   0.144  21.261  21.264   SO 0.735 1.420933+3  0.51   0.144
   0.0050   0.091  21.315  21.316   SO 0.735 1.131449+3  0.50   0.091

Upstream head=  32.7736 Elevation=  482.7736
  Depth at section 1= 33.7736 Gate opening=  1.0000

  Partial  Drop    Head    Head   Flow Cont.  Discharge Local  Energy
   free    sect.   sect.   sect.  type coef.            power   loss
   drop    1->4     3       4           Cc                      1->4
 --------  ------  ------  ------  ---  ---- --------- -----  ------
   1.0000  28.496   0.735   4.278   FO 0.735 2.100436+4        28.431
   0.9900  28.211   1.285   4.563   SO 0.735 2.082314+4  0.86  28.151
   0.8892  25.339   5.541   7.435   SO 0.735 1.936493+4  0.68  25.311
   0.7884  22.466   9.031  10.307   SO 0.735 1.808139+4  0.57  22.452
   0.7081  20.179  11.627  12.595   SO 0.735 1.706449+4  0.54  20.170
   0.6279  17.891  14.138  14.882   SO 0.735 1.601945+4  0.53  17.886
   0.5639  16.070  16.098  16.704   SO 0.735 1.515335+4  0.52  16.066
   0.5000  14.248  18.034  18.526   SO 0.735 1.424690+4  0.51  14.246
   0.3660  10.431  22.038  22.343   SO 0.735 1.215888+4  0.51  10.430
   0.2321   6.613  25.992  26.160   SO 0.735 9.663518+3  0.50   6.613
   0.1699   4.841  27.816  27.932   SO 0.735 8.262409+3  0.50   4.841
   0.1077   3.070  29.634  29.704   SO 0.735 6.574848+3  0.50   3.070
   0.0789   2.247  30.477  30.526   SO 0.735 5.624020+3  0.50   2.247
   0.0500   1.425  31.318  31.349   SO 0.735 4.477019+3  0.50   1.425
   0.0366   1.043  31.708  31.730   SO 0.735 3.830146+3  0.50   1.043
   0.0232   0.661  32.098  32.112   SO 0.735 3.049472+3  0.50   0.661
   0.0170   0.484  32.279  32.289   SO 0.735 2.609054+3  0.50   0.484
   0.0108   0.307  32.460  32.467   SO 0.735 2.077371+3  0.50   0.307
   0.0079   0.225  32.546  32.549   SO 0.735 1.771786+3  0.51   0.225
   0.0050   0.142  32.629  32.631   SO 0.735 1.410760+3  0.50   0.142

Upstream head=  50.3889 Elevation=  500.3889
  Depth at section 1= 51.3889 Gate opening=  1.0000

  Partial  Drop    Head    Head   Flow Cont.  Discharge Local  Energy
   free    sect.   sect.   sect.  type coef.            power   loss
   drop    1->4     3       4           Cc                      1->4
 --------  ------  ------  ------  ---  ---- --------- -----  ------
   1.0000  44.674   0.735   5.715   FO 0.735 2.614768+4        44.598
   0.9900  44.227   1.708   6.162   SO 0.735 2.589026+4  0.98  44.159
   0.8892  39.724   8.382  10.665   SO 0.735 2.405015+4  0.69  39.697
   0.7884  35.221  13.695  15.168   SO 0.735 2.247761+4  0.56  35.208
   0.7081  31.635  17.660  18.754   SO 0.735 2.122846+4  0.53  31.627
   0.6279  28.048  21.512  22.340   SO 0.735 1.994036+4  0.52  28.044
   0.5639  25.193  24.529  25.196   SO 0.735 1.887000+4  0.51  25.190
   0.5000  22.337  27.514  28.052   SO 0.735 1.774736+4  0.51  22.335
   0.3660  16.352  33.707  34.037   SO 0.735 1.515579+4  0.51  16.351
   0.2321  10.368  39.841  40.021   SO 0.735 1.205129+4  0.50  10.368
   0.1699   7.590  42.675  42.799   SO 0.735 1.030595+4  0.50   7.590
   0.1077   4.812  45.503  45.577   SO 0.735 8.202429+3  0.50   4.812
   0.0789   3.523  46.813  46.866   SO 0.735 7.016766+3  0.50   3.523
   0.0500   2.234  48.123  48.155   SO 0.735 5.586139+3  0.50   2.234
   0.0366   1.635  48.730  48.754   SO 0.735 4.779193+3  0.50   1.635
   0.0232   1.037  49.337  49.352   SO 0.735 3.805163+3  0.50   1.037
   0.0170   0.759  49.619  49.630   SO 0.735 3.255646+3  0.50   0.759
   0.0108   0.481  49.903  49.908   SO 0.735 2.586554+3  0.50   0.481
   0.0079   0.352  50.033  50.037   SO 0.735 2.213055+3  0.50   0.352
   0.0050   0.223  50.160  50.165   SO 0.735 1.776502+3  0.48   0.223

Upstream head=  77.6893 Elevation=  527.6893
  Depth at section 1= 78.6893 Gate opening=  1.0000

  Partial  Drop    Head    Head   Flow Cont.  Discharge Local  Energy
   free    sect.   sect.   sect.  type coef.            power   loss
   drop    1->4     3       4           Cc                      1->4
 --------  ------  ------  ------  ---  ---- --------- -----  ------
   1.0000  70.082   0.735   7.607   FO 0.735 3.255113+4        69.999
   0.9900  69.382   2.438   8.308   SO 0.735 3.218898+4  1.11  69.310
   0.8892  62.317  12.706  15.372   SO 0.735 2.991228+4  0.68  62.293
   0.7884  55.253  20.783  22.436   SO 0.735 2.799171+4  0.55  55.242
   0.7081  49.627  26.857  28.062   SO 0.735 2.645579+4  0.53  49.621
   0.6279  44.001  32.787  33.688   SO 0.735 2.486484+4  0.52  43.998
   0.5639  39.521  37.446  38.168   SO 0.735 2.353938+4  0.51  39.519
   0.5000  35.041  42.072  42.648   SO 0.735 2.214526+4  0.51  35.040
   0.3660  25.653  51.687  52.036   SO 0.735 1.892149+4  0.50  25.652
   0.2321  16.265  61.236  61.425   SO 0.735 1.505160+4  0.50  16.264
   0.1699  11.907  65.653  65.782   SO 0.735 1.287371+4  0.50  11.907
   0.1077   7.549  70.063  70.140   SO 0.735 1.024749+4  0.50   7.549
   0.0789   5.527  72.107  72.163   SO 0.735 8.766768+3  0.50   5.527
   0.0500   3.504  74.151  74.185   SO 0.735 6.979715+3  0.50   3.504
   0.0366   2.565  75.099  75.124   SO 0.735 5.971607+3  0.50   2.565
   0.0232   1.626  76.047  76.063   SO 0.735 4.754649+3  0.50   1.626
   0.0170   1.191  76.491  76.499   SO 0.735 4.061984+3  0.50   1.191
   0.0108   0.755  76.930  76.934   SO 0.735 3.234301+3  0.50   0.755
   0.0079   0.553  77.133  77.137   SO 0.735 2.767274+3  0.50   0.553
   0.0050   0.350  77.339  77.339   SO 0.735 2.196486+3  0.51   0.350

Upstream head= 120.0000 Elevation=  570.0000
  Depth at section 1=121.0000 Gate opening=  1.0000

  Partial  Drop    Head    Head   Flow Cont.  Discharge Local  Energy
   free    sect.   sect.   sect.  type coef.            power   loss
   drop    1->4     3       4           Cc                      1->4
 --------  ------  ------  ------  ---  ---- --------- -----  ------
   1.0000 109.946   0.735  10.054   FO 0.735 4.052313+4       109.857
   0.9900 108.846   3.645  11.154   SO 0.735 4.002570+4  1.23 108.772
   0.8892  97.764  19.202  22.236   SO 0.735 3.725386+4  0.67  97.743
   0.7884  86.681  31.502  33.319   SO 0.735 3.490695+4  0.54  86.673
   0.7081  77.855  40.842  42.145   SO 0.735 3.301375+4  0.52  77.851
   0.6279  69.030  50.005  50.970   SO 0.735 3.104420+4  0.51  69.027
   0.5639  62.001  57.233  57.999   SO 0.735 2.939762+4  0.51  61.999
   0.5000  54.973  64.419  65.027   SO 0.735 2.766361+4  0.51  54.972
   0.3660  40.244  79.390  79.756   SO 0.735 2.364626+4  0.50  40.244
   0.2321  25.516  94.287  94.484   SO 0.735 1.881571+4  0.50  25.516
   0.1699  18.680 101.186 101.320   SO 0.735 1.609499+4  0.50  18.680
   0.1077  11.844 108.076 108.156   SO 0.735 1.281295+4  0.50  11.843
   0.0789   8.670 111.273 111.330   SO 0.735 1.096196+4  0.50   8.670
   0.0500   5.497 114.468 114.503   SO 0.735 8.727768+3  0.50   5.497
   0.0366   4.024 115.950 115.976   SO 0.735 7.467373+3  0.50   4.024
   0.0232   2.552 117.438 117.448   SO 0.735 5.939729+3  0.50   2.552
   0.0170   1.868 118.124 118.132   SO 0.735 5.082039+3  0.50   1.868
   0.0108   1.184 118.811 118.816   SO 0.735 4.046539+3  0.50   1.184
   0.0079   0.867 119.133 119.133   SO 0.735 3.455192+3  0.51   0.867
   0.0050   0.550 119.450 119.450   SO 0.735 2.751227+3  0.50   0.550

Two-D table computations for gate opening=   2.000  Two-D table id= 5903
     Head at section 1 for FW/FO boundary=   2.9685
     Head-relative gate opening at FW/FO boundary=   0.6737
 FW flow at its upper limit=    10304.1    
 Non-standard FO flow=    10304.0    

Upstream head=   1.0000 Elevation=  451.0000
  Depth at section 1=  2.0000 Gate opening=  2.0000

  Partial  Drop    Head    Head   Flow Cont.  Discharge Local  Energy
   free    sect.   sect.   sect.  type coef.            power   loss
   drop    1->4     3       4           Cc                      1->4
 --------  ------  ------  ------  ---  ---- --------- -----  ------
   1.0000   0.289   0.665   0.711   FW  ---  1.973502+3         0.297
   0.9900   0.286   0.668   0.714   SW  ---  1.973825+3 -0.02   0.295
   0.8892   0.257   0.700   0.743   SW  ---  1.969345+3  0.02   0.265
   0.7884   0.228   0.732   0.772   SW  ---  1.949524+3  0.08   0.236
   0.7081   0.205   0.758   0.795   SW  ---  1.921076+3  0.14   0.213
   0.6279   0.181   0.784   0.819   SW  ---  1.879405+3  0.18   0.189
   0.5639   0.163   0.805   0.837   SW  ---  1.835380+3  0.22   0.170
   0.5000   0.144   0.827   0.856   SW  ---  1.780082+3  0.25   0.152
   0.3660   0.106   0.872   0.894   SW  ---  1.618189+3  0.31   0.112
   0.2321   0.067   0.918   0.933   SW  ---  1.367114+3  0.37   0.071
   0.1699   0.049   0.940   0.951   SW  ---  1.202225+3  0.41   0.052
   0.1077   0.031   0.962   0.969   SW  ---  9.831099+2  0.44   0.033
   0.0789   0.023   0.972   0.977   SW  ---  8.517642+2  0.46   0.024
   0.0500   0.014   0.982   0.986   SW  ---  6.866572+2  0.47   0.016
   0.0366   0.011   0.987   0.989   SW  ---  5.906886+2  0.48   0.011
   0.0232   0.007   0.992   0.993   SW  ---  4.736960+2  0.48   0.007
   0.0170   0.005   0.994   0.995   SW  ---  4.063203+2  0.49   0.005
   0.0108   0.003   0.996   0.997   SW  ---  3.242638+2  0.50   0.003
   0.0079   0.002   0.997   0.998   SW  ---  2.783890+2  0.49   0.002
   0.0050   0.001   0.998   0.999   SW  ---  2.206694+2  0.51   0.002

Upstream head=   1.4142 Elevation=  451.4142
  Depth at section 1=  2.4142 Gate opening=  2.0000

  Partial  Drop    Head    Head   Flow Cont.  Discharge Local  Energy
   free    sect.   sect.   sect.  type coef.            power   loss
   drop    1->4     3       4           Cc                      1->4
 --------  ------  ------  ------  ---  ---- --------- -----  ------
   1.0000   0.385   0.944   1.029   FW  ---  3.339178+3         0.401
   0.9900   0.381   0.948   1.033   SW  ---  3.339686+3 -0.02   0.397
   0.8892   0.342   0.992   1.072   SW  ---  3.332908+3  0.02   0.358
   0.7884   0.303   1.036   1.111   SW  ---  3.301256+3  0.08   0.319
   0.7081   0.273   1.073   1.142   SW  ---  3.254811+3  0.13   0.288
   0.6279   0.242   1.109   1.173   SW  ---  3.186822+3  0.18   0.256
   0.5639   0.217   1.139   1.197   SW  ---  3.114709+3  0.21   0.231
   0.5000   0.192   1.168   1.222   SW  ---  3.023670+3  0.25   0.206
   0.3660   0.141   1.232   1.273   SW  ---  2.754719+3  0.30   0.152
   0.2321   0.089   1.297   1.325   SW  ---  2.333876+3  0.36   0.097
   0.1699   0.065   1.328   1.349   SW  ---  2.055734+3  0.41   0.072
   0.1077   0.041   1.359   1.373   SW  ---  1.684365+3  0.44   0.046
   0.0789   0.030   1.374   1.384   SW  ---  1.460729+3  0.46   0.034
   0.0500   0.019   1.389   1.395   SW  ---  1.178680+3  0.47   0.021
   0.0366   0.014   1.395   1.400   SW  ---  1.014866+3  0.48   0.016
   0.0232   0.009   1.402   1.405   SW  ---  8.131421+2  0.49   0.010
   0.0170   0.007   1.405   1.408   SW  ---  6.969351+2  0.49   0.007
   0.0108   0.004   1.409   1.410   SW  ---  5.571260+2  0.49   0.005
   0.0079   0.003   1.410   1.411   SW  ---  4.783527+2  0.49   0.003
   0.0050   0.002   1.412   1.412   SW  ---  3.801385+2  0.50   0.002

Upstream head=   2.0000 Elevation=  452.0000
  Depth at section 1=  3.0000 Gate opening=  2.0000

  Partial  Drop    Head    Head   Flow Cont.  Discharge Local  Energy
   free    sect.   sect.   sect.  type coef.            power   loss
   drop    1->4     3       4           Cc                      1->4
 --------  ------  ------  ------  ---  ---- --------- -----  ------
   1.0000   0.505   1.340   1.495   FW  ---  5.653722+3         0.532
   0.9900   0.500   1.346   1.500   SW  ---  5.654622+3 -0.02   0.527
   0.8892   0.449   1.407   1.551   SW  ---  5.643913+3  0.02   0.476
   0.7884   0.398   1.468   1.602   SW  ---  5.593092+3  0.08   0.425
   0.7081   0.358   1.518   1.642   SW  ---  5.518538+3  0.12   0.384
   0.6279   0.317   1.569   1.683   SW  ---  5.408240+3  0.17   0.343
   0.5639   0.285   1.610   1.715   SW  ---  5.290365+3  0.21   0.309
   0.5000   0.253   1.652   1.747   SW  ---  5.140896+3  0.24   0.276
   0.3660   0.185   1.741   1.815   SW  ---  4.697717+3  0.29   0.204
   0.2321   0.117   1.833   1.883   SW  ---  3.994279+3  0.36   0.131
   0.1699   0.086   1.877   1.914   SW  ---  3.520943+3  0.40   0.097
   0.1077   0.054   1.921   1.946   SW  ---  2.890684+3  0.43   0.062
   0.0789   0.040   1.942   1.960   SW  ---  2.509657+3  0.45   0.045
   0.0500   0.025   1.963   1.975   SW  ---  2.026923+3  0.47   0.029
   0.0366   0.018   1.973   1.982   SW  ---  1.745928+3  0.48   0.021
   0.0232   0.012   1.983   1.988   SW  ---  1.399062+3  0.49   0.013
   0.0170   0.009   1.987   1.991   SW  ---  1.200637+3  0.49   0.010
   0.0108   0.005   1.992   1.995   SW  ---  9.585223+2  0.49   0.006
   0.0079   0.004   1.994   1.996   SW  ---  8.235129+2  0.49   0.005
   0.0050   0.003   1.996   1.997   SW  ---  6.564497+2  0.50   0.003

Upstream head=   2.4843 Elevation=  452.4843
  Depth at section 1=  3.4843 Gate opening=  2.0000

  Partial  Drop    Head    Head   Flow Cont.  Discharge Local  Energy
   free    sect.   sect.   sect.  type coef.            power   loss
   drop    1->4     3       4           Cc                      1->4
 --------  ------  ------  ------  ---  ---- --------- -----  ------
   1.0000   0.596   1.670   1.889   FW  ---  7.860785+3         0.631
   0.9900   0.590   1.677   1.895   SW  ---  7.862032+3 -0.02   0.625
   0.8892   0.530   1.751   1.955   SW  ---  7.848015+3  0.02   0.566
   0.7884   0.469   1.826   2.015   SW  ---  7.779912+3  0.07   0.505
   0.7081   0.422   1.887   2.063   SW  ---  7.679614+3  0.12   0.457
   0.6279   0.374   1.949   2.110   SW  ---  7.530439+3  0.16   0.408
   0.5639   0.336   1.999   2.148   SW  ---  7.370523+3  0.20   0.369
   0.5000   0.298   2.056   2.187   SO 1.000 6.932487+3  0.51   0.327
   0.3660   0.218   2.172   2.266   SO 1.000 5.914444+3  0.51   0.239
   0.2321   0.138   2.288   2.346   SO 1.000 4.696370+3  0.51   0.152
   0.1699   0.101   2.340   2.383   SO 1.000 4.016967+3  0.50   0.111
   0.1077   0.064   2.393   2.420   SO 1.000 3.194867+3  0.50   0.071
   0.0789   0.047   2.418   2.437   SO 1.000 2.730142+3  0.50   0.052
   0.0500   0.030   2.442   2.454   SO 1.000 2.172729+3  0.50   0.033
   0.0366   0.022   2.453   2.462   SO 1.000 1.858625+3  0.50   0.024
   0.0232   0.014   2.465   2.470   SO 1.000 1.478721+3  0.50   0.015
   0.0170   0.010   2.470   2.474   SO 1.000 1.265395+3  0.50   0.011
   0.0108   0.006   2.475   2.478   SO 1.000 1.008232+3  0.50   0.007
   0.0079   0.005   2.478   2.480   SO 1.000 8.608907+2  0.51   0.005
   0.0050   0.003   2.480   2.481   SO 1.000 6.860805+2  0.50   0.003

Upstream head=   2.9685 Elevation=  452.9685
  Depth at section 1=  3.9685 Gate opening=  2.0000

  Partial  Drop    Head    Head   Flow Cont.  Discharge Local  Energy
   free    sect.   sect.   sect.  type coef.            power   loss
   drop    1->4     3       4           Cc                      1->4
 --------  ------  ------  ------  ---  ---- --------- -----  ------
   1.0000   0.680   2.000   2.289   FW  ---  1.030404+4         0.723
   0.9900   0.673   2.010   2.296   SO 1.000 1.025152+4  0.51   0.716
   0.8892   0.604   2.112   2.364   SO 1.000 9.690437+3  0.52   0.644
   0.7884   0.536   2.213   2.433   SO 1.000 9.103407+3  0.52   0.571
   0.7081   0.481   2.292   2.487   SO 1.000 8.611751+3  0.52   0.513
   0.6279   0.427   2.371   2.542   SO 1.000 8.094782+3  0.51   0.455
   0.5639   0.383   2.433   2.585   SO 1.000 7.660932+3  0.51   0.409
   0.5000   0.340   2.495   2.629   SO 1.000 7.204092+3  0.51   0.363
   0.3660   0.249   2.624   2.720   SO 1.000 6.147058+3  0.51   0.266
   0.2321   0.158   2.751   2.811   SO 1.000 4.881689+3  0.51   0.168
   0.1699   0.115   2.809   2.853   SO 1.000 4.175497+3  0.50   0.123
   0.1077   0.073   2.868   2.895   SO 1.000 3.321204+3  0.50   0.078
   0.0789   0.054   2.895   2.915   SO 1.000 2.838735+3  0.50   0.057
   0.0500   0.034   2.922   2.935   SO 1.000 2.258810+3  0.50   0.036
   0.0366   0.025   2.934   2.944   SO 1.000 1.932059+3  0.50   0.027
   0.0232   0.016   2.947   2.953   SO 1.000 1.538449+3  0.50   0.017
   0.0170   0.012   2.953   2.957   SO 1.000 1.315214+3  0.50   0.012
   0.0108   0.007   2.959   2.961   SO 1.000 1.047868+3  0.50   0.008
   0.0079   0.005   2.961   2.963   SO 1.000 8.972705+2  0.50   0.006
   0.0050   0.003   2.964   2.965   SO 1.000 7.125070+2  0.51   0.004

Upstream head=   3.1685 Elevation=  453.1685
  Depth at section 1=  4.1685 Gate opening=  2.0000

  Partial  Drop    Head    Head   Flow Cont.  Discharge Local  Energy
   free    sect.   sect.   sect.  type coef.            power   loss
   drop    1->4     3       4           Cc                      1->4
 --------  ------  ------  ------  ---  ---- --------- -----  ------
   1.0000   1.060   1.723   2.109   FO 0.862 1.071529+4         1.098
   0.9900   1.049   1.739   2.120   SO 0.862 1.065783+4  0.53   1.087
   0.8892   0.942   1.893   2.226   SO 0.862 1.006687+4  0.53   0.977
   0.7884   0.835   2.045   2.333   SO 0.862 9.449085+3  0.53   0.867
   0.7081   0.750   2.164   2.418   SO 0.862 8.933615+3  0.52   0.779
   0.6279   0.665   2.282   2.503   SO 0.862 8.392425+3  0.52   0.691
   0.5639   0.598   2.375   2.571   SO 0.862 7.939681+3  0.52   0.621
   0.5000   0.530   2.468   2.639   SO 0.862 7.463144+3  0.51   0.551
   0.3660   0.388   2.659   2.781   SO 0.862 6.363583+3  0.51   0.403
   0.2321   0.246   2.847   2.923   SO 0.862 5.050651+3  0.51   0.256
   0.1699   0.180   2.934   2.988   SO 0.862 4.315164+3  0.50   0.187
   0.1077   0.114   3.020   3.054   SO 0.862 3.431155+3  0.50   0.119
   0.0789   0.084   3.060   3.085   SO 0.862 2.933956+3  0.50   0.087
   0.0500   0.053   3.100   3.116   SO 0.862 2.334192+3  0.50   0.055
   0.0366   0.039   3.118   3.130   SO 0.862 1.996584+3  0.50   0.040
   0.0232   0.025   3.137   3.144   SO 0.862 1.589334+3  0.50   0.026
   0.0170   0.018   3.145   3.151   SO 0.862 1.359477+3  0.50   0.019
   0.0108   0.011   3.154   3.157   SO 0.862 1.067934+3  0.53   0.012
   0.0079   0.008   3.157   3.160   SO 0.862 9.413528+2  0.40   0.009
   0.0050   0.005   3.161   3.163   SO 0.862 7.498060+2  0.50   0.006

Upstream head=   3.3685 Elevation=  453.3685
  Depth at section 1=  4.3685 Gate opening=  2.0000

  Partial  Drop    Head    Head   Flow Cont.  Discharge Local  Energy
   free    sect.   sect.   sect.  type coef.            power   loss
   drop    1->4     3       4           Cc                      1->4
 --------  ------  ------  ------  ---  ---- --------- -----  ------
   1.0000   1.470   1.447   1.898   FO 0.723 1.028345+4         1.497
   0.9900   1.456   1.468   1.913   SO 0.723 1.022732+4  0.54   1.482
   0.8892   1.307   1.675   2.061   SO 0.723 9.653404+3  0.54   1.333
   0.7884   1.159   1.878   2.209   SO 0.723 9.055517+3  0.53   1.183
   0.7081   1.041   2.038   2.327   SO 0.723 8.558050+3  0.53   1.063
   0.6279   0.923   2.195   2.445   SO 0.723 8.036839+3  0.52   0.943
   0.5639   0.829   2.319   2.539   SO 0.723 7.601248+3  0.52   0.847
   0.5000   0.735   2.441   2.633   SO 0.723 7.143481+3  0.52   0.751
   0.3660   0.538   2.695   2.830   SO 0.723 6.088550+3  0.51   0.551
   0.2321   0.341   2.944   3.027   SO 0.723 4.830758+3  0.51   0.349
   0.1699   0.250   3.059   3.119   SO 0.723 4.126695+3  0.51   0.256
   0.1077   0.158   3.173   3.210   SO 0.723 3.281091+3  0.50   0.162
   0.0789   0.116   3.226   3.253   SO 0.723 2.805256+3  0.50   0.119
   0.0500   0.074   3.278   3.295   SO 0.723 2.232379+3  0.50   0.075
   0.0366   0.054   3.302   3.315   SO 0.723 1.909177+3  0.50   0.055
   0.0232   0.034   3.327   3.334   SO 0.723 1.519918+3  0.50   0.035
   0.0170   0.025   3.338   3.344   SO 0.723 1.299954+3  0.50   0.026
   0.0108   0.016   3.349   3.353   SO 0.723 1.035397+3  0.50   0.016
   0.0079   0.012   3.355   3.357   SO 0.723 8.745349+2  0.54   0.012
   0.0050   0.007   3.359   3.361   SO 0.723 7.180128+2  0.43   0.008

Upstream head=   4.4849 Elevation=  454.4849
  Depth at section 1=  5.4849 Gate opening=  2.0000

  Partial  Drop    Head    Head   Flow Cont.  Discharge Local  Energy
   free    sect.   sect.   sect.  type coef.            power   loss
   drop    1->4     3       4           Cc                      1->4
 --------  ------  ------  ------  ---  ---- --------- -----  ------
   1.0000   2.343   1.447   2.142   FO 0.723 1.285708+4         2.355
   0.9900   2.320   1.481   2.165   SO 0.723 1.278429+4  0.56   2.332
   0.8892   2.084   1.820   2.401   SO 0.723 1.204179+4  0.56   2.097
   0.7884   1.847   2.148   2.637   SO 0.723 1.127704+4  0.55   1.862
   0.7081   1.659   2.402   2.826   SO 0.723 1.064546+4  0.54   1.674
   0.6279   1.471   2.652   3.014   SO 0.723 9.987584+3  0.53   1.485
   0.5639   1.321   2.847   3.163   SO 0.723 9.439827+3  0.53   1.335
   0.5000   1.172   3.040   3.313   SO 0.723 8.865920+3  0.52   1.184
   0.3660   0.858   3.438   3.627   SO 0.723 7.548479+3  0.52   0.868
   0.2321   0.544   3.827   3.941   SO 0.723 5.983927+3  0.51   0.551
   0.1699   0.398   4.005   4.087   SO 0.723 5.110231+3  0.51   0.403
   0.1077   0.252   4.182   4.232   SO 0.723 4.061502+3  0.50   0.256
   0.0789   0.185   4.263   4.300   SO 0.723 3.472239+3  0.50   0.187
   0.0500   0.117   4.345   4.368   SO 0.723 2.762585+3  0.50   0.119
   0.0366   0.086   4.382   4.399   SO 0.723 2.362668+3  0.50   0.087
   0.0232   0.054   4.420   4.430   SO 0.723 1.880853+3  0.50   0.055
   0.0170   0.040   4.437   4.445   SO 0.723 1.608699+3  0.50   0.040
   0.0108   0.025   4.455   4.460   SO 0.723 1.280961+3  0.50   0.026
   0.0079   0.018   4.463   4.466   SO 0.723 1.095601+3  0.50   0.019
   0.0050   0.012   4.471   4.473   SO 0.723 8.603210+2  0.53   0.012

Upstream head=   6.2497 Elevation=  456.2497
  Depth at section 1=  7.2497 Gate opening=  2.0000

  Partial  Drop    Head    Head   Flow Cont.  Discharge Local  Energy
   free    sect.   sect.   sect.  type coef.            power   loss
   drop    1->4     3       4           Cc                      1->4
 --------  ------  ------  ------  ---  ---- --------- -----  ------
   1.0000   3.739   1.447   2.511   FO 0.723 1.609895+4         3.726
   0.9900   3.701   1.505   2.548   SO 0.723 1.600192+4  0.60   3.689
   0.8892   3.324   2.065   2.925   SO 0.723 1.502793+4  0.58   3.320
   0.7884   2.948   2.595   3.302   SO 0.723 1.404378+4  0.56   2.948
   0.7081   2.647   3.001   3.602   SO 0.723 1.324033+4  0.55   2.651
   0.6279   2.347   3.396   3.902   SO 0.723 1.240937+4  0.54   2.352
   0.5639   2.108   3.704   4.141   SO 0.723 1.172101+4  0.53   2.114
   0.5000   1.869   4.007   4.380   SO 0.723 1.100236+4  0.53   1.876
   0.3660   1.368   4.627   4.881   SO 0.723 9.359014+3  0.52   1.375
   0.2321   0.868   5.231   5.382   SO 0.723 7.414424+3  0.51   0.872
   0.1699   0.635   5.507   5.615   SO 0.723 6.330415+3  0.51   0.639
   0.1077   0.403   5.781   5.847   SO 0.723 5.030579+3  0.50   0.405
   0.0789   0.295   5.907   5.955   SO 0.723 4.300343+3  0.50   0.297
   0.0500   0.187   6.033   6.063   SO 0.723 3.421124+3  0.50   0.188
   0.0366   0.137   6.091   6.113   SO 0.723 2.926029+3  0.50   0.138
   0.0232   0.087   6.149   6.163   SO 0.723 2.329013+3  0.50   0.087
   0.0170   0.064   6.176   6.186   SO 0.723 1.992261+3  0.50   0.064
   0.0108   0.040   6.203   6.209   SO 0.723 1.585889+3  0.50   0.041
   0.0079   0.029   6.216   6.220   SO 0.723 1.357126+3  0.50   0.030
   0.0050   0.019   6.228   6.231   SO 0.723 1.080205+3  0.50   0.019

Upstream head=   9.0399 Elevation=  459.0399
  Depth at section 1= 10.0399 Gate opening=  2.0000

  Partial  Drop    Head    Head   Flow Cont.  Discharge Local  Energy
   free    sect.   sect.   sect.  type coef.            power   loss
   drop    1->4     3       4           Cc                      1->4
 --------  ------  ------  ------  ---  ---- --------- -----  ------
   1.0000   5.976   1.447   3.064   FO 0.723 2.018871+4         5.932
   0.9900   5.917   1.547   3.123   SO 0.723 2.005582+4  0.66   5.874
   0.8892   5.314   2.484   3.726   SO 0.723 1.875934+4  0.62   5.288
   0.7884   4.712   3.342   4.328   SO 0.723 1.748954+4  0.58   4.697
   0.7081   4.232   3.987   4.808   SO 0.723 1.646908+4  0.56   4.223
   0.6279   3.752   4.609   5.288   SO 0.723 1.542266+4  0.55   3.748
   0.5639   3.370   5.090   5.670   SO 0.723 1.456042+4  0.54   3.368
   0.5000   2.988   5.562   6.052   SO 0.723 1.366299+4  0.53   2.988
   0.3660   2.188   6.525   6.852   SO 0.723 1.161847+4  0.52   2.190
   0.2321   1.387   7.462   7.653   SO 0.723 9.202810+3  0.51   1.389
   0.1699   1.015   7.890   8.025   SO 0.723 7.857049+3  0.51   1.017
   0.1077   0.644   8.314   8.396   SO 0.723 6.243619+3  0.50   0.645
   0.0789   0.471   8.509   8.569   SO 0.723 5.337374+3  0.50   0.472
   0.0500   0.299   8.704   8.741   SO 0.723 4.246442+3  0.50   0.300
   0.0366   0.219   8.794   8.821   SO 0.723 3.631776+3  0.50   0.219
   0.0232   0.139   8.884   8.901   SO 0.723 2.890822+3  0.50   0.139
   0.0170   0.102   8.926   8.938   SO 0.723 2.472898+3  0.50   0.102
   0.0108   0.064   8.968   8.976   SO 0.723 1.968536+3  0.50   0.065
   0.0079   0.047   8.987   8.993   SO 0.723 1.684217+3  0.50   0.047
   0.0050   0.030   9.006   9.010   SO 0.723 1.341025+3  0.50   0.030

Upstream head=  13.4510 Elevation=  463.4510
  Depth at section 1= 14.4510 Gate opening=  2.0000

  Partial  Drop    Head    Head   Flow Cont.  Discharge Local  Energy
   free    sect.   sect.   sect.  type coef.            power   loss
   drop    1->4     3       4           Cc                      1->4
 --------  ------  ------  ------  ---  ---- --------- -----  ------
   1.0000   9.580   1.447   3.871   FO 0.723 2.534680+4         9.502
   0.9900   9.484   1.623   3.967   SO 0.723 2.515991+4  0.74   9.410
   0.8892   8.519   3.202   4.932   SO 0.723 2.342054+4  0.67   8.473
   0.7884   7.553   4.578   5.898   SO 0.723 2.179221+4  0.60   7.525
   0.7081   6.784   5.595   6.667   SO 0.723 2.050557+4  0.57   6.766
   0.6279   6.015   6.566   7.436   SO 0.723 1.919600+4  0.55   6.004
   0.5639   5.403   7.316   8.048   SO 0.723 1.812081+4  0.54   5.395
   0.5000   4.790   8.049   8.661   SO 0.723 1.700377+4  0.53   4.786
   0.3660   3.507   9.543   9.944   SO 0.723 1.446199+4  0.52   3.506
   0.2321   2.223  10.998  11.228   SO 0.723 1.145884+4  0.51   2.224
   0.1699   1.628  11.662  11.823   SO 0.723 9.784932+3  0.51   1.628
   0.1077   1.032  12.321  12.419   SO 0.723 7.777216+3  0.50   1.033
   0.0789   0.756  12.625  12.695   SO 0.723 6.649040+3  0.50   0.756
   0.0500   0.479  12.928  12.972   SO 0.723 5.290336+3  0.50   0.479
   0.0366   0.351  13.068  13.100   SO 0.723 4.524821+3  0.50   0.351
   0.0232   0.222  13.209  13.229   SO 0.723 3.601763+3  0.50   0.223
   0.0170   0.163  13.274  13.288   SO 0.723 3.081241+3  0.50   0.163
   0.0108   0.103  13.339  13.348   SO 0.723 2.453067+3  0.50   0.103
   0.0079   0.076  13.369  13.375   SO 0.723 2.098748+3  0.50   0.076
   0.0050   0.048  13.399  13.403   SO 0.723 1.671034+3  0.50   0.048

Upstream head=  20.4247 Elevation=  470.4247
  Depth at section 1= 21.4247 Gate opening=  2.0000

  Partial  Drop    Head    Head   Flow Cont.  Discharge Local  Energy
   free    sect.   sect.   sect.  type coef.            power   loss
   drop    1->4     3       4           Cc                      1->4
 --------  ------  ------  ------  ---  ---- --------- -----  ------
   1.0000  15.407   1.447   5.018   FO 0.723 3.184600+4        15.296
   0.9900  15.252   1.767   5.172   SO 0.723 3.157621+4  0.85  15.148
   0.8892  13.699   4.414   6.725   SO 0.723 2.925083+4  0.71  13.639
   0.7884  12.147   6.590   8.278   SO 0.723 2.719020+4  0.61  12.111
   0.7081  10.910   8.177   9.515   SO 0.723 2.558391+4  0.57  10.887
   0.6279   9.673   9.686  10.752   SO 0.723 2.395540+4  0.55   9.658
   0.5639   8.688  10.850  11.737   SO 0.723 2.261979+4  0.53   8.678
   0.5000   7.703  11.989  12.721   SO 0.723 2.123203+4  0.53   7.696
   0.3660   5.639  14.315  14.785   SO 0.723 1.806912+4  0.52   5.637
   0.2321   3.576  16.583  16.849   SO 0.723 1.432830+4  0.51   3.575
   0.1699   2.618  17.622  17.807   SO 0.723 1.223915+4  0.51   2.618
   0.1077   1.660  18.653  18.765   SO 0.723 9.730881+3  0.50   1.660
   0.0789   1.215  19.129  19.210   SO 0.723 8.320481+3  0.50   1.215
   0.0500   0.770  19.604  19.654   SO 0.723 6.621009+3  0.50   0.770
   0.0366   0.564  19.824  19.861   SO 0.723 5.663551+3  0.50   0.564
   0.0232   0.358  20.044  20.067   SO 0.723 4.508413+3  0.50   0.358
   0.0170   0.262  20.146  20.163   SO 0.723 3.857004+3  0.50   0.262
   0.0108   0.166  20.248  20.259   SO 0.723 3.070835+3  0.50   0.166
   0.0079   0.121  20.295  20.303   SO 0.723 2.627358+3  0.50   0.122
   0.0050   0.077  20.343  20.348   SO 0.723 2.092011+3  0.50   0.077

Upstream head=  31.4497 Elevation=  481.4497
  Depth at section 1= 32.4497 Gate opening=  2.0000

  Partial  Drop    Head    Head   Flow Cont.  Discharge Local  Energy
   free    sect.   sect.   sect.  type coef.            power   loss
   drop    1->4     3       4           Cc                      1->4
 --------  ------  ------  ------  ---  ---- --------- -----  ------
   1.0000  24.847   1.447   6.603   FO 0.723 4.002762+4        24.709
   0.9900  24.598   2.041   6.852   SO 0.723 3.962946+4  0.99  24.470
   0.8892  22.094   6.400   9.356   SO 0.723 3.657464+4  0.75  22.026
   0.7884  19.589   9.793  11.861   SO 0.723 3.400721+4  0.60  19.551
   0.7081  17.595  12.253  13.855   SO 0.723 3.201792+4  0.56  17.570
   0.6279  15.600  14.596  15.850   SO 0.723 3.000033+4  0.54  15.585
   0.5639  14.012  16.407  17.438   SO 0.723 2.834281+4  0.53  14.001
   0.5000  12.423  18.183  19.026   SO 0.723 2.661760+4  0.52  12.416
   0.3660   9.095  21.821  22.355   SO 0.723 2.267611+4  0.51   9.092
   0.2321   5.766  25.385  25.683   SO 0.723 1.799563+4  0.51   5.766
   0.1699   4.221  27.022  27.228   SO 0.723 1.537746+4  0.50   4.221
   0.1077   2.677  28.649  28.773   SO 0.723 1.223015+4  0.50   2.677
   0.0789   1.959  29.401  29.490   SO 0.723 1.045913+4  0.50   1.960
   0.0500   1.242  30.152  30.207   SO 0.723 8.324178+3  0.50   1.242
   0.0366   0.909  30.500  30.540   SO 0.723 7.120742+3  0.50   0.910
   0.0232   0.577  30.848  30.873   SO 0.723 5.668711+3  0.50   0.577
   0.0170   0.422  31.009  31.028   SO 0.723 4.849835+3  0.50   0.422
   0.0108   0.268  31.171  31.182   SO 0.723 3.861235+3  0.50   0.268
   0.0079   0.196  31.245  31.254   SO 0.723 3.303777+3  0.50   0.196
   0.0050   0.124  31.322  31.325   SO 0.723 2.613872+3  0.51   0.124

Upstream head=  48.8797 Elevation=  498.8797
  Depth at section 1= 49.8797 Gate opening=  2.0000

  Partial  Drop    Head    Head   Flow Cont.  Discharge Local  Energy
   free    sect.   sect.   sect.  type coef.            power   loss
   drop    1->4     3       4           Cc                      1->4
 --------  ------  ------  ------  ---  ---- --------- -----  ------
   1.0000  40.144   1.447   8.735   FO 0.723 5.032107+4        39.987
   0.9900  39.743   2.549   9.137   SO 0.723 4.973328+4  1.17  39.599
   0.8892  35.696   9.547  13.183   SO 0.723 4.582340+4  0.76  35.629
   0.7884  31.650  14.788  17.230   SO 0.723 4.266141+4  0.59  31.614
   0.7081  28.427  18.599  20.452   SO 0.723 4.020656+4  0.55  28.405
   0.6279  25.205  22.247  23.675   SO 0.723 3.770680+4  0.53  25.191
   0.5639  22.638  25.078  26.241   SO 0.723 3.564612+4  0.52  22.629
   0.5000  20.072  27.864  28.808   SO 0.723 3.349542+4  0.52  20.066
   0.3660  14.694  33.596  34.185   SO 0.723 2.856395+4  0.51  14.692
   0.2321   9.317  39.238  39.563   SO 0.723 2.268731+4  0.51   9.316
   0.1699   6.821  41.835  42.059   SO 0.723 1.939312+4  0.50   6.820
   0.1077   4.324  44.421  44.555   SO 0.723 1.542879+4  0.50   4.324
   0.0789   3.166  45.618  45.714   SO 0.723 1.319631+4  0.50   3.166
   0.0500   2.007  46.813  46.872   SO 0.723 1.050402+4  0.50   2.007
   0.0366   1.469  47.367  47.410   SO 0.723 8.985985+3  0.50   1.469
   0.0232   0.932  47.921  47.948   SO 0.723 7.154161+3  0.50   0.932
   0.0170   0.682  48.178  48.198   SO 0.723 6.120704+3  0.50   0.682
   0.0108   0.432  48.435  48.447   SO 0.723 4.873368+3  0.50   0.432
   0.0079   0.317  48.554  48.563   SO 0.723 4.169494+3  0.50   0.317
   0.0050   0.201  48.675  48.679   SO 0.723 3.305382+3  0.51   0.201

Upstream head=  76.4356 Elevation=  526.4356
  Depth at section 1= 77.4356 Gate opening=  2.0000

  Partial  Drop    Head    Head   Flow Cont.  Discharge Local  Energy
   free    sect.   sect.   sect.  type coef.            power   loss
   drop    1->4     3       4           Cc                      1->4
 --------  ------  ------  ------  ---  ---- --------- -----  ------
   1.0000  64.892   1.447  11.543   FO 0.723 6.326728+4        64.721
   0.9900  64.243   3.449  12.192   SO 0.723 6.241699+4  1.35  64.090
   0.8892  57.702  14.399  18.733   SO 0.723 5.754455+4  0.76  57.639
   0.7884  51.161  22.471  25.274   SO 0.723 5.367051+4  0.58  51.130
   0.7081  45.952  28.395  30.484   SO 0.723 5.063909+4  0.54  45.933
   0.6279  40.743  34.106  35.693   SO 0.723 4.753393+4  0.53  40.732
   0.5639  36.595  38.560  39.841   SO 0.723 4.496346+4  0.52  36.587
   0.5000  32.446  42.958  43.989   SO 0.723 4.227281+4  0.51  32.441
   0.3660  23.753  52.047  52.682   SO 0.723 3.608086+4  0.51  23.751
   0.2321  15.060  61.028  61.375   SO 0.723 2.867811+4  0.50  15.060
   0.1699  11.025  65.171  65.410   SO 0.723 2.452088+4  0.50  11.025
   0.1077   6.990  69.302  69.445   SO 0.723 1.951323+4  0.50   6.990
   0.0789   5.117  71.216  71.318   SO 0.723 1.669165+4  0.50   5.117
   0.0500   3.245  73.128  73.191   SO 0.723 1.328763+4  0.50   3.245
   0.0366   2.375  74.015  74.060   SO 0.723 1.136782+4  0.50   2.375
   0.0232   1.506  74.901  74.930   SO 0.723 9.050879+3  0.50   1.506
   0.0170   1.103  75.312  75.333   SO 0.723 7.743694+3  0.50   1.103
   0.0108   0.699  75.723  75.737   SO 0.723 6.165651+3  0.50   0.699
   0.0079   0.512  75.917  75.924   SO 0.723 5.259500+3  0.51   0.512
   0.0050   0.324  76.107  76.111   SO 0.723 4.187972+3  0.50   0.324

Upstream head= 120.0000 Elevation=  570.0000
  Depth at section 1=121.0000 Gate opening=  2.0000

  Partial  Drop    Head    Head   Flow Cont.  Discharge Local  Energy
   free    sect.   sect.   sect.  type coef.            power   loss
   drop    1->4     3       4           Cc                      1->4
 --------  ------  ------  ------  ---  ---- --------- -----  ------
   1.0000 104.815   1.447  15.185   FO 0.723 7.954730+4       104.635
   0.9900 103.767   4.961  16.233   SO 0.723 7.835955+4  1.50 103.610
   0.8892  93.202  21.761  26.798   SO 0.723 7.241200+4  0.74  93.146
   0.7884  82.636  34.218  37.364   SO 0.723 6.766566+4  0.56  82.611
   0.7081  74.223  43.474  45.777   SO 0.723 6.391089+4  0.53  74.208
   0.6279  65.809  52.463  54.191   SO 0.723 6.004000+4  0.52  65.800
   0.5639  59.108  59.507  60.892   SO 0.723 5.682248+4  0.51  59.102
   0.5000  52.408  66.482  67.592   SO 0.723 5.344657+4  0.51  52.404
   0.3660  38.367  80.958  81.633   SO 0.723 4.564930+4  0.51  38.365
   0.2321  24.325  95.308  95.674   SO 0.723 3.630330+4  0.50  24.325
   0.1699  17.808 101.940 102.192   SO 0.723 3.104725+4  0.50  17.808
   0.1077  11.291 108.559 108.709   SO 0.723 2.471153+4  0.50  11.291
   0.0789   8.266 111.627 111.734   SO 0.723 2.113988+4  0.50   8.266
   0.0500   5.241 114.693 114.759   SO 0.723 1.683009+4  0.50   5.241
   0.0366   3.837 116.116 116.163   SO 0.723 1.439903+4  0.50   3.837
   0.0232   2.433 117.538 117.567   SO 0.723 1.146452+4  0.50   2.433
   0.0170   1.781 118.197 118.219   SO 0.723 9.808920+3  0.50   1.781
   0.0108   1.129 118.862 118.871   SO 0.723 7.794841+3  0.50   1.129
   0.0079   0.827 119.167 119.173   SO 0.723 6.669374+3  0.50   0.827
   0.0050   0.524 119.464 119.476   SO 0.723 5.350430+3  0.48   0.524

Two-D table computations for gate opening=   4.000  Two-D table id= 5904
     Head at section 1 for FW/FO boundary=   5.8895
     Head-relative gate opening at FW/FO boundary=   0.6792
 FW flow at its upper limit=    29144.3    
 Non-standard FO flow=    29144.2    

Upstream head=   2.0000 Elevation=  452.0000
  Depth at section 1=  3.0000 Gate opening=  4.0000

  Partial  Drop    Head    Head   Flow Cont.  Discharge Local  Energy
   free    sect.   sect.   sect.  type coef.            power   loss
   drop    1->4     3       4           Cc                      1->4
 --------  ------  ------  ------  ---  ---- --------- -----  ------
   1.0000   0.505   1.340   1.495   FW  ---  5.653722+3         0.532
   0.9900   0.500   1.346   1.500   SW  ---  5.654622+3 -0.02   0.527
   0.8892   0.449   1.407   1.551   SW  ---  5.643913+3  0.02   0.476
   0.7884   0.398   1.468   1.602   SW  ---  5.593092+3  0.08   0.425
   0.7081   0.358   1.518   1.642   SW  ---  5.518538+3  0.12   0.384
   0.6279   0.317   1.569   1.683   SW  ---  5.408240+3  0.17   0.343
   0.5639   0.285   1.610   1.715   SW  ---  5.290365+3  0.21   0.309
   0.5000   0.253   1.652   1.747   SW  ---  5.140896+3  0.24   0.276
   0.3660   0.185   1.741   1.815   SW  ---  4.697717+3  0.29   0.204
   0.2321   0.117   1.833   1.883   SW  ---  3.994279+3  0.36   0.131
   0.1699   0.086   1.877   1.914   SW  ---  3.520943+3  0.40   0.097
   0.1077   0.054   1.921   1.946   SW  ---  2.890684+3  0.43   0.062
   0.0789   0.040   1.942   1.960   SW  ---  2.509657+3  0.45   0.045
   0.0500   0.025   1.963   1.975   SW  ---  2.026923+3  0.47   0.029
   0.0366   0.018   1.973   1.982   SW  ---  1.745928+3  0.48   0.021
   0.0232   0.012   1.983   1.988   SW  ---  1.399062+3  0.49   0.013
   0.0170   0.009   1.987   1.991   SW  ---  1.200637+3  0.49   0.010
   0.0108   0.005   1.992   1.995   SW  ---  9.585223+2  0.49   0.006
   0.0079   0.004   1.994   1.996   SW  ---  8.235129+2  0.49   0.005
   0.0050   0.003   1.996   1.997   SW  ---  6.564497+2  0.50   0.003

Upstream head=   2.8284 Elevation=  452.8284
  Depth at section 1=  3.8284 Gate opening=  4.0000

  Partial  Drop    Head    Head   Flow Cont.  Discharge Local  Energy
   free    sect.   sect.   sect.  type coef.            power   loss
   drop    1->4     3       4           Cc                      1->4
 --------  ------  ------  ------  ---  ---- --------- -----  ------
   1.0000   0.656   1.904   2.173   FW  ---  9.574137+3         0.697
   0.9900   0.649   1.913   2.179   SW  ---  9.575661+3 -0.02   0.691
   0.8892   0.583   1.995   2.245   SW  ---  9.559175+3  0.02   0.625
   0.7884   0.517   2.080   2.311   SW  ---  9.478057+3  0.07   0.559
   0.7081   0.464   2.149   2.364   SW  ---  9.358169+3  0.12   0.505
   0.6279   0.412   2.219   2.417   SW  ---  9.179560+3  0.16   0.452
   0.5639   0.370   2.276   2.459   SW  ---  8.987693+3  0.20   0.408
   0.5000   0.328   2.334   2.501   SW  ---  8.743257+3  0.23   0.365
   0.3660   0.240   2.459   2.588   SW  ---  8.012022+3  0.28   0.271
   0.2321   0.152   2.589   2.676   SW  ---  6.837428+3  0.35   0.175
   0.1699   0.111   2.652   2.717   SW  ---  6.037912+3  0.40   0.130
   0.1077   0.071   2.715   2.758   SW  ---  4.967871+3  0.43   0.083
   0.0789   0.052   2.745   2.777   SW  ---  4.319331+3  0.45   0.061
   0.0500   0.033   2.775   2.796   SW  ---  3.491753+3  0.47   0.039
   0.0366   0.024   2.789   2.804   SW  ---  3.011576+3  0.47   0.029
   0.0232   0.015   2.804   2.813   SW  ---  2.415370+3  0.48   0.018
   0.0170   0.011   2.810   2.817   SW  ---  2.073041+3  0.49   0.013
   0.0108   0.007   2.817   2.821   SW  ---  1.658165+3  0.49   0.008
   0.0079   0.005   2.820   2.823   SW  ---  1.421658+3  0.49   0.006
   0.0050   0.003   2.823   2.825   SW  ---  1.134714+3  0.49   0.004

Upstream head=   4.0000 Elevation=  454.0000
  Depth at section 1=  5.0000 Gate opening=  4.0000

  Partial  Drop    Head    Head   Flow Cont.  Discharge Local  Energy
   free    sect.   sect.   sect.  type coef.            power   loss
   drop    1->4     3       4           Cc                      1->4
 --------  ------  ------  ------  ---  ---- --------- -----  ------
   1.0000   0.844   2.705   3.156   FW  ---  1.620764+4         0.902
   0.9900   0.836   2.716   3.164   SW  ---  1.621015+4 -0.02   0.894
   0.8892   0.751   2.830   3.249   SW  ---  1.618465+4  0.01   0.810
   0.7884   0.666   2.947   3.334   SW  ---  1.605493+4  0.07   0.725
   0.7081   0.598   3.042   3.402   SW  ---  1.586173+4  0.11   0.657
   0.6279   0.530   3.139   3.470   SW  ---  1.557227+4  0.15   0.588
   0.5639   0.476   3.219   3.524   SW  ---  1.525978+4  0.19   0.532
   0.5000   0.422   3.300   3.578   SW  ---  1.485997+4  0.22   0.476
   0.3660   0.309   3.475   3.691   SW  ---  1.365439+4  0.27   0.356
   0.2321   0.196   3.658   3.804   SW  ---  1.169589+4  0.34   0.231
   0.1699   0.143   3.746   3.857   SW  ---  1.036106+4  0.39   0.171
   0.1077   0.091   3.838   3.909   SW  ---  8.531474+3  0.43   0.110
   0.0789   0.067   3.880   3.933   SW  ---  7.429163+3  0.44   0.081
   0.0500   0.042   3.923   3.958   SW  ---  6.014471+3  0.46   0.052
   0.0366   0.031   3.944   3.969   SW  ---  5.190566+3  0.47   0.038
   0.0232   0.020   3.964   3.980   SW  ---  4.164928+3  0.48   0.024
   0.0170   0.014   3.974   3.986   SW  ---  3.577650+3  0.49   0.018
   0.0108   0.009   3.983   3.991   SW  ---  2.859320+3  0.49   0.011
   0.0079   0.007   3.988   3.993   SW  ---  2.450074+3  0.50   0.008
   0.0050   0.004   3.992   3.996   SW  ---  1.952747+3  0.50   0.005

Upstream head=   4.9447 Elevation=  454.9448
  Depth at section 1=  5.9447 Gate opening=  4.0000

  Partial  Drop    Head    Head   Flow Cont.  Discharge Local  Energy
   free    sect.   sect.   sect.  type coef.            power   loss
   drop    1->4     3       4           Cc                      1->4
 --------  ------  ------  ------  ---  ---- --------- -----  ------
   1.0000   0.984   3.352   3.960   FW  ---  2.235843+4         1.052
   0.9900   0.974   3.366   3.970   SW  ---  2.236188+4 -0.02   1.042
   0.8892   0.875   3.504   4.069   SW  ---  2.232842+4  0.01   0.945
   0.7884   0.776   3.646   4.169   SW  ---  2.215497+4  0.06   0.846
   0.7081   0.697   3.763   4.248   SW  ---  2.189555+4  0.11   0.767
   0.6279   0.618   3.882   4.327   SW  ---  2.150572+4  0.15   0.687
   0.5639   0.555   3.979   4.390   SW  ---  2.108359+4  0.18   0.623
   0.5000   0.492   4.090   4.453   SO 1.000 1.994940+4  0.46   0.554
   0.3660   0.360   4.327   4.584   SO 1.000 1.696518+4  0.52   0.406
   0.2321   0.228   4.557   4.716   SO 1.000 1.343163+4  0.51   0.258
   0.1699   0.167   4.663   4.777   SO 1.000 1.146383+4  0.51   0.189
   0.1077   0.106   4.766   4.839   SO 1.000 9.123807+3  0.50   0.120
   0.0789   0.078   4.815   4.867   SO 1.000 7.789089+3  0.51   0.088
   0.0500   0.049   4.862   4.896   SO 1.000 6.194860+3  0.50   0.056
   0.0366   0.036   4.885   4.909   SO 1.000 5.295182+3  0.50   0.041
   0.0232   0.023   4.907   4.922   SO 1.000 4.214239+3  0.50   0.026
   0.0170   0.017   4.917   4.928   SO 1.000 3.605903+3  0.50   0.019
   0.0108   0.011   4.927   4.934   SO 1.000 2.869521+3  0.50   0.012
   0.0079   0.008   4.932   4.937   SO 1.000 2.455177+3  0.50   0.009
   0.0050   0.005   4.937   4.940   SO 1.000 1.955582+3  0.50   0.006

Upstream head=   5.8895 Elevation=  455.8895
  Depth at section 1=  6.8895 Gate opening=  4.0000

  Partial  Drop    Head    Head   Flow Cont.  Discharge Local  Energy
   free    sect.   sect.   sect.  type coef.            power   loss
   drop    1->4     3       4           Cc                      1->4
 --------  ------  ------  ------  ---  ---- --------- -----  ------
   1.0000   1.118   4.000   4.772   FW  ---  2.914420+4         1.192
   0.9900   1.107   4.021   4.783   SO 1.000 2.898294+4  0.55   1.180
   0.8892   0.994   4.228   4.896   SO 1.000 2.733026+4  0.55   1.062
   0.7884   0.881   4.430   5.008   SO 1.000 2.561292+4  0.54   0.943
   0.7081   0.791   4.588   5.098   SO 1.000 2.418708+4  0.53   0.848
   0.6279   0.702   4.744   5.188   SO 1.000 2.269682+4  0.53   0.753
   0.5639   0.630   4.866   5.259   SO 1.000 2.145332+4  0.52   0.677
   0.5000   0.559   4.986   5.331   SO 1.000 2.014939+4  0.52   0.601
   0.3660   0.409   5.235   5.480   SO 1.000 1.715249+4  0.52   0.441
   0.2321   0.259   5.479   5.630   SO 1.000 1.359187+4  0.51   0.280
   0.1699   0.190   5.590   5.700   SO 1.000 1.160484+4  0.51   0.205
   0.1077   0.120   5.700   5.769   SO 1.000 9.235570+3  0.50   0.130
   0.0789   0.088   5.751   5.801   SO 1.000 7.887572+3  0.51   0.095
   0.0500   0.056   5.802   5.834   SO 1.000 6.274431+3  0.50   0.060
   0.0366   0.041   5.825   5.849   SO 1.000 5.365168+3  0.50   0.044
   0.0232   0.026   5.849   5.864   SO 1.000 4.269644+3  0.50   0.028
   0.0170   0.019   5.860   5.871   SO 1.000 3.650993+3  0.50   0.021
   0.0108   0.012   5.871   5.877   SO 1.000 2.908917+3  0.50   0.013
   0.0079   0.009   5.876   5.881   SO 1.000 2.487729+3  0.50   0.010
   0.0050   0.006   5.881   5.884   SO 1.000 1.979379+3  0.50   0.006

Upstream head=   6.2895 Elevation=  456.2895
  Depth at section 1=  7.2895 Gate opening=  4.0000

  Partial  Drop    Head    Head   Flow Cont.  Discharge Local  Energy
   free    sect.   sect.   sect.  type coef.            power   loss
   drop    1->4     3       4           Cc                      1->4
 --------  ------  ------  ------  ---  ---- --------- -----  ------
   1.0000   1.823   3.404   4.466   FO 0.851 3.011045+4         1.871
   0.9900   1.805   3.438   4.484   SO 0.851 2.993337+4  0.59   1.853
   0.8892   1.621   3.765   4.668   SO 0.851 2.816124+4  0.57   1.668
   0.7884   1.437   4.081   4.852   SO 0.851 2.634126+4  0.56   1.483
   0.7081   1.291   4.325   4.998   SO 0.851 2.484254+4  0.55   1.334
   0.6279   1.145   4.564   5.145   SO 0.851 2.328485+4  0.54   1.185
   0.5639   1.028   4.750   5.261   SO 0.851 2.199135+4  0.53   1.066
   0.5000   0.912   4.934   5.378   SO 0.851 2.063865+4  0.53   0.946
   0.3660   0.667   5.310   5.622   SO 0.851 1.754444+4  0.52   0.694
   0.2321   0.423   5.676   5.866   SO 0.851 1.388674+4  0.51   0.441
   0.1699   0.310   5.843   5.980   SO 0.851 1.185051+4  0.51   0.323
   0.1077   0.196   6.008   6.093   SO 0.851 9.412004+3  0.51   0.205
   0.0789   0.144   6.084   6.146   SO 0.851 8.043964+3  0.50   0.150
   0.0500   0.091   6.159   6.198   SO 0.851 6.398058+3  0.50   0.095
   0.0366   0.067   6.194   6.223   SO 0.851 5.471865+3  0.50   0.070
   0.0232   0.042   6.229   6.247   SO 0.851 4.353935+3  0.50   0.044
   0.0170   0.031   6.245   6.259   SO 0.851 3.725113+3  0.50   0.032
   0.0108   0.020   6.262   6.270   SO 0.851 2.964421+3  0.50   0.021
   0.0079   0.014   6.269   6.275   SO 0.851 2.536981+3  0.50   0.015
   0.0050   0.009   6.277   6.280   SO 0.851 1.970786+3  0.55   0.010

Upstream head=   6.6895 Elevation=  456.6895
  Depth at section 1=  7.6895 Gate opening=  4.0000

  Partial  Drop    Head    Head   Flow Cont.  Discharge Local  Energy
   free    sect.   sect.   sect.  type coef.            power   loss
   drop    1->4     3       4           Cc                      1->4
 --------  ------  ------  ------  ---  ---- --------- -----  ------
   1.0000   2.610   2.808   4.079   FO 0.702 2.845619+4         2.624
   0.9900   2.584   2.854   4.105   SO 0.702 2.828513+4  0.60   2.599
   0.8892   2.321   3.308   4.368   SO 0.702 2.655813+4  0.59   2.341
   0.7884   2.058   3.740   4.632   SO 0.702 2.480514+4  0.57   2.081
   0.7081   1.848   4.071   4.841   SO 0.702 2.337219+4  0.55   1.873
   0.6279   1.639   4.392   5.051   SO 0.702 2.189051+4  0.54   1.663
   0.5639   1.472   4.642   5.217   SO 0.702 2.066423+4  0.54   1.496
   0.5000   1.305   4.888   5.384   SO 0.702 1.938531+4  0.53   1.328
   0.3660   0.955   5.389   5.734   SO 0.702 1.646782+4  0.52   0.974
   0.2321   0.606   5.876   6.084   SO 0.702 1.302843+4  0.51   0.619
   0.1699   0.443   6.097   6.246   SO 0.702 1.111654+4  0.51   0.453
   0.1077   0.281   6.316   6.408   SO 0.702 8.827885+3  0.51   0.288
   0.0789   0.206   6.417   6.484   SO 0.702 7.544525+3  0.50   0.211
   0.0500   0.131   6.517   6.559   SO 0.702 6.000091+3  0.50   0.134
   0.0366   0.096   6.563   6.594   SO 0.702 5.130821+3  0.50   0.098
   0.0232   0.061   6.610   6.629   SO 0.702 4.083944+3  0.50   0.062
   0.0170   0.044   6.631   6.645   SO 0.702 3.493348+3  0.50   0.045
   0.0108   0.028   6.652   6.661   SO 0.702 2.780780+3  0.50   0.029
   0.0079   0.021   6.662   6.669   SO 0.702 2.378782+3  0.50   0.021
   0.0050   0.013   6.672   6.676   SO 0.702 1.893480+3  0.50   0.013

Upstream head=   8.7508 Elevation=  458.7509
  Depth at section 1=  9.7508 Gate opening=  4.0000

  Partial  Drop    Head    Head   Flow Cont.  Discharge Local  Energy
   free    sect.   sect.   sect.  type coef.            power   loss
   drop    1->4     3       4           Cc                      1->4
 --------  ------  ------  ------  ---  ---- --------- -----  ------
   1.0000   4.069   2.808   4.682   FO 0.702 3.495964+4         4.033
   0.9900   4.029   2.885   4.722   SO 0.702 3.473136+4  0.65   3.994
   0.8892   3.618   3.621   5.132   SO 0.702 3.247862+4  0.62   3.602
   0.7884   3.208   4.302   5.543   SO 0.702 3.024626+4  0.59   3.204
   0.7081   2.882   4.814   5.869   SO 0.702 2.845161+4  0.57   2.884
   0.6279   2.555   5.307   6.196   SO 0.702 2.661340+4  0.56   2.562
   0.5639   2.295   5.687   6.456   SO 0.702 2.510166+4  0.54   2.304
   0.5000   2.035   6.058   6.716   SO 0.702 2.353210+4  0.54   2.045
   0.3660   1.490   6.811   7.261   SO 0.702 1.997252+4  0.53   1.501
   0.2321   0.944   7.539   7.806   SO 0.702 1.578907+4  0.52   0.953
   0.1699   0.691   7.869   8.059   SO 0.702 1.346802+4  0.51   0.698
   0.1077   0.438   8.195   8.313   SO 0.702 1.069314+4  0.51   0.443
   0.0789   0.321   8.345   8.430   SO 0.702 9.137613+3  0.50   0.325
   0.0500   0.203   8.494   8.547   SO 0.702 7.266489+3  0.50   0.206
   0.0366   0.149   8.563   8.602   SO 0.702 6.213885+3  0.50   0.151
   0.0232   0.094   8.632   8.656   SO 0.702 4.945244+3  0.50   0.096
   0.0170   0.069   8.664   8.682   SO 0.702 4.230286+3  0.50   0.070
   0.0108   0.044   8.696   8.707   SO 0.702 3.367768+3  0.50   0.044
   0.0079   0.032   8.710   8.719   SO 0.702 2.881088+3  0.50   0.032
   0.0050   0.020   8.725   8.730   SO 0.702 2.293697+3  0.50   0.021

Upstream head=  11.9068 Elevation=  461.9068
  Depth at section 1= 12.9068 Gate opening=  4.0000

  Partial  Drop    Head    Head   Flow Cont.  Discharge Local  Energy
   free    sect.   sect.   sect.  type coef.            power   loss
   drop    1->4     3       4           Cc                      1->4
 --------  ------  ------  ------  ---  ---- --------- -----  ------
   1.0000   6.358   2.808   5.549   FO 0.702 4.304229+4         6.259
   0.9900   6.295   2.940   5.612   SO 0.702 4.272916+4  0.73   6.200
   0.8892   5.654   4.150   6.253   SO 0.702 3.974186+4  0.67   5.594
   0.7884   5.013   5.217   6.894   SO 0.702 3.690546+4  0.62   4.977
   0.7081   4.502   6.005   7.404   SO 0.702 3.466516+4  0.58   4.481
   0.6279   3.992   6.753   7.915   SO 0.702 3.239356+4  0.56   3.980
   0.5639   3.586   7.327   8.321   SO 0.702 3.053667+4  0.55   3.580
   0.5000   3.179   7.885   8.728   SO 0.702 2.861553+4  0.54   3.178
   0.3660   2.327   9.014   9.579   SO 0.702 2.427037+4  0.53   2.331
   0.2321   1.476  10.099  10.431   SO 0.702 1.918622+4  0.52   1.480
   0.1699   1.080  10.591  10.827   SO 0.702 1.636542+4  0.51   1.084
   0.1077   0.685  11.078  11.222   SO 0.702 1.299350+4  0.51   0.688
   0.0789   0.501  11.301  11.405   SO 0.702 1.110326+4  0.50   0.504
   0.0500   0.318  11.524  11.589   SO 0.702 8.830114+3  0.50   0.319
   0.0366   0.233  11.627  11.674   SO 0.702 7.550914+3  0.50   0.234
   0.0232   0.148  11.729  11.759   SO 0.702 6.009131+3  0.50   0.148
   0.0170   0.108  11.777  11.799   SO 0.702 5.140493+3  0.50   0.109
   0.0108   0.068  11.825  11.838   SO 0.702 4.091749+3  0.50   0.069
   0.0079   0.050  11.847  11.857   SO 0.702 3.500806+3  0.50   0.050
   0.0050   0.032  11.869  11.875   SO 0.702 2.787689+3  0.50   0.032

Upstream head=  16.7387 Elevation=  466.7387
  Depth at section 1= 17.7387 Gate opening=  4.0000

  Partial  Drop    Head    Head   Flow Cont.  Discharge Local  Energy
   free    sect.   sect.   sect.  type coef.            power   loss
   drop    1->4     3       4           Cc                      1->4
 --------  ------  ------  ------  ---  ---- --------- -----  ------
   1.0000   9.968   2.808   6.770   FO 0.702 5.309385+4         9.803
   0.9900   9.869   3.040   6.870   SO 0.702 5.264975+4  0.84   9.711
   0.8892   8.864   5.033   7.875   SO 0.702 4.866826+4  0.73   8.764
   0.7884   7.859   6.692   8.880   SO 0.702 4.508887+4  0.63   7.797
   0.7081   7.059   7.890   9.680   SO 0.702 4.231550+4  0.59   7.017
   0.6279   6.259   9.018  10.480   SO 0.702 3.952645+4  0.57   6.232
   0.5639   5.621   9.879  11.117   SO 0.702 3.725589+4  0.55   5.603
   0.5000   4.984  10.715  11.755   SO 0.702 3.491156+4  0.54   4.973
   0.3660   3.649  12.404  13.090   SO 0.702 2.961635+4  0.53   3.646
   0.2321   2.313  14.028  14.425   SO 0.702 2.342146+4  0.52   2.315
   0.1699   1.694  14.765  15.045   SO 0.702 1.998231+4  0.51   1.695
   0.1077   1.074  15.494  15.665   SO 0.702 1.586896+4  0.51   1.075
   0.0789   0.786  15.830  15.953   SO 0.702 1.356175+4  0.50   0.787
   0.0500   0.498  16.164  16.240   SO 0.702 1.078650+4  0.50   0.499
   0.0366   0.365  16.318  16.374   SO 0.702 9.224650+3  0.50   0.366
   0.0232   0.231  16.472  16.507   SO 0.702 7.341471+3  0.50   0.232
   0.0170   0.169  16.544  16.569   SO 0.702 6.280079+3  0.50   0.170
   0.0108   0.107  16.615  16.631   SO 0.702 4.999509+3  0.50   0.108
   0.0079   0.079  16.648  16.660   SO 0.702 4.276989+3  0.50   0.079
   0.0050   0.050  16.681  16.689   SO 0.702 3.404944+3  0.50   0.050

Upstream head=  24.1365 Elevation=  474.1365
  Depth at section 1= 25.1365 Gate opening=  4.0000

  Partial  Drop    Head    Head   Flow Cont.  Discharge Local  Energy
   free    sect.   sect.   sect.  type coef.            power   loss
   drop    1->4     3       4           Cc                      1->4
 --------  ------  ------  ------  ---  ---- --------- -----  ------
   1.0000  15.689   2.808   8.448   FO 0.702 6.558147+4        15.463
   0.9900  15.532   3.226   8.604   SO 0.702 6.493482+4  0.99  15.318
   0.8892  13.951   6.480  10.186   SO 0.702 5.966999+4  0.79  13.821
   0.7884  12.369   9.015  11.767   SO 0.702 5.522041+4  0.64  12.289
   0.7081  11.110  10.819  13.027   SO 0.702 5.182212+4  0.59  11.056
   0.6279   9.850  12.510  14.286   SO 0.702 4.841915+4  0.56   9.815
   0.5639   8.847  13.801  15.289   SO 0.702 4.565197+4  0.55   8.823
   0.5000   7.844  15.054  16.292   SO 0.702 4.279483+4  0.54   7.828
   0.3660   5.743  17.590  18.394   SO 0.702 3.633407+4  0.52   5.737
   0.2321   3.641  20.035  20.495   SO 0.702 2.875770+4  0.51   3.640
   0.1699   2.666  21.149  21.471   SO 0.702 2.454455+4  0.51   2.666
   0.1077   1.690  22.251  22.446   SO 0.702 1.949948+4  0.50   1.691
   0.0789   1.237  22.759  22.899   SO 0.702 1.666761+4  0.50   1.238
   0.0500   0.784  23.265  23.352   SO 0.702 1.325919+4  0.50   0.785
   0.0366   0.574  23.499  23.562   SO 0.702 1.133987+4  0.50   0.575
   0.0232   0.364  23.733  23.772   SO 0.702 9.025612+3  0.50   0.364
   0.0170   0.267  23.841  23.870   SO 0.702 7.720814+3  0.50   0.267
   0.0108   0.169  23.949  23.967   SO 0.702 6.146816+3  0.50   0.169
   0.0079   0.124  23.999  24.013   SO 0.702 5.258721+3  0.50   0.124
   0.0050   0.078  24.050  24.058   SO 0.702 4.186694+3  0.50   0.078

Upstream head=  35.4627 Elevation=  485.4627
  Depth at section 1= 36.4627 Gate opening=  4.0000

  Partial  Drop    Head    Head   Flow Cont.  Discharge Local  Energy
   free    sect.   sect.   sect.  type coef.            power   loss
   drop    1->4     3       4           Cc                      1->4
 --------  ------  ------  ------  ---  ---- --------- -----  ------
   1.0000  24.773   2.808  10.690   FO 0.702 8.107386+4        24.498
   0.9900  24.525   3.571  10.937   SO 0.702 8.012066+4  1.18  24.267
   0.8892  22.028   8.764  13.435   SO 0.702 7.330762+4  0.83  21.881
   0.7884  19.531  12.582  15.932   SO 0.702 6.786379+4  0.64  19.443
   0.7081  17.542  15.283  17.920   SO 0.702 6.373250+4  0.58  17.484
   0.6279  15.554  17.819  19.909   SO 0.702 5.959434+4  0.56  15.516
   0.5639  13.970  19.758  21.493   SO 0.702 5.622389+4  0.54  13.943
   0.5000  12.386  21.645  23.076   SO 0.702 5.273730+4  0.53  12.368
   0.3660   9.068  25.479  26.395   SO 0.702 4.482913+4  0.52   9.061
   0.2321   5.749  29.195  29.713   SO 0.702 3.551831+4  0.51   5.748
   0.1699   4.209  30.893  31.254   SO 0.702 3.032902+4  0.51   4.208
   0.1077   2.669  32.576  32.794   SO 0.702 2.410567+4  0.50   2.669
   0.0789   1.954  33.353  33.509   SO 0.702 2.060891+4  0.50   1.954
   0.0500   1.239  34.127  34.224   SO 0.702 1.639760+4  0.50   1.239
   0.0366   0.907  34.485  34.556   SO 0.702 1.402535+4  0.50   0.907
   0.0232   0.575  34.844  34.888   SO 0.702 1.116392+4  0.50   0.575
   0.0170   0.421  35.010  35.042   SO 0.702 9.550654+3  0.50   0.421
   0.0108   0.267  35.175  35.196   SO 0.702 7.603847+3  0.50   0.267
   0.0079   0.195  35.252  35.267   SO 0.702 6.505470+3  0.50   0.195
   0.0050   0.124  35.329  35.339   SO 0.702 5.179613+3  0.50   0.124

Upstream head=  52.8034 Elevation=  502.8034
  Depth at section 1= 53.8034 Gate opening=  4.0000

  Partial  Drop    Head    Head   Flow Cont.  Discharge Local  Energy
   free    sect.   sect.   sect.  type coef.            power   loss
   drop    1->4     3       4           Cc                      1->4
 --------  ------  ------  ------  ---  ---- --------- -----  ------
   1.0000  39.184   2.808  13.620   FO 0.702 1.002723+5        38.872
   0.9900  38.792   4.191  14.011   SO 0.702 9.887489+4  1.40  38.503
   0.8892  34.842  12.250  17.961   SO 0.702 9.030784+4  0.84  34.690
   0.7884  30.893  17.948  21.911   SO 0.702 8.372362+4  0.63  30.806
   0.7081  27.747  21.991  25.056   SO 0.702 7.871919+4  0.57  27.691
   0.6279  24.602  25.804  28.202   SO 0.702 7.368668+4  0.55  24.565
   0.5639  22.097  28.735  30.707   SO 0.702 6.957285+4  0.53  22.071
   0.5000  19.592  31.597  33.212   SO 0.702 6.530459+4  0.53  19.575
   0.3660  14.343  37.441  38.461   SO 0.702 5.558401+4  0.52  14.336
   0.2321   9.094  43.139  43.710   SO 0.702 4.408639+4  0.51   9.092
   0.1699   6.657  45.750  46.146   SO 0.702 3.766260+4  0.50   6.657
   0.1077   4.221  48.344  48.582   SO 0.702 2.994729+4  0.50   4.221
   0.0789   3.090  49.543  49.713   SO 0.702 2.560805+4  0.50   3.090
   0.0500   1.959  50.738  50.844   SO 0.702 2.037887+4  0.50   1.959
   0.0366   1.434  51.292  51.369   SO 0.702 1.743200+4  0.50   1.434
   0.0232   0.909  51.846  51.894   SO 0.702 1.387690+4  0.50   0.909
   0.0170   0.666  52.103  52.138   SO 0.702 1.187183+4  0.50   0.666
   0.0108   0.422  52.359  52.381   SO 0.702 9.452154+3  0.50   0.422
   0.0079   0.309  52.478  52.494   SO 0.702 8.086885+3  0.50   0.309
   0.0050   0.196  52.597  52.608   SO 0.702 6.438756+3  0.50   0.196

Upstream head=  79.3525 Elevation=  529.3525
  Depth at section 1= 80.3525 Gate opening=  4.0000

  Partial  Drop    Head    Head   Flow Cont.  Discharge Local  Energy
   free    sect.   sect.   sect.  type coef.            power   loss
   drop    1->4     3       4           Cc                      1->4
 --------  ------  ------  ------  ---  ---- --------- -----  ------
   1.0000  61.971   2.808  17.381   FO 0.702 1.240459+5        61.634
   0.9900  61.352   5.244  18.001   SO 0.702 1.220561+5  1.61  61.045
   0.8892  55.105  17.437  24.248   SO 0.702 1.115645+5  0.84  54.958
   0.7884  48.858  25.912  30.494   SO 0.702 1.036474+5  0.61  48.779
   0.7081  43.884  31.982  35.469   SO 0.702 9.758363+4  0.56  43.834
   0.6279  38.909  37.752  40.444   SO 0.702 9.144839+4  0.54  38.877
   0.5639  34.947  42.209  44.405   SO 0.702 8.641003+4  0.53  34.925
   0.5000  30.986  46.582  48.367   SO 0.702 8.116448+4  0.52  30.971
   0.3660  22.684  55.551  56.669   SO 0.702 6.917105+4  0.51  22.678
   0.2321  14.382  64.353  64.970   SO 0.702 5.491204+4  0.51  14.380
   0.1699  10.529  68.397  68.824   SO 0.702 4.692969+4  0.50  10.528
   0.1077   6.676  72.421  72.677   SO 0.702 3.732972+4  0.50   6.675
   0.0789   4.887  74.282  74.465   SO 0.702 3.192595+4  0.50   4.887
   0.0500   3.099  76.141  76.254   SO 0.702 2.541056+4  0.50   3.099
   0.0366   2.268  77.002  77.084   SO 0.702 2.173744+4  0.50   2.268
   0.0232   1.438  77.863  77.914   SO 0.702 1.730558+4  0.50   1.438
   0.0170   1.053  78.262  78.300   SO 0.702 1.480578+4  0.50   1.053
   0.0108   0.668  78.661  78.685   SO 0.702 1.178795+4  0.50   0.668
   0.0079   0.489  78.847  78.864   SO 0.702 1.008575+4  0.50   0.489
   0.0050   0.310  79.035  79.043   SO 0.702 7.986542+3  0.51   0.310

Upstream head= 120.0000 Elevation=  570.0000
  Depth at section 1=121.0000 Gate opening=  4.0000

  Partial  Drop    Head    Head   Flow Cont.  Discharge Local  Energy
   free    sect.   sect.   sect.  type coef.            power   loss
   drop    1->4     3       4           Cc                      1->4
 --------  ------  ------  ------  ---  ---- --------- -----  ------
   1.0000  97.849   2.808  22.151   FO 0.702 1.534735+5        97.495
   0.9900  96.871   6.935  23.129   SO 0.702 1.507465+5  1.78  96.555
   0.8892  87.008  25.027  32.992   SO 0.702 1.381605+5  0.81  86.871
   0.7884  77.145  37.658  42.855   SO 0.702 1.286457+5  0.59  77.075
   0.7081  69.290  46.817  50.710   SO 0.702 1.212796+5  0.55  69.248
   0.6279  61.435  55.595  58.565   SO 0.702 1.137741+5  0.53  61.409
   0.5639  55.180  62.416  64.820   SO 0.702 1.075805+5  0.52  55.162
   0.5000  48.925  69.134  71.075   SO 0.702 1.011106+5  0.52  48.913
   0.3660  35.817  82.982  84.183   SO 0.702 8.625618+4  0.51  35.812
   0.2321  22.709  96.633  97.291   SO 0.702 6.853141+4  0.50  22.707
   0.1699  16.625 102.922 103.375   SO 0.702 5.858798+4  0.50  16.624
   0.1077  10.541 109.188 109.459   SO 0.702 4.661684+4  0.50  10.540
   0.0789   7.716 112.090 112.284   SO 0.702 3.987355+4  0.50   7.716
   0.0500   4.892 114.988 115.108   SO 0.702 3.174012+4  0.50   4.892
   0.0366   3.582 116.331 116.418   SO 0.702 2.715371+4  0.50   3.582
   0.0232   2.271 117.675 117.729   SO 0.702 2.161854+4  0.50   2.271
   0.0170   1.662 118.298 118.338   SO 0.702 1.849612+4  0.50   1.662
   0.0108   1.054 118.921 118.946   SO 0.702 1.472697+4  0.50   1.054
   0.0079   0.772 119.216 119.228   SO 0.702 1.255275+4  0.51   0.772
   0.0050   0.489 119.503 119.511   SO 0.702 9.994997+3  0.50   0.489

Two-D table computations for gate opening=   8.000  Two-D table id= 5905
     Head at section 1 for FW/FO boundary=  11.7115
     Head-relative gate opening at FW/FO boundary=   0.6831
 FW flow at its upper limit=    82432.4    
 Non-standard FO flow=    82432.4    

Upstream head=   2.0000 Elevation=  452.0000
  Depth at section 1=  3.0000 Gate opening=  8.0000

  Partial  Drop    Head    Head   Flow Cont.  Discharge Local  Energy
   free    sect.   sect.   sect.  type coef.            power   loss
   drop    1->4     3       4           Cc                      1->4
 --------  ------  ------  ------  ---  ---- --------- -----  ------
   1.0000   0.505   1.340   1.495   FW  ---  5.653722+3         0.532
   0.9900   0.500   1.346   1.500   SW  ---  5.654622+3 -0.02   0.527
   0.8892   0.449   1.407   1.551   SW  ---  5.643913+3  0.02   0.476
   0.7884   0.398   1.468   1.602   SW  ---  5.593092+3  0.08   0.425
   0.7081   0.358   1.518   1.642   SW  ---  5.518538+3  0.12   0.384
   0.6279   0.317   1.569   1.683   SW  ---  5.408240+3  0.17   0.343
   0.5639   0.285   1.610   1.715   SW  ---  5.290365+3  0.21   0.309
   0.5000   0.253   1.652   1.747   SW  ---  5.140896+3  0.24   0.276
   0.3660   0.185   1.741   1.815   SW  ---  4.697717+3  0.29   0.204
   0.2321   0.117   1.833   1.883   SW  ---  3.994279+3  0.36   0.131
   0.1699   0.086   1.877   1.914   SW  ---  3.520943+3  0.40   0.097
   0.1077   0.054   1.921   1.946   SW  ---  2.890684+3  0.43   0.062
   0.0789   0.040   1.942   1.960   SW  ---  2.509657+3  0.45   0.045
   0.0500   0.025   1.963   1.975   SW  ---  2.026923+3  0.47   0.029
   0.0366   0.018   1.973   1.982   SW  ---  1.745928+3  0.48   0.021
   0.0232   0.012   1.983   1.988   SW  ---  1.399062+3  0.49   0.013
   0.0170   0.009   1.987   1.991   SW  ---  1.200637+3  0.49   0.010
   0.0108   0.005   1.992   1.995   SW  ---  9.585223+2  0.49   0.006
   0.0079   0.004   1.994   1.996   SW  ---  8.235129+2  0.49   0.005
   0.0050   0.003   1.996   1.997   SW  ---  6.564497+2  0.50   0.003

Upstream head=   2.8284 Elevation=  452.8284
  Depth at section 1=  3.8284 Gate opening=  8.0000

  Partial  Drop    Head    Head   Flow Cont.  Discharge Local  Energy
   free    sect.   sect.   sect.  type coef.            power   loss
   drop    1->4     3       4           Cc                      1->4
 --------  ------  ------  ------  ---  ---- --------- -----  ------
   1.0000   0.656   1.904   2.173   FW  ---  9.574137+3         0.697
   0.9900   0.649   1.913   2.179   SW  ---  9.575661+3 -0.02   0.691
   0.8892   0.583   1.995   2.245   SW  ---  9.559175+3  0.02   0.625
   0.7884   0.517   2.080   2.311   SW  ---  9.478057+3  0.07   0.559
   0.7081   0.464   2.149   2.364   SW  ---  9.358169+3  0.12   0.505
   0.6279   0.412   2.219   2.417   SW  ---  9.179560+3  0.16   0.452
   0.5639   0.370   2.276   2.459   SW  ---  8.987693+3  0.20   0.408
   0.5000   0.328   2.334   2.501   SW  ---  8.743257+3  0.23   0.365
   0.3660   0.240   2.459   2.588   SW  ---  8.012022+3  0.28   0.271
   0.2321   0.152   2.589   2.676   SW  ---  6.837428+3  0.35   0.175
   0.1699   0.111   2.652   2.717   SW  ---  6.037912+3  0.40   0.130
   0.1077   0.071   2.715   2.758   SW  ---  4.967871+3  0.43   0.083
   0.0789   0.052   2.745   2.777   SW  ---  4.319331+3  0.45   0.061
   0.0500   0.033   2.775   2.796   SW  ---  3.491753+3  0.47   0.039
   0.0366   0.024   2.789   2.804   SW  ---  3.011576+3  0.47   0.029
   0.0232   0.015   2.804   2.813   SW  ---  2.415370+3  0.48   0.018
   0.0170   0.011   2.810   2.817   SW  ---  2.073041+3  0.49   0.013
   0.0108   0.007   2.817   2.821   SW  ---  1.658165+3  0.49   0.008
   0.0079   0.005   2.820   2.823   SW  ---  1.421658+3  0.49   0.006
   0.0050   0.003   2.823   2.825   SW  ---  1.134714+3  0.49   0.004

Upstream head=   4.0000 Elevation=  454.0000
  Depth at section 1=  5.0000 Gate opening=  8.0000

  Partial  Drop    Head    Head   Flow Cont.  Discharge Local  Energy
   free    sect.   sect.   sect.  type coef.            power   loss
   drop    1->4     3       4           Cc                      1->4
 --------  ------  ------  ------  ---  ---- --------- -----  ------
   1.0000   0.844   2.705   3.156   FW  ---  1.620764+4         0.902
   0.9900   0.836   2.716   3.164   SW  ---  1.621015+4 -0.02   0.894
   0.8892   0.751   2.830   3.249   SW  ---  1.618465+4  0.01   0.810
   0.7884   0.666   2.947   3.334   SW  ---  1.605493+4  0.07   0.725
   0.7081   0.598   3.042   3.402   SW  ---  1.586173+4  0.11   0.657
   0.6279   0.530   3.139   3.470   SW  ---  1.557227+4  0.15   0.588
   0.5639   0.476   3.219   3.524   SW  ---  1.525978+4  0.19   0.532
   0.5000   0.422   3.300   3.578   SW  ---  1.485997+4  0.22   0.476
   0.3660   0.309   3.475   3.691   SW  ---  1.365439+4  0.27   0.356
   0.2321   0.196   3.658   3.804   SW  ---  1.169589+4  0.34   0.231
   0.1699   0.143   3.746   3.857   SW  ---  1.036106+4  0.39   0.171
   0.1077   0.091   3.838   3.909   SW  ---  8.531474+3  0.43   0.110
   0.0789   0.067   3.880   3.933   SW  ---  7.429163+3  0.44   0.081
   0.0500   0.042   3.923   3.958   SW  ---  6.014471+3  0.46   0.052
   0.0366   0.031   3.944   3.969   SW  ---  5.190566+3  0.47   0.038
   0.0232   0.020   3.964   3.980   SW  ---  4.164928+3  0.48   0.024
   0.0170   0.014   3.974   3.986   SW  ---  3.577650+3  0.49   0.018
   0.0108   0.009   3.983   3.991   SW  ---  2.859320+3  0.49   0.011
   0.0079   0.007   3.988   3.993   SW  ---  2.450074+3  0.50   0.008
   0.0050   0.004   3.992   3.996   SW  ---  1.952747+3  0.50   0.005

Upstream head=   5.6569 Elevation=  455.6569
  Depth at section 1=  6.6569 Gate opening=  8.0000

  Partial  Drop    Head    Head   Flow Cont.  Discharge Local  Energy
   free    sect.   sect.   sect.  type coef.            power   loss
   drop    1->4     3       4           Cc                      1->4
 --------  ------  ------  ------  ---  ---- --------- -----  ------
   1.0000   1.085   3.840   4.572   FW  ---  2.741748+4         1.158
   0.9900   1.074   3.856   4.582   SW  ---  2.742171+4 -0.02   1.147
   0.8892   0.965   4.013   4.692   SW  ---  2.738181+4  0.01   1.041
   0.7884   0.856   4.174   4.801   SW  ---  2.717279+4  0.06   0.933
   0.7081   0.769   4.306   4.888   SW  ---  2.685939+4  0.11   0.846
   0.6279   0.681   4.442   4.975   SW  ---  2.638768+4  0.15   0.758
   0.5639   0.612   4.552   5.045   SW  ---  2.587612+4  0.18   0.687
   0.5000   0.543   4.665   5.114   SW  ---  2.521990+4  0.21   0.615
   0.3660   0.397   4.910   5.260   SW  ---  2.322727+4  0.26   0.461
   0.2321   0.252   5.169   5.405   SW  ---  1.996087+4  0.33   0.300
   0.1699   0.184   5.294   5.472   SW  ---  1.771663+4  0.38   0.223
   0.1077   0.117   5.423   5.540   SW  ---  1.464587+4  0.42   0.144
   0.0789   0.086   5.485   5.571   SW  ---  1.274269+4  0.45   0.106
   0.0500   0.054   5.547   5.603   SW  ---  1.032895+4  0.46   0.068
   0.0366   0.040   5.576   5.617   SW  ---  8.919517+3  0.47   0.050
   0.0232   0.025   5.605   5.632   SW  ---  7.164688+3  0.48   0.032
   0.0170   0.018   5.619   5.638   SW  ---  6.152997+3  0.49   0.023
   0.0108   0.012   5.633   5.645   SW  ---  4.918767+3  0.49   0.015
   0.0079   0.009   5.639   5.648   SW  ---  4.221189+3  0.49   0.011
   0.0050   0.005   5.646   5.651   SW  ---  3.365220+3  0.50   0.007

Upstream head=   8.0000 Elevation=  458.0000
  Depth at section 1=  9.0000 Gate opening=  8.0000

  Partial  Drop    Head    Head   Flow Cont.  Discharge Local  Energy
   free    sect.   sect.   sect.  type coef.            power   loss
   drop    1->4     3       4           Cc                      1->4
 --------  ------  ------  ------  ---  ---- --------- -----  ------
   1.0000   1.402   5.449   6.598   FW  ---  4.633817+4         1.482
   0.9900   1.388   5.471   6.612   SW  ---  4.634534+4 -0.02   1.468
   0.8892   1.247   5.689   6.753   SW  ---  4.628164+4  0.01   1.332
   0.7884   1.105   5.913   6.895   SW  ---  4.594021+4  0.06   1.195
   0.7081   0.993   6.098   7.007   SW  ---  4.542608+4  0.10   1.084
   0.6279   0.880   6.287   7.120   SW  ---  4.464982+4  0.14   0.972
   0.5639   0.791   6.441   7.209   SW  ---  4.380593+4  0.18   0.881
   0.5000   0.701   6.599   7.299   SW  ---  4.272027+4  0.21   0.790
   0.3660   0.513   6.943   7.487   SW  ---  3.941099+4  0.26   0.593
   0.2321   0.325   7.307   7.675   SW  ---  3.394812+4  0.33   0.388
   0.1699   0.238   7.483   7.762   SW  ---  3.017403+4  0.38   0.288
   0.1077   0.151   7.666   7.849   SW  ---  2.498661+4  0.41   0.186
   0.0789   0.111   7.754   7.889   SW  ---  2.175417+4  0.44   0.137
   0.0500   0.070   7.843   7.930   SW  ---  1.765202+4  0.46   0.088
   0.0366   0.051   7.884   7.949   SW  ---  1.525182+4  0.47   0.065
   0.0232   0.033   7.926   7.967   SW  ---  1.225166+4  0.48   0.041
   0.0170   0.024   7.946   7.976   SW  ---  1.053513+4  0.48   0.030
   0.0108   0.015   7.966   7.985   SW  ---  8.422759+3  0.49   0.019
   0.0079   0.011   7.975   7.989   SW  ---  7.218567+3  0.49   0.014
   0.0050   0.007   7.984   7.993   SW  ---  5.765193+3  0.49   0.009

Upstream head=   9.8557 Elevation=  459.8557
  Depth at section 1= 10.8557 Gate opening=  8.0000

  Partial  Drop    Head    Head   Flow Cont.  Discharge Local  Energy
   free    sect.   sect.   sect.  type coef.            power   loss
   drop    1->4     3       4           Cc                      1->4
 --------  ------  ------  ------  ---  ---- --------- -----  ------
   1.0000   1.643   6.724   8.212   FW  ---  6.352202+4         1.721
   0.9900   1.627   6.752   8.229   SW  ---  6.353190+4 -0.02   1.705
   0.8892   1.461   7.017   8.394   SW  ---  6.344641+4  0.01   1.547
   0.7884   1.296   7.293   8.560   SW  ---  6.298431+4  0.06   1.387
   0.7081   1.164   7.518   8.692   SW  ---  6.228727+4  0.10   1.259
   0.6279   1.032   7.750   8.824   SW  ---  6.123392+4  0.14   1.129
   0.5639   0.927   7.939   8.929   SW  ---  6.008734+4  0.18   1.024
   0.5000   0.822   8.161   9.034   SO 1.000 5.701497+4  0.44   0.913
   0.3660   0.602   8.640   9.254   SO 1.000 4.829582+4  0.53   0.672
   0.2321   0.381   9.099   9.474   SO 1.000 3.810730+4  0.52   0.428
   0.1699   0.279   9.306   9.577   SO 1.000 3.247712+4  0.51   0.314
   0.1077   0.177   9.510   9.679   SO 1.000 2.576099+4  0.51   0.199
   0.0789   0.130   9.602   9.726   SO 1.000 2.203992+4  0.50   0.146
   0.0500   0.082   9.696   9.774   SO 1.000 1.751997+4  0.50   0.093
   0.0366   0.060   9.739   9.796   SO 1.000 1.496720+4  0.50   0.068
   0.0232   0.038   9.782   9.818   SO 1.000 1.190620+4  0.50   0.043
   0.0170   0.028   9.802   9.828   SO 1.000 1.017822+4  0.50   0.032
   0.0108   0.018   9.821   9.838   SO 1.000 8.106458+3  0.50   0.020
   0.0079   0.013   9.831   9.843   SO 1.000 6.929738+3  0.50   0.015
   0.0050   0.008   9.840   9.848   SO 1.000 5.520509+3  0.50   0.009

Upstream head=  11.7115 Elevation=  461.7115
  Depth at section 1= 12.7115 Gate opening=  8.0000

  Partial  Drop    Head    Head   Flow Cont.  Discharge Local  Energy
   free    sect.   sect.   sect.  type coef.            power   loss
   drop    1->4     3       4           Cc                      1->4
 --------  ------  ------  ------  ---  ---- --------- -----  ------
   1.0000   1.881   8.000   9.831   FW  ---  8.243229+4         1.951
   0.9900   1.862   8.044   9.850   SO 1.000 8.194190+4  0.59   1.932
   0.8892   1.672   8.472  10.039   SO 1.000 7.701261+4  0.58   1.743
   0.7884   1.483   8.883  10.229   SO 1.000 7.196416+4  0.56   1.552
   0.7081   1.332   9.199  10.380   SO 1.000 6.781714+4  0.55   1.399
   0.6279   1.181   9.508  10.531   SO 1.000 6.351966+4  0.54   1.244
   0.5639   1.060   9.748  10.651   SO 1.000 5.995786+4  0.54   1.120
   0.5000   0.940   9.984  10.771   SO 1.000 5.624075+4  0.53   0.995
   0.3660   0.688  10.466  11.023   SO 1.000 4.775780+4  0.52   0.732
   0.2321   0.436  10.933  11.275   SO 1.000 3.776246+4  0.52   0.466
   0.1699   0.320  11.145  11.392   SO 1.000 3.221026+4  0.51   0.342
   0.1077   0.203  11.354  11.509   SO 1.000 2.557231+4  0.51   0.217
   0.0789   0.148  11.450  11.563   SO 1.000 2.187528+4  0.50   0.159
   0.0500   0.094  11.546  11.617   SO 1.000 1.739579+4  0.50   0.101
   0.0366   0.069  11.591  11.643   SO 1.000 1.486720+4  0.50   0.074
   0.0232   0.044  11.635  11.668   SO 1.000 1.182937+4  0.50   0.047
   0.0170   0.032  11.656  11.680   SO 1.000 1.011633+4  0.50   0.034
   0.0108   0.020  11.676  11.691   SO 1.000 8.053994+3  0.50   0.022
   0.0079   0.015  11.686  11.697   SO 1.000 6.888534+3  0.50   0.016
   0.0050   0.009  11.695  11.702   SO 1.000 5.483149+3  0.50   0.010

Upstream head=  12.5115 Elevation=  462.5114
  Depth at section 1= 13.5115 Gate opening=  8.0000

  Partial  Drop    Head    Head   Flow Cont.  Discharge Local  Energy
   free    sect.   sect.   sect.  type coef.            power   loss
   drop    1->4     3       4           Cc                      1->4
 --------  ------  ------  ------  ---  ---- --------- -----  ------
   1.0000   3.212   6.682   9.299   FO 0.835 8.434176+4         3.199
   0.9900   3.180   6.757   9.331   SO 0.835 8.379673+4  0.65   3.169
   0.8892   2.856   7.478   9.655   SO 0.835 7.837533+4  0.62   2.864
   0.7884   2.533   8.149   9.979   SO 0.835 7.295951+4  0.60   2.553
   0.7081   2.275   8.656  10.237   SO 0.835 6.859340+4  0.57   2.302
   0.6279   2.017   9.142  10.495   SO 0.835 6.412000+4  0.56   2.049
   0.5639   1.812   9.518  10.700   SO 0.835 6.044233+4  0.55   1.845
   0.5000   1.606   9.884  10.905   SO 0.835 5.662770+4  0.54   1.640
   0.3660   1.176  10.623  11.336   SO 0.835 4.800248+4  0.53   1.206
   0.2321   0.746  11.335  11.766   SO 0.835 3.789145+4  0.52   0.768
   0.1699   0.546  11.657  11.966   SO 0.835 3.229908+4  0.51   0.563
   0.1077   0.346  11.973  12.165   SO 0.835 2.562620+4  0.51   0.358
   0.0789   0.253  12.119  12.258   SO 0.835 2.189079+4  0.51   0.262
   0.0500   0.161  12.263  12.351   SO 0.835 1.740313+4  0.50   0.166
   0.0366   0.118  12.330  12.394   SO 0.835 1.487991+4  0.50   0.122
   0.0232   0.075  12.397  12.437   SO 0.835 1.184027+4  0.50   0.077
   0.0170   0.055  12.427  12.457   SO 0.835 1.012627+4  0.50   0.057
   0.0108   0.035  12.458  12.477   SO 0.835 8.062280+3  0.50   0.036
   0.0079   0.025  12.472  12.486   SO 0.835 6.896883+3  0.50   0.026
   0.0050   0.016  12.487  12.495   SO 0.835 5.490472+3  0.50   0.017

Upstream head=  13.3115 Elevation=  463.3115
  Depth at section 1= 14.3115 Gate opening=  8.0000

  Partial  Drop    Head    Head   Flow Cont.  Discharge Local  Energy
   free    sect.   sect.   sect.  type coef.            power   loss
   drop    1->4     3       4           Cc                      1->4
 --------  ------  ------  ------  ---  ---- --------- -----  ------
   1.0000   4.741   5.364   8.571   FO 0.671 7.787117+4         4.646
   0.9900   4.693   5.476   8.618   SO 0.671 7.732061+4  0.71   4.603
   0.8892   4.215   6.522   9.096   SO 0.671 7.197869+4  0.67   4.162
   0.7884   3.738   7.460   9.574   SO 0.671 6.681890+4  0.62   3.711
   0.7081   3.357   8.156   9.954   SO 0.671 6.272230+4  0.59   3.346
   0.6279   2.976   8.817  10.335   SO 0.671 5.856425+4  0.57   2.977
   0.5639   2.673   9.323  10.638   SO 0.671 5.516748+4  0.56   2.680
   0.5000   2.370   9.814  10.941   SO 0.671 5.165726+4  0.55   2.382
   0.3660   1.735  10.804  11.576   SO 0.671 4.374041+4  0.53   1.751
   0.2321   1.100  11.749  12.211   SO 0.671 3.452356+4  0.52   1.114
   0.1699   0.805  12.177  12.506   SO 0.671 2.942416+4  0.51   0.817
   0.1077   0.511  12.597  12.801   SO 0.671 2.334300+4  0.51   0.519
   0.0789   0.374  12.790  12.938   SO 0.671 1.994004+4  0.51   0.380
   0.0500   0.237  12.982  13.074   SO 0.671 1.585134+4  0.50   0.241
   0.0366   0.174  13.071  13.138   SO 0.671 1.355261+4  0.50   0.176
   0.0232   0.110  13.159  13.201   SO 0.671 1.078330+4  0.50   0.112
   0.0170   0.081  13.200  13.231   SO 0.671 9.222980+3  0.50   0.082
   0.0108   0.051  13.241  13.260   SO 0.671 7.343020+3  0.50   0.052
   0.0079   0.037  13.260  13.274   SO 0.671 6.280397+3  0.50   0.038
   0.0050   0.024  13.279  13.288   SO 0.671 5.000905+3  0.50   0.024

Upstream head=  17.7636 Elevation=  467.7636
  Depth at section 1= 18.7636 Gate opening=  8.0000

  Partial  Drop    Head    Head   Flow Cont.  Discharge Local  Energy
   free    sect.   sect.   sect.  type coef.            power   loss
   drop    1->4     3       4           Cc                      1->4
 --------  ------  ------  ------  ---  ---- --------- -----  ------
   1.0000   7.654   5.364  10.110   FO 0.671 9.646082+4         7.435
   0.9900   7.577   5.567  10.187   SO 0.671 9.566939+4  0.82   7.367
   0.8892   6.806   7.350  10.958   SO 0.671 8.839859+4  0.74   6.668
   0.7884   6.034   8.856  11.730   SO 0.671 8.175735+4  0.65   5.947
   0.7081   5.420   9.943  12.344   SO 0.671 7.660865+4  0.61   5.363
   0.6279   4.805  10.961  12.958   SO 0.671 7.144538+4  0.58   4.770
   0.5639   4.316  11.736  13.448   SO 0.671 6.725680+4  0.56   4.294
   0.5000   3.827  12.483  13.937   SO 0.671 6.294718+4  0.55   3.815
   0.3660   2.801  13.982  14.962   SO 0.671 5.326771+4  0.54   2.803
   0.2321   1.776  15.410  15.987   SO 0.671 4.202220+4  0.52   1.783
   0.1699   1.300  16.053  16.463   SO 0.671 3.582411+4  0.51   1.307
   0.1077   0.824  16.687  16.939   SO 0.671 2.842007+4  0.51   0.829
   0.0789   0.604  16.978  17.160   SO 0.671 2.427694+4  0.51   0.607
   0.0500   0.383  17.267  17.381   SO 0.671 1.930009+4  0.50   0.385
   0.0366   0.280  17.401  17.483   SO 0.671 1.650121+4  0.50   0.282
   0.0232   0.178  17.534  17.586   SO 0.671 1.313043+4  0.50   0.179
   0.0170   0.130  17.596  17.634   SO 0.671 1.123028+4  0.50   0.131
   0.0108   0.082  17.657  17.681   SO 0.671 8.939830+3  0.50   0.083
   0.0079   0.060  17.686  17.703   SO 0.671 7.647650+3  0.50   0.061
   0.0050   0.038  17.714  17.725   SO 0.671 6.088021+3  0.50   0.039

Upstream head=  24.7098 Elevation=  474.7098
  Depth at section 1= 25.7098 Gate opening=  8.0000

  Partial  Drop    Head    Head   Flow Cont.  Discharge Local  Energy
   free    sect.   sect.   sect.  type coef.            power   loss
   drop    1->4     3       4           Cc                      1->4
 --------  ------  ------  ------  ---  ---- --------- -----  ------
   1.0000  12.414   5.364  12.295   FO 0.671 1.198459+5        12.065
   0.9900  12.290   5.745  12.420   SO 0.671 1.186607+5  0.99  11.957
   0.8892  11.039   8.783  13.671   SO 0.671 1.087435+5  0.81  10.823
   0.7884   9.788  11.158  14.922   SO 0.671 1.003084+5  0.67   9.649
   0.7081   8.791  12.832  15.919   SO 0.671 9.390959+4  0.61   8.695
   0.6279   7.794  14.386  16.915   SO 0.671 8.754830+4  0.58   7.731
   0.5639   7.001  15.563  17.709   SO 0.671 8.240927+4  0.56   6.956
   0.5000   6.207  16.697  18.503   SO 0.671 7.713220+4  0.55   6.178
   0.3660   4.544  18.968  20.166   SO 0.671 6.529374+4  0.53   4.535
   0.2321   2.881  21.132  21.829   SO 0.671 5.153692+4  0.52   2.882
   0.1699   2.109  22.109  22.601   SO 0.671 4.394707+4  0.51   2.111
   0.1077   1.337  23.072  23.373   SO 0.671 3.487485+4  0.51   1.340
   0.0789   0.979  23.514  23.731   SO 0.671 2.979479+4  0.50   0.981
   0.0500   0.621  23.954  24.089   SO 0.671 2.369036+4  0.50   0.622
   0.0366   0.454  24.157  24.255   SO 0.671 2.025629+4  0.50   0.456
   0.0232   0.288  24.360  24.422   SO 0.671 1.611912+4  0.50   0.289
   0.0170   0.211  24.454  24.499   SO 0.671 1.378715+4  0.50   0.211
   0.0108   0.134  24.548  24.576   SO 0.671 1.097522+4  0.50   0.134
   0.0079   0.098  24.591  24.612   SO 0.671 9.389344+3  0.50   0.098
   0.0050   0.062  24.635  24.648   SO 0.671 7.475360+3  0.50   0.062

Upstream head=  35.5475 Elevation=  485.5475
  Depth at section 1= 36.5475 Gate opening=  8.0000

  Partial  Drop    Head    Head   Flow Cont.  Discharge Local  Energy
   free    sect.   sect.   sect.  type coef.            power   loss
   drop    1->4     3       4           Cc                      1->4
 --------  ------  ------  ------  ---  ---- --------- -----  ------
   1.0000  20.243   5.364  15.305   FO 0.671 1.492420+5        19.778
   0.9900  20.040   6.098  15.507   SO 0.671 1.474177+5  1.22  19.600
   0.8892  18.000  11.160  17.548   SO 0.671 1.341494+5  0.88  17.727
   0.7884  15.959  14.829  19.588   SO 0.671 1.236469+5  0.68  15.786
   0.7081  14.334  17.380  21.213   SO 0.671 1.157846+5  0.61  14.215
   0.6279  12.709  19.743  22.838   SO 0.671 1.079944+5  0.58  12.629
   0.5639  11.415  21.530  24.132   SO 0.671 1.017037+5  0.56  11.358
   0.5000  10.121  23.255  25.426   SO 0.671 9.524023+4  0.55  10.082
   0.3660   7.410  26.719  28.138   SO 0.671 8.071336+4  0.53   7.394
   0.2321   4.698  30.035  30.850   SO 0.671 6.377881+4  0.52   4.695
   0.1699   3.439  31.536  32.108   SO 0.671 5.441080+4  0.51   3.439
   0.1077   2.181  33.018  33.367   SO 0.671 4.320041+4  0.51   2.181
   0.0789   1.596  33.701  33.951   SO 0.671 3.691638+4  0.50   1.597
   0.0500   1.012  34.379  34.535   SO 0.671 2.935919+4  0.50   1.013
   0.0366   0.741  34.693  34.807   SO 0.671 2.510677+4  0.50   0.742
   0.0232   0.470  35.007  35.078   SO 0.671 1.998054+4  0.50   0.470
   0.0170   0.344  35.152  35.204   SO 0.671 1.709169+4  0.50   0.344
   0.0108   0.218  35.297  35.329   SO 0.671 1.360566+4  0.50   0.218
   0.0079   0.160  35.364  35.388   SO 0.671 1.164019+4  0.50   0.160
   0.0050   0.101  35.431  35.446   SO 0.671 9.268197+3  0.50   0.101

Upstream head=  52.4566 Elevation=  502.4566
  Depth at section 1= 53.4566 Gate opening=  8.0000

  Partial  Drop    Head    Head   Flow Cont.  Discharge Local  Energy
   free    sect.   sect.   sect.  type coef.            power   loss
   drop    1->4     3       4           Cc                      1->4
 --------  ------  ------  ------  ---  ---- --------- -----  ------
   1.0000  33.127   5.364  19.330   FO 0.671 1.861211+5        32.571
   0.9900  32.796   6.772  19.661   SO 0.671 1.833190+5  1.51  32.275
   0.8892  29.456  14.924  23.000   SO 0.671 1.661601+5  0.92  29.152
   0.7884  26.117  20.507  26.339   SO 0.671 1.533039+5  0.67  25.931
   0.7081  23.458  24.381  28.999   SO 0.671 1.437108+5  0.60  23.331
   0.6279  20.799  27.978  31.658   SO 0.671 1.341876+5  0.57  20.714
   0.5639  18.681  30.711  33.776   SO 0.671 1.264770+5  0.55  18.621
   0.5000  16.563  33.356  35.893   SO 0.671 1.185340+5  0.54  16.521
   0.3660  12.126  38.696  40.331   SO 0.671 1.006099+5  0.53  12.108
   0.2321   7.688  43.838  44.769   SO 0.671 7.962251+4  0.51   7.683
   0.1699   5.628  46.179  46.828   SO 0.671 6.795453+4  0.51   5.626
   0.1077   3.568  48.495  48.888   SO 0.671 5.398527+4  0.51   3.568
   0.0789   2.612  49.562  49.844   SO 0.671 4.614449+4  0.50   2.613
   0.0500   1.656  50.625  50.800   SO 0.671 3.670786+4  0.50   1.657
   0.0366   1.213  51.117  51.244   SO 0.671 3.139448+4  0.50   1.213
   0.0232   0.769  51.608  51.688   SO 0.671 2.498726+4  0.50   0.769
   0.0170   0.563  51.835  51.894   SO 0.671 2.137565+4  0.50   0.563
   0.0108   0.357  52.063  52.100   SO 0.671 1.701697+4  0.50   0.357
   0.0079   0.261  52.168  52.195   SO 0.671 1.455858+4  0.50   0.261
   0.0050   0.166  52.274  52.291   SO 0.671 1.159106+4  0.50   0.166

Upstream head=  78.8385 Elevation=  528.8385
  Depth at section 1= 79.8385 Gate opening=  8.0000

  Partial  Drop    Head    Head   Flow Cont.  Discharge Local  Energy
   free    sect.   sect.   sect.  type coef.            power   loss
   drop    1->4     3       4           Cc                      1->4
 --------  ------  ------  ------  ---  ---- --------- -----  ------
   1.0000  54.249   5.364  24.589   FO 0.671 2.323036+5        53.629
   0.9900  53.707   7.976  25.132   SO 0.671 2.281379+5  1.80  53.134
   0.8892  48.238  20.663  30.600   SO 0.671 2.067094+5  0.92  47.926
   0.7884  42.770  29.100  36.068   SO 0.671 1.911328+5  0.65  42.587
   0.7081  38.415  34.995  40.423   SO 0.671 1.794488+5  0.59  38.294
   0.6279  34.061  40.509  44.778   SO 0.671 1.677866+5  0.56  33.981
   0.5639  30.593  44.720  48.246   SO 0.671 1.583001+5  0.54  30.536
   0.5000  27.125  48.818  51.714   SO 0.671 1.484911+5  0.53  27.085
   0.3660  19.857  57.139  58.981   SO 0.671 1.262442+5  0.52  19.841
   0.2321  12.590  65.212  66.248   SO 0.671 1.000424+5  0.51  12.585
   0.1699   9.217  68.901  69.622   SO 0.671 8.543309+4  0.51   9.215
   0.1077   5.844  72.560  72.995   SO 0.671 6.790850+4  0.50   5.843
   0.0789   4.278  74.249  74.560   SO 0.671 5.805998+4  0.50   4.278
   0.0500   2.712  75.933  76.126   SO 0.671 4.619761+4  0.50   2.713
   0.0366   1.986  76.713  76.853   SO 0.671 3.951452+4  0.50   1.986
   0.0232   1.259  77.492  77.580   SO 0.671 3.145356+4  0.50   1.259
   0.0170   0.922  77.853  77.917   SO 0.671 2.690873+4  0.50   0.922
   0.0108   0.584  78.214  78.254   SO 0.671 2.142276+4  0.50   0.584
   0.0079   0.428  78.381  78.411   SO 0.671 1.832870+4  0.50   0.428
   0.0050   0.271  78.549  78.567   SO 0.671 1.459389+4  0.50   0.271

Upstream head= 120.0000 Elevation=  570.0000
  Depth at section 1=121.0000 Gate opening=  8.0000

  Partial  Drop    Head    Head   Flow Cont.  Discharge Local  Energy
   free    sect.   sect.   sect.  type coef.            power   loss
   drop    1->4     3       4           Cc                      1->4
 --------  ------  ------  ------  ---  ---- --------- -----  ------
   1.0000  88.649   5.364  31.351   FO 0.671 2.900655+5        87.985
   0.9900  87.763   9.990  32.237   SO 0.671 2.841526+5  2.05  87.159
   0.8892  78.827  29.207  41.173   SO 0.671 2.581441+5  0.89  78.524
   0.7884  69.891  41.960  50.109   SO 0.671 2.393280+5  0.63  69.722
   0.7081  62.775  50.979  57.225   SO 0.671 2.250743+5  0.57  62.666
   0.6279  55.659  59.490  64.341   SO 0.671 2.107408+5  0.55  55.589
   0.5639  49.992  66.036  70.008   SO 0.671 1.990165+5  0.53  49.943
   0.5000  44.325  72.435  75.675   SO 0.671 1.868436+5  0.52  44.291
   0.3660  32.449  85.516  87.551   SO 0.671 1.590910+5  0.52  32.435
   0.2321  20.574  98.293  99.426   SO 0.671 1.262225+5  0.51  20.569
   0.1699  15.062 104.154 104.938   SO 0.671 1.078452+5  0.50  15.060
   0.1077   9.549 109.978 110.451   SO 0.671 8.576369+4  0.50   9.549
   0.0789   6.991 112.671 113.009   SO 0.671 7.334084+4  0.50   6.991
   0.0500   4.432 115.358 115.568   SO 0.671 5.836765+4  0.50   4.432
   0.0366   3.245 116.604 116.755   SO 0.671 4.992889+4  0.50   3.245
   0.0232   2.057 117.848 117.943   SO 0.671 3.974720+4  0.50   2.057
   0.0170   1.506 118.425 118.494   SO 0.671 3.400488+4  0.50   1.506
   0.0108   0.955 119.001 119.045   SO 0.671 2.707401+4  0.50   0.955
   0.0079   0.699 119.269 119.301   SO 0.671 2.316377+4  0.50   0.699
   0.0050   0.443 119.537 119.557   SO 0.671 1.844321+4  0.50   0.443

Two-D table computations for gate opening=  12.000  Two-D table id= 5906
     Head at section 1 for FW/FO boundary=  17.5269
     Head-relative gate opening at FW/FO boundary=   0.6847
 FW flow at its upper limit=    151438.    
 Non-standard FO flow=    151438.    

Upstream head=   2.0000 Elevation=  452.0000
  Depth at section 1=  3.0000 Gate opening= 12.0000

  Partial  Drop    Head    Head   Flow Cont.  Discharge Local  Energy
   free    sect.   sect.   sect.  type coef.            power   loss
   drop    1->4     3       4           Cc                      1->4
 --------  ------  ------  ------  ---  ---- --------- -----  ------
   1.0000   0.505   1.340   1.495   FW  ---  5.653722+3         0.532
   0.9900   0.500   1.346   1.500   SW  ---  5.654622+3 -0.02   0.527
   0.8892   0.449   1.407   1.551   SW  ---  5.643913+3  0.02   0.476
   0.7884   0.398   1.468   1.602   SW  ---  5.593092+3  0.08   0.425
   0.7081   0.358   1.518   1.642   SW  ---  5.518538+3  0.12   0.384
   0.6279   0.317   1.569   1.683   SW  ---  5.408240+3  0.17   0.343
   0.5639   0.285   1.610   1.715   SW  ---  5.290365+3  0.21   0.309
   0.5000   0.253   1.652   1.747   SW  ---  5.140896+3  0.24   0.276
   0.3660   0.185   1.741   1.815   SW  ---  4.697717+3  0.29   0.204
   0.2321   0.117   1.833   1.883   SW  ---  3.994279+3  0.36   0.131
   0.1699   0.086   1.877   1.914   SW  ---  3.520943+3  0.40   0.097
   0.1077   0.054   1.921   1.946   SW  ---  2.890684+3  0.43   0.062
   0.0789   0.040   1.942   1.960   SW  ---  2.509657+3  0.45   0.045
   0.0500   0.025   1.963   1.975   SW  ---  2.026923+3  0.47   0.029
   0.0366   0.018   1.973   1.982   SW  ---  1.745928+3  0.48   0.021
   0.0232   0.012   1.983   1.988   SW  ---  1.399062+3  0.49   0.013
   0.0170   0.009   1.987   1.991   SW  ---  1.200637+3  0.49   0.010
   0.0108   0.005   1.992   1.995   SW  ---  9.585223+2  0.49   0.006
   0.0079   0.004   1.994   1.996   SW  ---  8.235129+2  0.49   0.005
   0.0050   0.003   1.996   1.997   SW  ---  6.564497+2  0.50   0.003

Upstream head=   3.1302 Elevation=  453.1302
  Depth at section 1=  4.1302 Gate opening= 12.0000

  Partial  Drop    Head    Head   Flow Cont.  Discharge Local  Energy
   free    sect.   sect.   sect.  type coef.            power   loss
   drop    1->4     3       4           Cc                      1->4
 --------  ------  ------  ------  ---  ---- --------- -----  ------
   1.0000   0.706   2.110   2.424   FW  ---  1.116842+4         0.753
   0.9900   0.699   2.119   2.431   SW  ---  1.117015+4 -0.02   0.746
   0.8892   0.628   2.210   2.502   SW  ---  1.115143+4  0.02   0.675
   0.7884   0.557   2.303   2.573   SW  ---  1.105844+4  0.07   0.604
   0.7081   0.500   2.379   2.630   SW  ---  1.092060+4  0.12   0.546
   0.6279   0.444   2.456   2.687   SW  ---  1.071500+4  0.16   0.488
   0.5639   0.398   2.519   2.732   SW  ---  1.049362+4  0.19   0.442
   0.5000   0.353   2.583   2.777   SW  ---  1.021141+4  0.23   0.395
   0.3660   0.259   2.721   2.872   SW  ---  9.364892+3  0.28   0.294
   0.2321   0.164   2.865   2.966   SW  ---  8.000938+3  0.35   0.190
   0.1699   0.120   2.934   3.010   SW  ---  7.069145+3  0.40   0.141
   0.1077   0.076   3.004   3.054   SW  ---  5.819713+3  0.43   0.090
   0.0789   0.056   3.037   3.074   SW  ---  5.061913+3  0.45   0.066
   0.0500   0.035   3.071   3.095   SW  ---  4.094917+3  0.47   0.042
   0.0366   0.026   3.087   3.104   SW  ---  3.531234+3  0.47   0.031
   0.0232   0.016   3.103   3.114   SW  ---  2.833039+3  0.48   0.020
   0.0170   0.012   3.110   3.118   SW  ---  2.432773+3  0.49   0.014
   0.0108   0.008   3.117   3.123   SW  ---  1.943711+3  0.49   0.009
   0.0079   0.006   3.121   3.125   SW  ---  1.665091+3  0.50   0.007
   0.0050   0.004   3.124   3.127   SW  ---  1.326511+3  0.50   0.004

Upstream head=   4.8990 Elevation=  454.8990
  Depth at section 1=  5.8990 Gate opening= 12.0000

  Partial  Drop    Head    Head   Flow Cont.  Discharge Local  Energy
   free    sect.   sect.   sect.  type coef.            power   loss
   drop    1->4     3       4           Cc                      1->4
 --------  ------  ------  ------  ---  ---- --------- -----  ------
   1.0000   0.978   3.321   3.921   FW  ---  2.204532+4         1.045
   0.9900   0.968   3.335   3.931   SW  ---  2.204872+4 -0.02   1.035
   0.8892   0.869   3.471   4.030   SW  ---  2.201566+4  0.01   0.939
   0.7884   0.771   3.612   4.128   SW  ---  2.184442+4  0.06   0.841
   0.7081   0.692   3.728   4.207   SW  ---  2.158830+4  0.11   0.762
   0.6279   0.614   3.846   4.285   SW  ---  2.120347+4  0.15   0.683
   0.5639   0.551   3.942   4.348   SW  ---  2.078687+4  0.18   0.618
   0.5000   0.489   4.040   4.410   SW  ---  2.025297+4  0.22   0.553
   0.3660   0.358   4.254   4.541   SW  ---  1.863615+4  0.27   0.414
   0.2321   0.227   4.478   4.672   SW  ---  1.599567+4  0.34   0.270
   0.1699   0.166   4.586   4.733   SW  ---  1.418547+4  0.39   0.200
   0.1077   0.105   4.697   4.794   SW  ---  1.171700+4  0.42   0.129
   0.0789   0.077   4.751   4.822   SW  ---  1.019120+4  0.45   0.095
   0.0500   0.049   4.804   4.850   SW  ---  8.257301+3  0.46   0.061
   0.0366   0.036   4.829   4.863   SW  ---  7.128054+3  0.47   0.045
   0.0232   0.023   4.855   4.876   SW  ---  5.723604+3  0.48   0.028
   0.0170   0.017   4.866   4.882   SW  ---  4.918904+3  0.49   0.021
   0.0108   0.011   4.878   4.888   SW  ---  3.928346+3  0.49   0.013
   0.0079   0.008   4.884   4.891   SW  ---  3.370250+3  0.49   0.010
   0.0050   0.005   4.889   4.894   SW  ---  2.684302+3  0.50   0.006

Upstream head=   7.6673 Elevation=  457.6673
  Depth at section 1=  8.6673 Gate opening= 12.0000

  Partial  Drop    Head    Head   Flow Cont.  Discharge Local  Energy
   free    sect.   sect.   sect.  type coef.            power   loss
   drop    1->4     3       4           Cc                      1->4
 --------  ------  ------  ------  ---  ---- --------- -----  ------
   1.0000   1.358   5.220   6.309   FW  ---  4.345396+4         1.438
   0.9900   1.345   5.242   6.323   SW  ---  4.346068+4 -0.02   1.424
   0.8892   1.208   5.450   6.460   SW  ---  4.340057+4  0.01   1.292
   0.7884   1.071   5.666   6.597   SW  ---  4.307925+4  0.06   1.159
   0.7081   0.962   5.843   6.706   SW  ---  4.259571+4  0.11   1.051
   0.6279   0.853   6.025   6.815   SW  ---  4.186591+4  0.14   0.943
   0.5639   0.766   6.173   6.901   SW  ---  4.107265+4  0.18   0.855
   0.5000   0.679   6.324   6.988   SW  ---  4.005236+4  0.21   0.766
   0.3660   0.497   6.654   7.170   SW  ---  3.694373+4  0.26   0.575
   0.2321   0.315   7.003   7.352   SW  ---  3.181543+4  0.33   0.376
   0.1699   0.231   7.173   7.437   SW  ---  2.827365+4  0.38   0.280
   0.1077   0.146   7.348   7.521   SW  ---  2.340940+4  0.41   0.180
   0.0789   0.107   7.432   7.560   SW  ---  2.038042+4  0.44   0.133
   0.0500   0.068   7.517   7.599   SW  ---  1.653409+4  0.46   0.085
   0.0366   0.050   7.556   7.618   SW  ---  1.428361+4  0.47   0.063
   0.0232   0.032   7.597   7.636   SW  ---  1.147589+4  0.48   0.040
   0.0170   0.023   7.615   7.644   SW  ---  9.861788+3  0.49   0.029
   0.0108   0.015   7.634   7.653   SW  ---  7.890100+3  0.49   0.019
   0.0079   0.011   7.643   7.657   SW  ---  6.760654+3  0.50   0.014
   0.0050   0.007   7.652   7.661   SW  ---  5.397859+3  0.49   0.009

Upstream head=  12.0000 Elevation=  462.0000
  Depth at section 1= 13.0000 Gate opening= 12.0000

  Partial  Drop    Head    Head   Flow Cont.  Discharge Local  Energy
   free    sect.   sect.   sect.  type coef.            power   loss
   drop    1->4     3       4           Cc                      1->4
 --------  ------  ------  ------  ---  ---- --------- -----  ------
   1.0000   1.917   8.198  10.083   FW  ---  8.551782+4         1.986
   0.9900   1.898   8.232  10.102   SW  ---  8.553114+4 -0.02   1.968
   0.8892   1.705   8.554  10.295   SW  ---  8.541754+4  0.01   1.785
   0.7884   1.511   8.888  10.489   SW  ---  8.479970+4  0.06   1.601
   0.7081   1.358   9.161  10.642   SW  ---  8.386712+4  0.10   1.453
   0.6279   1.204   9.442  10.796   SW  ---  8.245631+4  0.14   1.303
   0.5639   1.081   9.672  10.919   SW  ---  8.092031+4  0.18   1.182
   0.5000   0.959   9.907  11.041   SW  ---  7.894159+4  0.21   1.059
   0.3660   0.702  10.419  11.298   SW  ---  7.289577+4  0.26   0.796
   0.2321   0.445  10.961  11.555   SW  ---  6.287803+4  0.32   0.521
   0.1699   0.326  11.226  11.674   SW  ---  5.593228+4  0.38   0.388
   0.1077   0.207  11.500  11.793   SW  ---  4.636329+4  0.41   0.251
   0.0789   0.151  11.631  11.849   SW  ---  4.038852+4  0.44   0.185
   0.0500   0.096  11.764  11.904   SW  ---  3.279182+4  0.46   0.119
   0.0366   0.070  11.826  11.930   SW  ---  2.833448+4  0.47   0.087
   0.0232   0.044  11.889  11.956   SW  ---  2.277483+4  0.48   0.056
   0.0170   0.033  11.919  11.967   SW  ---  1.957571+4  0.49   0.041
   0.0108   0.021  11.948  11.979   SW  ---  1.566114+4  0.49   0.026
   0.0079   0.015  11.962  11.985   SW  ---  1.342171+4  0.49   0.019
   0.0050   0.010  11.976  11.990   SW  ---  1.071164+4  0.49   0.012

Upstream head=  14.7635 Elevation=  464.7635
  Depth at section 1= 15.7635 Gate opening= 12.0000

  Partial  Drop    Head    Head   Flow Cont.  Discharge Local  Energy
   free    sect.   sect.   sect.  type coef.            power   loss
   drop    1->4     3       4           Cc                      1->4
 --------  ------  ------  ------  ---  ---- --------- -----  ------
   1.0000   2.266  10.099  12.498   FW  ---  1.169170+5         2.317
   0.9900   2.243  10.140  12.521   SW  ---  1.169353+5 -0.02   2.296
   0.8892   2.014  10.536  12.749   SW  ---  1.167808+5  0.01   2.082
   0.7884   1.786  10.946  12.977   SW  ---  1.159383+5  0.06   1.867
   0.7081   1.604  11.282  13.159   SW  ---  1.146656+5  0.10   1.693
   0.6279   1.422  11.627  13.341   SW  ---  1.127399+5  0.14   1.518
   0.5639   1.278  11.908  13.486   SW  ---  1.106434+5  0.17   1.377
   0.5000   1.133  12.242  13.631   SO 1.000 1.049228+5  0.44   1.229
   0.3660   0.829  12.962  13.934   SO 1.000 8.869925+4  0.54   0.907
   0.2321   0.526  13.645  14.238   SO 1.000 6.987430+4  0.52   0.579
   0.1699   0.385  13.952  14.379   SO 1.000 5.951001+4  0.51   0.426
   0.1077   0.244  14.254  14.519   SO 1.000 4.717724+4  0.51   0.271
   0.0789   0.179  14.390  14.585   SO 1.000 4.036589+4  0.50   0.198
   0.0500   0.113  14.528  14.650   SO 1.000 3.208043+4  0.50   0.126
   0.0366   0.083  14.592  14.681   SO 1.000 2.739197+4  0.51   0.092
   0.0232   0.053  14.655  14.711   SO 1.000 2.179374+4  0.50   0.059
   0.0170   0.038  14.684  14.725   SO 1.000 1.862776+4  0.50   0.043
   0.0108   0.024  14.713  14.739   SO 1.000 1.483079+4  0.50   0.027
   0.0079   0.018  14.727  14.746   SO 1.000 1.267725+4  0.50   0.020
   0.0050   0.011  14.740  14.752   SO 1.000 1.009361+4  0.50   0.013

Upstream head=  17.5269 Elevation=  467.5269
  Depth at section 1= 18.5269 Gate opening= 12.0000

  Partial  Drop    Head    Head   Flow Cont.  Discharge Local  Energy
   free    sect.   sect.   sect.  type coef.            power   loss
   drop    1->4     3       4           Cc                      1->4
 --------  ------  ------  ------  ---  ---- --------- -----  ------
   1.0000   2.611  12.000  14.916   FW  ---  1.514374+5         2.641
   0.9900   2.585  12.068  14.942   SO 1.000 1.504970+5  0.62   2.616
   0.8892   2.322  12.724  15.205   SO 1.000 1.411740+5  0.60   2.365
   0.7884   2.059  13.346  15.468   SO 1.000 1.317094+5  0.58   2.110
   0.7081   1.849  13.822  15.678   SO 1.000 1.239868+5  0.56   1.904
   0.6279   1.639  14.283  15.887   SO 1.000 1.160189+5  0.55   1.695
   0.5639   1.473  14.641  16.054   SO 1.000 1.094384+5  0.54   1.528
   0.5000   1.306  14.991  16.221   SO 1.000 1.025895+5  0.54   1.359
   0.3660   0.956  15.702  16.571   SO 1.000 8.701676+4  0.53   1.001
   0.2321   0.606  16.388  16.921   SO 1.000 6.873645+4  0.52   0.638
   0.1699   0.444  16.699  17.083   SO 1.000 5.860806+4  0.51   0.468
   0.1077   0.281  17.006  17.246   SO 1.000 4.650937+4  0.51   0.298
   0.0789   0.206  17.145  17.321   SO 1.000 3.979110+4  0.50   0.218
   0.0500   0.131  17.286  17.396   SO 1.000 3.163472+4  0.50   0.138
   0.0366   0.096  17.351  17.431   SO 1.000 2.702885+4  0.50   0.101
   0.0232   0.061  17.415  17.466   SO 1.000 2.150819+4  0.50   0.064
   0.0170   0.044  17.445  17.483   SO 1.000 1.839141+4  0.50   0.047
   0.0108   0.028  17.475  17.499   SO 1.000 1.464079+4  0.50   0.030
   0.0079   0.021  17.489  17.506   SO 1.000 1.252322+4  0.50   0.022
   0.0050   0.013  17.503  17.514   SO 1.000 9.970572+3  0.50   0.014

Upstream head=  18.7269 Elevation=  468.7269
  Depth at section 1= 19.7269 Gate opening= 12.0000

  Partial  Drop    Head    Head   Flow Cont.  Discharge Local  Energy
   free    sect.   sect.   sect.  type coef.            power   loss
   drop    1->4     3       4           Cc                      1->4
 --------  ------  ------  ------  ---  ---- --------- -----  ------
   1.0000   4.575   9.884  14.152   FO 0.824 1.537984+5         4.456
   0.9900   4.529  10.006  14.198   SO 0.824 1.527277+5  0.70   4.416
   0.8892   4.068  11.161  14.659   SO 0.824 1.422540+5  0.66   4.002
   0.7884   3.607  12.207  15.120   SO 0.824 1.320599+5  0.62   3.576
   0.7081   3.240  12.984  15.487   SO 0.824 1.239412+5  0.59   3.229
   0.6279   2.872  13.723  15.855   SO 0.824 1.156926+5  0.57   2.877
   0.5639   2.580  14.289  16.147   SO 0.824 1.089521+5  0.56   2.593
   0.5000   2.287  14.838  16.440   SO 0.824 1.019889+5  0.55   2.307
   0.3660   1.675  15.943  17.052   SO 0.824 8.629674+4  0.54   1.700
   0.2321   1.062  16.995  17.665   SO 0.824 6.806921+4  0.52   1.084
   0.1699   0.777  17.470  17.950   SO 0.824 5.799206+4  0.51   0.795
   0.1077   0.493  17.936  18.234   SO 0.824 4.598824+4  0.51   0.505
   0.0789   0.361  18.150  18.366   SO 0.824 3.927526+4  0.51   0.370
   0.0500   0.229  18.363  18.498   SO 0.824 3.121772+4  0.50   0.235
   0.0366   0.167  18.461  18.559   SO 0.824 2.668899+4  0.50   0.172
   0.0232   0.106  18.558  18.621   SO 0.824 2.123189+4  0.50   0.109
   0.0170   0.078  18.604  18.649   SO 0.824 1.815943+4  0.50   0.080
   0.0108   0.049  18.649  18.678   SO 0.824 1.445426+4  0.50   0.051
   0.0079   0.036  18.670  18.691   SO 0.824 1.236831+4  0.50   0.037
   0.0050   0.023  18.691  18.704   SO 0.824 9.845439+3  0.50   0.024

Upstream head=  19.9269 Elevation=  469.9269
  Depth at section 1= 20.9269 Gate opening= 12.0000

  Partial  Drop    Head    Head   Flow Cont.  Discharge Local  Energy
   free    sect.   sect.   sect.  type coef.            power   loss
   drop    1->4     3       4           Cc                      1->4
 --------  ------  ------  ------  ---  ---- --------- -----  ------
   1.0000   6.866   7.767  13.061   FO 0.647 1.394151+5         6.624
   0.9900   6.797   7.960  13.130   SO 0.647 1.383057+5  0.79   6.565
   0.8892   6.105   9.687  13.822   SO 0.647 1.279375+5  0.73   5.952
   0.7884   5.413  11.167  14.514   SO 0.647 1.183296+5  0.65   5.317
   0.7081   4.862  12.240  15.065   SO 0.647 1.108493+5  0.61   4.800
   0.6279   4.311  13.246  15.616   SO 0.647 1.033392+5  0.58   4.274
   0.5639   3.872  14.011  16.055   SO 0.647 9.724663+4  0.57   3.851
   0.5000   3.433  14.748  16.494   SO 0.647 9.098091+4  0.55   3.424
   0.3660   2.513  16.225  17.414   SO 0.647 7.692554+4  0.54   2.520
   0.2321   1.593  17.627  18.333   SO 0.647 6.063295+4  0.52   1.604
   0.1699   1.167  18.256  18.760   SO 0.647 5.167315+4  0.51   1.177
   0.1077   0.740  18.876  19.187   SO 0.647 4.097581+4  0.51   0.747
   0.0789   0.541  19.161  19.385   SO 0.647 3.499532+4  0.51   0.547
   0.0500   0.343  19.443  19.584   SO 0.647 2.781567+4  0.50   0.347
   0.0366   0.251  19.573  19.676   SO 0.647 2.377991+4  0.50   0.254
   0.0232   0.159  19.703  19.768   SO 0.647 1.891946+4  0.50   0.161
   0.0170   0.117  19.763  19.810   SO 0.647 1.618146+4  0.50   0.118
   0.0108   0.074  19.823  19.853   SO 0.647 1.287933+4  0.50   0.075
   0.0079   0.054  19.851  19.873   SO 0.647 1.101866+4  0.50   0.055
   0.0050   0.034  19.879  19.893   SO 0.647 8.773199+3  0.50   0.035

Upstream head=  25.5889 Elevation=  475.5889
  Depth at section 1= 26.5889 Gate opening= 12.0000

  Partial  Drop    Head    Head   Flow Cont.  Discharge Local  Energy
   free    sect.   sect.   sect.  type coef.            power   loss
   drop    1->4     3       4           Cc                      1->4
 --------  ------  ------  ------  ---  ---- --------- -----  ------
   1.0000  10.443   7.767  15.146   FO 0.647 1.675304+5        10.045
   0.9900  10.338   8.099  15.250   SO 0.647 1.659634+5  0.94   9.957
   0.8892   9.286  10.854  16.303   SO 0.647 1.523332+5  0.80   9.033
   0.7884   8.233  13.063  17.356   SO 0.647 1.404525+5  0.67   8.068
   0.7081   7.395  14.625  18.194   SO 0.647 1.314013+5  0.62   7.280
   0.6279   6.557  16.075  19.032   SO 0.647 1.224030+5  0.59   6.481
   0.5639   5.889  17.170  19.700   SO 0.647 1.151421+5  0.57   5.837
   0.5000   5.221  18.224  20.367   SO 0.647 1.076972+5  0.56   5.188
   0.3660   3.823  20.326  21.766   SO 0.647 9.104147+4  0.54   3.814
   0.2321   2.424  22.319  23.165   SO 0.647 7.176388+4  0.52   2.427
   0.1699   1.774  23.213  23.815   SO 0.647 6.116489+4  0.51   1.779
   0.1077   1.125  24.095  24.464   SO 0.647 4.850806+4  0.51   1.130
   0.0789   0.824  24.499  24.765   SO 0.647 4.143066+4  0.51   0.827
   0.0500   0.522  24.900  25.067   SO 0.647 3.293271+4  0.50   0.525
   0.0366   0.382  25.085  25.207   SO 0.647 2.815576+4  0.50   0.384
   0.0232   0.242  25.270  25.346   SO 0.647 2.240206+4  0.50   0.244
   0.0170   0.177  25.356  25.411   SO 0.647 1.916040+4  0.50   0.178
   0.0108   0.112  25.441  25.476   SO 0.647 1.525064+4  0.50   0.113
   0.0079   0.082  25.481  25.507   SO 0.647 1.304779+4  0.50   0.083
   0.0050   0.052  25.520  25.537   SO 0.647 1.038684+4  0.50   0.053

Upstream head=  33.8872 Elevation=  483.8872
  Depth at section 1= 34.8872 Gate opening= 12.0000

  Partial  Drop    Head    Head   Flow Cont.  Discharge Local  Energy
   free    sect.   sect.   sect.  type coef.            power   loss
   drop    1->4     3       4           Cc                      1->4
 --------  ------  ------  ------  ---  ---- --------- -----  ------
   1.0000  15.953   7.767  17.934   FO 0.647 2.018041+5        15.401
   0.9900  15.794   8.354  18.094   SO 0.647 1.995255+5  1.13  15.267
   0.8892  14.185  12.705  19.702   SO 0.647 1.817328+5  0.87  13.844
   0.7884  12.577  15.947  21.310   SO 0.647 1.672467+5  0.69  12.354
   0.7081  11.297  18.199  22.590   SO 0.647 1.563966+5  0.62  11.140
   0.6279  10.016  20.276  23.871   SO 0.647 1.456764+5  0.59   9.910
   0.5639   8.996  21.841  24.891   SO 0.647 1.370479+5  0.57   8.920
   0.5000   7.977  23.344  25.911   SO 0.647 1.282097+5  0.55   7.924
   0.3660   5.839  26.345  28.048   SO 0.647 1.084406+5  0.54   5.820
   0.2321   3.702  29.195  30.185   SO 0.647 8.553514+4  0.52   3.700
   0.1699   2.710  30.476  31.177   SO 0.647 7.292284+4  0.51   2.711
   0.1077   1.718  31.741  32.169   SO 0.647 5.785259+4  0.51   1.721
   0.0789   1.258  32.321  32.629   SO 0.647 4.941982+4  0.51   1.260
   0.0500   0.798  32.897  33.090   SO 0.647 3.928954+4  0.50   0.799
   0.0366   0.584  33.163  33.303   SO 0.647 3.359285+4  0.50   0.585
   0.0232   0.370  33.429  33.517   SO 0.647 2.672966+4  0.50   0.371
   0.0170   0.271  33.552  33.616   SO 0.647 2.286351+4  0.50   0.272
   0.0108   0.172  33.675  33.715   SO 0.647 1.819862+4  0.50   0.172
   0.0079   0.126  33.732  33.761   SO 0.647 1.556987+4  0.50   0.126
   0.0050   0.080  33.789  33.807   SO 0.647 1.239540+4  0.50   0.080

Upstream head=  46.0494 Elevation=  496.0494
  Depth at section 1= 47.0494 Gate opening= 12.0000

  Partial  Drop    Head    Head   Flow Cont.  Discharge Local  Energy
   free    sect.   sect.   sect.  type coef.            power   loss
   drop    1->4     3       4           Cc                      1->4
 --------  ------  ------  ------  ---  ---- --------- -----  ------
   1.0000  24.473   7.767  21.576   FO 0.647 2.435543+5        23.784
   0.9900  24.228   8.816  21.821   SO 0.647 2.401951+5  1.38  23.576
   0.8892  21.761  15.530  24.288   SO 0.647 2.174643+5  0.93  21.354
   0.7884  19.294  20.216  26.755   SO 0.647 2.000708+5  0.69  19.033
   0.7081  17.330  23.442  28.719   SO 0.647 1.871639+5  0.62  17.148
   0.6279  15.365  26.413  30.684   SO 0.647 1.744333+5  0.59  15.241
   0.5639  13.801  28.653  32.248   SO 0.647 1.641846+5  0.56  13.711
   0.5000  12.236  30.808  33.813   SO 0.647 1.536773+5  0.55  12.173
   0.3660   8.958  35.122  37.091   SO 0.647 1.301254+5  0.53   8.932
   0.2321   5.680  39.236  40.370   SO 0.647 1.027495+5  0.52   5.673
   0.1699   4.158  41.093  41.891   SO 0.647 8.763546+4  0.51   4.156
   0.1077   2.636  42.927  43.413   SO 0.647 6.955878+4  0.51   2.637
   0.0789   1.930  43.770  44.119   SO 0.647 5.943294+4  0.50   1.931
   0.0500   1.224  44.608  44.826   SO 0.647 4.726074+4  0.50   1.224
   0.0366   0.896  44.995  45.154   SO 0.647 4.041237+4  0.50   0.896
   0.0232   0.568  45.382  45.481   SO 0.647 3.215919+4  0.50   0.568
   0.0170   0.416  45.561  45.634   SO 0.647 2.750854+4  0.50   0.416
   0.0108   0.264  45.740  45.786   SO 0.647 2.189826+4  0.50   0.264
   0.0079   0.193  45.823  45.856   SO 0.647 1.873361+4  0.50   0.193
   0.0050   0.122  45.906  45.927   SO 0.647 1.491539+4  0.50   0.122

Upstream head=  63.8747 Elevation=  513.8747
  Depth at section 1= 64.8747 Gate opening= 12.0000

  Partial  Drop    Head    Head   Flow Cont.  Discharge Local  Energy
   free    sect.   sect.   sect.  type coef.            power   loss
   drop    1->4     3       4           Cc                      1->4
 --------  ------  ------  ------  ---  ---- --------- -----  ------
   1.0000  37.641   7.767  26.234   FO 0.647 2.943284+5        36.841
   0.9900  37.264   9.618  26.610   SO 0.647 2.894320+5  1.67  36.515
   0.8892  33.470  19.683  30.404   SO 0.647 2.612126+5  0.96  33.023
   0.7884  29.676  26.391  34.199   SO 0.647 2.405710+5  0.68  29.397
   0.7081  26.654  31.004  37.220   SO 0.647 2.252805+5  0.61  26.462
   0.6279  23.633  35.266  40.242   SO 0.647 2.101692+5  0.58  23.503
   0.5639  21.227  38.490  42.648   SO 0.647 1.979734+5  0.56  21.133
   0.5000  18.820  41.602  45.054   SO 0.647 1.854400+5  0.54  18.754
   0.3660  13.778  47.860  50.097   SO 0.647 1.572444+5  0.53  13.750
   0.2321   8.736  53.864  55.139   SO 0.647 1.243226+5  0.52   8.728
   0.1699   6.395  56.585  57.480   SO 0.647 1.060870+5  0.51   6.392
   0.1077   4.055  59.277  59.820   SO 0.647 8.425061+4  0.51   4.054
   0.0789   2.968  60.517  60.906   SO 0.647 7.200380+4  0.50   2.968
   0.0500   1.882  61.750  61.993   SO 0.647 5.727036+4  0.50   1.882
   0.0366   1.378  62.321  62.497   SO 0.647 4.897753+4  0.50   1.378
   0.0232   0.874  62.891  63.001   SO 0.647 3.897902+4  0.50   0.874
   0.0170   0.640  63.155  63.235   SO 0.647 3.334455+4  0.50   0.640
   0.0108   0.405  63.418  63.469   SO 0.647 2.654453+4  0.50   0.406
   0.0079   0.297  63.541  63.578   SO 0.647 2.270933+4  0.50   0.297
   0.0050   0.188  63.663  63.687   SO 0.647 1.808030+4  0.50   0.188

Upstream head=  90.0000 Elevation=  540.0000
  Depth at section 1= 91.0000 Gate opening= 12.0000

  Partial  Drop    Head    Head   Flow Cont.  Discharge Local  Energy
   free    sect.   sect.   sect.  type coef.            power   loss
   drop    1->4     3       4           Cc                      1->4
 --------  ------  ------  ------  ---  ---- --------- -----  ------
   1.0000  57.912   7.767  32.088   FO 0.647 3.559771+5        57.028
   0.9900  57.333  10.940  32.667   SO 0.647 3.490418+5  1.96  56.514
   0.8892  51.495  25.625  38.505   SO 0.647 3.149630+5  0.96  51.032
   0.7884  45.658  35.186  44.342   SO 0.647 2.906318+5  0.67  45.378
   0.7081  41.009  41.796  48.991   SO 0.647 2.725454+5  0.60  40.820
   0.6279  36.360  47.943  53.640   SO 0.647 2.545779+5  0.57  36.234
   0.5639  32.658  52.615  57.342   SO 0.647 2.400189+5  0.55  32.568
   0.5000  28.956  57.145  61.044   SO 0.647 2.250080+5  0.54  28.893
   0.3660  21.198  66.305  68.802   SO 0.647 1.910871+5  0.52  21.171
   0.2321  13.440  75.145  76.560   SO 0.647 1.512966+5  0.51  13.432
   0.1699   9.839  79.176  80.161   SO 0.647 1.291523+5  0.51   9.836
   0.1077   6.238  83.166  83.762   SO 0.647 1.026231+5  0.50   6.237
   0.0789   4.567  85.006  85.433   SO 0.647 8.772615+4  0.50   4.567
   0.0500   2.896  86.839  87.104   SO 0.647 6.979173+4  0.50   2.896
   0.0366   2.120  87.688  87.880   SO 0.647 5.969196+4  0.50   2.120
   0.0232   1.344  88.535  88.656   SO 0.647 4.751146+4  0.50   1.344
   0.0170   0.984  88.928  89.016   SO 0.647 4.064516+4  0.50   0.984
   0.0108   0.624  89.321  89.376   SO 0.647 3.235812+4  0.50   0.624
   0.0079   0.457  89.503  89.543   SO 0.647 2.768481+4  0.50   0.457
   0.0050   0.290  89.685  89.710   SO 0.647 2.204146+4  0.50   0.290

Two-D table computations for gate opening=  16.000  Two-D table id= 5907
     Head at section 1 for FW/FO boundary=  23.3404
     Head-relative gate opening at FW/FO boundary=   0.6855
 FW flow at its upper limit=    233154.    
 Non-standard FO flow=    233154.    

Upstream head=   2.0000 Elevation=  452.0000
  Depth at section 1=  3.0000 Gate opening= 16.0000

  Partial  Drop    Head    Head   Flow Cont.  Discharge Local  Energy
   free    sect.   sect.   sect.  type coef.            power   loss
   drop    1->4     3       4           Cc                      1->4
 --------  ------  ------  ------  ---  ---- --------- -----  ------
   1.0000   0.505   1.340   1.495   FW  ---  5.653722+3         0.532
   0.9900   0.500   1.346   1.500   SW  ---  5.654622+3 -0.02   0.527
   0.8892   0.449   1.407   1.551   SW  ---  5.643913+3  0.02   0.476
   0.7884   0.398   1.468   1.602   SW  ---  5.593092+3  0.08   0.425
   0.7081   0.358   1.518   1.642   SW  ---  5.518538+3  0.12   0.384
   0.6279   0.317   1.569   1.683   SW  ---  5.408240+3  0.17   0.343
   0.5639   0.285   1.610   1.715   SW  ---  5.290365+3  0.21   0.309
   0.5000   0.253   1.652   1.747   SW  ---  5.140896+3  0.24   0.276
   0.3660   0.185   1.741   1.815   SW  ---  4.697717+3  0.29   0.204
   0.2321   0.117   1.833   1.883   SW  ---  3.994279+3  0.36   0.131
   0.1699   0.086   1.877   1.914   SW  ---  3.520943+3  0.40   0.097
   0.1077   0.054   1.921   1.946   SW  ---  2.890684+3  0.43   0.062
   0.0789   0.040   1.942   1.960   SW  ---  2.509657+3  0.45   0.045
   0.0500   0.025   1.963   1.975   SW  ---  2.026923+3  0.47   0.029
   0.0366   0.018   1.973   1.982   SW  ---  1.745928+3  0.48   0.021
   0.0232   0.012   1.983   1.988   SW  ---  1.399062+3  0.49   0.013
   0.0170   0.009   1.987   1.991   SW  ---  1.200637+3  0.49   0.010
   0.0108   0.005   1.992   1.995   SW  ---  9.585223+2  0.49   0.006
   0.0079   0.004   1.994   1.996   SW  ---  8.235129+2  0.49   0.005
   0.0050   0.003   1.996   1.997   SW  ---  6.564497+2  0.50   0.003

Upstream head=   3.0314 Elevation=  453.0314
  Depth at section 1=  4.0314 Gate opening= 16.0000

  Partial  Drop    Head    Head   Flow Cont.  Discharge Local  Energy
   free    sect.   sect.   sect.  type coef.            power   loss
   drop    1->4     3       4           Cc                      1->4
 --------  ------  ------  ------  ---  ---- --------- -----  ------
   1.0000   0.690   2.043   2.341   FW  ---  1.063758+4         0.735
   0.9900   0.683   2.052   2.348   SW  ---  1.063924+4 -0.02   0.728
   0.8892   0.614   2.140   2.418   SW  ---  1.062126+4  0.02   0.659
   0.7884   0.544   2.230   2.487   SW  ---  1.053216+4  0.07   0.589
   0.7081   0.489   2.304   2.543   SW  ---  1.040031+4  0.12   0.533
   0.6279   0.433   2.379   2.598   SW  ---  1.020367+4  0.16   0.477
   0.5639   0.389   2.440   2.642   SW  ---  9.992150+3  0.20   0.431
   0.5000   0.345   2.502   2.686   SW  ---  9.722438+3  0.23   0.385
   0.3660   0.253   2.635   2.779   SW  ---  8.914191+3  0.28   0.287
   0.2321   0.160   2.775   2.871   SW  ---  7.613322+3  0.35   0.185
   0.1699   0.117   2.842   2.914   SW  ---  6.725379+3  0.40   0.137
   0.1077   0.074   2.910   2.957   SW  ---  5.536048+3  0.43   0.088
   0.0789   0.054   2.942   2.977   SW  ---  4.814065+3  0.45   0.065
   0.0500   0.035   2.974   2.997   SW  ---  3.894761+3  0.47   0.041
   0.0366   0.025   2.989   3.006   SW  ---  3.358258+3  0.48   0.030
   0.0232   0.016   3.005   3.015   SW  ---  2.693898+3  0.48   0.019
   0.0170   0.012   3.012   3.020   SW  ---  2.312270+3  0.49   0.014
   0.0108   0.007   3.019   3.024   SW  ---  1.849514+3  0.49   0.009
   0.0079   0.005   3.022   3.026   SW  ---  1.582361+3  0.50   0.007
   0.0050   0.003   3.026   3.028   SW  ---  1.262785+3  0.50   0.004

Upstream head=   4.5948 Elevation=  454.5948
  Depth at section 1=  5.5948 Gate opening= 16.0000

  Partial  Drop    Head    Head   Flow Cont.  Discharge Local  Energy
   free    sect.   sect.   sect.  type coef.            power   loss
   drop    1->4     3       4           Cc                      1->4
 --------  ------  ------  ------  ---  ---- --------- -----  ------
   1.0000   0.933   3.112   3.661   FW  ---  2.000261+4         0.998
   0.9900   0.924   3.125   3.671   SW  ---  2.000571+4 -0.02   0.989
   0.8892   0.830   3.254   3.765   SW  ---  1.997526+4  0.01   0.896
   0.7884   0.736   3.387   3.859   SW  ---  1.981845+4  0.07   0.803
   0.7081   0.661   3.496   3.934   SW  ---  1.958427+4  0.11   0.727
   0.6279   0.586   3.607   4.009   SW  ---  1.923272+4  0.15   0.651
   0.5639   0.526   3.697   4.068   SW  ---  1.885241+4  0.19   0.590
   0.5000   0.467   3.790   4.128   SW  ---  1.836507+4  0.22   0.528
   0.3660   0.342   3.990   4.253   SW  ---  1.689175+4  0.27   0.395
   0.2321   0.217   4.200   4.378   SW  ---  1.448927+4  0.34   0.257
   0.1699   0.159   4.302   4.436   SW  ---  1.284544+4  0.39   0.190
   0.1077   0.101   4.406   4.494   SW  ---  1.060686+4  0.42   0.123
   0.0789   0.074   4.456   4.521   SW  ---  9.222975+3  0.45   0.090
   0.0500   0.047   4.506   4.548   SW  ---  7.471268+3  0.46   0.058
   0.0366   0.034   4.530   4.561   SW  ---  6.447385+3  0.47   0.042
   0.0232   0.022   4.553   4.573   SW  ---  5.177889+3  0.48   0.027
   0.0170   0.016   4.564   4.579   SW  ---  4.445402+3  0.49   0.020
   0.0108   0.010   4.575   4.585   SW  ---  3.553340+3  0.49   0.013
   0.0079   0.007   4.581   4.587   SW  ---  3.047320+3  0.49   0.009
   0.0050   0.005   4.586   4.590   SW  ---  2.432862+3  0.49   0.006

Upstream head=   6.9644 Elevation=  456.9644
  Depth at section 1=  7.9644 Gate opening= 16.0000

  Partial  Drop    Head    Head   Flow Cont.  Discharge Local  Energy
   free    sect.   sect.   sect.  type coef.            power   loss
   drop    1->4     3       4           Cc                      1->4
 --------  ------  ------  ------  ---  ---- --------- -----  ------
   1.0000   1.264   4.738   5.700   FW  ---  3.756854+4         1.343
   0.9900   1.252   4.757   5.713   SW  ---  3.757433+4 -0.02   1.330
   0.8892   1.124   4.948   5.840   SW  ---  3.752169+4  0.01   1.207
   0.7884   0.997   5.144   5.968   SW  ---  3.724162+4  0.06   1.082
   0.7081   0.895   5.306   6.069   SW  ---  3.682046+4  0.11   0.982
   0.6279   0.794   5.471   6.171   SW  ---  3.618525+4  0.14   0.880
   0.5639   0.713   5.606   6.251   SW  ---  3.549550+4  0.18   0.798
   0.5000   0.632   5.744   6.332   SW  ---  3.460855+4  0.21   0.715
   0.3660   0.463   6.044   6.502   SW  ---  3.190907+4  0.26   0.536
   0.2321   0.293   6.361   6.671   SW  ---  2.746376+4  0.33   0.350
   0.1699   0.215   6.516   6.750   SW  ---  2.439776+4  0.38   0.260
   0.1077   0.136   6.675   6.828   SW  ---  2.019181+4  0.42   0.168
   0.0789   0.100   6.751   6.865   SW  ---  1.757663+4  0.44   0.124
   0.0500   0.063   6.828   6.901   SW  ---  1.425736+4  0.46   0.079
   0.0366   0.046   6.864   6.918   SW  ---  1.231507+4  0.47   0.058
   0.0232   0.029   6.900   6.935   SW  ---  9.893021+3  0.48   0.037
   0.0170   0.021   6.917   6.943   SW  ---  8.500728+3  0.49   0.027
   0.0108   0.014   6.935   6.951   SW  ---  6.800547+3  0.49   0.017
   0.0079   0.010   6.943   6.954   SW  ---  5.827893+3  0.49   0.013
   0.0050   0.006   6.950   6.958   SW  ---  4.655395+3  0.49   0.008

Upstream head=  10.5561 Elevation=  460.5561
  Depth at section 1= 11.5561 Gate opening= 16.0000

  Partial  Drop    Head    Head   Flow Cont.  Discharge Local  Energy
   free    sect.   sect.   sect.  type coef.            power   loss
   drop    1->4     3       4           Cc                      1->4
 --------  ------  ------  ------  ---  ---- --------- -----  ------
   1.0000   1.733   7.206   8.823   FW  ---  7.046445+4         1.809
   0.9900   1.716   7.235   8.840   SW  ---  7.047538+4 -0.02   1.792
   0.8892   1.541   7.519   9.015   SW  ---  7.038113+4  0.01   1.626
   0.7884   1.367   7.813   9.190   SW  ---  6.987013+4  0.06   1.458
   0.7081   1.227   8.055   9.329   SW  ---  6.909905+4  0.10   1.323
   0.6279   1.088   8.302   9.468   SW  ---  6.793320+4  0.14   1.187
   0.5639   0.977   8.505   9.579   SW  ---  6.666412+4  0.18   1.076
   0.5000   0.867   8.712   9.689   SW  ---  6.502966+4  0.21   0.965
   0.3660   0.634   9.163   9.922   SW  ---  6.003809+4  0.26   0.725
   0.2321   0.402   9.641  10.154   SW  ---  5.177323+4  0.33   0.474
   0.1699   0.294   9.874  10.262   SW  ---  4.604751+4  0.38   0.353
   0.1077   0.187  10.115  10.369   SW  ---  3.816118+4  0.41   0.228
   0.0789   0.137  10.231  10.419   SW  ---  3.323908+4  0.44   0.169
   0.0500   0.087  10.348  10.469   SW  ---  2.698487+4  0.46   0.108
   0.0366   0.063  10.403  10.493   SW  ---  2.331782+4  0.47   0.079
   0.0232   0.040  10.458  10.516   SW  ---  1.873831+4  0.48   0.051
   0.0170   0.029  10.484  10.527   SW  ---  1.610964+4  0.48   0.037
   0.0108   0.019  10.511  10.537   SW  ---  1.288521+4  0.49   0.024
   0.0079   0.014  10.523  10.542   SW  ---  1.104911+4  0.49   0.017
   0.0050   0.009  10.535  10.547   SW  ---  8.815635+3  0.50   0.011

Upstream head=  16.0000 Elevation=  466.0000
  Depth at section 1= 17.0000 Gate opening= 16.0000

  Partial  Drop    Head    Head   Flow Cont.  Discharge Local  Energy
   free    sect.   sect.   sect.  type coef.            power   loss
   drop    1->4     3       4           Cc                      1->4
 --------  ------  ------  ------  ---  ---- --------- -----  ------
   1.0000   2.420  10.950  13.580   FW  ---  1.319949+5         2.463
   0.9900   2.396  10.994  13.604   SW  ---  1.320155+5 -0.02   2.440
   0.8892   2.152  11.423  13.848   SW  ---  1.318412+5  0.01   2.212
   0.7884   1.908  11.867  14.092   SW  ---  1.308897+5  0.06   1.983
   0.7081   1.714  12.231  14.286   SW  ---  1.294524+5  0.10   1.799
   0.6279   1.520  12.605  14.480   SW  ---  1.272783+5  0.14   1.613
   0.5639   1.365  12.910  14.635   SW  ---  1.249102+5  0.17   1.463
   0.5000   1.210  13.222  14.790   SW  ---  1.218599+5  0.21   1.311
   0.3660   0.886  13.902  15.114   SW  ---  1.125374+5  0.26   0.985
   0.2321   0.562  14.622  15.438   SW  ---  9.708655+4  0.32   0.644
   0.1699   0.411  14.973  15.589   SW  ---  8.636760+4  0.38   0.480
   0.1077   0.261  15.336  15.739   SW  ---  7.160097+4  0.41   0.310
   0.0789   0.191  15.511  15.809   SW  ---  6.238776+4  0.44   0.229
   0.0500   0.121  15.687  15.879   SW  ---  5.065766+4  0.46   0.147
   0.0366   0.089  15.769  15.911   SW  ---  4.377054+4  0.47   0.108
   0.0232   0.056  15.853  15.944   SW  ---  3.518302+4  0.48   0.069
   0.0170   0.041  15.892  15.959   SW  ---  3.024764+4  0.48   0.051
   0.0108   0.026  15.931  15.974   SW  ---  2.418168+4  0.49   0.032
   0.0079   0.019  15.950  15.981   SW  ---  2.073269+4  0.49   0.024
   0.0050   0.012  15.968  15.988   SW  ---  1.655803+4  0.49   0.015

Upstream head=  19.6702 Elevation=  469.6702
  Depth at section 1= 20.6702 Gate opening= 16.0000

  Partial  Drop    Head    Head   Flow Cont.  Discharge Local  Energy
   free    sect.   sect.   sect.  type coef.            power   loss
   drop    1->4     3       4           Cc                      1->4
 --------  ------  ------  ------  ---  ---- --------- -----  ------
   1.0000   2.878  13.475  16.792   FW  ---  1.801918+5         2.888
   0.9900   2.850  13.529  16.821   SW  ---  1.802202+5 -0.02   2.861
   0.8892   2.559  14.057  17.111   SW  ---  1.799812+5  0.01   2.593
   0.7884   2.269  14.603  17.401   SW  ---  1.786783+5  0.06   2.323
   0.7081   2.038  15.051  17.632   SW  ---  1.767105+5  0.10   2.107
   0.6279   1.807  15.510  17.863   SW  ---  1.737340+5  0.14   1.888
   0.5639   1.623  15.885  18.047   SW  ---  1.704940+5  0.18   1.712
   0.5000   1.439  16.333  18.231   SO 1.000 1.614821+5  0.45   1.528
   0.3660   1.054  17.290  18.617   SO 1.000 1.363617+5  0.54   1.131
   0.2321   0.668  18.196  19.002   SO 1.000 1.073243+5  0.53   0.724
   0.1699   0.489  18.602  19.181   SO 1.000 9.137199+4  0.52   0.532
   0.1077   0.310  18.999  19.360   SO 1.000 7.241488+4  0.51   0.339
   0.0789   0.227  19.179  19.443   SO 1.000 6.196943+4  0.50   0.249
   0.0500   0.144  19.360  19.526   SO 1.000 4.923658+4  0.50   0.158
   0.0366   0.105  19.444  19.565   SO 1.000 4.203885+4  0.51   0.116
   0.0232   0.067  19.527  19.603   SO 1.000 3.343796+4  0.50   0.073
   0.0170   0.049  19.566  19.621   SO 1.000 2.858541+4  0.50   0.054
   0.0108   0.031  19.604  19.639   SO 1.000 2.275638+4  0.50   0.034
   0.0079   0.023  19.622  19.648   SO 1.000 1.945370+4  0.50   0.025
   0.0050   0.014  19.640  19.656   SO 1.000 1.548884+4  0.50   0.016

Upstream head=  23.3404 Elevation=  473.3404
  Depth at section 1= 24.3404 Gate opening= 16.0000

  Partial  Drop    Head    Head   Flow Cont.  Discharge Local  Energy
   free    sect.   sect.   sect.  type coef.            power   loss
   drop    1->4     3       4           Cc                      1->4
 --------  ------  ------  ------  ---  ---- --------- -----  ------
   1.0000   3.335  16.000  20.006   FW  ---  2.331530+5         3.307
   0.9900   3.301  16.093  20.039   SO 1.000 2.316660+5  0.64   3.277
   0.8892   2.965  16.979  20.375   SO 1.000 2.170499+5  0.61   2.968
   0.7884   2.629  17.814  20.711   SO 1.000 2.023006+5  0.58   2.651
   0.7081   2.361  18.450  20.979   SO 1.000 1.903136+5  0.57   2.395
   0.6279   2.094  19.063  21.247   SO 1.000 1.779855+5  0.56   2.134
   0.5639   1.880  19.537  21.460   SO 1.000 1.678249+5  0.55   1.925
   0.5000   1.667  20.001  21.673   SO 1.000 1.572669+5  0.54   1.713
   0.3660   1.221  20.941  22.120   SO 1.000 1.333075+5  0.53   1.263
   0.2321   0.774  21.845  22.567   SO 1.000 1.052460+5  0.52   0.806
   0.1699   0.567  22.254  22.774   SO 1.000 8.971688+4  0.51   0.592
   0.1077   0.359  22.656  22.981   SO 1.000 7.118403+4  0.51   0.376
   0.0789   0.263  22.840  23.077   SO 1.000 6.090123+4  0.50   0.276
   0.0500   0.167  23.024  23.174   SO 1.000 4.841358+4  0.50   0.175
   0.0366   0.122  23.109  23.218   SO 1.000 4.136249+4  0.50   0.128
   0.0232   0.077  23.194  23.263   SO 1.000 3.291034+4  0.50   0.081
   0.0170   0.057  23.234  23.284   SO 1.000 2.813444+4  0.50   0.060
   0.0108   0.036  23.273  23.305   SO 1.000 2.239704+4  0.50   0.038
   0.0079   0.026  23.291  23.314   SO 1.000 1.916094+4  0.50   0.028
   0.0050   0.017  23.309  23.324   SO 1.000 1.524750+4  0.50   0.018

Upstream head=  24.9404 Elevation=  474.9404
  Depth at section 1= 25.9404 Gate opening= 16.0000

  Partial  Drop    Head    Head   Flow Cont.  Discharge Local  Energy
   free    sect.   sect.   sect.  type coef.            power   loss
   drop    1->4     3       4           Cc                      1->4
 --------  ------  ------  ------  ---  ---- --------- -----  ------
   1.0000   5.936  13.041  19.004   FO 0.815 2.354609+5         5.695
   0.9900   5.877  13.215  19.064   SO 0.815 2.337308+5  0.73   5.645
   0.8892   5.278  14.828  19.662   SO 0.815 2.170602+5  0.69   5.126
   0.7884   4.680  16.259  20.260   SO 0.815 2.011247+5  0.63   4.587
   0.7081   4.203  17.310  20.737   SO 0.815 1.885540+5  0.60   4.147
   0.6279   3.727  18.303  21.213   SO 0.815 1.758521+5  0.58   3.698
   0.5639   3.347  19.061  21.593   SO 0.815 1.655117+5  0.56   3.335
   0.5000   2.968  19.794  21.972   SO 0.815 1.548559+5  0.55   2.969
   0.3660   2.173  21.262  22.768   SO 0.815 1.309173+5  0.54   2.190
   0.2321   1.378  22.654  23.563   SO 0.815 1.032062+5  0.52   1.397
   0.1699   1.009  23.282  23.932   SO 0.815 8.790104+4  0.51   1.026
   0.1077   0.639  23.898  24.301   SO 0.815 6.968563+4  0.51   0.652
   0.0789   0.468  24.180  24.472   SO 0.815 5.950853+4  0.51   0.478
   0.0500   0.297  24.460  24.644   SO 0.815 4.729300+4  0.50   0.303
   0.0366   0.217  24.590  24.723   SO 0.815 4.042843+4  0.50   0.222
   0.0232   0.138  24.718  24.803   SO 0.815 3.216228+4  0.50   0.141
   0.0170   0.101  24.778  24.840   SO 0.815 2.750891+4  0.50   0.103
   0.0108   0.064  24.838  24.876   SO 0.815 2.189797+4  0.50   0.065
   0.0079   0.047  24.865  24.894   SO 0.815 1.872997+4  0.50   0.048
   0.0050   0.030  24.893  24.911   SO 0.815 1.491353+4  0.50   0.030

Upstream head=  26.5404 Elevation=  476.5404
  Depth at section 1= 27.5404 Gate opening= 16.0000

  Partial  Drop    Head    Head   Flow Cont.  Discharge Local  Energy
   free    sect.   sect.   sect.  type coef.            power   loss
   drop    1->4     3       4           Cc                      1->4
 --------  ------  ------  ------  ---  ---- --------- -----  ------
   1.0000   9.006  10.083  17.534   FO 0.630 2.104327+5         8.606
   0.9900   8.916  10.368  17.624   SO 0.630 2.085983+5  0.87   8.532
   0.8892   8.009  12.834  18.532   SO 0.630 1.920375+5  0.77   7.750
   0.7884   7.101  14.871  19.440   SO 0.630 1.771925+5  0.67   6.931
   0.7081   6.378  16.325  20.163   SO 0.630 1.657885+5  0.62   6.261
   0.6279   5.655  17.678  20.886   SO 0.630 1.544174+5  0.59   5.579
   0.5639   5.079  18.701  21.461   SO 0.630 1.452313+5  0.57   5.028
   0.5000   4.503  19.685  22.037   SO 0.630 1.358100+5  0.56   4.472
   0.3660   3.297  21.647  23.244   SO 0.630 1.147411+5  0.54   3.293
   0.2321   2.090  23.504  24.450   SO 0.630 9.038704+4  0.52   2.098
   0.1699   1.530  24.336  25.010   SO 0.630 7.701889+4  0.51   1.539
   0.1077   0.970  25.155  25.570   SO 0.630 6.106110+4  0.51   0.977
   0.0789   0.710  25.530  25.830   SO 0.630 5.214341+4  0.51   0.716
   0.0500   0.450  25.902  26.090   SO 0.630 4.144213+4  0.50   0.454
   0.0366   0.330  26.074  26.211   SO 0.630 3.542749+4  0.50   0.333
   0.0232   0.209  26.245  26.331   SO 0.630 2.818649+4  0.50   0.211
   0.0170   0.153  26.324  26.387   SO 0.630 2.410786+4  0.50   0.155
   0.0108   0.097  26.404  26.443   SO 0.630 1.918927+4  0.50   0.098
   0.0079   0.071  26.440  26.469   SO 0.630 1.641535+4  0.50   0.072
   0.0050   0.045  26.477  26.495   SO 0.630 1.306774+4  0.50   0.045

Upstream head=  33.7105 Elevation=  483.7105
  Depth at section 1= 34.7105 Gate opening= 16.0000

  Partial  Drop    Head    Head   Flow Cont.  Discharge Local  Energy
   free    sect.   sect.   sect.  type coef.            power   loss
   drop    1->4     3       4           Cc                      1->4
 --------  ------  ------  ------  ---  ---- --------- -----  ------
   1.0000  13.460  10.083  20.251   FO 0.630 2.503710+5        12.872
   0.9900  13.325  10.572  20.385   SO 0.630 2.477621+5  1.04  12.762
   0.8892  11.969  14.413  21.742   SO 0.630 2.262673+5  0.85  11.594
   0.7884  10.612  17.369  23.099   SO 0.630 2.082145+5  0.69  10.363
   0.7081   9.531  19.434  24.179   SO 0.630 1.946189+5  0.63   9.356
   0.6279   8.451  21.338  25.260   SO 0.630 1.811752+5  0.59   8.331
   0.5639   7.590  22.771  26.120   SO 0.630 1.703602+5  0.57   7.505
   0.5000   6.730  24.146  26.981   SO 0.630 1.592934+5  0.56   6.672
   0.3660   4.927  26.883  28.784   SO 0.630 1.345882+5  0.54   4.907
   0.2321   3.124  29.471  30.587   SO 0.630 1.060487+5  0.52   3.123
   0.1699   2.287  30.632  31.424   SO 0.630 9.037785+4  0.51   2.290
   0.1077   1.450  31.775  32.261   SO 0.630 7.166509+4  0.51   1.454
   0.0789   1.061  32.299  32.649   SO 0.630 6.120439+4  0.51   1.065
   0.0500   0.673  32.818  33.038   SO 0.630 4.864767+4  0.50   0.676
   0.0366   0.493  33.059  33.218   SO 0.630 4.159031+4  0.50   0.495
   0.0232   0.312  33.298  33.398   SO 0.630 3.308951+4  0.50   0.314
   0.0170   0.229  33.409  33.482   SO 0.630 2.830206+4  0.50   0.230
   0.0108   0.145  33.519  33.566   SO 0.630 2.252623+4  0.50   0.146
   0.0079   0.106  33.571  33.604   SO 0.630 1.927021+4  0.50   0.107
   0.0050   0.067  33.622  33.643   SO 0.630 1.534416+4  0.50   0.068

Upstream head=  44.0044 Elevation=  494.0044
  Depth at section 1= 45.0044 Gate opening= 16.0000

  Partial  Drop    Head    Head   Flow Cont.  Discharge Local  Energy
   free    sect.   sect.   sect.  type coef.            power   loss
   drop    1->4     3       4           Cc                      1->4
 --------  ------  ------  ------  ---  ---- --------- -----  ------
   1.0000  20.205  10.083  23.799   FO 0.630 2.985599+5        19.436
   0.9900  20.003  10.935  24.001   SO 0.630 2.947842+5  1.27  19.271
   0.8892  17.967  16.826  26.038   SO 0.630 2.672436+5  0.91  17.493
   0.7884  15.930  21.050  28.074   SO 0.630 2.455986+5  0.70  15.619
   0.7081  14.308  23.957  29.696   SO 0.630 2.295226+5  0.63  14.088
   0.6279  12.686  26.626  31.318   SO 0.630 2.136965+5  0.59  12.534
   0.5639  11.394  28.632  32.610   SO 0.630 2.009852+5  0.57  11.284
   0.5000  10.103  30.557  33.902   SO 0.630 1.879823+5  0.56  10.026
   0.3660   7.396  34.391  36.608   SO 0.630 1.589392+5  0.54   7.365
   0.2321   4.689  38.027  39.315   SO 0.630 1.253324+5  0.52   4.683
   0.1699   3.433  39.660  40.572   SO 0.630 1.068441+5  0.51   3.432
   0.1077   2.177  41.271  41.828   SO 0.630 8.475412+4  0.51   2.178
   0.0789   1.593  42.010  42.411   SO 0.630 7.239675+4  0.51   1.595
   0.0500   1.010  42.744  42.994   SO 0.630 5.755354+4  0.50   1.012
   0.0366   0.740  43.083  43.265   SO 0.630 4.920825+4  0.50   0.741
   0.0232   0.469  43.421  43.535   SO 0.630 3.915379+4  0.50   0.470
   0.0170   0.343  43.578  43.661   SO 0.630 3.348913+4  0.50   0.344
   0.0108   0.218  43.734  43.787   SO 0.630 2.665850+4  0.50   0.218
   0.0079   0.159  43.806  43.845   SO 0.630 2.280588+4  0.50   0.160
   0.0050   0.101  43.879  43.903   SO 0.630 1.815657+4  0.50   0.101

Upstream head=  58.7830 Elevation=  508.7830
  Depth at section 1= 59.7830 Gate opening= 16.0000

  Partial  Drop    Head    Head   Flow Cont.  Discharge Local  Energy
   free    sect.   sect.   sect.  type coef.            power   loss
   drop    1->4     3       4           Cc                      1->4
 --------  ------  ------  ------  ---  ---- --------- -----  ------
   1.0000  30.444  10.083  28.339   FO 0.630 3.566528+5        29.516
   0.9900  30.140  11.571  28.643   SO 0.630 3.511601+5  1.54  29.264
   0.8892  27.071  20.379  31.712   SO 0.630 3.167140+5  0.96  26.526
   0.7884  24.002  26.339  34.781   SO 0.630 2.911032+5  0.70  23.650
   0.7081  21.558  30.415  37.225   SO 0.630 2.722032+5  0.63  21.312
   0.6279  19.115  34.159  39.668   SO 0.630 2.536067+5  0.59  18.945
   0.5639  17.168  36.976  41.615   SO 0.630 2.386571+5  0.57  17.045
   0.5000  15.222  39.685  43.561   SO 0.630 2.233445+5  0.55  15.135
   0.3660  11.144  45.098  47.639   SO 0.630 1.890593+5  0.53  11.107
   0.2321   7.065  50.255  51.717   SO 0.630 1.492495+5  0.52   7.055
   0.1699   5.172  52.580  53.610   SO 0.630 1.272864+5  0.51   5.169
   0.1077   3.280  54.876  55.503   SO 0.630 1.010211+5  0.51   3.279
   0.0789   2.401  55.931  56.382   SO 0.630 8.631117+4  0.50   2.401
   0.0500   1.522  56.980  57.261   SO 0.630 6.863134+4  0.50   1.523
   0.0366   1.114  57.464  57.669   SO 0.630 5.868525+4  0.50   1.115
   0.0232   0.707  57.948  58.076   SO 0.630 4.669974+4  0.50   0.707
   0.0170   0.517  58.172  58.266   SO 0.630 3.994571+4  0.50   0.518
   0.0108   0.328  58.396  58.455   SO 0.630 3.179799+4  0.50   0.328
   0.0079   0.240  58.500  58.543   SO 0.630 2.720351+4  0.50   0.240
   0.0050   0.152  58.603  58.631   SO 0.630 2.165846+4  0.50   0.152

Upstream head=  80.0000 Elevation=  530.0000
  Depth at section 1= 81.0000 Gate opening= 16.0000

  Partial  Drop    Head    Head   Flow Cont.  Discharge Local  Energy
   free    sect.   sect.   sect.  type coef.            power   loss
   drop    1->4     3       4           Cc                      1->4
 --------  ------  ------  ------  ---  ---- --------- -----  ------
   1.0000  45.960  10.083  34.040   FO 0.630 4.265741+5        44.903
   0.9900  45.500  12.628  34.500   SO 0.630 4.187369+5  1.85  44.513
   0.8892  40.868  25.442  39.132   SO 0.630 3.768179+5  0.98  40.278
   0.7884  36.235  33.796  43.765   SO 0.630 3.467697+5  0.69  35.864
   0.7081  32.546  39.509  47.454   SO 0.630 3.246235+5  0.61  32.290
   0.6279  28.856  44.780  51.144   SO 0.630 3.027605+5  0.58  28.682
   0.5639  25.918  48.761  54.082   SO 0.630 2.851366+5  0.56  25.792
   0.5000  22.980  52.600  57.020   SO 0.630 2.670397+5  0.54  22.891
   0.3660  16.823  60.311  63.177   SO 0.630 2.263697+5  0.53  16.785
   0.2321  10.666  67.698  69.334   SO 0.630 1.789309+5  0.52  10.655
   0.1699   7.809  71.044  72.191   SO 0.630 1.526729+5  0.51   7.804
   0.1077   4.951  74.353  75.049   SO 0.630 1.212355+5  0.51   4.950
   0.0789   3.624  75.875  76.376   SO 0.630 1.036075+5  0.50   3.624
   0.0500   2.298  77.391  77.702   SO 0.630 8.240353+4  0.50   2.298
   0.0366   1.682  78.092  78.318   SO 0.630 7.046961+4  0.50   1.683
   0.0232   1.067  78.791  78.933   SO 0.630 5.608405+4  0.50   1.067
   0.0170   0.781  79.116  79.219   SO 0.630 4.797559+4  0.50   0.781
   0.0108   0.495  79.440  79.505   SO 0.630 3.819276+4  0.50   0.495
   0.0079   0.362  79.590  79.638   SO 0.630 3.267327+4  0.50   0.363
   0.0050   0.230  79.740  79.770   SO 0.630 2.601413+4  0.50   0.230

Two-D table computations for gate opening=  24.000  Two-D table id= 5908
     Head at section 1 for FW/FO boundary=  34.9653
     Head-relative gate opening at FW/FO boundary=   0.6864
 FW flow at its upper limit=    428331.    
 Non-standard FO flow=    428331.    

Upstream head=   2.0000 Elevation=  452.0000
  Depth at section 1=  3.0000 Gate opening= 24.0000

  Partial  Drop    Head    Head   Flow Cont.  Discharge Local  Energy
   free    sect.   sect.   sect.  type coef.            power   loss
   drop    1->4     3       4           Cc                      1->4
 --------  ------  ------  ------  ---  ---- --------- -----  ------
   1.0000   0.505   1.340   1.495   FW  ---  5.653722+3         0.532
   0.9900   0.500   1.346   1.500   SW  ---  5.654622+3 -0.02   0.527
   0.8892   0.449   1.407   1.551   SW  ---  5.643913+3  0.02   0.476
   0.7884   0.398   1.468   1.602   SW  ---  5.593092+3  0.08   0.425
   0.7081   0.358   1.518   1.642   SW  ---  5.518538+3  0.12   0.384
   0.6279   0.317   1.569   1.683   SW  ---  5.408240+3  0.17   0.343
   0.5639   0.285   1.610   1.715   SW  ---  5.290365+3  0.21   0.309
   0.5000   0.253   1.652   1.747   SW  ---  5.140896+3  0.24   0.276
   0.3660   0.185   1.741   1.815   SW  ---  4.697717+3  0.29   0.204
   0.2321   0.117   1.833   1.883   SW  ---  3.994279+3  0.36   0.131
   0.1699   0.086   1.877   1.914   SW  ---  3.520943+3  0.40   0.097
   0.1077   0.054   1.921   1.946   SW  ---  2.890684+3  0.43   0.062
   0.0789   0.040   1.942   1.960   SW  ---  2.509657+3  0.45   0.045
   0.0500   0.025   1.963   1.975   SW  ---  2.026923+3  0.47   0.029
   0.0366   0.018   1.973   1.982   SW  ---  1.745928+3  0.48   0.021
   0.0232   0.012   1.983   1.988   SW  ---  1.399062+3  0.49   0.013
   0.0170   0.009   1.987   1.991   SW  ---  1.200637+3  0.49   0.010
   0.0108   0.005   1.992   1.995   SW  ---  9.585223+2  0.49   0.006
   0.0079   0.004   1.994   1.996   SW  ---  8.235129+2  0.49   0.005
   0.0050   0.003   1.996   1.997   SW  ---  6.564497+2  0.50   0.003

Upstream head=   3.0262 Elevation=  453.0262
  Depth at section 1=  4.0262 Gate opening= 24.0000

  Partial  Drop    Head    Head   Flow Cont.  Discharge Local  Energy
   free    sect.   sect.   sect.  type coef.            power   loss
   drop    1->4     3       4           Cc                      1->4
 --------  ------  ------  ------  ---  ---- --------- -----  ------
   1.0000   0.689   2.039   2.337   FW  ---  1.060954+4         0.734
   0.9900   0.682   2.048   2.344   SW  ---  1.061120+4 -0.02   0.727
   0.8892   0.613   2.136   2.413   SW  ---  1.059324+4  0.02   0.658
   0.7884   0.543   2.226   2.483   SW  ---  1.050438+4  0.07   0.588
   0.7081   0.488   2.300   2.538   SW  ---  1.037283+4  0.12   0.532
   0.6279   0.433   2.375   2.593   SW  ---  1.017662+4  0.16   0.476
   0.5639   0.389   2.435   2.638   SW  ---  9.965467+3  0.20   0.430
   0.5000   0.345   2.497   2.682   SW  ---  9.696611+3  0.23   0.384
   0.3660   0.252   2.631   2.774   SW  ---  8.890434+3  0.28   0.286
   0.2321   0.160   2.770   2.866   SW  ---  7.592449+3  0.35   0.185
   0.1699   0.117   2.837   2.909   SW  ---  6.706867+3  0.40   0.137
   0.1077   0.074   2.905   2.952   SW  ---  5.520743+3  0.43   0.088
   0.0789   0.054   2.937   2.972   SW  ---  4.800819+3  0.45   0.065
   0.0500   0.034   2.969   2.992   SW  ---  3.884211+3  0.46   0.041
   0.0366   0.025   2.984   3.001   SW  ---  3.348414+3  0.48   0.030
   0.0232   0.016   2.999   3.010   SW  ---  2.687179+3  0.48   0.019
   0.0170   0.012   3.007   3.014   SW  ---  2.306190+3  0.49   0.014
   0.0108   0.007   3.014   3.019   SW  ---  1.844077+3  0.49   0.009
   0.0079   0.005   3.017   3.021   SW  ---  1.577258+3  0.50   0.007
   0.0050   0.003   3.020   3.023   SW  ---  1.257895+3  0.50   0.004

Upstream head=   4.5789 Elevation=  454.5789
  Depth at section 1=  5.5789 Gate opening= 24.0000

  Partial  Drop    Head    Head   Flow Cont.  Discharge Local  Energy
   free    sect.   sect.   sect.  type coef.            power   loss
   drop    1->4     3       4           Cc                      1->4
 --------  ------  ------  ------  ---  ---- --------- -----  ------
   1.0000   0.931   3.101   3.648   FW  ---  1.989746+4         0.995
   0.9900   0.922   3.114   3.657   SW  ---  1.990053+4 -0.02   0.986
   0.8892   0.828   3.243   3.751   SW  ---  1.987025+4  0.01   0.894
   0.7884   0.734   3.375   3.845   SW  ---  1.971418+4  0.07   0.801
   0.7081   0.659   3.484   3.920   SW  ---  1.948112+4  0.11   0.726
   0.6279   0.585   3.594   3.994   SW  ---  1.913127+4  0.15   0.650
   0.5639   0.525   3.685   4.054   SW  ---  1.875285+4  0.19   0.588
   0.5000   0.466   3.777   4.113   SW  ---  1.826824+4  0.22   0.527
   0.3660   0.341   3.976   4.238   SW  ---  1.680238+4  0.27   0.394
   0.2321   0.216   4.186   4.363   SW  ---  1.441224+4  0.34   0.256
   0.1699   0.158   4.287   4.421   SW  ---  1.277732+4  0.39   0.190
   0.1077   0.100   4.391   4.479   SW  ---  1.054837+4  0.42   0.122
   0.0789   0.073   4.441   4.505   SW  ---  9.172926+3  0.45   0.090
   0.0500   0.047   4.491   4.532   SW  ---  7.430006+3  0.46   0.057
   0.0366   0.034   4.514   4.545   SW  ---  6.414107+3  0.47   0.042
   0.0232   0.022   4.538   4.557   SW  ---  5.148310+3  0.48   0.027
   0.0170   0.016   4.549   4.563   SW  ---  4.421752+3  0.49   0.020
   0.0108   0.010   4.560   4.569   SW  ---  3.537297+3  0.49   0.013
   0.0079   0.007   4.565   4.572   SW  ---  3.033290+3  0.49   0.009
   0.0050   0.005   4.570   4.574   SW  ---  2.421057+3  0.49   0.006

Upstream head=   6.9282 Elevation=  456.9282
  Depth at section 1=  7.9282 Gate opening= 24.0000

  Partial  Drop    Head    Head   Flow Cont.  Discharge Local  Energy
   free    sect.   sect.   sect.  type coef.            power   loss
   drop    1->4     3       4           Cc                      1->4
 --------  ------  ------  ------  ---  ---- --------- -----  ------
   1.0000   1.259   4.713   5.669   FW  ---  3.727328+4         1.338
   0.9900   1.247   4.732   5.681   SW  ---  3.727905+4 -0.02   1.325
   0.8892   1.120   4.922   5.808   SW  ---  3.722671+4  0.01   1.202
   0.7884   0.993   5.118   5.935   SW  ---  3.694861+4  0.06   1.078
   0.7081   0.892   5.278   6.036   SW  ---  3.653069+4  0.11   0.978
   0.6279   0.791   5.442   6.137   SW  ---  3.590024+4  0.14   0.877
   0.5639   0.710   5.577   6.218   SW  ---  3.521562+4  0.18   0.795
   0.5000   0.630   5.714   6.298   SW  ---  3.433527+4  0.21   0.712
   0.3660   0.461   6.013   6.467   SW  ---  3.165662+4  0.26   0.534
   0.2321   0.292   6.328   6.636   SW  ---  2.724523+4  0.33   0.349
   0.1699   0.214   6.482   6.714   SW  ---  2.420315+4  0.38   0.259
   0.1077   0.136   6.640   6.793   SW  ---  2.003035+4  0.42   0.167
   0.0789   0.099   6.716   6.829   SW  ---  1.743437+4  0.45   0.124
   0.0500   0.063   6.792   6.865   SW  ---  1.414222+4  0.46   0.079
   0.0366   0.046   6.828   6.882   SW  ---  1.221478+4  0.47   0.058
   0.0232   0.029   6.865   6.899   SW  ---  9.810887+3  0.48   0.037
   0.0170   0.021   6.881   6.907   SW  ---  8.435154+3  0.48   0.027
   0.0108   0.014   6.899   6.915   SW  ---  6.742065+3  0.49   0.017
   0.0079   0.010   6.906   6.918   SW  ---  5.781347+3  0.49   0.013
   0.0050   0.006   6.914   6.922   SW  ---  4.613169+3  0.50   0.008

Upstream head=  10.4830 Elevation=  460.4830
  Depth at section 1= 11.4830 Gate opening= 24.0000

  Partial  Drop    Head    Head   Flow Cont.  Discharge Local  Energy
   free    sect.   sect.   sect.  type coef.            power   loss
   drop    1->4     3       4           Cc                      1->4
 --------  ------  ------  ------  ---  ---- --------- -----  ------
   1.0000   1.724   7.155   8.759   FW  ---  6.972861+4         1.799
   0.9900   1.707   7.184   8.776   SW  ---  6.973945+4 -0.02   1.783
   0.8892   1.533   7.467   8.950   SW  ---  6.964609+4  0.01   1.618
   0.7884   1.359   7.759   9.124   SW  ---  6.914025+4  0.06   1.451
   0.7081   1.221   7.999   9.262   SW  ---  6.837688+4  0.10   1.316
   0.6279   1.082   8.245   9.401   SW  ---  6.722295+4  0.14   1.181
   0.5639   0.972   8.446   9.511   SW  ---  6.596698+4  0.18   1.071
   0.5000   0.862   8.651   9.621   SW  ---  6.434949+4  0.21   0.960
   0.3660   0.631   9.100   9.852   SW  ---  5.940845+4  0.26   0.721
   0.2321   0.400   9.575  10.083   SW  ---  5.122986+4  0.33   0.472
   0.1699   0.293   9.806  10.190   SW  ---  4.556358+4  0.38   0.352
   0.1077   0.186  10.045  10.297   SW  ---  3.775930+4  0.41   0.227
   0.0789   0.136  10.160  10.347   SW  ---  3.288900+4  0.44   0.168
   0.0500   0.086  10.276  10.397   SW  ---  2.670097+4  0.46   0.107
   0.0366   0.063  10.331  10.420   SW  ---  2.307201+4  0.47   0.079
   0.0232   0.040  10.386  10.443   SW  ---  1.853983+4  0.48   0.050
   0.0170   0.029  10.412  10.454   SW  ---  1.593951+4  0.48   0.037
   0.0108   0.019  10.438  10.464   SW  ---  1.274997+4  0.49   0.023
   0.0079   0.014  10.450  10.469   SW  ---  1.093470+4  0.49   0.017
   0.0050   0.009  10.462  10.474   SW  ---  8.726971+3  0.49   0.011

Upstream head=  15.8616 Elevation=  465.8616
  Depth at section 1= 16.8616 Gate opening= 24.0000

  Partial  Drop    Head    Head   Flow Cont.  Discharge Local  Energy
   free    sect.   sect.   sect.  type coef.            power   loss
   drop    1->4     3       4           Cc                      1->4
 --------  ------  ------  ------  ---  ---- --------- -----  ------
   1.0000   2.403  10.854  13.458   FW  ---  1.302774+5         2.446
   0.9900   2.379  10.898  13.483   SW  ---  1.302978+5 -0.02   2.424
   0.8892   2.137  11.324  13.725   SW  ---  1.301256+5  0.01   2.198
   0.7884   1.895  11.764  13.967   SW  ---  1.291865+5  0.06   1.970
   0.7081   1.702  12.125  14.160   SW  ---  1.277680+5  0.10   1.787
   0.6279   1.509  12.495  14.353   SW  ---  1.256221+5  0.14   1.602
   0.5639   1.355  12.798  14.506   SW  ---  1.232852+5  0.17   1.453
   0.5000   1.202  13.107  14.660   SW  ---  1.202745+5  0.21   1.302
   0.3660   0.880  13.781  14.982   SW  ---  1.110733+5  0.26   0.978
   0.2321   0.558  14.496  15.304   SW  ---  9.582522+4  0.32   0.640
   0.1699   0.408  14.843  15.453   SW  ---  8.524535+4  0.38   0.477
   0.1077   0.259  15.203  15.603   SW  ---  7.067012+4  0.41   0.308
   0.0789   0.190  15.376  15.672   SW  ---  6.157461+4  0.44   0.228
   0.0500   0.120  15.551  15.741   SW  ---  5.000003+4  0.46   0.146
   0.0366   0.088  15.633  15.774   SW  ---  4.320545+4  0.47   0.107
   0.0232   0.056  15.716  15.806   SW  ---  3.472502+4  0.48   0.068
   0.0170   0.041  15.755  15.821   SW  ---  2.984827+4  0.49   0.050
   0.0108   0.026  15.794  15.836   SW  ---  2.387929+4  0.49   0.032
   0.0079   0.019  15.812  15.843   SW  ---  2.046711+4  0.49   0.023
   0.0050   0.012  15.830  15.850   SW  ---  1.633409+4  0.50   0.015

Upstream head=  24.0000 Elevation=  474.0000
  Depth at section 1= 25.0000 Gate opening= 24.0000

  Partial  Drop    Head    Head   Flow Cont.  Discharge Local  Energy
   free    sect.   sect.   sect.  type coef.            power   loss
   drop    1->4     3       4           Cc                      1->4
 --------  ------  ------  ------  ---  ---- --------- -----  ------
   1.0000   3.417  16.454  20.583   FW  ---  2.431437+5         3.382
   0.9900   3.382  16.520  20.618   SW  ---  2.431822+5 -0.02   3.350
   0.8892   3.038  17.166  20.962   SW  ---  2.428571+5  0.01   3.035
   0.7884   2.694  17.834  21.306   SW  ---  2.410888+5  0.06   2.718
   0.7081   2.419  18.380  21.581   SW  ---  2.384195+5  0.10   2.463
   0.6279   2.145  18.941  21.855   SW  ---  2.343845+5  0.14   2.207
   0.5639   1.927  19.398  22.073   SW  ---  2.299941+5  0.18   2.000
   0.5000   1.708  19.866  22.292   SW  ---  2.243409+5  0.21   1.791
   0.3660   1.251  20.882  22.749   SW  ---  2.070885+5  0.26   1.344
   0.2321   0.793  21.956  23.207   SW  ---  1.785473+5  0.33   0.879
   0.1699   0.580  22.478  23.420   SW  ---  1.587762+5  0.38   0.654
   0.1077   0.368  23.020  23.632   SW  ---  1.313888+5  0.42   0.422
   0.0789   0.269  23.275  23.731   SW  ---  1.146556+5  0.44   0.312
   0.0500   0.171  23.536  23.829   SW  ---  9.307623+4  0.46   0.200
   0.0366   0.125  23.658  23.875   SW  ---  8.040066+4  0.47   0.147
   0.0232   0.079  23.783  23.921   SW  ---  6.460882+4  0.48   0.094
   0.0170   0.058  23.840  23.942   SW  ---  5.553259+4  0.49   0.069
   0.0108   0.037  23.899  23.963   SW  ---  4.441186+4  0.49   0.044
   0.0079   0.027  23.926  23.973   SW  ---  3.808347+4  0.49   0.032
   0.0050   0.017  23.953  23.983   SW  ---  3.038990+4  0.50   0.020

Upstream head=  29.4826 Elevation=  479.4826
  Depth at section 1= 30.4826 Gate opening= 24.0000

  Partial  Drop    Head    Head   Flow Cont.  Discharge Local  Energy
   free    sect.   sect.   sect.  type coef.            power   loss
   drop    1->4     3       4           Cc                      1->4
 --------  ------  ------  ------  ---  ---- --------- -----  ------
   1.0000   4.096  20.227  25.386   FW  ---  3.313993+5         4.000
   0.9900   4.055  20.308  25.427   SW  ---  3.314519+5 -0.02   3.962
   0.8892   3.643  21.105  25.840   SW  ---  3.310040+5  0.01   3.587
   0.7884   3.230  21.927  26.253   SW  ---  3.285752+5  0.06   3.211
   0.7081   2.901  22.600  26.582   SW  ---  3.249123+5  0.10   2.909
   0.6279   2.572  23.289  26.911   SW  ---  3.193783+5  0.14   2.604
   0.5639   2.310  23.851  27.173   SW  ---  3.133598+5  0.18   2.360
   0.5000   2.048  24.529  27.434   SO 1.000 2.961165+5  0.47   2.109
   0.3660   1.499  25.958  27.983   SO 1.000 2.497726+5  0.55   1.566
   0.2321   0.951  27.303  28.532   SO 1.000 1.964137+5  0.53   1.005
   0.1699   0.696  27.904  28.787   SO 1.000 1.671655+5  0.52   0.740
   0.1077   0.441  28.492  29.041   SO 1.000 1.324417+5  0.51   0.472
   0.0789   0.323  28.757  29.160   SO 1.000 1.133522+5  0.50   0.346
   0.0500   0.205  29.024  29.278   SO 1.000 9.005852+4  0.50   0.220
   0.0366   0.150  29.149  29.333   SO 1.000 7.686799+4  0.51   0.161
   0.0232   0.095  29.271  29.388   SO 1.000 6.114442+4  0.50   0.102
   0.0170   0.070  29.328  29.413   SO 1.000 5.226730+4  0.50   0.075
   0.0108   0.044  29.385  29.439   SO 1.000 4.159524+4  0.50   0.048
   0.0079   0.032  29.411  29.450   SO 1.000 3.557958+4  0.50   0.035
   0.0050   0.020  29.437  29.462   SO 1.000 2.831578+4  0.50   0.022

Upstream head=  34.9653 Elevation=  484.9653
  Depth at section 1= 35.9653 Gate opening= 24.0000

  Partial  Drop    Head    Head   Flow Cont.  Discharge Local  Energy
   free    sect.   sect.   sect.  type coef.            power   loss
   drop    1->4     3       4           Cc                      1->4
 --------  ------  ------  ------  ---  ---- --------- -----  ------
   1.0000   4.776  24.000  30.190   FW  ---  4.283290+5         4.613
   0.9900   4.728  24.144  30.237   SO 1.000 4.255133+5  0.66   4.572
   0.8892   4.246  25.494  30.719   SO 1.000 3.980877+5  0.62   4.150
   0.7884   3.765  26.756  31.200   SO 1.000 3.706183+5  0.59   3.715
   0.7081   3.382  27.710  31.584   SO 1.000 3.484050+5  0.58   3.360
   0.6279   2.998  28.628  31.967   SO 1.000 3.256353+5  0.56   2.998
   0.5639   2.693  29.335  32.272   SO 1.000 3.069156+5  0.55   2.706
   0.5000   2.388  30.025  32.577   SO 1.000 2.874965+5  0.54   2.411
   0.3660   1.748  31.421  33.217   SO 1.000 2.435315+5  0.53   1.781
   0.2321   1.108  32.758  33.857   SO 1.000 1.921590+5  0.52   1.138
   0.1699   0.811  33.362  34.154   SO 1.000 1.637666+5  0.51   0.836
   0.1077   0.514  33.957  34.451   SO 1.000 1.299080+5  0.51   0.532
   0.0789   0.377  34.227  34.589   SO 1.000 1.111523+5  0.50   0.390
   0.0500   0.239  34.499  34.727   SO 1.000 8.835304+4  0.50   0.248
   0.0366   0.175  34.625  34.790   SO 1.000 7.547041+4  0.51   0.181
   0.0232   0.111  34.750  34.854   SO 1.000 6.004987+4  0.50   0.115
   0.0170   0.081  34.808  34.884   SO 1.000 5.134157+4  0.50   0.084
   0.0108   0.051  34.865  34.914   SO 1.000 4.086812+4  0.50   0.053
   0.0079   0.038  34.892  34.928   SO 1.000 3.495095+4  0.50   0.039
   0.0050   0.024  34.919  34.941   SO 1.000 2.781892+4  0.50   0.025

Upstream head=  37.3653 Elevation=  487.3653
  Depth at section 1= 38.3653 Gate opening= 24.0000

  Partial  Drop    Head    Head   Flow Cont.  Discharge Local  Energy
   free    sect.   sect.   sect.  type coef.            power   loss
   drop    1->4     3       4           Cc                      1->4
 --------  ------  ------  ------  ---  ---- --------- -----  ------
   1.0000   8.617  19.361  28.748   FO 0.807 4.301148+5         8.112
   0.9900   8.531  19.645  28.834   SO 0.807 4.267194+5  0.79   8.044
   0.8892   7.662  22.200  29.703   SO 0.807 3.947593+5  0.72   7.325
   0.7884   6.794  24.403  30.572   SO 0.807 3.649544+5  0.65   6.568
   0.7081   6.102  26.001  31.263   SO 0.807 3.417166+5  0.61   5.945
   0.6279   5.410  27.500  31.955   SO 0.807 3.183898+5  0.59   5.307
   0.5639   4.859  28.637  32.506   SO 0.807 2.994792+5  0.57   4.791
   0.5000   4.308  29.733  33.057   SO 0.807 2.800480+5  0.56   4.267
   0.3660   3.154  31.920  34.211   SO 0.807 2.365408+5  0.54   3.151
   0.2321   2.000  33.989  35.365   SO 0.807 1.862467+5  0.52   2.013
   0.1699   1.464  34.915  35.901   SO 0.807 1.586798+5  0.51   1.478
   0.1077   0.928  35.826  36.437   SO 0.807 1.257601+5  0.51   0.940
   0.0789   0.680  36.243  36.686   SO 0.807 1.073774+5  0.51   0.689
   0.0500   0.431  36.657  36.934   SO 0.807 8.532563+4  0.50   0.437
   0.0366   0.315  36.848  37.050   SO 0.807 7.293605+4  0.50   0.320
   0.0232   0.200  37.038  37.165   SO 0.807 5.802402+4  0.50   0.203
   0.0170   0.146  37.126  37.219   SO 0.807 4.962389+4  0.50   0.149
   0.0108   0.093  37.213  37.272   SO 0.807 3.949434+4  0.50   0.094
   0.0079   0.068  37.254  37.297   SO 0.807 3.378351+4  0.50   0.069
   0.0050   0.043  37.295  37.322   SO 0.807 2.690261+4  0.50   0.044

Upstream head=  39.7653 Elevation=  489.7653
  Depth at section 1= 40.7653 Gate opening= 24.0000

  Partial  Drop    Head    Head   Flow Cont.  Discharge Local  Energy
   free    sect.   sect.   sect.  type coef.            power   loss
   drop    1->4     3       4           Cc                      1->4
 --------  ------  ------  ------  ---  ---- --------- -----  ------
   1.0000  13.204  14.723  26.561   FO 0.613 3.788454+5        12.478
   0.9900  13.072  15.221  26.693   SO 0.613 3.750612+5  1.00  12.375
   0.8892  11.741  19.227  28.024   SO 0.613 3.430871+5  0.83  11.267
   0.7884  10.410  22.375  29.355   SO 0.613 3.157033+5  0.69  10.091
   0.7081   9.350  24.581  30.415   SO 0.613 2.949968+5  0.63   9.123
   0.6279   8.290  26.617  31.475   SO 0.613 2.745056+5  0.60   8.134
   0.5639   7.446  28.149  32.319   SO 0.613 2.580250+5  0.58   7.334
   0.5000   6.602  29.617  33.163   SO 0.613 2.411711+5  0.56   6.525
   0.3660   4.833  32.533  34.932   SO 0.613 2.035988+5  0.54   4.807
   0.2321   3.064  35.282  36.701   SO 0.613 1.602927+5  0.52   3.064
   0.1699   2.243  36.511  37.522   SO 0.613 1.365698+5  0.51   2.248
   0.1077   1.422  37.721  38.343   SO 0.613 1.082474+5  0.51   1.428
   0.0789   1.041  38.275  38.724   SO 0.613 9.243037+4  0.51   1.046
   0.0500   0.660  38.824  39.105   SO 0.613 7.345178+4  0.50   0.664
   0.0366   0.483  39.077  39.282   SO 0.613 6.278992+4  0.50   0.486
   0.0232   0.306  39.330  39.459   SO 0.613 4.995250+4  0.50   0.308
   0.0170   0.224  39.447  39.541   SO 0.613 4.272363+4  0.50   0.226
   0.0108   0.142  39.564  39.623   SO 0.613 3.400320+4  0.50   0.143
   0.0079   0.104  39.618  39.661   SO 0.613 2.909068+4  0.50   0.105
   0.0050   0.066  39.672  39.699   SO 0.613 2.315854+4  0.50   0.066

Upstream head=  50.8643 Elevation=  500.8643
  Depth at section 1= 51.8643 Gate opening= 24.0000

  Partial  Drop    Head    Head   Flow Cont.  Discharge Local  Energy
   free    sect.   sect.   sect.  type coef.            power   loss
   drop    1->4     3       4           Cc                      1->4
 --------  ------  ------  ------  ---  ---- --------- -----  ------
   1.0000  19.987  14.723  30.878   FO 0.613 4.519201+5        18.995
   0.9900  19.787  15.605  31.078   SO 0.613 4.463705+5  1.23  18.839
   0.8892  17.772  21.865  33.092   SO 0.613 4.048127+5  0.91  17.145
   0.7884  15.757  26.415  35.107   SO 0.613 3.716980+5  0.71  15.337
   0.7081  14.153  29.544  36.711   SO 0.613 3.470970+5  0.64  13.852
   0.6279  12.549  32.412  38.316   SO 0.613 3.229123+5  0.60  12.339
   0.5639  11.271  34.562  39.593   SO 0.613 3.035209+5  0.58  11.118
   0.5000   9.993  36.620  40.871   SO 0.613 2.837172+5  0.56   9.885
   0.3660   7.316  40.705  43.548   SO 0.613 2.396015+5  0.54   7.272
   0.2321   4.638  44.561  46.226   SO 0.613 1.887318+5  0.52   4.629
   0.1699   3.396  46.291  47.469   SO 0.613 1.607665+5  0.51   3.394
   0.1077   2.153  47.987  48.711   SO 0.613 1.275148+5  0.51   2.155
   0.0789   1.576  48.766  49.288   SO 0.613 1.088972+5  0.51   1.579
   0.0500   0.999  49.539  49.865   SO 0.613 8.655044+4  0.50   1.002
   0.0366   0.732  49.895  50.133   SO 0.613 7.399248+4  0.50   0.733
   0.0232   0.464  50.251  50.400   SO 0.613 5.886944+4  0.50   0.465
   0.0170   0.340  50.416  50.525   SO 0.613 5.034896+4  0.50   0.341
   0.0108   0.215  50.580  50.649   SO 0.613 4.007600+4  0.50   0.216
   0.0079   0.158  50.656  50.707   SO 0.613 3.428393+4  0.50   0.158
   0.0050   0.100  50.732  50.764   SO 0.613 2.729492+4  0.50   0.100

Upstream head=  66.8825 Elevation=  516.8824
  Depth at section 1= 67.8825 Gate opening= 24.0000

  Partial  Drop    Head    Head   Flow Cont.  Discharge Local  Energy
   free    sect.   sect.   sect.  type coef.            power   loss
   drop    1->4     3       4           Cc                      1->4
 --------  ------  ------  ------  ---  ---- --------- -----  ------
   1.0000  30.406  14.723  36.477   FO 0.613 5.403661+5        29.167
   0.9900  30.102  16.289  36.781   SO 0.613 5.321889+5  1.52  28.928
   0.8892  27.037  25.834  39.846   SO 0.613 4.793682+5  0.97  26.286
   0.7884  23.972  32.313  42.911   SO 0.613 4.399158+5  0.71  23.476
   0.7081  21.531  36.723  45.351   SO 0.613 4.108933+5  0.64  21.179
   0.6279  19.090  40.757  47.792   SO 0.613 3.824291+5  0.60  18.845
   0.5639  17.147  43.782  49.736   SO 0.613 3.596123+5  0.57  16.966
   0.5000  15.203  46.680  51.680   SO 0.613 3.362986+5  0.56  15.074
   0.3660  11.130  52.446  55.753   SO 0.613 2.842832+5  0.54  11.075
   0.2321   7.057  57.908  59.826   SO 0.613 2.241455+5  0.52   7.041
   0.1699   5.166  60.365  61.717   SO 0.613 1.910178+5  0.51   5.160
   0.1077   3.275  62.779  63.607   SO 0.613 1.515672+5  0.51   3.275
   0.0789   2.398  63.888  64.485   SO 0.613 1.294663+5  0.51   2.399
   0.0500   1.520  64.990  65.362   SO 0.613 1.029207+5  0.50   1.521
   0.0366   1.113  65.499  65.769   SO 0.613 8.799682+4  0.50   1.114
   0.0232   0.706  66.007  66.177   SO 0.613 7.001624+4  0.50   0.706
   0.0170   0.517  66.242  66.366   SO 0.613 5.988884+4  0.50   0.517
   0.0108   0.328  66.477  66.555   SO 0.613 4.767009+4  0.50   0.328
   0.0079   0.240  66.585  66.643   SO 0.613 4.077945+4  0.50   0.240
   0.0050   0.152  66.694  66.730   SO 0.613 3.247000+4  0.50   0.152

Upstream head=  90.0000 Elevation=  540.0000
  Depth at section 1= 91.0000 Gate opening= 24.0000

  Partial  Drop    Head    Head   Flow Cont.  Discharge Local  Energy
   free    sect.   sect.   sect.  type coef.            power   loss
   drop    1->4     3       4           Cc                      1->4
 --------  ------  ------  ------  ---  ---- --------- -----  ------
   1.0000  46.406  14.723  43.594   FO 0.613 6.472832+5        44.957
   0.9900  45.942  17.480  44.058   SO 0.613 6.353166+5  1.86  44.583
   0.8892  41.264  31.587  48.736   SO 0.613 5.701866+5  1.01  40.427
   0.7884  36.587  40.728  53.413   SO 0.613 5.236771+5  0.71  36.047
   0.7081  32.862  46.932  57.138   SO 0.613 4.895983+5  0.63  32.482
   0.6279  29.136  52.624  60.864   SO 0.613 4.561007+5  0.59  28.874
   0.5639  26.170  56.903  63.830   SO 0.613 4.291961+5  0.57  25.978
   0.5000  23.203  61.015  66.797   SO 0.613 4.016498+5  0.55  23.066
   0.3660  16.987  69.231  73.013   SO 0.613 3.399931+5  0.53  16.927
   0.2321  10.770  77.056  79.230   SO 0.613 2.684103+5  0.52  10.752
   0.1699   7.884  80.585  82.116   SO 0.613 2.289191+5  0.51   7.877
   0.1077   4.999  84.069  85.001   SO 0.613 1.816850+5  0.51   4.997
   0.0789   3.660  85.671  86.340   SO 0.613 1.552304+5  0.50   3.659
   0.0500   2.320  87.263  87.680   SO 0.613 1.234344+5  0.50   2.321
   0.0366   1.699  87.998  88.301   SO 0.613 1.055475+5  0.50   1.699
   0.0232   1.077  88.733  88.923   SO 0.613 8.399028+4  0.50   1.077
   0.0170   0.788  89.073  89.212   SO 0.613 7.184459+4  0.50   0.789
   0.0108   0.500  89.412  89.500   SO 0.613 5.718970+4  0.50   0.500
   0.0079   0.366  89.570  89.634   SO 0.613 4.892726+4  0.50   0.366
   0.0050   0.232  89.727  89.768   SO 0.613 3.895531+4  0.50   0.232

Two-D table computations for gate opening=  26.000  Two-D table id= 5909
     Head at section 1 for FW/FO boundary=  37.8713
     Head-relative gate opening at FW/FO boundary=   0.6865
 FW flow at its upper limit=    482973.    
 Non-standard FO flow=    482972.    

Upstream head=   2.0000 Elevation=  452.0000
  Depth at section 1=  3.0000 Gate opening= 26.0000

  Partial  Drop    Head    Head   Flow Cont.  Discharge Local  Energy
   free    sect.   sect.   sect.  type coef.            power   loss
   drop    1->4     3       4           Cc                      1->4
 --------  ------  ------  ------  ---  ---- --------- -----  ------
   1.0000   0.505   1.340   1.495   FW  ---  5.653722+3         0.532
   0.9900   0.500   1.346   1.500   SW  ---  5.654622+3 -0.02   0.527
   0.8892   0.449   1.407   1.551   SW  ---  5.643913+3  0.02   0.476
   0.7884   0.398   1.468   1.602   SW  ---  5.593092+3  0.08   0.425
   0.7081   0.358   1.518   1.642   SW  ---  5.518538+3  0.12   0.384
   0.6279   0.317   1.569   1.683   SW  ---  5.408240+3  0.17   0.343
   0.5639   0.285   1.610   1.715   SW  ---  5.290365+3  0.21   0.309
   0.5000   0.253   1.652   1.747   SW  ---  5.140896+3  0.24   0.276
   0.3660   0.185   1.741   1.815   SW  ---  4.697717+3  0.29   0.204
   0.2321   0.117   1.833   1.883   SW  ---  3.994279+3  0.36   0.131
   0.1699   0.086   1.877   1.914   SW  ---  3.520943+3  0.40   0.097
   0.1077   0.054   1.921   1.946   SW  ---  2.890684+3  0.43   0.062
   0.0789   0.040   1.942   1.960   SW  ---  2.509657+3  0.45   0.045
   0.0500   0.025   1.963   1.975   SW  ---  2.026923+3  0.47   0.029
   0.0366   0.018   1.973   1.982   SW  ---  1.745928+3  0.48   0.021
   0.0232   0.012   1.983   1.988   SW  ---  1.399062+3  0.49   0.013
   0.0170   0.009   1.987   1.991   SW  ---  1.200637+3  0.49   0.010
   0.0108   0.005   1.992   1.995   SW  ---  9.585223+2  0.49   0.006
   0.0079   0.004   1.994   1.996   SW  ---  8.235129+2  0.49   0.005
   0.0050   0.003   1.996   1.997   SW  ---  6.564497+2  0.50   0.003

Upstream head=   3.0668 Elevation=  453.0668
  Depth at section 1=  4.0668 Gate opening= 26.0000

  Partial  Drop    Head    Head   Flow Cont.  Discharge Local  Energy
   free    sect.   sect.   sect.  type coef.            power   loss
   drop    1->4     3       4           Cc                      1->4
 --------  ------  ------  ------  ---  ---- --------- -----  ------
   1.0000   0.696   2.067   2.371   FW  ---  1.082678+4         0.741
   0.9900   0.689   2.076   2.378   SW  ---  1.082847+4 -0.02   0.734
   0.8892   0.619   2.165   2.448   SW  ---  1.081021+4  0.02   0.665
   0.7884   0.549   2.256   2.518   SW  ---  1.071972+4  0.07   0.594
   0.7081   0.493   2.331   2.574   SW  ---  1.058579+4  0.12   0.538
   0.6279   0.437   2.406   2.630   SW  ---  1.038590+4  0.16   0.481
   0.5639   0.392   2.468   2.674   SW  ---  1.017080+4  0.19   0.435
   0.5000   0.348   2.531   2.719   SW  ---  9.896660+3  0.23   0.388
   0.3660   0.255   2.666   2.812   SW  ---  9.074697+3  0.28   0.289
   0.2321   0.162   2.807   2.905   SW  ---  7.751210+3  0.35   0.187
   0.1699   0.118   2.875   2.949   SW  ---  6.847469+3  0.40   0.138
   0.1077   0.075   2.944   2.992   SW  ---  5.636793+3  0.43   0.089
   0.0789   0.055   2.976   3.012   SW  ---  4.902452+3  0.45   0.065
   0.0500   0.035   3.009   3.032   SW  ---  3.965787+3  0.47   0.042
   0.0366   0.025   3.024   3.041   SW  ---  3.418590+3  0.48   0.031
   0.0232   0.016   3.040   3.051   SW  ---  2.743116+3  0.48   0.019
   0.0170   0.012   3.047   3.055   SW  ---  2.355040+3  0.49   0.014
   0.0108   0.007   3.054   3.059   SW  ---  1.880720+3  0.49   0.009
   0.0079   0.005   3.058   3.061   SW  ---  1.615109+3  0.49   0.007
   0.0050   0.003   3.061   3.063   SW  ---  1.288067+3  0.50   0.004

Upstream head=   4.7027 Elevation=  454.7027
  Depth at section 1=  5.7027 Gate opening= 26.0000

  Partial  Drop    Head    Head   Flow Cont.  Discharge Local  Energy
   free    sect.   sect.   sect.  type coef.            power   loss
   drop    1->4     3       4           Cc                      1->4
 --------  ------  ------  ------  ---  ---- --------- -----  ------
   1.0000   0.949   3.186   3.753   FW  ---  2.071935+4         1.015
   0.9900   0.940   3.200   3.763   SW  ---  2.072255+4 -0.02   1.005
   0.8892   0.844   3.331   3.859   SW  ---  2.069120+4  0.01   0.911
   0.7884   0.748   3.467   3.954   SW  ---  2.052933+4  0.07   0.816
   0.7081   0.672   3.578   4.031   SW  ---  2.028743+4  0.11   0.740
   0.6279   0.596   3.692   4.107   SW  ---  1.992415+4  0.15   0.662
   0.5639   0.535   3.784   4.167   SW  ---  1.953113+4  0.19   0.600
   0.5000   0.475   3.879   4.228   SW  ---  1.902738+4  0.22   0.537
   0.3660   0.347   4.083   4.355   SW  ---  1.750388+4  0.27   0.402
   0.2321   0.220   4.299   4.482   SW  ---  1.501731+4  0.34   0.261
   0.1699   0.161   4.403   4.541   SW  ---  1.331543+4  0.39   0.194
   0.1077   0.102   4.510   4.600   SW  ---  1.099538+4  0.42   0.125
   0.0789   0.075   4.561   4.628   SW  ---  9.562603+3  0.45   0.092
   0.0500   0.047   4.612   4.655   SW  ---  7.746932+3  0.46   0.059
   0.0366   0.035   4.636   4.668   SW  ---  6.685495+3  0.47   0.043
   0.0232   0.022   4.660   4.681   SW  ---  5.368946+3  0.48   0.027
   0.0170   0.016   4.672   4.687   SW  ---  4.610466+3  0.49   0.020
   0.0108   0.010   4.683   4.692   SW  ---  3.686601+3  0.49   0.013
   0.0079   0.007   4.688   4.695   SW  ---  3.159019+3  0.50   0.009
   0.0050   0.005   4.693   4.698   SW  ---  2.517484+3  0.50   0.006

Upstream head=   7.2111 Elevation=  457.2111
  Depth at section 1=  8.2111 Gate opening= 26.0000

  Partial  Drop    Head    Head   Flow Cont.  Discharge Local  Energy
   free    sect.   sect.   sect.  type coef.            power   loss
   drop    1->4     3       4           Cc                      1->4
 --------  ------  ------  ------  ---  ---- --------- -----  ------
   1.0000   1.297   4.907   5.914   FW  ---  3.960130+4         1.376
   0.9900   1.284   4.927   5.927   SW  ---  3.960743+4 -0.02   1.364
   0.8892   1.154   5.124   6.057   SW  ---  3.955219+4  0.01   1.237
   0.7884   1.023   5.328   6.188   SW  ---  3.925779+4  0.06   1.109
   0.7081   0.919   5.494   6.292   SW  ---  3.881516+4  0.11   1.006
   0.6279   0.815   5.665   6.397   SW  ---  3.814720+4  0.14   0.902
   0.5639   0.732   5.805   6.479   SW  ---  3.742152+4  0.18   0.818
   0.5000   0.649   5.948   6.562   SW  ---  3.648887+4  0.21   0.733
   0.3660   0.475   6.258   6.736   SW  ---  3.364806+4  0.26   0.550
   0.2321   0.301   6.587   6.910   SW  ---  2.896720+4  0.33   0.359
   0.1699   0.220   6.746   6.991   SW  ---  2.573608+4  0.38   0.267
   0.1077   0.140   6.911   7.071   SW  ---  2.130331+4  0.41   0.172
   0.0789   0.102   6.990   7.109   SW  ---  1.854367+4  0.44   0.127
   0.0500   0.065   7.070   7.146   SW  ---  1.504324+4  0.46   0.081
   0.0366   0.047   7.107   7.164   SW  ---  1.299627+4  0.47   0.060
   0.0232   0.030   7.145   7.181   SW  ---  1.043857+4  0.48   0.038
   0.0170   0.022   7.162   7.189   SW  ---  8.973695+3  0.48   0.028
   0.0108   0.014   7.180   7.197   SW  ---  7.178351+3  0.49   0.018
   0.0079   0.010   7.188   7.201   SW  ---  6.153426+3  0.49   0.013
   0.0050   0.006   7.197   7.205   SW  ---  4.906543+3  0.50   0.008

Upstream head=  11.0576 Elevation=  461.0576
  Depth at section 1= 12.0576 Gate opening= 26.0000

  Partial  Drop    Head    Head   Flow Cont.  Discharge Local  Energy
   free    sect.   sect.   sect.  type coef.            power   loss
   drop    1->4     3       4           Cc                      1->4
 --------  ------  ------  ------  ---  ---- --------- -----  ------
   1.0000   1.797   7.550   9.260   FW  ---  7.558177+4         1.871
   0.9900   1.779   7.581   9.278   SW  ---  7.559352+4 -0.02   1.854
   0.8892   1.598   7.879   9.459   SW  ---  7.549269+4  0.01   1.682
   0.7884   1.417   8.186   9.641   SW  ---  7.494553+4  0.06   1.508
   0.7081   1.273   8.439   9.785   SW  ---  7.411953+4  0.10   1.368
   0.6279   1.128   8.698   9.929   SW  ---  7.287072+4  0.14   1.227
   0.5639   1.014   8.910  10.044   SW  ---  7.151113+4  0.18   1.113
   0.5000   0.899   9.127  10.159   SW  ---  6.975991+4  0.21   0.998
   0.3660   0.658   9.599  10.400   SW  ---  6.440980+4  0.26   0.750
   0.2321   0.417  10.100  10.640   SW  ---  5.554943+4  0.32   0.491
   0.1699   0.305  10.344  10.752   SW  ---  4.940829+4  0.38   0.365
   0.1077   0.194  10.596  10.864   SW  ---  4.095027+4  0.41   0.236
   0.0789   0.142  10.717  10.916   SW  ---  3.567205+4  0.44   0.174
   0.0500   0.090  10.840  10.968   SW  ---  2.895981+4  0.46   0.112
   0.0366   0.066  10.897  10.992   SW  ---  2.502525+4  0.47   0.082
   0.0232   0.042  10.955  11.016   SW  ---  2.011147+4  0.48   0.052
   0.0170   0.031  10.982  11.027   SW  ---  1.729095+4  0.48   0.038
   0.0108   0.019  11.010  11.038   SW  ---  1.383113+4  0.49   0.024
   0.0079   0.014  11.023  11.043   SW  ---  1.186160+4  0.49   0.018
   0.0050   0.009  11.035  11.049   SW  ---  9.465800+3  0.50   0.011

Upstream head=  16.9557 Elevation=  466.9557
  Depth at section 1= 17.9557 Gate opening= 26.0000

  Partial  Drop    Head    Head   Flow Cont.  Discharge Local  Energy
   free    sect.   sect.   sect.  type coef.            power   loss
   drop    1->4     3       4           Cc                      1->4
 --------  ------  ------  ------  ---  ---- --------- -----  ------
   1.0000   2.540  11.607  14.416   FW  ---  1.440600+5         2.574
   0.9900   2.515  11.654  14.441   SW  ---  1.440826+5 -0.02   2.551
   0.8892   2.259  12.109  14.697   SW  ---  1.438921+5  0.01   2.312
   0.7884   2.002  12.579  14.953   SW  ---  1.428532+5  0.06   2.072
   0.7081   1.799  12.965  15.157   SW  ---  1.412838+5  0.10   1.880
   0.6279   1.595  13.361  15.361   SW  ---  1.389095+5  0.14   1.685
   0.5639   1.432  13.684  15.523   SW  ---  1.363240+5  0.17   1.528
   0.5000   1.270  14.015  15.686   SW  ---  1.329937+5  0.21   1.369
   0.3660   0.930  14.735  16.026   SW  ---  1.228156+5  0.26   1.029
   0.2321   0.589  15.498  16.366   SW  ---  1.059503+5  0.32   0.673
   0.1699   0.432  15.869  16.524   SW  ---  9.425170+4  0.38   0.501
   0.1077   0.274  16.253  16.682   SW  ---  7.813391+4  0.41   0.324
   0.0789   0.200  16.438  16.755   SW  ---  6.808243+4  0.44   0.239
   0.0500   0.127  16.624  16.829   SW  ---  5.528114+4  0.46   0.153
   0.0366   0.093  16.712  16.863   SW  ---  4.776774+4  0.47   0.113
   0.0232   0.059  16.800  16.897   SW  ---  3.839252+4  0.48   0.072
   0.0170   0.043  16.842  16.913   SW  ---  3.299906+4  0.49   0.053
   0.0108   0.027  16.883  16.928   SW  ---  2.639809+4  0.49   0.034
   0.0079   0.020  16.903  16.936   SW  ---  2.262479+4  0.49   0.025
   0.0050   0.013  16.922  16.943   SW  ---  1.805264+4  0.50   0.016

Upstream head=  26.0000 Elevation=  476.0000
  Depth at section 1= 27.0000 Gate opening= 26.0000

  Partial  Drop    Head    Head   Flow Cont.  Discharge Local  Energy
   free    sect.   sect.   sect.  type coef.            power   loss
   drop    1->4     3       4           Cc                      1->4
 --------  ------  ------  ------  ---  ---- --------- -----  ------
   1.0000   3.665  17.830  22.335   FW  ---  2.742795+5         3.608
   0.9900   3.628  17.902  22.372   SW  ---  2.743229+5 -0.02   3.574
   0.8892   3.259  18.603  22.741   SW  ---  2.739549+5  0.01   3.237
   0.7884   2.889  19.327  23.111   SW  ---  2.719544+5  0.06   2.898
   0.7081   2.595  19.919  23.405   SW  ---  2.689361+5  0.10   2.626
   0.6279   2.301  20.527  23.699   SW  ---  2.643740+5  0.14   2.352
   0.5639   2.067  21.022  23.933   SW  ---  2.594111+5  0.18   2.132
   0.5000   1.832  21.528  24.168   SW  ---  2.530221+5  0.21   1.909
   0.3660   1.341  22.629  24.659   SW  ---  2.335327+5  0.26   1.432
   0.2321   0.850  23.791  25.150   SW  ---  2.013072+5  0.33   0.936
   0.1699   0.623  24.355  25.377   SW  ---  1.789932+5  0.38   0.696
   0.1077   0.395  24.941  25.605   SW  ---  1.481224+5  0.42   0.449
   0.0789   0.289  25.217  25.711   SW  ---  1.292374+5  0.44   0.332
   0.0500   0.183  25.499  25.817   SW  ---  1.049029+5  0.46   0.213
   0.0366   0.134  25.631  25.866   SW  ---  9.061706+4  0.47   0.156
   0.0232   0.085  25.765  25.915   SW  ---  7.281719+4  0.48   0.100
   0.0170   0.062  25.828  25.938   SW  ---  6.257996+4  0.49   0.073
   0.0108   0.039  25.890  25.961   SW  ---  5.005586+4  0.49   0.046
   0.0079   0.029  25.920  25.971   SW  ---  4.291219+4  0.49   0.034
   0.0050   0.018  25.949  25.982   SW  ---  3.422629+4  0.50   0.022

Upstream head=  31.9356 Elevation=  481.9356
  Depth at section 1= 32.9356 Gate opening= 26.0000

  Partial  Drop    Head    Head   Flow Cont.  Discharge Local  Energy
   free    sect.   sect.   sect.  type coef.            power   loss
   drop    1->4     3       4           Cc                      1->4
 --------  ------  ------  ------  ---  ---- --------- -----  ------
   1.0000   4.400  21.915  27.535   FW  ---  3.737417+5         4.274
   0.9900   4.356  22.003  27.579   SW  ---  3.738011+5 -0.02   4.234
   0.8892   3.913  22.868  28.023   SW  ---  3.732936+5  0.01   3.833
   0.7884   3.469  23.759  28.466   SW  ---  3.705452+5  0.06   3.429
   0.7081   3.116  24.488  28.820   SW  ---  3.664023+5  0.10   3.107
   0.6279   2.763  25.235  29.173   SW  ---  3.601449+5  0.14   2.781
   0.5639   2.481  25.844  29.454   SW  ---  3.533421+5  0.18   2.520
   0.5000   2.200  26.579  29.735   SO 1.000 3.337392+5  0.47   2.252
   0.3660   1.611  28.126  30.325   SO 1.000 2.814576+5  0.55   1.673
   0.2321   1.021  29.580  30.914   SO 1.000 2.213054+5  0.53   1.075
   0.1699   0.748  30.230  31.188   SO 1.000 1.883389+5  0.52   0.791
   0.1077   0.474  30.865  31.462   SO 1.000 1.492067+5  0.51   0.504
   0.0789   0.347  31.151  31.589   SO 1.000 1.277054+5  0.50   0.370
   0.0500   0.220  31.441  31.716   SO 1.000 1.014552+5  0.50   0.235
   0.0366   0.161  31.575  31.775   SO 1.000 8.660238+4  0.51   0.172
   0.0232   0.102  31.707  31.834   SO 1.000 6.888298+4  0.50   0.109
   0.0170   0.075  31.769  31.861   SO 1.000 5.887910+4  0.50   0.080
   0.0108   0.047  31.830  31.888   SO 1.000 4.685567+4  0.50   0.051
   0.0079   0.035  31.858  31.901   SO 1.000 4.007264+4  0.50   0.037
   0.0050   0.022  31.887  31.914   SO 1.000 3.190368+4  0.50   0.024

Upstream head=  37.8713 Elevation=  487.8713
  Depth at section 1= 38.8713 Gate opening= 26.0000

  Partial  Drop    Head    Head   Flow Cont.  Discharge Local  Energy
   free    sect.   sect.   sect.  type coef.            power   loss
   drop    1->4     3       4           Cc                      1->4
 --------  ------  ------  ------  ---  ---- --------- -----  ------
   1.0000   5.135  26.000  32.736   FW  ---  4.829707+5         4.936
   0.9900   5.084  26.157  32.787   SO 1.000 4.797779+5  0.66   4.893
   0.8892   4.566  27.623  33.305   SO 1.000 4.487448+5  0.62   4.443
   0.7884   4.049  28.992  33.823   SO 1.000 4.177004+5  0.60   3.979
   0.7081   3.636  30.026  34.235   SO 1.000 3.926190+5  0.58   3.600
   0.6279   3.224  31.019  34.647   SO 1.000 3.669245+5  0.56   3.213
   0.5639   2.896  31.786  34.975   SO 1.000 3.458050+5  0.55   2.901
   0.5000   2.568  32.532  35.304   SO 1.000 3.239073+5  0.54   2.584
   0.3660   1.880  34.041  35.992   SO 1.000 2.743456+5  0.53   1.909
   0.2321   1.192  35.487  36.679   SO 1.000 2.164523+5  0.52   1.221
   0.1699   0.873  36.140  36.999   SO 1.000 1.844638+5  0.51   0.897
   0.1077   0.553  36.782  37.318   SO 1.000 1.463214+5  0.51   0.571
   0.0789   0.405  37.074  37.466   SO 1.000 1.251935+5  0.50   0.419
   0.0500   0.257  37.367  37.615   SO 1.000 9.951863+4  0.50   0.266
   0.0366   0.188  37.504  37.683   SO 1.000 8.500720+4  0.51   0.195
   0.0232   0.119  37.639  37.752   SO 1.000 6.762895+4  0.50   0.124
   0.0170   0.087  37.701  37.784   SO 1.000 5.782231+4  0.50   0.090
   0.0108   0.055  37.763  37.816   SO 1.000 4.602864+4  0.50   0.057
   0.0079   0.040  37.792  37.831   SO 1.000 3.936552+4  0.50   0.042
   0.0050   0.026  37.821  37.846   SO 1.000 3.133330+4  0.50   0.027

Upstream head=  40.4713 Elevation=  490.4713
  Depth at section 1= 41.4713 Gate opening= 26.0000

  Partial  Drop    Head    Head   Flow Cont.  Discharge Local  Energy
   free    sect.   sect.   sect.  type coef.            power   loss
   drop    1->4     3       4           Cc                      1->4
 --------  ------  ------  ------  ---  ---- --------- -----  ------
   1.0000   9.282  20.943  31.189   FO 0.806 4.845714+5         8.710
   0.9900   9.189  21.254  31.282   SO 0.806 4.806972+5  0.80   8.636
   0.8892   8.254  24.048  32.218   SO 0.806 4.443852+5  0.73   7.868
   0.7884   7.318  26.445  33.153   SO 0.806 4.106765+5  0.66   7.058
   0.7081   6.573  28.179  33.898   SO 0.806 3.844482+5  0.61   6.390
   0.6279   5.828  29.804  34.643   SO 0.806 3.581482+5  0.59   5.706
   0.5639   5.234  31.035  35.237   SO 0.806 3.368417+5  0.57   5.151
   0.5000   4.641  32.221  35.830   SO 0.806 3.149599+5  0.56   4.589
   0.3660   3.398  34.587  37.074   SO 0.806 2.659908+5  0.54   3.389
   0.2321   2.154  36.824  38.317   SO 0.806 2.094104+5  0.52   2.165
   0.1699   1.577  37.824  38.894   SO 0.806 1.784117+5  0.51   1.590
   0.1077   1.000  38.809  39.471   SO 0.806 1.413925+5  0.51   1.011
   0.0789   0.732  39.259  39.739   SO 0.806 1.207229+5  0.51   0.741
   0.0500   0.464  39.706  40.007   SO 0.806 9.592580+4  0.50   0.471
   0.0366   0.340  39.912  40.132   SO 0.806 8.199974+4  0.50   0.345
   0.0232   0.215  40.117  40.256   SO 0.806 6.523044+4  0.50   0.219
   0.0170   0.158  40.212  40.314   SO 0.806 5.578918+4  0.50   0.160
   0.0108   0.100  40.307  40.371   SO 0.806 4.440527+4  0.50   0.102
   0.0079   0.073  40.351  40.398   SO 0.806 3.798521+4  0.50   0.074
   0.0050   0.046  40.395  40.425   SO 0.806 3.023876+4  0.50   0.047

Upstream head=  43.0713 Elevation=  493.0713
  Depth at section 1= 44.0713 Gate opening= 26.0000

  Partial  Drop    Head    Head   Flow Cont.  Discharge Local  Energy
   free    sect.   sect.   sect.  type coef.            power   loss
   drop    1->4     3       4           Cc                      1->4
 --------  ------  ------  ------  ---  ---- --------- -----  ------
   1.0000  14.242  15.886  28.829   FO 0.611 4.258761+5        13.435
   0.9900  14.100  16.442  28.971   SO 0.611 4.215022+5  1.03  13.324
   0.8892  12.664  20.840  30.407   SO 0.611 3.851237+5  0.84  12.137
   0.7884  11.229  24.264  31.842   SO 0.611 3.542275+5  0.70  10.872
   0.7081  10.085  26.657  32.986   SO 0.611 3.309262+5  0.63   9.830
   0.6279   8.942  28.862  34.129   SO 0.611 3.078941+5  0.60   8.765
   0.5639   8.032  30.519  35.040   SO 0.611 2.893839+5  0.58   7.904
   0.5000   7.121  32.107  35.950   SO 0.611 2.704614+5  0.56   7.033
   0.3660   5.213  35.259  37.858   SO 0.611 2.282991+5  0.54   5.182
   0.2321   3.305  38.230  39.766   SO 0.611 1.797235+5  0.53   3.303
   0.1699   2.420  39.560  40.651   SO 0.611 1.530486+5  0.52   2.423
   0.1077   1.534  40.864  41.537   SO 0.611 1.213631+5  0.51   1.539
   0.0789   1.123  41.462  41.948   SO 0.611 1.036280+5  0.51   1.128
   0.0500   0.712  42.055  42.359   SO 0.611 8.234916+4  0.50   0.716
   0.0366   0.521  42.329  42.550   SO 0.611 7.039480+4  0.50   0.524
   0.0232   0.331  42.601  42.741   SO 0.611 5.600146+4  0.50   0.332
   0.0170   0.242  42.727  42.829   SO 0.611 4.789852+4  0.50   0.243
   0.0108   0.153  42.853  42.918   SO 0.611 3.812402+4  0.50   0.154
   0.0079   0.112  42.912  42.959   SO 0.611 3.261356+4  0.50   0.113
   0.0050   0.071  42.970  43.000   SO 0.611 2.596348+4  0.50   0.072

Upstream head=  52.4261 Elevation=  502.4261
  Depth at section 1= 53.4261 Gate opening= 26.0000

  Partial  Drop    Head    Head   Flow Cont.  Discharge Local  Energy
   free    sect.   sect.   sect.  type coef.            power   loss
   drop    1->4     3       4           Cc                      1->4
 --------  ------  ------  ------  ---  ---- --------- -----  ------
   1.0000  19.906  15.886  32.520   FO 0.611 4.908471+5        18.868
   0.9900  19.707  16.764  32.719   SO 0.611 4.849141+5  1.21  18.715
   0.8892  17.700  23.074  34.726   SO 0.611 4.399293+5  0.91  17.040
   0.7884  15.694  27.683  36.732   SO 0.611 4.039147+5  0.71  15.250
   0.7081  14.096  30.854  38.330   SO 0.611 3.771419+5  0.64  13.777
   0.6279  12.498  33.760  39.928   SO 0.611 3.508233+5  0.60  12.275
   0.5639  11.226  35.938  41.201   SO 0.611 3.297236+5  0.58  11.062
   0.5000   9.953  38.022  42.473   SO 0.611 3.081803+5  0.56   9.838
   0.3660   7.286  42.157  45.140   SO 0.611 2.602078+5  0.54   7.240
   0.2321   4.620  46.057  47.806   SO 0.611 2.049226+5  0.52   4.610
   0.1699   3.382  47.806  49.044   SO 0.611 1.745427+5  0.51   3.380
   0.1077   2.144  49.520  50.282   SO 0.611 1.384325+5  0.51   2.147
   0.0789   1.570  50.307  50.856   SO 0.611 1.182158+5  0.51   1.573
   0.0500   0.995  51.087  51.431   SO 0.611 9.395253+4  0.50   0.998
   0.0366   0.729  51.448  51.697   SO 0.611 8.031851+4  0.50   0.731
   0.0232   0.462  51.807  51.964   SO 0.611 6.390030+4  0.50   0.463
   0.0170   0.338  51.973  52.088   SO 0.611 5.465228+4  0.50   0.339
   0.0108   0.214  52.139  52.212   SO 0.611 4.349977+4  0.50   0.215
   0.0079   0.157  52.216  52.269   SO 0.611 3.721393+4  0.50   0.157
   0.0050   0.100  52.293  52.327   SO 0.611 2.962473+4  0.50   0.100

Upstream head=  65.0000 Elevation=  515.0000
  Depth at section 1= 66.0000 Gate opening= 26.0000

  Partial  Drop    Head    Head   Flow Cont.  Discharge Local  Energy
   free    sect.   sect.   sect.  type coef.            power   loss
   drop    1->4     3       4           Cc                      1->4
 --------  ------  ------  ------  ---  ---- --------- -----  ------
   1.0000  27.916  15.886  37.084   FO 0.611 5.666401+5        26.660
   0.9900  27.637  17.286  37.363   SO 0.611 5.585069+5  1.44  26.443
   0.8892  24.823  26.195  40.177   SO 0.611 5.036728+5  0.96  24.049
   0.7884  22.009  32.335  42.991   SO 0.611 4.621132+5  0.72  21.495
   0.7081  19.768  36.519  45.232   SO 0.611 4.315034+5  0.64  19.401
   0.6279  17.527  40.343  47.473   SO 0.611 4.014895+5  0.60  17.270
   0.5639  15.743  43.208  49.257   SO 0.611 3.774439+5  0.58  15.554
   0.5000  13.958  45.951  51.042   SO 0.611 3.528894+5  0.56  13.823
   0.3660  10.218  51.401  54.782   SO 0.611 2.981634+5  0.54  10.161
   0.2321   6.479  56.554  58.521   SO 0.611 2.349827+5  0.52   6.463
   0.1699   4.743  58.868  60.257   SO 0.611 2.002134+5  0.51   4.738
   0.1077   3.007  61.141  61.993   SO 0.611 1.588374+5  0.51   3.007
   0.0789   2.202  62.185  62.799   SO 0.611 1.356614+5  0.51   2.203
   0.0500   1.396  63.221  63.604   SO 0.611 1.078364+5  0.50   1.397
   0.0366   1.022  63.700  63.978   SO 0.611 9.219475+4  0.50   1.023
   0.0232   0.648  64.177  64.352   SO 0.611 7.335509+4  0.50   0.649
   0.0170   0.474  64.398  64.526   SO 0.611 6.274141+4  0.50   0.475
   0.0108   0.301  64.618  64.699   SO 0.611 4.994091+4  0.50   0.301
   0.0079   0.220  64.721  64.780   SO 0.611 4.272347+4  0.50   0.221
   0.0050   0.140  64.823  64.860   SO 0.611 3.401389+4  0.50   0.140

Two-D table computations for gate opening=  32.000  Two-D table id= 5910
     Head at section 1 for FW/FO boundary=  46.5890
     Head-relative gate opening at FW/FO boundary=   0.6869
 FW flow at its upper limit=    659459.    
 Non-standard FO flow=    659458.    

Upstream head=   2.0000 Elevation=  452.0000
  Depth at section 1=  3.0000 Gate opening= 32.0000

  Partial  Drop    Head    Head   Flow Cont.  Discharge Local  Energy
   free    sect.   sect.   sect.  type coef.            power   loss
   drop    1->4     3       4           Cc                      1->4
 --------  ------  ------  ------  ---  ---- --------- -----  ------
   1.0000   0.505   1.340   1.495   FW  ---  5.653722+3         0.532
   0.9900   0.500   1.346   1.500   SW  ---  5.654622+3 -0.02   0.527
   0.8892   0.449   1.407   1.551   SW  ---  5.643913+3  0.02   0.476
   0.7884   0.398   1.468   1.602   SW  ---  5.593092+3  0.08   0.425
   0.7081   0.358   1.518   1.642   SW  ---  5.518538+3  0.12   0.384
   0.6279   0.317   1.569   1.683   SW  ---  5.408240+3  0.17   0.343
   0.5639   0.285   1.610   1.715   SW  ---  5.290365+3  0.21   0.309
   0.5000   0.253   1.652   1.747   SW  ---  5.140896+3  0.24   0.276
   0.3660   0.185   1.741   1.815   SW  ---  4.697717+3  0.29   0.204
   0.2321   0.117   1.833   1.883   SW  ---  3.994279+3  0.36   0.131
   0.1699   0.086   1.877   1.914   SW  ---  3.520943+3  0.40   0.097
   0.1077   0.054   1.921   1.946   SW  ---  2.890684+3  0.43   0.062
   0.0789   0.040   1.942   1.960   SW  ---  2.509657+3  0.45   0.045
   0.0500   0.025   1.963   1.975   SW  ---  2.026923+3  0.47   0.029
   0.0366   0.018   1.973   1.982   SW  ---  1.745928+3  0.48   0.021
   0.0232   0.012   1.983   1.988   SW  ---  1.399062+3  0.49   0.013
   0.0170   0.009   1.987   1.991   SW  ---  1.200637+3  0.49   0.010
   0.0108   0.005   1.992   1.995   SW  ---  9.585223+2  0.49   0.006
   0.0079   0.004   1.994   1.996   SW  ---  8.235129+2  0.49   0.005
   0.0050   0.003   1.996   1.997   SW  ---  6.564497+2  0.50   0.003

Upstream head=   2.9720 Elevation=  452.9720
  Depth at section 1=  3.9720 Gate opening= 32.0000

  Partial  Drop    Head    Head   Flow Cont.  Discharge Local  Energy
   free    sect.   sect.   sect.  type coef.            power   loss
   drop    1->4     3       4           Cc                      1->4
 --------  ------  ------  ------  ---  ---- --------- -----  ------
   1.0000   0.680   2.002   2.292   FW  ---  1.032226+4         0.724
   0.9900   0.673   2.011   2.299   SW  ---  1.032387+4 -0.02   0.717
   0.8892   0.605   2.097   2.367   SW  ---  1.030631+4  0.02   0.649
   0.7884   0.536   2.186   2.436   SW  ---  1.021955+4  0.07   0.580
   0.7081   0.482   2.258   2.490   SW  ---  1.009129+4  0.12   0.525
   0.6279   0.427   2.332   2.545   SW  ---  9.899974+3  0.16   0.469
   0.5639   0.384   2.392   2.588   SW  ---  9.694125+3  0.20   0.424
   0.5000   0.340   2.453   2.632   SW  ---  9.431878+3  0.23   0.379
   0.3660   0.249   2.584   2.723   SW  ---  8.646396+3  0.28   0.282
   0.2321   0.158   2.720   2.814   SW  ---  7.383062+3  0.35   0.182
   0.1699   0.116   2.786   2.856   SW  ---  6.521084+3  0.40   0.135
   0.1077   0.073   2.853   2.899   SW  ---  5.366697+3  0.43   0.086
   0.0789   0.054   2.884   2.918   SW  ---  4.666853+3  0.45   0.064
   0.0500   0.034   2.916   2.938   SW  ---  3.774645+3  0.47   0.041
   0.0366   0.025   2.931   2.947   SW  ---  3.255452+3  0.47   0.030
   0.0232   0.016   2.946   2.956   SW  ---  2.610465+3  0.48   0.019
   0.0170   0.012   2.953   2.960   SW  ---  2.243191+3  0.49   0.014
   0.0108   0.007   2.960   2.965   SW  ---  1.791380+3  0.49   0.009
   0.0079   0.005   2.963   2.967   SW  ---  1.536738+3  0.49   0.006
   0.0050   0.003   2.966   2.969   SW  ---  1.222637+3  0.50   0.004

Upstream head=   4.4164 Elevation=  454.4164
  Depth at section 1=  5.4164 Gate opening= 32.0000

  Partial  Drop    Head    Head   Flow Cont.  Discharge Local  Energy
   free    sect.   sect.   sect.  type coef.            power   loss
   drop    1->4     3       4           Cc                      1->4
 --------  ------  ------  ------  ---  ---- --------- -----  ------
   1.0000   0.907   2.990   3.509   FW  ---  1.883595+4         0.970
   0.9900   0.898   3.003   3.518   SW  ---  1.883887+4 -0.02   0.961
   0.8892   0.807   3.127   3.610   SW  ---  1.880993+4  0.01   0.871
   0.7884   0.715   3.255   3.701   SW  ---  1.866140+4  0.07   0.780
   0.7081   0.642   3.360   3.774   SW  ---  1.843974+4  0.11   0.707
   0.6279   0.569   3.467   3.847   SW  ---  1.810715+4  0.15   0.633
   0.5639   0.511   3.554   3.905   SW  ---  1.774752+4  0.19   0.573
   0.5000   0.454   3.643   3.963   SW  ---  1.728714+4  0.22   0.513
   0.3660   0.332   3.835   4.084   SW  ---  1.589600+4  0.27   0.383
   0.2321   0.211   4.038   4.206   SW  ---  1.362945+4  0.34   0.249
   0.1699   0.154   4.135   4.262   SW  ---  1.208054+4  0.39   0.185
   0.1077   0.098   4.235   4.319   SW  ---  9.971615+3  0.42   0.119
   0.0789   0.072   4.283   4.345   SW  ---  8.671036+3  0.45   0.088
   0.0500   0.045   4.331   4.371   SW  ---  7.023442+3  0.46   0.056
   0.0366   0.033   4.354   4.383   SW  ---  6.061674+3  0.47   0.041
   0.0232   0.021   4.377   4.395   SW  ---  4.866750+3  0.48   0.026
   0.0170   0.015   4.387   4.401   SW  ---  4.180649+3  0.49   0.019
   0.0108   0.010   4.398   4.407   SW  ---  3.341026+3  0.49   0.012
   0.0079   0.007   4.403   4.409   SW  ---  2.862851+3  0.50   0.009
   0.0050   0.005   4.408   4.412   SW  ---  2.281417+3  0.50   0.006

Upstream head=   6.5627 Elevation=  456.5627
  Depth at section 1=  7.5627 Gate opening= 32.0000

  Partial  Drop    Head    Head   Flow Cont.  Discharge Local  Energy
   free    sect.   sect.   sect.  type coef.            power   loss
   drop    1->4     3       4           Cc                      1->4
 --------  ------  ------  ------  ---  ---- --------- -----  ------
   1.0000   1.210   4.462   5.353   FW  ---  3.433640+4         1.287
   0.9900   1.198   4.480   5.365   SW  ---  3.434171+4 -0.02   1.275
   0.8892   1.076   4.660   5.487   SW  ---  3.429311+4  0.01   1.157
   0.7884   0.954   4.846   5.609   SW  ---  3.403559+4  0.06   1.037
   0.7081   0.857   4.998   5.706   SW  ---  3.364871+4  0.11   0.941
   0.6279   0.760   5.155   5.803   SW  ---  3.306551+4  0.15   0.843
   0.5639   0.682   5.282   5.880   SW  ---  3.243232+4  0.18   0.764
   0.5000   0.605   5.412   5.958   SW  ---  3.161873+4  0.21   0.685
   0.3660   0.443   5.696   6.120   SW  ---  2.914455+4  0.26   0.514
   0.2321   0.281   5.995   6.282   SW  ---  2.507418+4  0.33   0.335
   0.1699   0.206   6.140   6.357   SW  ---  2.227019+4  0.38   0.249
   0.1077   0.130   6.290   6.432   SW  ---  1.842509+4  0.42   0.161
   0.0789   0.095   6.362   6.467   SW  ---  1.603604+4  0.45   0.119
   0.0500   0.061   6.434   6.502   SW  ---  1.300729+4  0.46   0.076
   0.0366   0.044   6.468   6.518   SW  ---  1.123152+4  0.47   0.056
   0.0232   0.028   6.503   6.535   SW  ---  9.021848+3  0.48   0.036
   0.0170   0.021   6.518   6.542   SW  ---  7.756451+3  0.48   0.026
   0.0108   0.013   6.535   6.550   SW  ---  6.199227+3  0.49   0.017
   0.0079   0.010   6.542   6.553   SW  ---  5.318642+3  0.49   0.012
   0.0050   0.006   6.550   6.557   SW  ---  4.238537+3  0.50   0.008

Upstream head=   9.7521 Elevation=  459.7521
  Depth at section 1= 10.7521 Gate opening= 32.0000

  Partial  Drop    Head    Head   Flow Cont.  Discharge Local  Energy
   free    sect.   sect.   sect.  type coef.            power   loss
   drop    1->4     3       4           Cc                      1->4
 --------  ------  ------  ------  ---  ---- --------- -----  ------
   1.0000   1.630   6.653   8.122   FW  ---  6.251548+4         1.708
   0.9900   1.614   6.680   8.138   SW  ---  6.252518+4 -0.02   1.692
   0.8892   1.449   6.943   8.303   SW  ---  6.244106+4  0.01   1.535
   0.7884   1.285   7.215   8.467   SW  ---  6.198616+4  0.06   1.377
   0.7081   1.154   7.439   8.598   SW  ---  6.129993+4  0.10   1.249
   0.6279   1.023   7.668   8.729   SW  ---  6.026266+4  0.14   1.120
   0.5639   0.919   7.855   8.833   SW  ---  5.913425+4  0.18   1.016
   0.5000   0.815   8.047   8.937   SW  ---  5.768091+4  0.21   0.911
   0.3660   0.597   8.464   9.155   SW  ---  5.324450+4  0.26   0.684
   0.2321   0.378   8.907   9.374   SW  ---  4.590365+4  0.33   0.448
   0.1699   0.277   9.122   9.475   SW  ---  4.082069+4  0.38   0.333
   0.1077   0.176   9.345   9.577   SW  ---  3.382503+4  0.41   0.215
   0.0789   0.129   9.452   9.624   SW  ---  2.945763+4  0.44   0.159
   0.0500   0.082   9.560   9.671   SW  ---  2.391390+4  0.46   0.102
   0.0366   0.060   9.611   9.692   SW  ---  2.066195+4  0.47   0.075
   0.0232   0.038   9.662   9.714   SW  ---  1.660090+4  0.48   0.048
   0.0170   0.028   9.686   9.724   SW  ---  1.427075+4  0.48   0.035
   0.0108   0.018   9.710   9.735   SW  ---  1.141234+4  0.49   0.022
   0.0079   0.013   9.721   9.739   SW  ---  9.787185+3  0.49   0.016
   0.0050   0.008   9.733   9.744   SW  ---  7.810801+3  0.50   0.010

Upstream head=  14.4916 Elevation=  464.4916
  Depth at section 1= 15.4916 Gate opening= 32.0000

  Partial  Drop    Head    Head   Flow Cont.  Discharge Local  Energy
   free    sect.   sect.   sect.  type coef.            power   loss
   drop    1->4     3       4           Cc                      1->4
 --------  ------  ------  ------  ---  ---- --------- -----  ------
   1.0000   2.231   9.912  12.260   FW  ---  1.136846+5         2.285
   0.9900   2.209   9.952  12.283   SW  ---  1.137024+5 -0.02   2.264
   0.8892   1.984  10.341  12.507   SW  ---  1.135522+5  0.01   2.053
   0.7884   1.759  10.743  12.732   SW  ---  1.127328+5  0.06   1.841
   0.7081   1.580  11.073  12.911   SW  ---  1.114954+5  0.10   1.670
   0.6279   1.401  11.412  13.091   SW  ---  1.096230+5  0.14   1.497
   0.5639   1.258  11.688  13.233   SW  ---  1.075843+5  0.17   1.358
   0.5000   1.116  11.971  13.376   SW  ---  1.049576+5  0.21   1.217
   0.3660   0.817  12.588  13.675   SW  ---  9.692950+4  0.26   0.915
   0.2321   0.518  13.241  13.974   SW  ---  8.362310+4  0.32   0.599
   0.1699   0.379  13.559  14.112   SW  ---  7.439335+4  0.38   0.446
   0.1077   0.240  13.889  14.251   SW  ---  6.167179+4  0.41   0.288
   0.0789   0.176  14.047  14.316   SW  ---  5.373334+4  0.44   0.213
   0.0500   0.112  14.207  14.380   SW  ---  4.363099+4  0.46   0.136
   0.0366   0.082  14.282  14.410   SW  ---  3.770011+4  0.47   0.100
   0.0232   0.052  14.358  14.440   SW  ---  3.030367+4  0.48   0.064
   0.0170   0.038  14.394  14.454   SW  ---  2.604811+4  0.49   0.047
   0.0108   0.024  14.429  14.468   SW  ---  2.084002+4  0.49   0.030
   0.0079   0.018  14.446  14.474   SW  ---  1.785741+4  0.50   0.022
   0.0050   0.011  14.463  14.480   SW  ---  1.424550+4  0.50   0.014

Upstream head=  21.5344 Elevation=  471.5344
  Depth at section 1= 22.5344 Gate opening= 32.0000

  Partial  Drop    Head    Head   Flow Cont.  Discharge Local  Energy
   free    sect.   sect.   sect.  type coef.            power   loss
   drop    1->4     3       4           Cc                      1->4
 --------  ------  ------  ------  ---  ---- --------- -----  ------
   1.0000   3.110  14.757  18.424   FW  ---  2.065241+5         3.101
   0.9900   3.079  14.817  18.455   SW  ---  2.065566+5 -0.02   3.073
   0.8892   2.766  15.396  18.769   SW  ---  2.062819+5  0.01   2.784
   0.7884   2.452  15.994  19.082   SW  ---  2.047849+5  0.06   2.494
   0.7081   2.202  16.484  19.332   SW  ---  2.025247+5  0.10   2.261
   0.6279   1.953  16.987  19.582   SW  ---  1.991071+5  0.14   2.026
   0.5639   1.754  17.397  19.780   SW  ---  1.953870+5  0.18   1.837
   0.5000   1.555  17.817  19.979   SW  ---  1.905955+5  0.21   1.645
   0.3660   1.138  18.729  20.396   SW  ---  1.759666+5  0.26   1.235
   0.2321   0.722  19.694  20.813   SW  ---  1.517510+5  0.32   0.808
   0.1699   0.528  20.164  21.006   SW  ---  1.349636+5  0.38   0.601
   0.1077   0.335  20.652  21.199   SW  ---  1.116791+5  0.42   0.388
   0.0789   0.245  20.881  21.289   SW  ---  9.747504+4  0.44   0.287
   0.0500   0.156  21.117  21.379   SW  ---  7.913075+4  0.46   0.184
   0.0366   0.114  21.227  21.421   SW  ---  6.836398+4  0.47   0.135
   0.0232   0.072  21.338  21.462   SW  ---  5.494404+4  0.48   0.086
   0.0170   0.053  21.391  21.482   SW  ---  4.722412+4  0.49   0.063
   0.0108   0.034  21.443  21.501   SW  ---  3.776073+4  0.49   0.040
   0.0079   0.025  21.467  21.510   SW  ---  3.237897+4  0.49   0.029
   0.0050   0.016  21.492  21.519   SW  ---  2.583518+4  0.50   0.019

Upstream head=  32.0000 Elevation=  482.0000
  Depth at section 1= 33.0000 Gate opening= 32.0000

  Partial  Drop    Head    Head   Flow Cont.  Discharge Local  Energy
   free    sect.   sect.   sect.  type coef.            power   loss
   drop    1->4     3       4           Cc                      1->4
 --------  ------  ------  ------  ---  ---- --------- -----  ------
   1.0000   4.408  21.959  27.592   FW  ---  3.748754+5         4.281
   0.9900   4.364  22.048  27.636   SW  ---  3.749349+5 -0.02   4.242
   0.8892   3.920  22.914  28.080   SW  ---  3.744258+5  0.01   3.839
   0.7884   3.476  23.807  28.525   SW  ---  3.716689+5  0.06   3.435
   0.7081   3.122  24.538  28.878   SW  ---  3.675131+5  0.10   3.112
   0.6279   2.768  25.286  29.232   SW  ---  3.612363+5  0.14   2.786
   0.5639   2.486  25.896  29.514   SW  ---  3.544122+5  0.18   2.524
   0.5000   2.204  26.520  29.796   SW  ---  3.456340+5  0.21   2.259
   0.3660   1.614  27.872  30.386   SW  ---  3.188832+5  0.26   1.693
   0.2321   1.023  29.298  30.977   SW  ---  2.747274+5  0.33   1.105
   0.1699   0.749  29.993  31.251   SW  ---  2.440364+5  0.38   0.822
   0.1077   0.475  30.705  31.525   SW  ---  2.020785+5  0.41   0.530
   0.0789   0.348  31.043  31.652   SW  ---  1.762470+5  0.44   0.392
   0.0500   0.220  31.388  31.780   SW  ---  1.430368+5  0.46   0.251
   0.0366   0.161  31.550  31.839   SW  ---  1.235141+5  0.47   0.184
   0.0232   0.102  31.713  31.898   SW  ---  9.924302+4  0.48   0.117
   0.0170   0.075  31.790  31.925   SW  ---  8.528871+4  0.49   0.086
   0.0108   0.047  31.866  31.953   SW  ---  6.820379+4  0.49   0.055
   0.0079   0.035  31.902  31.965   SW  ---  5.847364+4  0.49   0.040
   0.0050   0.022  31.938  31.978   SW  ---  4.664800+4  0.50   0.025

Upstream head=  39.2945 Elevation=  489.2945
  Depth at section 1= 40.2945 Gate opening= 32.0000

  Partial  Drop    Head    Head   Flow Cont.  Discharge Local  Energy
   free    sect.   sect.   sect.  type coef.            power   loss
   drop    1->4     3       4           Cc                      1->4
 --------  ------  ------  ------  ---  ---- --------- -----  ------
   1.0000   5.312  26.979  33.983   FW  ---  5.105191+5         5.094
   0.9900   5.258  27.088  34.036   SW  ---  5.106003+5 -0.02   5.047
   0.8892   4.723  28.156  34.571   SW  ---  5.098980+5  0.01   4.565
   0.7884   4.188  29.256  35.107   SW  ---  5.061104+5  0.06   4.083
   0.7081   3.761  30.160  35.533   SW  ---  5.003757+5  0.11   3.697
   0.6279   3.335  31.080  35.960   SW  ---  4.917655+5  0.14   3.308
   0.5639   2.995  31.828  36.299   SW  ---  4.824199+5  0.18   2.996
   0.5000   2.656  32.735  36.639   SO 1.000 4.551199+5  0.48   2.679
   0.3660   1.944  34.633  37.350   SO 1.000 3.836858+5  0.55   1.994
   0.2321   1.233  36.414  38.062   SO 1.000 3.016002+5  0.53   1.282
   0.1699   0.902  37.209  38.392   SO 1.000 2.566484+5  0.52   0.945
   0.1077   0.572  37.986  38.722   SO 1.000 2.033081+5  0.51   0.602
   0.0789   0.419  38.346  38.876   SO 1.000 1.731098+5  0.52   0.442
   0.0500   0.266  38.689  39.029   SO 1.000 1.382341+5  0.49   0.281
   0.0366   0.194  38.854  39.100   SO 1.000 1.179965+5  0.51   0.206
   0.0232   0.123  39.016  39.171   SO 1.000 9.385317+4  0.50   0.131
   0.0170   0.090  39.091  39.204   SO 1.000 8.021498+4  0.50   0.096
   0.0108   0.057  39.165  39.237   SO 1.000 6.384549+4  0.50   0.061
   0.0079   0.042  39.200  39.253   SO 1.000 5.460618+4  0.50   0.045
   0.0050   0.027  39.235  39.268   SO 1.000 4.345835+4  0.50   0.028

Upstream head=  46.5890 Elevation=  496.5890
  Depth at section 1= 47.5890 Gate opening= 32.0000

  Partial  Drop    Head    Head   Flow Cont.  Discharge Local  Energy
   free    sect.   sect.   sect.  type coef.            power   loss
   drop    1->4     3       4           Cc                      1->4
 --------  ------  ------  ------  ---  ---- --------- -----  ------
   1.0000   6.214  32.000  40.375   FW  ---  6.594555+5         5.904
   0.9900   6.152  32.195  40.437   SO 1.000 6.550436+5  0.67   5.852
   0.8892   5.526  34.011  41.063   SO 1.000 6.123166+5  0.63   5.320
   0.7884   4.899  35.701  41.689   SO 1.000 5.697078+5  0.60   4.768
   0.7081   4.401  36.974  42.188   SO 1.000 5.353503+5  0.58   4.317
   0.6279   3.902  38.196  42.687   SO 1.000 5.002023+5  0.56   3.855
   0.5639   3.505  39.136  43.084   SO 1.000 4.713394+5  0.55   3.482
   0.5000   3.107  40.052  43.482   SO 1.000 4.414303+5  0.54   3.103
   0.3660   2.275  41.902  44.314   SO 1.000 3.737948+5  0.53   2.295
   0.2321   1.442  43.672  45.147   SO 1.000 2.948587+5  0.52   1.468
   0.1699   1.056  44.471  45.533   SO 1.000 2.512617+5  0.51   1.079
   0.1077   0.669  45.257  45.920   SO 1.000 1.992905+5  0.51   0.687
   0.0789   0.490  45.614  46.099   SO 1.000 1.705219+5  0.50   0.504
   0.0500   0.311  45.973  46.278   SO 1.000 1.355438+5  0.50   0.320
   0.0366   0.227  46.139  46.362   SO 1.000 1.157713+5  0.51   0.234
   0.0232   0.144  46.304  46.445   SO 1.000 9.210986+4  0.50   0.149
   0.0170   0.106  46.381  46.483   SO 1.000 7.875067+4  0.50   0.109
   0.0108   0.067  46.457  46.522   SO 1.000 6.268631+4  0.50   0.069
   0.0079   0.049  46.493  46.540   SO 1.000 5.361373+4  0.50   0.051
   0.0050   0.031  46.528  46.558   SO 1.000 4.267714+4  0.50   0.032

Upstream head=  49.7890 Elevation=  499.7890
  Depth at section 1= 50.7890 Gate opening= 32.0000

  Partial  Drop    Head    Head   Flow Cont.  Discharge Local  Energy
   free    sect.   sect.   sect.  type coef.            power   loss
   drop    1->4     3       4           Cc                      1->4
 --------  ------  ------  ------  ---  ---- --------- -----  ------
   1.0000  11.421  25.444  38.368   FO 0.795 6.569341+5        10.632
   0.9900  11.306  25.848  38.482   SO 0.795 6.514734+5  0.83  10.545
   0.8892  10.155  29.413  39.634   SO 0.795 6.010053+5  0.75   9.619
   0.7884   9.004  32.425  40.785   SO 0.795 5.548081+5  0.66   8.636
   0.7081   8.087  34.590  41.702   SO 0.795 5.190780+5  0.62   7.823
   0.6279   7.171  36.609  42.618   SO 0.795 4.833626+5  0.59   6.988
   0.5639   6.440  38.137  43.349   SO 0.795 4.544853+5  0.57   6.310
   0.5000   5.710  39.606  44.079   SO 0.795 4.248650+5  0.56   5.623
   0.3660   4.180  42.532  45.609   SO 0.795 3.586746+5  0.54   4.155
   0.2321   2.651  45.293  47.138   SO 0.795 2.823005+5  0.53   2.655
   0.1699   1.940  46.526  47.849   SO 0.795 2.404999+5  0.51   1.950
   0.1077   1.230  47.740  48.559   SO 0.795 1.905736+5  0.51   1.240
   0.0789   0.901  48.296  48.888   SO 0.795 1.627063+5  0.51   0.909
   0.0500   0.571  48.846  49.218   SO 0.795 1.292811+5  0.50   0.577
   0.0366   0.418  49.100  49.371   SO 0.795 1.105088+5  0.50   0.423
   0.0232   0.265  49.353  49.524   SO 0.795 8.791078+4  0.50   0.268
   0.0170   0.194  49.470  49.595   SO 0.795 7.518498+4  0.50   0.196
   0.0108   0.123  49.587  49.666   SO 0.795 5.984126+4  0.50   0.125
   0.0079   0.090  49.641  49.699   SO 0.795 5.119222+4  0.50   0.091
   0.0050   0.057  49.695  49.732   SO 0.795 4.075521+4  0.50   0.058

Upstream head=  52.9890 Elevation=  502.9890
  Depth at section 1= 53.9890 Gate opening= 32.0000

  Partial  Drop    Head    Head   Flow Cont.  Discharge Local  Energy
   free    sect.   sect.   sect.  type coef.            power   loss
   drop    1->4     3       4           Cc                      1->4
 --------  ------  ------  ------  ---  ---- --------- -----  ------
   1.0000  17.731  18.889  35.258   FO 0.590 5.665287+5        16.673
   0.9900  17.554  19.632  35.435   SO 0.590 5.603198+5  1.10  16.538
   0.8892  15.766  25.339  37.223   SO 0.590 5.101385+5  0.87  15.078
   0.7884  13.979  29.654  39.010   SO 0.590 4.686489+5  0.71  13.511
   0.7081  12.556  32.644  40.433   SO 0.590 4.375944+5  0.64  12.218
   0.6279  11.132  35.389  41.857   SO 0.590 4.070014+5  0.60  10.896
   0.5639   9.999  37.448  42.990   SO 0.590 3.824578+5  0.58   9.826
   0.5000   8.865  39.418  44.124   SO 0.590 3.573966+5  0.56   8.743
   0.3660   6.490  43.324  46.499   SO 0.590 3.016172+5  0.54   6.442
   0.2321   4.115  47.001  48.874   SO 0.590 2.374105+5  0.53   4.106
   0.1699   3.013  48.647  49.976   SO 0.590 2.021648+5  0.52   3.012
   0.1077   1.910  50.259  51.079   SO 0.590 1.603079+5  0.51   1.914
   0.0789   1.398  50.998  51.591   SO 0.590 1.368789+5  0.51   1.402
   0.0500   0.887  51.732  52.102   SO 0.590 1.087711+5  0.50   0.890
   0.0366   0.649  52.070  52.340   SO 0.590 9.298149+4  0.50   0.652
   0.0232   0.411  52.408  52.577   SO 0.590 7.397098+4  0.50   0.413
   0.0170   0.301  52.564  52.688   SO 0.590 6.326355+4  0.50   0.303
   0.0108   0.191  52.720  52.798   SO 0.590 5.035202+4  0.50   0.192
   0.0079   0.140  52.792  52.849   SO 0.590 4.307688+4  0.50   0.141
   0.0050   0.089  52.864  52.900   SO 0.590 3.429363+4  0.50   0.089

Upstream head=  62.1792 Elevation=  512.1791
  Depth at section 1= 63.1792 Gate opening= 32.0000

  Partial  Drop    Head    Head   Flow Cont.  Discharge Local  Energy
   free    sect.   sect.   sect.  type coef.            power   loss
   drop    1->4     3       4           Cc                      1->4
 --------  ------  ------  ------  ---  ---- --------- -----  ------
   1.0000  23.270  18.889  38.909   FO 0.590 6.353443+5        21.997
   0.9900  23.037  19.984  39.142   SO 0.590 6.272588+5  1.27  21.821
   0.8892  20.692  27.600  41.487   SO 0.590 5.678328+5  0.93  19.882
   0.7884  18.346  33.068  43.833   SO 0.590 5.210088+5  0.72  17.800
   0.7081  16.478  36.814  45.701   SO 0.590 4.863316+5  0.64  16.085
   0.6279  14.610  40.240  47.569   SO 0.590 4.522979+5  0.60  14.333
   0.5639  13.123  42.805  49.056   SO 0.590 4.250403+5  0.58  12.919
   0.5000  11.635  45.257  50.544   SO 0.590 3.972258+5  0.56  11.489
   0.3660   8.518  50.120  53.661   SO 0.590 3.353309+5  0.54   8.457
   0.2321   5.401  54.702  56.779   SO 0.590 2.640474+5  0.52   5.385
   0.1699   3.954  56.755  58.226   SO 0.590 2.248889+5  0.51   3.949
   0.1077   2.507  58.768  59.672   SO 0.590 1.783571+5  0.51   2.508
   0.0789   1.835  59.691  60.344   SO 0.590 1.523048+5  0.51   1.837
   0.0500   1.164  60.608  61.016   SO 0.590 1.210423+5  0.50   1.166
   0.0366   0.852  61.031  61.327   SO 0.590 1.034755+5  0.50   0.854
   0.0232   0.540  61.452  61.639   SO 0.590 8.232393+4  0.50   0.541
   0.0170   0.395  61.648  61.784   SO 0.590 7.040813+4  0.50   0.396
   0.0108   0.251  61.842  61.928   SO 0.590 5.604153+4  0.50   0.251
   0.0079   0.184  61.933  61.996   SO 0.590 4.794404+4  0.50   0.184
   0.0050   0.116  62.023  62.063   SO 0.590 3.816833+4  0.50   0.117

Upstream head=  73.8462 Elevation=  523.8461
  Depth at section 1= 74.8462 Gate opening= 32.0000

  Partial  Drop    Head    Head   Flow Cont.  Discharge Local  Energy
   free    sect.   sect.   sect.  type coef.            power   loss
   drop    1->4     3       4           Cc                      1->4
 --------  ------  ------  ------  ---  ---- --------- -----  ------
   1.0000  30.614  18.889  43.232   FO 0.590 7.132797+5        29.135
   0.9900  30.308  20.488  43.538   SO 0.590 7.028272+5  1.47  28.902
   0.8892  27.222  30.542  46.624   SO 0.590 6.331556+5  0.97  26.307
   0.7884  24.136  37.428  49.710   SO 0.590 5.806426+5  0.72  23.525
   0.7081  21.679  42.110  52.167   SO 0.590 5.420289+5  0.64  21.240
   0.6279  19.221  46.385  54.625   SO 0.590 5.042052+5  0.60  18.913
   0.5639  17.264  49.584  56.582   SO 0.590 4.739254+5  0.58  17.037
   0.5000  15.307  52.645  58.539   SO 0.590 4.430233+5  0.56  15.144
   0.3660  11.206  58.720  62.640   SO 0.590 3.742057+5  0.54  11.136
   0.2321   7.105  64.456  66.741   SO 0.590 2.948314+5  0.52   7.085
   0.1699   5.201  67.031  68.645   SO 0.590 2.511770+5  0.51   5.194
   0.1077   3.298  69.558  70.548   SO 0.590 1.992494+5  0.51   3.297
   0.0789   2.414  70.718  71.432   SO 0.590 1.701688+5  0.51   2.415
   0.0500   1.531  71.870  72.315   SO 0.590 1.352582+5  0.50   1.532
   0.0366   1.121  72.402  72.726   SO 0.590 1.156369+5  0.50   1.122
   0.0232   0.710  72.932  73.136   SO 0.590 9.200159+4  0.50   0.711
   0.0170   0.520  73.177  73.326   SO 0.590 7.869244+4  0.50   0.521
   0.0108   0.330  73.422  73.516   SO 0.590 6.263697+4  0.50   0.330
   0.0079   0.241  73.536  73.605   SO 0.590 5.358183+4  0.50   0.242
   0.0050   0.153  73.650  73.693   SO 0.590 4.266285+4  0.50   0.153

 Maximum relative error= 0.048 Gate opening=  1.0000
   Upstream head=   0.7071 Partial free drop= 0.00789

 Root-mean-squared error= 0.016 N in sample= 1359
 
  
  
 FINISH                                                                          
