 Version:   5.80 Version date: 6 October 2008        Date/time of run: 2009/03/25: 15.59.00.862

 Report on executable:
      Operating system is: MS Windows                              
      Compiler used was: Lahey F95-V 5.70f                       
      Solution precision: Single                                  
      Prefetch option used was: No prefetch. For Pentium II and greater. Athlon 64, Pentium 4.        

 Master-input file: ..\data\culvert.in
 Master-output file: culvert.out
 Function-table file: culvert.tab

 FEQUTL configuration from master-input file.

 FEQUTL uses:
      NFAC=  1.490000 for Manning's equation.
      GRAV=   32.2000 for g.

 NFAC and GRAV are nominal engineering values
    
 DZLIM=  0.500000 NRZERO=  0.080000 USGSBETA=NO 

 EPSABS is missing or zero.  Value set to EPSF.
 Check input and add EPSABS after EPSF on the same line.
 EPSARG=5.0000E-05
 EPSF=1.0000E-04 EPSABS=1.0000E-04

 No automatic cross section extension.  Cross section
      table arguments limited to minimum end elevation.
  
  

 Minimum flow target for EMBANKQ and CHANRAT=     0.200
  
 FTABIN                                                                          

 Next function-table file name= ..\data\weirtabs

 Table Id= 9994  Internal number=     1  Type=   -2
 Reference level= 0.00000E+00 Scale factor for function=  1.00000E+00
 Arg scale factor= 1.00000E+00 Arg shift= 0.00000E+00
       HEAD WEIR COEF  PAVED LOW HEAD WEIR COEFFICIENT                           

 Table Id= 9995  Internal number=     2  Type=   -2
 Reference level= 0.00000E+00 Scale factor for function=  1.00000E+00
 Arg scale factor= 1.00000E+00 Arg shift= 0.00000E+00
       HEAD WEIR COEF GRAVEL LOW HEAD WEIR COEFFICIENT                           

 Table Id= 9996  Internal number=     3  Type=   -2
 Reference level= 0.00000E+00 Scale factor for function=  1.00000E+00
 Arg scale factor= 1.00000E+00 Arg shift= 0.00000E+00
      RATIO WEIR COEF PAVED HIGH HEAD WEIR COEFFICIENT                           

 Table Id= 9997  Internal number=     4  Type=   -2
 Reference level= 0.00000E+00 Scale factor for function=  1.00000E+00
 Arg scale factor= 1.00000E+00 Arg shift= 0.00000E+00
      RATIO WEIR COEF GRAVEL HIGH HEAD WEIR COEFFICIENT                          

 Table Id= 9998  Internal number=     5  Type=   -2
 Reference level= 0.00000E+00 Scale factor for function=  1.00000E+00
 Arg scale factor= 1.00000E+00 Arg shift= 0.00000E+00
      RATIO  FRACTION  PAVED SUBMERGENCE REDUCTION FACTOR                        

 Table Id= 9999  Internal number=     6  Type=   -2
 Reference level= 0.00000E+00 Scale factor for function=  1.00000E+00
 Arg scale factor= 1.00000E+00 Arg shift= 0.00000E+00
      RATIO  FRACTION  GRAVELED SUBMERGENCE REDUCTION FACTOR                     

 Next function-table file name= ..\data\type5.tab

 Table Id= 9980  Internal number=     7  Type=  -10

 LABEL= Table 6--Cd for culvert in vertical headwall.                            

 Table Id= 9981  Internal number=     8  Type=  -10

 LABEL= Table 7--Cd for box culverts with wingwalls                              

 Table Id= 9982  Internal number=     9  Type=   -2
 Reference level= 0.00000E+00 Scale factor for function=  1.00000E+00
 Arg scale factor= 1.00000E+00 Arg shift= 0.00000E+00
     hratio        Cd   Cd for flared entrance pipe culverts                     

 Table Id= 9983  Internal number=    10  Type=  -10

 LABEL= Approximation to Figure 15                                               

 Table Id= 9984  Internal number=    11  Type=  -10

 LABEL= Approximation to Figure 16: r/D=0.0                                      

 Table Id= 9985  Internal number=    12  Type=  -10

 LABEL= Approximation to Figure 16: r/D=0.01                                     

 Table Id= 9986  Internal number=    13  Type=  -10

 LABEL= Approximation to Figure 16: r/D=0.02                                     

 Table Id= 9987  Internal number=    14  Type=  -10

 LABEL= Approximation to Figure 16: r/D=0.03                                     

 Table Id= 9988  Internal number=    15  Type=   -2
 Reference level= 0.00000E+00 Scale factor for function=  1.00000E+00
 Arg scale factor= 1.00000E+00 Arg shift= 0.00000E+00
  Round/bev        Cd   Cd for type 4 and 6 from table 5                         

 Table Id= 9989  Internal number=    16  Type=   -2
 Reference level= 0.00000E+00 Scale factor for function=  1.00000E+00
 Arg scale factor= 1.00000E+00 Arg shift= 0.00000E+00
 Rel. round        Kr Rel. rounding adj. for types 1, 2, &3. Fig. 21             

 Table Id= 9990  Internal number=    17  Type=  -10

 LABEL= Table for Figure 22: Rel. bevel. Types 1, 2, &3                          

 Table Id= 9991  Internal number=    18  Type=   -2
 Reference level= 0.00000E+00 Scale factor for function=  1.00000E+00
 Arg scale factor= 1.00000E+00 Arg shift= 0.00000E+00
 WingWangle    Ktheta Cd var. with WWangle. Fig. 24. Types 1, 2, &3              

 Table Id= 9992  Internal number=    19  Type=   -2
 Reference level= 0.00000E+00 Scale factor for function=  1.00000E+00
 Arg scale factor= 1.00000E+00 Arg shift= 0.00000E+00
       Lp/D       Kl  Table for projecting inlet adjustment.                     

 Table Id= 10001  Internal number=    20  Type=  -10

 LABEL= Ratios for lin spline interp of power functions                          

 Table Id= 10002  Internal number=    21  Type=  -10

 LABEL= Ratios for lin spline interp of power functions                          
  
 There are now     21 function tables stored
        2004 locations out of  13000001 are used
  
  
  
  
  
  
  
 FEQX                                                                            

 Processing:TABLE#= 7009 SAVE22 NEWBETAM NOOUT EXTEND

 Processing:STATION=     0.897

 Processing:NAVM=0

 Processing:NSUB    4     0.090     0.069     0.090     0.090

 TabId= 7009 SAVE22   NOOUT    NEWBETAM EXTEND           
 STATION=     0.897
 NAVM=    0  Hor. scale factor=     1.000 Vert. shift=     0.000
  Vert. scale factor=     1.000 Hor. shift=     0.000
 NSUB    4 0.090 0.069 0.090 0.090
 X-SEC 55  AT EXIT OF 66" X 42" ARCH MP THRU ARBORETUM ACCESS RD                 
       -8.0    679.70    1
       -3.0    675.60    2
        0.0    675.40    2
        2.0    676.00    2
        5.0    677.90    3
       14.3    679.80    4
       14.3    690.00   -1

 *WRN:554* Extending left end of cross section by   10.300

 *WRN:557* At elevation=   680.286 subsection=  4 is a single vertical
            line segment.  Acts as a frictionless wall.
          Above warning given only once but may apply many times.

 Elements for section ID: 7009

 TABID= 7009
 TYPE=  -25
 STATION= 8.97000E-01
 ELEVATION= 6.75400E+02

   Depth Top Wid    Area Sqr(Cv)   Beta       J  Alpha   CritQ     Ma     Mq  AVER n   dkh/dy  dbta/dy  dalp/dy   dma/dy   dmq/dy
   0.000 0.000+0 0.000+0 0.000+0  1.067 0.000+0  1.186 0.000+0  1.000  1.000  0.0000   0.000   0.0000^  0.0000^  0.0000   0.0000 
   0.080 1.467+0 5.870-2 3.838-1  1.067 1.566-3  1.186 6.451-2  1.000  1.000  0.0690   7.276   0.0000^  0.0000^  0.0000   0.0000 
   0.200 3.667+0 3.666-1 1.302+0  1.067 2.443-2  1.186 6.368-1  1.000  1.000  0.0690   8.162   0.0000^  0.0000^  0.0000   0.0000 
   0.600 5.488+0 2.198+0 5.058+0  1.041 5.130-1  1.108 7.791+0  1.000  1.000  0.0676   9.694   0.0000^  0.0000^  0.0000   0.0000 
   1.075 6.817+0 5.120+0 9.420+0  1.051 2.226+0  1.133 2.478+1  1.000  1.000  0.0675   8.899   0.0391   0.1088   0.0000   0.0000 
   1.550 8.146+0 8.674+0 1.364+1  1.063 5.477+0  1.166 4.989+1  1.000  1.000  0.0678   8.910   0.0215   0.0590   0.0000   0.0000 
   2.025 9.476+0 1.286+1 1.785+1  1.073 1.057+1  1.197 8.314+1  1.000  1.000  0.0682   8.715   0.0189   0.0570   0.0000   0.0000 
   2.500 1.080+1 1.768+1 2.211+1  1.082 1.779+1  1.223 1.249+2  1.000  1.000  0.0687   9.728   0.0265   0.0745   0.0000   0.0000 
   2.950 1.356+1 2.316+1 2.682+1  1.099 2.693+1  1.270 1.702+2  1.000  1.000  0.0634  10.724   0.0460   0.1285   0.0000   0.0000 
   3.400 1.631+1 2.988+1 3.163+1  1.120 3.882+1  1.331 2.249+2  1.000  1.000  0.0620  10.824   0.0439   0.1328   0.0000   0.0000 
   3.850 1.906+1 3.783+1 3.660+1  1.137 5.401+1  1.385 2.920+2  1.000  1.000  0.0620  11.168   0.0322   0.1069   0.0000   0.0000 
   4.300 2.181+1 4.703+1 4.174+1  1.149 7.306+1  1.427 3.733+2  1.000  1.000  0.0628  11.953   0.0222   0.0812   0.0000   0.0000 
   4.400 2.230+1 4.923+1 4.296+1  1.151 7.787+1  1.435 3.935+2  1.000  1.000  0.0631  12.289   0.0000^  0.0165^  0.0000   0.0000 
   4.886 2.230+1 6.007+1 4.915+1  1.149 1.044+2  1.437 5.108+2  1.000  1.000  0.0663  12.880  -0.0150^  0.0000^  0.0000   0.0000 
   5.371 2.230+1 7.090+1 5.534+1  1.138 1.362+2  1.411 6.496+2  1.000  1.000  0.0681  12.657  -0.0258  -0.0645   0.0000   0.0000 
   5.857 2.230+1 8.173+1 6.147+1  1.125 1.733+2  1.379 8.052+2  1.000  1.000  0.0690  12.574  -0.0247  -0.0668   0.0000   0.0000 
   6.343 2.230+1 9.256+1 6.754+1  1.114 2.156+2  1.348 9.751+2  1.000  1.000  0.0695  12.424  -0.0218  -0.0613   0.0000   0.0000 
   6.829 2.230+1 1.034+2 7.354+1  1.104 2.632+2  1.320 1.158+3  1.000  1.000  0.0697  12.284  -0.0186  -0.0537   0.0000   0.0000 
   7.314 2.230+1 1.142+2 7.947+1  1.096 3.161+2  1.296 1.352+3  1.000  1.000  0.0696  12.143  -0.0157  -0.0463   0.0000   0.0000 
   7.800 2.230+1 1.251+2 8.534+1  1.089 3.742+2  1.275 1.558+3  1.000  1.000  0.0694  12.008  -0.0133  -0.0398   0.0000   0.0000 
   8.286 2.230+1 1.359+2 9.114+1  1.083 4.375+2  1.257 1.773+3  1.000  1.000  0.0691  11.879  -0.0114  -0.0342   0.0000   0.0000 
   8.771 2.230+1 1.467+2 9.688+1  1.078 5.062+2  1.241 1.999+3  1.000  1.000  0.0687  11.757  -0.0097  -0.0295   0.0000   0.0000 
   9.257 2.230+1 1.575+2 1.026+2  1.073 5.801+2  1.228 2.233+3  1.000  1.000  0.0682  11.641  -0.0084  -0.0256   0.0000   0.0000 
   9.743 2.230+1 1.684+2 1.082+2  1.070 6.592+2  1.216 2.476+3  1.000  1.000  0.0678  11.531  -0.0073  -0.0224   0.0000   0.0000 
  10.229 2.230+1 1.792+2 1.138+2  1.066 7.436+2  1.206 2.727+3  1.000  1.000  0.0673  11.428  -0.0064  -0.0197   0.0000   0.0000 
  10.714 2.230+1 1.900+2 1.193+2  1.063 8.333+2  1.197 2.987+3  1.000  1.000  0.0668  11.329  -0.0056  -0.0174   0.0000   0.0000 
  11.200 2.230+1 2.009+2 1.248+2  1.061 9.282+2  1.189 3.254+3  1.000  1.000  0.0662  11.236  -0.0050  -0.0154   0.0000   0.0000 
  11.686 2.230+1 2.117+2 1.302+2  1.058 1.028+3  1.182 3.528+3  1.000  1.000  0.0657  11.148  -0.0044  -0.0138   0.0000   0.0000 
  12.171 2.230+1 2.225+2 1.356+2  1.056 1.134+3  1.176 3.810+3  1.000  1.000  0.0652  11.063  -0.0040  -0.0123   0.0000   0.0000 
  12.657 2.230+1 2.334+2 1.410+2  1.055 1.245+3  1.170 4.100+3  1.000  1.000  0.0647  10.983  -0.0036  -0.0111   0.0000   0.0000 
  13.143 2.230+1 2.442+2 1.463+2  1.053 1.361+3  1.165 4.396+3  1.000  1.000  0.0641  10.906  -0.0032  -0.0101   0.0000   0.0000 
  13.629 2.230+1 2.550+2 1.515+2  1.051 1.482+3  1.160 4.699+3  1.000  1.000  0.0636  10.835  -0.0029  -0.0092   0.0000   0.0000 
  14.114 2.230+1 2.659+2 1.568+2  1.050 1.608+3  1.156 5.008+3  1.000  1.000  0.0631  10.756  -0.0026  -0.0083   0.0000   0.0000 
  14.600 2.230+1 2.767+2 1.620+2  1.049 1.740+3  1.152 5.324+3  1.000  1.000  0.0626  10.721  -0.0025  -0.0079   0.0000   0.0000 

 Note: A caret (^) following a derivative indicates imposition of variation limitation at that point.  Continuity of
        second derivative is lost at these points.  Otherwise both the first and second derivative is continuous.

 Saving TabId= 7009  Internal table number=   22
  
  Estimates of critical flow:
      Depth      Beta   dBetadY     Alpha  DAlphadY     Qbeta    Qalpha     Qcrit
    0.00000  1.066785  0.000000  1.185572  0.000000       0.0       0.0       0.0
    0.08002  1.066785 -0.000001  1.185572  0.000001       0.1       0.1       0.1
    0.19995  1.066784 -0.000001  1.185571  0.000000       0.6       0.6       0.7
    0.59998  1.041116  0.038107  1.108170  0.094255       7.8       7.6       7.9
    1.07495  1.050506  0.024440  1.132878  0.064514      24.8      23.9      25.2
    1.54999  1.062524  0.024579  1.165637  0.068955      49.9      47.8      50.8
    2.02502  1.073280  0.020573  1.196524  0.060440      83.1      79.1      85.0
    2.50000  1.082090  0.016622  1.222904  0.050737     124.9     118.0     128.3
    2.95001  1.099274  0.047765  1.270156  0.133283     170.2     159.7     171.7
    3.40002  1.120261  0.043259  1.331128  0.131221     224.9     208.5     229.5
    3.84998  1.137322  0.032347  1.385145  0.107384     292.0     267.5     302.5
    4.29999  1.149468  0.021932  1.427348  0.080385     373.3     338.4     391.9
    4.39996  1.151431  0.017508  1.434774  0.068521     393.5     356.1     415.1
    4.88568  1.148996 -0.018680  1.437451 -0.036180     510.8     458.9     559.4
    5.37140  1.137675 -0.025665  1.411419 -0.064200     649.6     583.1     717.3
    5.85712  1.125285 -0.024722  1.379050 -0.066803     805.2     724.6     887.9
    6.34283  1.113969 -0.021749  1.347795 -0.061233     975.1     881.1    1070.1
    6.82855  1.104183 -0.018574  1.319869 -0.053672    1157.9    1051.2    1263.3
    7.31427  1.095869 -0.015733  1.295619 -0.046289    1352.5    1233.6    1466.9
    7.79999  1.088827 -0.013337  1.274761 -0.039756    1557.8    1427.3    1680.5
    8.28571  1.082845 -0.011357  1.256841 -0.034193    1773.4    1631.6    1903.4
    8.77142  1.077737 -0.009732  1.241400 -0.029528    1998.5    1845.8    2135.5
    9.25714  1.073345 -0.008396  1.228031 -0.025633    2232.8    2069.4    2376.3
    9.74280  1.069543 -0.007294  1.216396 -0.022380    2475.8    2301.9    2625.5
   10.22852  1.066229 -0.006379  1.206207 -0.019654    2727.1    2543.0    2882.9
   10.71423  1.063322 -0.005614  1.197234 -0.017357    2986.5    2792.2    3148.1
   11.19995  1.060756 -0.004970  1.189289 -0.015412    3253.7    3049.3    3421.1
   11.68567  1.058478 -0.004425  1.182215 -0.013756    3528.4    3314.0    3701.5
   12.17139  1.056445 -0.003960  1.175887 -0.012338    3810.5    3586.1    3989.1
   12.65710  1.054621 -0.003561  1.170198 -0.011116    4099.7    3865.2    4283.9
   13.14282  1.052976 -0.003217  1.165062 -0.010058    4395.8    4151.4    4585.6
   13.62854  1.051488 -0.002918  1.160406 -0.009137    4698.7    4444.3    4894.0
   14.11426  1.050135 -0.002657  1.156168 -0.008331    5008.3    4743.7    5209.1
   14.59998  1.048902 -0.002429  1.152297 -0.007623    5324.3    5049.7    5530.7
  
  
  
  
 FEQX                                                                            

 Processing:TABLE#= 7010 SAVE22 NEWBETAM NOOUT EXTEND

 Processing:STATION=     0.906

 Processing:NAVM=0

 Processing:NSUB    4     0.080     0.064     0.080     0.001

 TabId= 7010 SAVE22   NOOUT    NEWBETAM EXTEND           
 STATION=     0.906
 NAVM=    0  Hor. scale factor=     1.000 Vert. shift=     0.000
  Vert. scale factor=     1.000 Hor. shift=     0.000
 NSUB    4 0.080 0.064 0.080 0.001
 X-SEC 53  AT ENT TO 66" X 42" ARCH MP THRU ARBORETUM ACCESS RD                  
       -7.0    678.70    1
       -3.0    675.90    2
       -1.0    676.10    2
        0.0    675.60    2
        3.0    675.90    3
        7.0    679.70    4
        7.0    690.00   -1

 *WRN:554* Extending left end of cross section by   11.300

 *WRN:557* At elevation=   680.190 subsection=  4 is a single vertical
            line segment.  Acts as a frictionless wall.
          Above warning given only once but may apply many times.

 Elements for section ID: 7010

 TABID= 7010
 TYPE=  -25
 STATION= 9.06000E-01
 ELEVATION= 6.75600E+02

   Depth Top Wid    Area Sqr(Cv)   Beta       J  Alpha   CritQ     Ma     Mq  AVER n   dkh/dy  dbta/dy  dalp/dy   dma/dy   dmq/dy
   0.000 0.000+0 0.000+0 0.000+0  1.067 0.000+0  1.188 0.000+0  1.000  1.000  0.0000   0.000   0.0000^  0.0000^  0.0000   0.0000 
   0.080 9.601-1 3.841-2 3.209-1  1.067 1.025-3  1.188 4.220-2  1.000  1.000  0.0640   6.146   0.0000^  0.0000^  0.0000   0.0000 
   0.300 3.600+0 5.401-1 1.869+0  1.067 5.402-2  1.188 1.149+0  1.000  1.000  0.0640   8.102   0.0000^  0.0000^  0.0000   0.0000 
   0.500 6.496+0 1.549+0 3.716+0  1.081 2.533-1  1.224 4.152+0  1.000  1.000  0.0625  10.379   0.0000^  0.0000^  0.0000   0.0000 
   0.933 7.571+0 4.598+0 8.749+0  1.050 1.568+0  1.137 1.979+1  1.000  1.000  0.0610  11.585   0.0000^  0.0000^  0.0000   0.0000 
   1.367 8.647+0 8.112+0 1.341+1  1.055 4.305+0  1.147 4.383+1  1.000  1.000  0.0602  10.411   0.0353^  0.0664^  0.0000   0.0000 
   1.800 9.722+0 1.209+1 1.794+1  1.066 8.666+0  1.175 7.522+1  1.000  1.000  0.0599  10.391   0.0208   0.0580   0.0000   0.0000 
   2.233 1.080+1 1.654+1 2.241+1  1.076 1.485+1  1.204 1.138+2  1.000  1.000  0.0597  10.279   0.0238   0.0686   0.0000   0.0000 
   2.667 1.187+1 2.145+1 2.685+1  1.085 2.306+1  1.232 1.598+2  1.000  1.000  0.0597  10.199   0.0208   0.0622   0.0000   0.0000 
   3.100 1.295+1 2.683+1 3.130+1  1.094 3.351+1  1.257 2.132+2  1.000  1.000  0.0599  10.505   0.0153   0.0493   0.0000   0.0000 
   3.433 1.330+1 3.120+1 3.486+1  1.097 4.318+1  1.269 2.606+2  1.000  1.000  0.0608  10.708   0.0065   0.0265   0.0000   0.0000 
   3.767 1.365+1 3.569+1 3.840+1  1.099 5.432+1  1.275 3.132+2  1.000  1.000  0.0614  10.521   0.0020   0.0130   0.0000   0.0000 
   4.100 1.400+1 4.030+1 4.191+1  1.099 6.698+1  1.279 3.703+2  1.000  1.000  0.0619  10.651   0.0000^  0.0000^  0.0000   0.0000 
   4.591 1.400+1 4.717+1 4.720+1  1.097 8.843+1  1.276 4.640+2  1.000  1.000  0.0622  10.755  -0.0070  -0.0135   0.0000   0.0000 
   5.081 1.400+1 5.403+1 5.240+1  1.093 1.133+2  1.267 5.674+2  1.000  1.000  0.0621  10.506  -0.0089  -0.0205   0.0000   0.0000 
   5.571 1.400+1 6.090+1 5.752+1  1.088 1.414+2  1.257 6.792+2  1.000  1.000  0.0618  10.365  -0.0086  -0.0211   0.0000   0.0000 
   6.062 1.400+1 6.777+1 6.257+1  1.084 1.730+2  1.247 7.985+2  1.000  1.000  0.0613  10.210  -0.0079  -0.0201   0.0000   0.0000 
   6.552 1.400+1 7.463+1 6.754+1  1.081 2.079+2  1.237 9.247+2  1.000  1.000  0.0607  10.073  -0.0070  -0.0184   0.0000   0.0000 
   7.043 1.400+1 8.150+1 7.245+1  1.077 2.462+2  1.229 1.057+3  1.000  1.000  0.0601   9.946  -0.0062  -0.0165   0.0000   0.0000 
   7.533 1.400+1 8.837+1 7.730+1  1.075 2.879+2  1.221 1.196+3  1.000  1.000  0.0594   9.828  -0.0055  -0.0148   0.0000   0.0000 
   8.024 1.400+1 9.523+1 8.209+1  1.072 3.329+2  1.214 1.341+3  1.000  1.000  0.0587   9.718  -0.0048  -0.0132   0.0000   0.0000 
   8.514 1.400+1 1.021+2 8.683+1  1.070 3.813+2  1.208 1.491+3  1.000  1.000  0.0580   9.616  -0.0043  -0.0118   0.0000   0.0000 
   9.005 1.400+1 1.090+2 9.153+1  1.068 4.330+2  1.202 1.647+3  1.000  1.000  0.0573   9.520  -0.0038  -0.0106   0.0000   0.0000 
   9.495 1.400+1 1.158+2 9.617+1  1.066 4.882+2  1.197 1.807+3  1.000  1.000  0.0566   9.430  -0.0034  -0.0095   0.0000   0.0000 
   9.986 1.400+1 1.227+2 1.008+2  1.064 5.467+2  1.193 1.973+3  1.000  1.000  0.0559   9.346  -0.0031  -0.0086   0.0000   0.0000 
  10.476 1.400+1 1.296+2 1.053+2  1.063 6.085+2  1.189 2.144+3  1.000  1.000  0.0552   9.267  -0.0028  -0.0078   0.0000   0.0000 
  10.967 1.400+1 1.364+2 1.099+2  1.062 6.738+2  1.185 2.319+3  1.000  1.000  0.0545   9.191  -0.0025  -0.0071   0.0000   0.0000 
  11.457 1.400+1 1.433+2 1.144+2  1.061 7.424+2  1.182 2.499+3  1.000  1.000  0.0539   9.120  -0.0023  -0.0065   0.0000   0.0000 
  11.948 1.400+1 1.502+2 1.188+2  1.059 8.143+2  1.179 2.683+3  1.000  1.000  0.0532   9.053  -0.0021  -0.0059   0.0000   0.0000 
  12.438 1.400+1 1.570+2 1.232+2  1.058 8.897+2  1.176 2.872+3  1.000  1.000  0.0526   8.988  -0.0019  -0.0054   0.0000   0.0000 
  12.929 1.400+1 1.639+2 1.276+2  1.058 9.684+2  1.174 3.065+3  1.000  1.000  0.0520   8.926  -0.0017  -0.0050   0.0000   0.0000 
  13.419 1.400+1 1.708+2 1.320+2  1.057 1.050+3  1.171 3.262+3  1.000  1.000  0.0514   8.870  -0.0016  -0.0046   0.0000   0.0000 
  13.910 1.400+1 1.776+2 1.363+2  1.056 1.136+3  1.169 3.463+3  1.000  1.000  0.0508   8.807  -0.0015  -0.0043   0.0000   0.0000 
  14.400 1.400+1 1.845+2 1.406+2  1.055 1.225+3  1.167 3.668+3  1.000  1.000  0.0502   8.779  -0.0014  -0.0041   0.0000   0.0000 

 Note: A caret (^) following a derivative indicates imposition of variation limitation at that point.  Continuity of
        second derivative is lost at these points.  Otherwise both the first and second derivative is continuous.

 Saving TabId= 7010  Internal table number=   23
  
  Estimates of critical flow:
      Depth      Beta   dBetadY     Alpha  DAlphadY     Qbeta    Qalpha     Qcrit
    0.00000  1.067383  0.000000  1.187530  0.000000       0.0       0.0       0.0
    0.08002  1.067383 -0.000004  1.187530 -0.000004       0.0       0.0       0.0
    0.30005  1.067381  0.000000  1.187528  0.000000       1.1       1.1       1.2
    0.50000  1.080935  0.046434  1.223732  0.137485       4.2       3.9       4.3
    0.93335  1.050191 -0.008461  1.137295 -0.039523      19.8      19.0      20.3
    1.36670  1.055285  0.021913  1.146889  0.054915      43.8      42.1      44.6
    1.80005  1.065697  0.024680  1.174508  0.067960      75.2      71.9      76.5
    2.23334  1.076081  0.022967  1.203825  0.066321     113.8     108.2     116.1
    2.66669  1.085491  0.020426  1.231513  0.061212     159.8     150.8     163.6
    3.10004  1.093787  0.017891  1.256783  0.055395     213.2     200.1     219.1
    3.43335  1.097413  0.006032  1.269452  0.025236     260.6     243.5     271.2
    3.76672  1.098606  0.001815  1.275456  0.012512     313.2     291.9     327.5
    4.10004  1.098918  0.000334  1.278577  0.006995     370.3     344.5     388.0
    4.59052  1.096797 -0.007226  1.275824 -0.014114     464.0     430.9     491.3
    5.08099  1.092737 -0.008837  1.267048 -0.020303     567.4     527.0     602.4
    5.57147  1.088410 -0.008651  1.256747 -0.021188     679.2     631.5     720.8
    6.06195  1.084338 -0.007909  1.246575 -0.020110     798.5     743.4     846.0
    6.55243  1.080669 -0.007049  1.237123 -0.018382     924.7     862.2     977.8
    7.04291  1.077416 -0.006226  1.228559 -0.016539    1057.4     987.5    1115.8
    7.53339  1.074547 -0.005489  1.220882 -0.014791    1196.2    1119.0    1259.8
    8.02386  1.072016 -0.004848  1.214022 -0.013212    1340.8    1256.2    1409.4
    8.51434  1.069777 -0.004296  1.207891 -0.011816    1491.0    1398.9    1564.6
    9.00482  1.067788 -0.003822  1.202402 -0.010595    1646.6    1546.9    1725.1
    9.49524  1.066016 -0.003416  1.197473 -0.009531    1807.4    1700.0    1890.7
    9.98572  1.064428 -0.003067  1.193031 -0.008603    1973.1    1858.0    2061.2
   10.47620  1.063000 -0.002765  1.189014 -0.007794    2143.7    2020.8    2236.7
   10.96667  1.061710 -0.002503  1.185369 -0.007086    2319.0    2188.2    2416.8
   11.45715  1.060539 -0.002275  1.182049 -0.006465    2498.9    2360.0    2601.5
   11.94763  1.059473 -0.002076  1.179015 -0.005918    2683.3    2536.3    2790.8
   12.43811  1.058499 -0.001900  1.176233 -0.005434    2871.9    2716.7    2984.4
   12.92859  1.057606 -0.001746  1.173675 -0.005005    3064.9    2901.4    3182.2
   13.41907  1.056784 -0.001608  1.171316 -0.004623    3262.0    3090.1    3384.3
   13.90955  1.056025 -0.001486  1.169134 -0.004281    3463.1    3282.7    3590.5
   14.40002  1.055323 -0.001377  1.167110 -0.003975    3668.3    3479.2    3800.7
  
  
  
  
 MULCON                                                                          

 TABID=1001  SAVE22  NOOUT                                                   

 Processing:WSLOT= 0.01
 Width of slot=  0.010
 Height of slot above datum=    15.
 Number of conduits=    1 Mud line EPS=  0.020
 Type=           CMPA
 Span=          5.330
 Rise=          3.580
 Bottom=        0.000
 Roughness=     0.024
 PROCESSING  TYPE: CMPA      
     USING SPAN=   5.33 AND RISE=   3.58

 *WRN:505* Decrease in conveyance in subsection   1 at elevation=     3.461
            decrease=   1.0 per cent

 *WRN:505* Decrease in conveyance in subsection   1 at elevation=     3.554
            decrease=   2.9 per cent

 Elements for section ID: 1001

 TABID= 1001
 TYPE=  -25
 STATION= 0.00000E+00
 ELEVATION=-1.71351E-03

   Depth Top Wid    Area Sqr(Cv)   Beta       J  Alpha   CritQ     Ma     Mq  AVER n   dkh/dy  dbta/dy  dalp/dy   dma/dy   dmq/dy
   0.000 0.000+0 0.000+0 0.000+0  1.000 0.000+0  1.000 0.000+0  1.000  1.000  0.0000   0.000   0.0000   0.0000   0.0000   0.0000 
   0.009 7.544-1 3.243-3 7.295-2  1.000 9.292-6  1.000 1.206-3  1.000  1.000  0.0240  12.627   0.0000   0.0000   0.0000   0.0000 
   0.034 1.507+0 3.239-2 3.940-1  1.000 4.268-4  1.000 2.694-2  1.000  1.000  0.0240  12.726   0.0000   0.0000   0.0000   0.0000 
   0.077 2.257+0 1.131-1 9.761-1  1.000 3.433-3  1.000 1.437-1  1.000  1.000  0.0240  14.086   0.0000   0.0000   0.0000   0.0000 
   0.137 3.002+0 2.707-1 1.835+0  1.000 1.471-2  1.000 4.613-1  1.000  1.000  0.0240  14.558   0.0000   0.0000   0.0000   0.0000 
   0.213 3.732+0 5.260-1 2.966+0  1.000 4.457-2  1.000 1.121+0  1.000  1.000  0.0240  15.351   0.0000   0.0000   0.0000   0.0000 
   0.276 4.111+0 7.727-1 3.951+0  1.000 8.529-2  1.000 1.901+0  1.000  1.000  0.0240  15.843   0.0000   0.0000   0.0000   0.0000 
   0.374 4.459+0 1.194+0 5.505+0  1.000 1.816-1  1.000 3.504+0  1.000  1.000  0.0240  15.718   0.0000   0.0000   0.0000   0.0000 
   0.504 4.762+0 1.792+0 7.512+0  1.000 3.750-1  1.000 6.239+0  1.000  1.000  0.0240  15.200   0.0000   0.0000   0.0000   0.0000 
   0.661 5.010+0 2.557+0 9.845+0  1.000 7.151-1  1.000 1.037+1  1.000  1.000  0.0240  14.596   0.0000   0.0000   0.0000   0.0000 
   0.838 5.193+0 3.463+0 1.238+1  1.000 1.249+0  1.000 1.605+1  1.000  1.000  0.0240  13.903   0.0000   0.0000   0.0000   0.0000 
   1.030 5.304+0 4.470+0 1.497+1  1.000 2.010+0  1.000 2.329+1  1.000  1.000  0.0240  13.138   0.0000   0.0000   0.0000   0.0000 
   1.229 5.339+0 5.529+0 1.750+1  1.000 3.004+0  1.000 3.192+1  1.000  1.000  0.0240  12.289   0.0000   0.0000   0.0000   0.0000 
   1.427 5.297+0 6.585+0 1.985+1  1.000 4.207+0  1.000 4.166+1  1.000  1.000  0.0240  11.358   0.0000   0.0000   0.0000   0.0000 
   1.822 5.071+0 8.631+0 2.396+1  1.000 7.213+0  1.000 6.390+1  1.000  1.000  0.0240   9.515   0.0000   0.0000   0.0000   0.0000 
   2.195 4.728+0 1.046+1 2.720+1  1.000 1.078+1  1.000 8.827+1  1.000  1.000  0.0240   7.808   0.0000   0.0000   0.0000   0.0000 
   2.538 4.276+0 1.200+1 2.959+1  1.000 1.463+1  1.000 1.141+2  1.000  1.000  0.0240   6.132   0.0000   0.0000   0.0000   0.0000 
   2.843 3.726+0 1.322+1 3.119+1  1.000 1.848+1  1.000 1.413+2  1.000  1.000  0.0240   4.286   0.0000   0.0000   0.0000   0.0000 
   3.102 3.089+0 1.411+1 3.209+1  1.000 2.203+1  1.000 1.710+2  1.000  1.000  0.0240   2.673   0.0000   0.0000   0.0000   0.0000 
   3.311 2.381+0 1.468+1 3.238+1  1.000 2.503+1  1.000 2.067+2  1.000  1.000  0.0240   0.000^  0.0000   0.0000   0.0000   0.0000 
   3.463 1.619+0 1.498+1 3.221+1  1.000 2.729+1  1.000 2.586+2  1.000  1.000  0.0240  -0.232   0.0000   0.0000   0.0000   0.0000 
   3.556 8.188-1 1.509+1 3.175+1  1.000 2.869+1  1.000 3.677+2  1.000  1.000  0.0240 -15.096^  0.0000   0.0000   0.0000   0.0000 
   3.587 1.000-2 1.511+1 3.116+1  1.000 2.915+1  1.000 3.331+3  1.000  1.000  0.0240   0.000^  0.0000   0.0000   0.0000   0.0000 
 500.000 1.000-2 2.007+1 3.116+1  1.000 8.760+3  1.000 3.331+3  1.000  1.000  0.0230   0.000^  0.0000   0.0000   0.0000   0.0000 

 Note: A caret (^) following a derivative indicates imposition of variation limitation at that point.  Continuity of
        second derivative is lost at these points.  Otherwise both the first and second derivative is continuous.

 Saving TabId= 1001  Internal table number=   24
  
  
  
  
  
 CULVERT                                                                         

 TABID= 502   

 Processing: 
  TYPE=   13 Flap gate factor= 0.00

 Processing:LABEL=U of I E-W access road

 LABEL=U of I E-W access road                            

 APPROACH SECTION DATA                                                           

  APPTAB= 7010
 APPELV=    675.60
 APPLEN=       5.4
 APPLOS=      0.00
 APPEXP=      0.00

 CULVERT DESCRIPTION                                                             
 NODEID=YES 
 SFAC=      1.00

 FEQUTL will use  16 nodes for the culvert barrel.
   Node  Node Id TabId    Station Elevation   KA   KD HL Id
      1 UPSTREAM   1001     0.000   676.100 0.00 0.00      
      2            1001     0.371   676.098 0.00 0.00      
      3            1001     1.930   676.090 0.00 0.00      
      4            1001     4.631   676.077 0.00 0.00      
      5            1001     8.305   676.059 0.00 0.00      
      6            1001    10.760   676.047 0.00 0.00      
      7            1001    12.722   676.037 0.00 0.00      
      8            1001    17.605   676.013 0.00 0.00      
      9            1001    21.519   675.993 0.00 0.00      
     10            1001    22.645   675.987 0.00 0.00      
     11            1001    27.528   675.963 0.00 0.00      
     12            1001    31.945   675.941 0.00 0.00      
     13            1001    35.619   675.923 0.00 0.00      
     14            1001    38.320   675.910 0.00 0.00      
     15            1001    39.879   675.902 0.00 0.00      
     16 DNSTREAM   1001    40.250   675.900 0.00 0.00      

 CULCLS=PIPE    

 DEPARTURE SECTION DATA                                                          

 Processing:DEPTAB= 7009
 DEPTAB= 7009  BEGTAB=   RMFFAC=   1.
 DEPELV=    675.40                    

 Departure reach start elev.=    675.40
 Departure reach end elev.=    675.40
 LOSOPT=MOMENTUM

 DISCHARGE COEFFICIENT DATA                                                      

 TYPE 5 PARAMETERS                                                               

 Rounding/beveling value=0.015

 Angle of inlet bevel=  0.0 degrees.

 Wingwall angle=   0. degrees.

 Relative projection=   0.700

 Ratio of flow depth to vertical diameter at culvert exit
 that causes submergence= 0.75

 Rounding/beveling adjustment factor=1.032

 Wingwall angle adjustment factor=1.000

 Projecting-pipe adjustment factor=0.910

 Discharge coefficient for flow types 4 and 6=0.792
             Type 6 jet assumed supported.

 ROADWAY DESCRIPTION                                                             
 PLCWTB= 9994           
 GLCWTB= 9995           
 PHCWTB= 9996           
 GHCWTB= 9997           
 PSUBTB= 9998           
 GSUBTB= 9999           
     OFFSET     CREST     WIDTH  APPROACH SURFACE                                
       -7.0    679.43      20.0     678.7 GRAVEL  
       -3.0    679.41      20.0     675.9 GRAVEL  
       -1.0    679.40      20.0     676.1 GRAVEL  
        0.0    679.40      20.0     675.6 GRAVEL  
        3.0    679.41      20.0     675.9 GRAVEL  
        5.7    679.42      20.0     678.4 END     

 Minimum crest elevation=    679.40
 Minimum crest location=       0.0

 HEAD SEQUENCE DEFINITION                                                        

 Number of partial free drops=   11

 Power for distributing partial free drops=  1.5
       0.25
       0.50
       0.75
       1.00
       1.25
       1.50
       1.75
       2.00
       2.50
       3.00
       3.50
       4.00
       4.50
       5.00
       5.50
       6.00
       6.50
       7.00
       7.50
       8.00
       9.00
      -1.00

 Input complete. Begin computations.

  Upstream opening=  3.5866 Downstream opening=  3.5866

 Checking the critical flow variation at section 2.
 Table tests OK.

 Datum for heads is:  676.1000
 *WRN:547* Road is lower than a culvert soffit elevation.

 Adding upstream head=   5.380 at the nominal lower bound for high head flow.

 Adding upstream head=   3.300 at the minimum crest elevation of roadway.

 Analysis of the cross section at start of departure reach
      Width Factor=    1.02

  Depth in Depth in  Width factor x  Sect. 43  Difference
  sect. 3  sect. 43  culvert width   width
  -------- --------  --------------  --------  ----------
     0.000    0.500           0.000     5.033      -5.033
     0.009    0.509           0.769     5.072      -4.302
     0.034    0.534           1.537     5.189      -3.652
     0.077    0.577           2.302     5.384      -3.082
     0.137    0.637           3.062     5.592      -2.530
     0.213    0.713           3.807     5.804      -1.998
     0.276    0.776           4.193     5.980      -1.787
     0.374    0.874           4.548     6.255      -1.707
     0.504    1.004           4.858     6.618      -1.761
     0.661    1.161           5.110     7.057      -1.946
     0.838    1.338           5.297     7.554      -2.257
     1.030    1.530           5.410     8.090      -2.680
     1.229    1.729           5.446     8.647      -3.201
     1.427    1.927           5.403     9.203      -3.800
     1.822    2.322           5.172    10.307      -5.135
     2.195    2.695           4.823    11.999      -7.177
     2.538    3.038           4.362    14.096      -9.734
     2.843    3.343           3.800    15.959     -12.158
     3.102    3.602           3.151    17.545     -14.394
     3.311    3.811           2.429    18.819     -16.390
     3.463    3.963           1.651    19.750     -18.099
     3.556    4.056           0.835    20.317     -19.482
     3.587    4.087           0.010    20.506     -20.496

 BEGTAB accepted.

 Culvert barrel is rough.  Factor=    0.08

 *WRN:563* Roughness factor for limiting slope for rough pipes
           < 0.10 or > 0.30.  Value is inaccurate.

 High-head flow is type  6.  Boundary So=  0.0164

 Testing for flow type 0 at upstream head =   0.250

 Type 0 flow drowned by control at section 2.

 Smallest critical slope found=    0.0108 at depth=     1.030
 Largest critical slope found=   11.7738 at depth=     3.587
  Type 1 flow not possible.
  Rejecting Type 1. Trying Type 2.

 Type 2 limits:
    Local elevation at section 1=   4.793
    Head/vertical diameter ratio at section 2=   1.141
    Depth at section 3=   2.278

 Parameters for transition from type 2 to type 6:
    Coefficient of discharge=   0.590
    Momentum-flux coefficient=   1.393
    Kinetic-energy flux coefficient=   1.940

 Flows for water levels at section 43.
    Road flow submergence at section 43.

 Upstream head=   0.2500 Elevation=  676.3500

  Head at Depth at Head at Depth at Drop    Flow Flow    Flow   
  section section  section section  section type through over   
    2       2       3 & 43    3     1 to 43      barrel  roadway 
  ------- -------- ------- -------- ------- ----  ------ -------
    0.224    0.224  -0.036    0.164  0.2856    2 0.66418 0.00000
    0.224    0.224   0.006    0.206  0.2438    3 0.66418 0.00000
    0.223    0.223   0.046    0.246  0.2043    3 0.67130 0.00000
    0.223    0.223   0.083    0.283  0.1673    3 0.67238 0.00000
    0.223    0.223   0.117    0.317  0.1327    3 0.66805 0.00000
    0.225    0.225   0.149    0.349  0.1010    3 0.65348 0.00000
    0.229    0.229   0.178    0.378  0.0722    3 0.62084 0.00000
    0.234    0.234   0.203    0.403  0.0469    3 0.55849 0.00000
    0.240    0.240   0.224    0.424  0.0255    3 0.45331 0.00000
    0.246    0.246   0.241    0.441  0.0090    3 0.29101 0.00000
    0.250    0.250   0.250    0.450  0.0000    3 0.00000 0.00000
 ----------------------------------------------------------------
   Notes: Barrel flows full at section 3 when depth there=   3.587
          Barrel flows full at section 2 when depth there=>   3.587

 Fit of flow through barrel versus square root of drop is a piecewise
 cubic Hermite polynomial.  Cubic spline fit was not variation
 limited at the following drop values:
         0.2856
         0.2438
         0.2043
         0.1673

 Flows for water levels at section 4.
    Road submergence at section 43.

 Upstream Head=   0.2500  Free Drop=   0.2728

 Partial Depth Head  Head  Head  Drop  Flow   Flow   Total  Loss Energy Energy
 free    at    at    at    at    sec   in     over   flow   coef loss   loss  
 drop    sec 3 sec 3 sec44 sec 4 1->4  barrel road          3->4 3->4   1->4  
 ------- ----- ----- ----- ----- ----- ------ ------ ------ ---- ------ ------
  1.0000  0.16 -0.04 -0.02 -0.02 0.273 0.6642 0.0000 0.6642 0.76  0.040  0.272
  0.8538  0.21  0.01  0.02  0.02 0.233 0.6643 0.0000 0.6643 0.70  0.018  0.233
  0.7155  0.25  0.05  0.05  0.05 0.195 0.6716 0.0000 0.6716 0.65  0.010  0.195
  0.5857  0.29  0.09  0.09  0.09 0.160 0.6723 0.0000 0.6723 0.60  0.006  0.160
  0.4648  0.32  0.12  0.12  0.12 0.127 0.6673 0.0000 0.6673 0.57  0.004  0.127
  0.3536  0.35  0.15  0.15  0.15 0.096 0.6518 0.0000 0.6518 0.55  0.003  0.097
  0.2530  0.38  0.18  0.18  0.18 0.069 0.6183 0.0000 0.6183 0.52  0.002  0.069
  0.1643  0.40  0.20  0.21  0.21 0.045 0.5553 0.0000 0.5553 0.50  0.001  0.045
  0.0894  0.42  0.22  0.23  0.23 0.024 0.4502 0.0000 0.4502 0.49  0.001  0.025
  0.0316  0.44  0.24  0.24  0.24 0.009 0.2888 0.0000 0.2888 0.48  0.000  0.009
 ------------------------------------------------------------------------------
 Note: Barrel flows full at section 3 when depth there=   3.587

 Testing for flow type 0 at upstream head =   0.500

 Type 0 flow drowned by control at section 2.

 Flows for water levels at section 43.
    Road flow submergence at section 43.

 Upstream head=   0.5000 Elevation=  676.6000

  Head at Depth at Head at Depth at Drop    Flow Flow    Flow   
  section section  section section  section type through over   
    2       2       3 & 43    3     1 to 43      barrel  roadway 
  ------- -------- ------- -------- ------- ----  ------ -------
    0.440    0.440   0.134    0.334  0.3663    2 2.78360 0.00000
    0.441    0.441   0.187    0.387  0.3128    3 2.77552 0.00000
    0.439    0.439   0.238    0.438  0.2621    3 2.80654 0.00000
    0.439    0.439   0.285    0.485  0.2145    3 2.79815 0.00000
    0.443    0.443   0.330    0.530  0.1703    3 2.74760 0.00000
    0.450    0.450   0.370    0.570  0.1295    3 2.63476 0.00000
    0.459    0.459   0.407    0.607  0.0927    3 2.43651 0.00000
    0.471    0.471   0.440    0.640  0.0602    3 2.12724 0.00000
    0.483    0.483   0.467    0.667  0.0328    3 1.68339 0.00000
    0.494    0.494   0.488    0.688  0.0116    3 1.05550 0.00000
    0.500    0.500   0.500    0.700  0.0000    3 0.00000 0.00000
 ----------------------------------------------------------------
   Notes: Barrel flows full at section 3 when depth there=   3.587
          Barrel flows full at section 2 when depth there=>   3.587

 Fit of flow through barrel versus square root of drop is a piecewise
 cubic Hermite polynomial.  Cubic spline fit was not variation
 limited at the following drop values:
         0.3128
         0.2621
         0.2145

 Flows for water levels at section 4.
    Road submergence at section 43.

 Upstream Head=   0.5000  Free Drop=   0.3200

 Partial Depth Head  Head  Head  Drop  Flow   Flow   Total  Loss Energy Energy
 free    at    at    at    at    sec   in     over   flow   coef loss   loss  
 drop    sec 3 sec 3 sec44 sec 4 1->4  barrel road          3->4 3->4   1->4  
 ------- ----- ----- ----- ----- ----- ------ ------ ------ ---- ------ ------
  1.0000  0.33  0.13  0.18  0.18 0.320 2.7836 0.0000 2.7836 0.57  0.061  0.316
  0.8538  0.40  0.20  0.23  0.23 0.273 2.7777 0.0000 2.7777 0.52  0.033  0.271
  0.7155  0.45  0.25  0.27  0.27 0.229 2.8065 0.0000 2.8065 0.48  0.022  0.227
  0.5857  0.49  0.29  0.31  0.31 0.187 2.7923 0.0000 2.7923 0.46  0.015  0.187
  0.4648  0.54  0.34  0.35  0.35 0.149 2.7333 0.0000 2.7333 0.44  0.011  0.148
  0.3536  0.58  0.38  0.39  0.39 0.113 2.6124 0.0000 2.6124 0.42  0.008  0.113
  0.2530  0.61  0.41  0.42  0.42 0.081 2.4087 0.0000 2.4087 0.40  0.005  0.081
  0.1643  0.64  0.44  0.45  0.45 0.053 2.0993 0.0000 2.0993 0.39  0.003  0.053
  0.0894  0.67  0.47  0.47  0.47 0.029 1.6594 0.0000 1.6594 0.38  0.002  0.029
  0.0316  0.69  0.49  0.49  0.49 0.010 1.0395 0.0000 1.0395 0.38  0.001  0.010
 ------------------------------------------------------------------------------
 Note: Barrel flows full at section 3 when depth there=   3.587

 Testing for flow type 0 at upstream head =   0.750

 Type 0 flow drowned by control at section 2.

 Flows for water levels at section 43.
    Road flow submergence at section 43.

 Upstream head=   0.7500 Elevation=  676.8500

  Head at Depth at Head at Depth at Drop    Flow Flow    Flow   
  section section  section section  section type through over   
    2       2       3 & 43    3     1 to 43      barrel  roadway 
  ------- -------- ------- -------- ------- ----  ------ -------
    0.658    0.658   0.301    0.501  0.4494    2 6.15754 0.00000
    0.658    0.658   0.366    0.566  0.3837    3 6.15754 0.00000
    0.656    0.656   0.428    0.628  0.3215    3 6.19199 0.00000
    0.658    0.658   0.487    0.687  0.2632    3 6.15315 0.00000
    0.665    0.665   0.541    0.741  0.2088    3 5.99764 0.00000
    0.677    0.677   0.591    0.791  0.1589    3 5.69792 0.00000
    0.693    0.693   0.636    0.836  0.1137    3 5.21554 0.00000
    0.710    0.710   0.676    0.876  0.0738    3 4.51355 0.00000
    0.727    0.727   0.710    0.910  0.0402    3 3.53540 0.00000
    0.742    0.742   0.736    0.936  0.0142    3 2.20420 0.00000
    0.750    0.750   0.750    0.950  0.0000    3 0.00000 0.00000
 ----------------------------------------------------------------
   Notes: Barrel flows full at section 3 when depth there=   3.587
          Barrel flows full at section 2 when depth there=>   3.587

 Fit of flow through barrel versus square root of drop is a piecewise
 cubic Hermite polynomial.  Cubic spline fit was not variation
 limited at the following drop values:
         0.4494
         0.3837
         0.3215

 Flows for water levels at section 4.
    Road submergence at section 43.

 Upstream Head=   0.7500  Free Drop=   0.3628

 Partial Depth Head  Head  Head  Drop  Flow   Flow   Total  Loss Energy Energy
 free    at    at    at    at    sec   in     over   flow   coef loss   loss  
 drop    sec 3 sec 3 sec44 sec 4 1->4  barrel road          3->4 3->4   1->4  
 ------- ----- ----- ----- ----- ----- ------ ------ ------ ---- ------ ------
  1.0000  0.50  0.30  0.39  0.39 0.363 6.1575 0.0000 6.1575 0.47  0.075  0.351
  0.8538  0.58  0.38  0.44  0.44 0.310 6.1615 0.0000 6.1615 0.42  0.045  0.301
  0.7155  0.64  0.44  0.49  0.49 0.260 6.1903 0.0000 6.1903 0.40  0.031  0.254
  0.5857  0.70  0.50  0.54  0.54 0.212 6.1264 0.0000 6.1264 0.38  0.023  0.209
  0.4648  0.75  0.55  0.58  0.58 0.169 5.9455 0.0000 5.9455 0.37  0.017  0.166
  0.3536  0.80  0.60  0.62  0.62 0.128 5.6254 0.0000 5.6254 0.35  0.012  0.127
  0.2530  0.84  0.64  0.66  0.66 0.092 5.1323 0.0000 5.1323 0.35  0.008  0.092
  0.1643  0.88  0.68  0.69  0.69 0.060 4.4313 0.0000 4.4313 0.34  0.005  0.060
  0.0894  0.91  0.71  0.72  0.72 0.032 3.4690 0.0000 3.4690 0.33  0.003  0.033
  0.0316  0.94  0.74  0.74  0.74 0.011 2.1612 0.0000 2.1612 0.32  0.001  0.012
 ------------------------------------------------------------------------------
 Note: Barrel flows full at section 3 when depth there=   3.587

 Testing for flow type 0 at upstream head =   1.000

 Type 0 flow drowned by control at section 2.

 Flows for water levels at section 43.
    Road flow submergence at section 43.

 Upstream head=   1.0000 Elevation=  677.1000

  Head at Depth at Head at Depth at Drop    Flow Flow    Flow   
  section section  section section  section type through over   
    2       2       3 & 43    3     1 to 43      barrel  roadway 
  ------- -------- ------- -------- ------- ----  ------ -------
    0.877    0.877   0.468    0.668  0.5319    2 10.5856 0.00000
    0.877    0.877   0.546    0.746  0.4541    3 10.5856 0.00000
    0.876    0.876   0.619    0.819  0.3806    3 10.6216 0.00000
    0.880    0.880   0.689    0.888  0.3115    3 10.5202 0.00000
    0.891    0.891   0.753    0.953  0.2472    3 10.2142 0.00000
    0.907    0.907   0.812    1.012  0.1880    3 9.65668 0.00000
    0.928    0.928   0.865    1.065  0.1345    3 8.79530 0.00000
    0.950    0.950   0.913    1.113  0.0874    3 7.56634 0.00000
    0.972    0.972   0.952    1.152  0.0476    3 5.89765 0.00000
    0.990    0.990   0.983    1.183  0.0168    3 3.65701 0.00000
    1.000    1.000   1.000    1.200  0.0000    3 0.00000 0.00000
 ----------------------------------------------------------------
   Notes: Barrel flows full at section 3 when depth there=   3.587
          Barrel flows full at section 2 when depth there=>   3.587

 Fit of flow through barrel versus square root of drop is a piecewise
 cubic Hermite polynomial.  Cubic spline fit was not variation
 limited at the following drop values:
         0.5319
         0.4541
         0.3806

 Flows for water levels at section 4.
    Road submergence at section 43.

 Upstream Head=   1.0000  Free Drop=   0.4047

 Partial Depth Head  Head  Head  Drop  Flow   Flow   Total  Loss Energy Energy
 free    at    at    at    at    sec   in     over   flow   coef loss   loss  
 drop    sec 3 sec 3 sec44 sec 4 1->4  barrel road          3->4 3->4   1->4  
 ------- ----- ----- ----- ----- ----- ------ ------ ------ ---- ------ ------
  1.0000  0.67  0.47  0.60  0.60 0.405 10.586 0.0000 10.586 0.41  0.087  0.383
  0.8538  0.76  0.56  0.65  0.65 0.346 10.591 0.0000 10.591 0.37  0.054  0.329
  0.7155  0.84  0.64  0.71  0.71 0.290 10.613 0.0000 10.613 0.35  0.039  0.278
  0.5857  0.91  0.71  0.76  0.76 0.237 10.459 0.0000 10.459 0.34  0.029  0.229
  0.4648  0.97  0.77  0.81  0.81 0.188 10.105 0.0000 10.105 0.33  0.022  0.183
  0.3536  1.02  0.82  0.86  0.86 0.143 9.5133 0.0000 9.5133 0.32  0.016  0.140
  0.2530  1.07  0.87  0.90  0.90 0.102 8.6358 0.0000 8.6358 0.31  0.011  0.101
  0.1643  1.12  0.92  0.93  0.93 0.066 7.4126 0.0000 7.4126 0.31  0.007  0.067
  0.0894  1.15  0.95  0.96  0.96 0.036 5.7716 0.0000 5.7716 0.31  0.004  0.037
  0.0316  1.18  0.98  0.99  0.99 0.013 3.5795 0.0000 3.5795 0.30  0.001  0.013
 ------------------------------------------------------------------------------
 Note: Barrel flows full at section 3 when depth there=   3.587

 Testing for flow type 0 at upstream head =   1.250

 Type 0 flow drowned by control at section 2.

 Flows for water levels at section 43.
    Road flow submergence at section 43.

 Upstream head=   1.2500 Elevation=  677.3500

  Head at Depth at Head at Depth at Drop    Flow Flow    Flow   
  section section  section section  section type through over   
    2       2       3 & 43    3     1 to 43      barrel  roadway 
  ------- -------- ------- -------- ------- ----  ------ -------
    1.099    1.099   0.633    0.833  0.6166    2 15.8814 0.00000
    1.099    1.099   0.724    0.924  0.5264    3 15.8814 0.00000
    1.097    1.097   0.809    1.009  0.4412    3 15.9431 0.00000
    1.103    1.103   0.889    1.089  0.3611    3 15.7430 0.00000
    1.117    1.117   0.963    1.163  0.2866    3 15.2392 0.00000
    1.138    1.138   1.032    1.232  0.2180    3 14.3556 0.00000
    1.164    1.164   1.094    1.294  0.1560    3 13.0209 0.00000
    1.191    1.191   1.149    1.349  0.1013    3 11.1543 0.00000
    1.217    1.217   1.195    1.395  0.0551    3 8.66110 0.00000
    1.238    1.238   1.231    1.430  0.0195    3 5.35628 0.00000
    1.250    1.250   1.250    1.450  0.0000    3 0.00000 0.00000
 ----------------------------------------------------------------
   Notes: Barrel flows full at section 3 when depth there=   3.587
          Barrel flows full at section 2 when depth there=>   3.587

 Fit of flow through barrel versus square root of drop is a piecewise
 cubic Hermite polynomial.  Cubic spline fit was not variation
 limited at the following drop values:
         0.6166
         0.5264
         0.4412

 Flows for water levels at section 4.
    Road submergence at section 43.

 Upstream Head=   1.2500  Free Drop=   0.4494

 Partial Depth Head  Head  Head  Drop  Flow   Flow   Total  Loss Energy Energy
 free    at    at    at    at    sec   in     over   flow   coef loss   loss  
 drop    sec 3 sec 3 sec44 sec 4 1->4  barrel road          3->4 3->4   1->4  
 ------- ----- ----- ----- ----- ----- ------ ------ ------ ---- ------ ------
  1.0000  0.83  0.63  0.80  0.80 0.449 15.881 0.0000 15.881 0.37  0.098  0.417
  0.8538  0.95  0.75  0.87  0.87 0.384 15.891 0.0000 15.891 0.34  0.063  0.359
  0.7155  1.03  0.83  0.93  0.93 0.322 15.924 0.0000 15.924 0.33  0.047  0.303
  0.5857  1.11  0.91  0.99  0.99 0.263 15.634 0.0000 15.634 0.32  0.036  0.250
  0.4648  1.18  0.98  1.04  1.04 0.209 15.063 0.0000 15.063 0.31  0.027  0.200
  0.3536  1.24  1.04  1.09  1.09 0.159 14.131 0.0000 14.131 0.30  0.020  0.154
  0.2530  1.30  1.10  1.14  1.14 0.114 12.777 0.0000 12.777 0.30  0.014  0.111
  0.1643  1.35  1.15  1.18  1.18 0.074 10.924 0.0000 10.924 0.30  0.009  0.073
  0.0894  1.40  1.20  1.21  1.21 0.040 8.4765 0.0000 8.4765 0.30  0.005  0.040
  0.0316  1.43  1.23  1.24  1.24 0.014 5.2462 0.0000 5.2462 0.29  0.002  0.014
 ------------------------------------------------------------------------------
 Note: Barrel flows full at section 3 when depth there=   3.587

 Testing for flow type 0 at upstream head =   1.500

 Type 0 flow drowned by control at section 2.

 Flows for water levels at section 43.
    Road flow submergence at section 43.

 Upstream head=   1.5000 Elevation=  677.6000

  Head at Depth at Head at Depth at Drop    Flow Flow    Flow   
  section section  section section  section type through over   
    2       2       3 & 43    3     1 to 43      barrel  roadway 
  ------- -------- ------- -------- ------- ----  ------ -------
    1.315    1.315   0.800    1.000  0.6997    2 22.0847 0.00000
    1.320    1.320   0.903    1.103  0.5974    3 21.8813 0.00000
    1.316    1.316   0.999    1.199  0.5007    3 22.0375 0.00000
    1.327    1.327   1.090    1.290  0.4098    3 21.6397 0.00000
    1.345    1.345   1.175    1.375  0.3252    3 20.8800 0.00000
    1.371    1.371   1.253    1.453  0.2474    3 19.5983 0.00000
    1.401    1.401   1.323    1.523  0.1770    3 17.6888 0.00000
    1.433    1.433   1.385    1.585  0.1150    3 15.0768 0.00000
    1.462    1.462   1.437    1.637  0.0626    3 11.6488 0.00000
    1.486    1.486   1.478    1.678  0.0221    3 7.17945 0.00000
    1.500    1.500   1.500    1.700  0.0000    3 0.00000 0.00000
 ----------------------------------------------------------------
   Notes: Barrel flows full at section 3 when depth there=   3.587
          Barrel flows full at section 2 when depth there=>   3.587

 Fit of flow through barrel versus square root of drop is a piecewise
 cubic Hermite polynomial.  Cubic spline fit was not variation
 limited at the following drop values:
         0.5974
         0.5007

 Flows for water levels at section 4.
    Road submergence at section 43.

 Upstream Head=   1.5000  Free Drop=   0.4918

 Partial Depth Head  Head  Head  Drop  Flow   Flow   Total  Loss Energy Energy
 free    at    at    at    at    sec   in     over   flow   coef loss   loss  
 drop    sec 3 sec 3 sec44 sec 4 1->4  barrel road          3->4 3->4   1->4  
 ------- ----- ----- ----- ----- ----- ------ ------ ------ ---- ------ ------
  1.0000  1.00  0.80  1.01  1.01 0.492 22.085 0.0000 22.085 0.35  0.110  0.448
  0.8538  1.13  0.93  1.08  1.08 0.420 21.915 0.0000 21.915 0.32  0.071  0.387
  0.7155  1.23  1.03  1.15  1.15 0.352 21.990 0.0000 21.990 0.31  0.055  0.326
  0.5857  1.32  1.12  1.21  1.21 0.288 21.446 0.0000 21.446 0.31  0.042  0.270
  0.4648  1.40  1.20  1.27  1.27 0.229 20.609 0.0000 20.609 0.30  0.033  0.217
  0.3536  1.47  1.27  1.33  1.33 0.174 19.257 0.0000 19.257 0.30  0.025  0.167
  0.2530  1.53  1.33  1.38  1.38 0.124 17.324 0.0000 17.324 0.30  0.018  0.121
  0.1643  1.59  1.39  1.42  1.42 0.081 14.736 0.0000 14.736 0.30  0.012  0.080
  0.0894  1.64  1.44  1.46  1.46 0.044 11.375 0.0000 11.375 0.29  0.006  0.044
  0.0316  1.68  1.48  1.48  1.48 0.016 7.0170 0.0000 7.0170 0.29  0.002  0.016
 ------------------------------------------------------------------------------
 Note: Barrel flows full at section 3 when depth there=   3.587

 Testing for flow type 0 at upstream head =   1.750

 Type 0 flow drowned by control at section 2.

 Flows for water levels at section 43.
    Road flow submergence at section 43.

 Upstream head=   1.7500 Elevation=  677.8500

  Head at Depth at Head at Depth at Drop    Flow Flow    Flow   
  section section  section section  section type through over   
    2       2       3 & 43    3     1 to 43      barrel  roadway 
  ------- -------- ------- -------- ------- ----  ------ -------
    1.538    1.538   0.955    1.155  0.7946    2 28.5890 0.00000
    1.538    1.538   1.072    1.271  0.6785    3 28.5890 0.00000
    1.536    1.536   1.181    1.381  0.5686    3 28.6869 0.00000
    1.551    1.551   1.285    1.485  0.4654    3 28.0372 0.00000
    1.573    1.573   1.381    1.581  0.3693    3 26.9633 0.00000
    1.603    1.603   1.469    1.669  0.2809    3 25.2181 0.00000
    1.638    1.638   1.549    1.749  0.2010    3 22.7083 0.00000
    1.673    1.673   1.619    1.819  0.1306    3 19.3310 0.00000
    1.707    1.707   1.679    1.879  0.0711    3 14.9262 0.00000
    1.734    1.734   1.725    1.925  0.0251    3 9.17844 0.00000
    1.750    1.750   1.750    1.950  0.0000    3 0.00000 0.00000
 ----------------------------------------------------------------
   Notes: Barrel flows full at section 3 when depth there=   3.587
          Barrel flows full at section 2 when depth there=>   3.587

 Fit of flow through barrel versus square root of drop is a piecewise
 cubic Hermite polynomial.  Cubic spline fit was not variation
 limited at the following drop values:
         0.7946
         0.6785
         0.5686

 Flows for water levels at section 4.
    Road submergence at section 43.

 Upstream Head=   1.7500  Free Drop=   0.5476

 Partial Depth Head  Head  Head  Drop  Flow   Flow   Total  Loss Energy Energy
 free    at    at    at    at    sec   in     over   flow   coef loss   loss  
 drop    sec 3 sec 3 sec44 sec 4 1->4  barrel road          3->4 3->4   1->4  
 ------- ----- ----- ----- ----- ----- ------ ------ ------ ---- ------ ------
  1.0000  1.16  0.96  1.20  1.20 0.548 28.589 0.0000 28.589 0.33  0.124  0.492
  0.8538  1.30  1.10  1.28  1.28 0.468 28.605 0.0000 28.605 0.32  0.084  0.425
  0.7155  1.41  1.21  1.36  1.36 0.392 28.617 0.0000 28.617 0.31  0.066  0.359
  0.5857  1.51  1.31  1.43  1.43 0.321 27.770 0.0000 27.770 0.30  0.051  0.297
  0.4648  1.60  1.40  1.50  1.50 0.255 26.607 0.0000 26.607 0.30  0.040  0.239
  0.3536  1.69  1.49  1.56  1.56 0.194 24.786 0.0000 24.786 0.30  0.030  0.184
  0.2530  1.76  1.56  1.61  1.61 0.139 22.264 0.0000 22.264 0.30  0.022  0.134
  0.1643  1.83  1.63  1.66  1.66 0.090 18.931 0.0000 18.931 0.30  0.015  0.088
  0.0894  1.88  1.68  1.70  1.70 0.049 14.616 0.0000 14.616 0.30  0.008  0.049
  0.0316  1.93  1.73  1.73  1.73 0.017 8.9980 0.0000 8.9980 0.30  0.003  0.017
 ------------------------------------------------------------------------------
 Note: Barrel flows full at section 3 when depth there=   3.587

 Testing for flow type 0 at upstream head =   2.000

 Type 0 flow drowned by control at section 2.

 Flows for water levels at section 43.
    Road flow submergence at section 43.

 Upstream head=   2.0000 Elevation=  678.1000

  Head at Depth at Head at Depth at Drop    Flow Flow    Flow   
  section section  section section  section type through over   
    2       2       3 & 43    3     1 to 43      barrel  roadway 
  ------- -------- ------- -------- ------- ----  ------ -------
    1.752    1.752   1.112    1.312  0.8876    2 35.8754 0.00000
    1.752    1.752   1.242    1.442  0.7579    3 35.8754 0.00000
    1.756    1.756   1.365    1.565  0.6351    3 35.6936 0.00000
    1.775    1.775   1.480    1.680  0.5199    3 34.7804 0.00000
    1.800    1.800   1.587    1.787  0.4125    3 33.4075 0.00000
    1.835    1.835   1.686    1.886  0.3138    3 31.1514 0.00000
    1.875    1.875   1.775    1.975  0.2246    3 27.9235 0.00000
    1.915    1.915   1.854    2.054  0.1459    3 23.6657 0.00000
    1.952    1.952   1.921    2.121  0.0794    3 18.2056 0.00000
    1.983    1.983   1.972    2.172  0.0281    3 11.1698 0.00000
    2.000    2.000   2.000    2.200  0.0000    3 0.00000 0.00000
 ----------------------------------------------------------------
   Notes: Barrel flows full at section 3 when depth there=   3.587
          Barrel flows full at section 2 when depth there=>   3.587

 Fit of flow through barrel versus square root of drop is a piecewise
 cubic Hermite polynomial.  Cubic spline fit was not variation
 limited at the following drop values:
         0.8876
         0.7579

 Flows for water levels at section 4.
    Road submergence at section 43.

 Upstream Head=   2.0000  Free Drop=   0.5989

 Partial Depth Head  Head  Head  Drop  Flow   Flow   Total  Loss Energy Energy
 free    at    at    at    at    sec   in     over   flow   coef loss   loss  
 drop    sec 3 sec 3 sec44 sec 4 1->4  barrel road          3->4 3->4   1->4  
 ------- ----- ----- ----- ----- ----- ------ ------ ------ ---- ------ ------
  1.0000  1.31  1.11  1.40  1.40 0.599 35.875 0.0000 35.875 0.33  0.141  0.533
  0.8538  1.47  1.27  1.49  1.49 0.511 35.871 0.0000 35.871 0.31  0.098  0.460
  0.7155  1.60  1.40  1.57  1.57 0.429 35.487 0.0000 35.487 0.31  0.076  0.390
  0.5857  1.71  1.51  1.65  1.65 0.351 34.420 0.0000 34.420 0.31  0.060  0.323
  0.4648  1.81  1.61  1.72  1.72 0.278 32.931 0.0000 32.931 0.31  0.048  0.260
  0.3536  1.91  1.71  1.79  1.79 0.212 30.570 0.0000 30.570 0.31  0.037  0.201
  0.2530  1.99  1.79  1.85  1.85 0.152 27.319 0.0000 27.319 0.31  0.027  0.146
  0.1643  2.06  1.86  1.90  1.90 0.098 23.116 0.0000 23.116 0.31  0.018  0.096
  0.0894  2.12  1.92  1.95  1.95 0.054 17.772 0.0000 17.772 0.31  0.010  0.053
  0.0316  2.17  1.97  1.98  1.98 0.019 10.914 0.0000 10.914 0.31  0.004  0.019
 ------------------------------------------------------------------------------
 Note: Barrel flows full at section 3 when depth there=   3.587

 Testing for flow type 0 at upstream head =   2.500

 Type 0 flow drowned by control at section 2.

 Flows for water levels at section 43.
    Road flow submergence at section 43.

 Upstream head=   2.5000 Elevation=  678.6000

  Head at Depth at Head at Depth at Drop    Flow Flow    Flow   
  section section  section section  section type through over   
    2       2       3 & 43    3     1 to 43      barrel  roadway 
  ------- -------- ------- -------- ------- ----  ------ -------
    2.199    2.199   1.387    1.587  1.1127    2 50.1692 0.00000
    2.206    2.206   1.550    1.750  0.9500    3 49.7522 0.00000
    2.200    2.200   1.704    1.904  0.7962    3 50.1090 0.00000
    2.216    2.216   1.848    2.048  0.6517    3 49.1435 0.00000
    2.253    2.253   1.983    2.183  0.5171    3 46.7831 0.00000
    2.297    2.297   2.107    2.307  0.3934    3 43.3860 0.00000
    2.347    2.347   2.219    2.418  0.2815    3 38.7152 0.00000
    2.396    2.396   2.317    2.517  0.1828    3 32.6586 0.00000
    2.442    2.442   2.400    2.600  0.0995    3 25.0004 0.00000
    2.479    2.479   2.465    2.665  0.0352    3 15.2678 0.00000
    2.500    2.500   2.500    2.700  0.0000    3 0.00000 0.00000
 ----------------------------------------------------------------
   Notes: Barrel flows full at section 3 when depth there=   3.587
          Barrel flows full at section 2 when depth there=>   3.587

 Fit of flow through barrel versus square root of drop is a piecewise
 cubic Hermite polynomial.  Cubic spline fit was not variation
 limited at the following drop values:
         0.9500
         0.7962

 Flows for water levels at section 4.
    Road submergence at section 43.

 Upstream Head=   2.5000  Free Drop=   0.7456

 Partial Depth Head  Head  Head  Drop  Flow   Flow   Total  Loss Energy Energy
 free    at    at    at    at    sec   in     over   flow   coef loss   loss  
 drop    sec 3 sec 3 sec44 sec 4 1->4  barrel road          3->4 3->4   1->4  
 ------- ----- ----- ----- ----- ----- ------ ------ ------ ---- ------ ------
  1.0000  1.59  1.39  1.75  1.75 0.746 50.169 0.0000 50.169 0.33  0.181  0.659
  0.8538  1.80  1.60  1.86  1.86 0.637 49.827 0.0000 49.827 0.32  0.126  0.570
  0.7155  1.94  1.74  1.97  1.97 0.534 50.034 0.0000 50.034 0.32  0.106  0.482
  0.5857  2.08  1.88  2.06  2.06 0.437 48.657 0.0000 48.657 0.32  0.086  0.400
  0.4648  2.21  2.01  2.15  2.15 0.347 46.092 0.0000 46.092 0.33  0.069  0.323
  0.3536  2.33  2.13  2.24  2.24 0.264 42.604 0.0000 42.604 0.34  0.054  0.250
  0.2530  2.43  2.23  2.31  2.31 0.189 37.904 0.0000 37.904 0.34  0.040  0.182
  0.1643  2.53  2.33  2.38  2.38 0.123 31.918 0.0000 31.918 0.35  0.027  0.120
  0.0894  2.61  2.41  2.43  2.43 0.067 24.409 0.0000 24.409 0.36  0.015  0.066
  0.0316  2.67  2.47  2.48  2.48 0.024 14.914 0.0000 14.914 0.36  0.006  0.024
 ------------------------------------------------------------------------------
 Note: Barrel flows full at section 3 when depth there=   3.587

 Testing for flow type 0 at upstream head =   3.000

 Type 0 flow drowned by control at section 2.

 Flows for water levels at section 43.
    Road flow submergence at section 43.

 Upstream head=   3.0000 Elevation=  679.1000

  Head at Depth at Head at Depth at Drop    Flow Flow    Flow   
  section section  section section  section type through over   
    2       2       3 & 43    3     1 to 43      barrel  roadway 
  ------- -------- ------- -------- ------- ----  ------ -------
    2.640    2.640   1.635    1.835  1.3647    2 64.6874 0.00000
    2.649    2.649   1.835    2.035  1.1652    3 64.1120 0.00000
    2.645    2.645   2.023    2.223  0.9765    3 64.3265 0.00000
    2.665    2.665   2.201    2.401  0.7993    3 63.0051 0.00000
    2.706    2.706   2.366    2.566  0.6343    3 59.9478 0.00000
    2.760    2.760   2.517    2.717  0.4825    3 55.3078 0.00000
    2.819    2.819   2.655    2.855  0.3453    3 49.0484 0.00000
    2.878    2.878   2.776    2.976  0.2242    3 40.9902 0.00000
    2.932    2.932   2.878    3.078  0.1221    3 31.1032 0.00000
    2.976    2.976   2.957    3.157  0.0432    3 18.8568 0.00000
    3.000    3.000   3.000    3.200  0.0000    3 0.00000 0.00000
 ----------------------------------------------------------------
   Notes: Barrel flows full at section 3 when depth there=   3.587
          Barrel flows full at section 2 when depth there=>   3.587

 Fit of flow through barrel versus square root of drop is a piecewise
 cubic Hermite polynomial.  Cubic spline fit was not variation
 limited at the following drop values:
         1.1652
         0.9765

 Flows for water levels at section 4.
    Road submergence at section 43.

 Upstream Head=   3.0000  Free Drop=   0.9201

 Partial Depth Head  Head  Head  Drop  Flow   Flow   Total  Loss Energy Energy
 free    at    at    at    at    sec   in     over   flow   coef loss   loss  
 drop    sec 3 sec 3 sec44 sec 4 1->4  barrel road          3->4 3->4   1->4  
 ------- ----- ----- ----- ----- ----- ------ ------ ------ ---- ------ ------
  1.0000  1.84  1.64  2.08  2.08 0.920 64.687 0.0000 64.687 0.34  0.229  0.815
  0.8538  2.09  1.89  2.21  2.21 0.786 64.159 0.0000 64.159 0.34  0.164  0.707
  0.7155  2.27  2.07  2.34  2.34 0.658 64.199 0.0000 64.199 0.35  0.141  0.600
  0.5857  2.45  2.25  2.46  2.46 0.539 62.337 0.0000 62.337 0.36  0.119  0.499
  0.4648  2.60  2.40  2.57  2.57 0.428 58.962 0.0000 58.962 0.37  0.098  0.403
  0.3536  2.75  2.55  2.67  2.67 0.325 54.148 0.0000 54.148 0.38  0.078  0.312
  0.2530  2.88  2.68  2.77  2.77 0.233 47.816 0.0000 47.816 0.39  0.059  0.227
  0.1643  2.99  2.79  2.85  2.85 0.151 39.806 0.0000 39.806 0.41  0.040  0.150
  0.0894  3.09  2.89  2.92  2.92 0.082 30.127 0.0000 30.127 0.42  0.023  0.083
  0.0316  3.16  2.96  2.97  2.97 0.029 18.249 0.0000 18.249 0.42  0.008  0.030
 ------------------------------------------------------------------------------
 Note: Barrel flows full at section 3 when depth there=   3.587

 Testing for flow type 0 at upstream head =   3.300

 Type 0 flow drowned by control at section 2.

 Flows for water levels at section 43.
    Road flow submergence at section 43.

 Upstream head=   3.3000 Elevation=  679.4000

  Head at Depth at Head at Depth at Drop    Flow Flow    Flow   
  section section  section section  section type through over   
    2       2       3 & 43    3     1 to 43      barrel  roadway 
  ------- -------- ------- -------- ------- ----  ------ -------
    2.901    2.901   1.770    1.970  1.5301    2 73.1450 0.00000
    2.912    2.912   1.994    2.194  1.3064    3 72.4183 0.00000
    2.908    2.908   2.205    2.405  1.0948    3 72.7014 0.00000
    2.931    2.931   2.404    2.604  0.8961    3 71.0216 0.00000
    2.976    2.976   2.589    2.789  0.7111    3 67.4138 0.00000
    3.037    3.037   2.759    2.959  0.5410    3 61.8558 0.00000
    3.103    3.103   2.913    3.113  0.3871    3 54.4979 0.00000
    3.169    3.169   3.049    3.249  0.2514    3 45.1573 0.00000
    3.228    3.228   3.163    3.363  0.1369    3 33.9809 0.00000
    3.274    3.274   3.252    3.452  0.0484    3 20.4075 0.00000
    3.300    3.300   3.300    3.500  0.0000    3 0.00000 0.00000
 ----------------------------------------------------------------
   Notes: Barrel flows full at section 3 when depth there=   3.587
          Barrel flows full at section 2 when depth there=>   3.587

 Fit of flow through barrel versus square root of drop is a piecewise
 cubic Hermite polynomial.  Cubic spline fit was not variation
 limited at the following drop values:
         1.3064
         1.0948

 Flows for water levels at section 4.
    Road submergence at section 43.

 Upstream Head=   3.3000  Free Drop=   1.0406

 Partial Depth Head  Head  Head  Drop  Flow   Flow   Total  Loss Energy Energy
 free    at    at    at    at    sec   in     over   flow   coef loss   loss  
 drop    sec 3 sec 3 sec44 sec 4 1->4  barrel road          3->4 3->4   1->4  
 ------- ----- ----- ----- ----- ----- ------ ------ ------ ---- ------ ------
  1.0000  1.97  1.77  2.26  2.26 1.041 73.145 0.0000 73.145 0.35  0.262  0.927
  0.8538  2.26  2.06  2.41  2.41 0.888 72.484 0.0000 72.484 0.35  0.191  0.805
  0.7155  2.47  2.27  2.56  2.56 0.745 72.518 0.0000 72.518 0.37  0.167  0.684
  0.5857  2.66  2.46  2.69  2.69 0.609 70.164 0.0000 70.164 0.38  0.142  0.569
  0.4648  2.83  2.63  2.82  2.82 0.484 66.146 0.0000 66.146 0.40  0.119  0.460
  0.3536  3.00  2.80  2.93  2.93 0.368 60.324 0.0000 60.324 0.41  0.095  0.356
  0.2530  3.14  2.94  3.04  3.04 0.263 52.841 0.0000 52.841 0.43  0.072  0.259
  0.1643  3.27  3.07  3.13  3.13 0.171 43.534 0.0000 43.534 0.44  0.049  0.171
  0.0894  3.37  3.17  3.21  3.21 0.093 32.630 0.0000 32.630 0.46  0.027  0.094
  0.0316  3.46  3.26  3.27  3.27 0.033 19.550 0.0000 19.550 0.46  0.010  0.034
 ------------------------------------------------------------------------------
 Note: Barrel flows full at section 3 when depth there=   3.587

 Testing for flow type 0 at upstream head =   3.500

 Type 0 flow drowned by control at section 2.

 Flows for water levels at section 43.
    Road flow submergence at section 43.

 Upstream head=   3.5000 Elevation=  679.6000

  Head at Depth at Head at Depth at Drop    Flow Flow    Flow   
  section section  section section  section type through over   
    2       2       3 & 43    3     1 to 43      barrel  roadway 
  ------- -------- ------- -------- ------- ----  ------ -------
    3.078    3.078   1.855    2.055  1.6448    2 78.7201 2.63638
    3.089    3.089   2.096    2.296  1.4044    3 77.8852 2.63638
    3.085    3.085   2.323    2.523  1.1770    3 78.2158 2.63638
    3.110    3.110   2.537    2.737  0.9633    3 76.3117 2.63638
    3.159    3.159   2.736    2.935  0.7645    3 72.2205 2.63638
    3.224    3.224   2.918    3.118  0.5815    3 65.9928 2.63638
    3.295    3.295   3.084    3.284  0.4161    3 57.7523 2.63638
    3.365    3.365   3.230    3.430  0.2703    3 47.5080 2.63638
    3.427    3.427   3.353    3.553  0.1471    3 35.3720 2.63638
    3.475    3.475   3.448    3.587  0.0520   31 20.9877 2.63190
    3.500    3.500   3.500    3.587  0.0000   31 0.00000 0.00000
 ----------------------------------------------------------------
   Notes: Barrel flows full at section 3 when depth there=   3.587
          Barrel flows full at section 2 when depth there=>   3.587

 Fit of flow through barrel versus square root of drop is a piecewise
 cubic Hermite polynomial.  Cubic spline fit was not variation
 limited at the following drop values:
         1.4044
         1.1770

 Flows for water levels at section 4.
    Road submergence at section 43.

 Upstream Head=   3.5000  Free Drop=   1.1480

 Partial Depth Head  Head  Head  Drop  Flow   Flow   Total  Loss Energy Energy
 free    at    at    at    at    sec   in     over   flow   coef loss   loss  
 drop    sec 3 sec 3 sec44 sec 4 1->4  barrel road          3->4 3->4   1->4  
 ------- ----- ----- ----- ----- ----- ------ ------ ------ ---- ------ ------
  1.0000  2.06  1.86  2.35  2.35 1.148 78.720 2.6364 81.357 ---- ------  1.016
  0.8538  2.37  2.17  2.52  2.52 0.980 77.959 2.6364 80.596 ---- ------  0.885
  0.7155  2.59  2.39  2.68  2.68 0.821 78.022 2.6364 80.659 ---- ------  0.753
  0.5857  2.79  2.59  2.83  2.83 0.672 75.380 2.6364 78.017 ---- ------  0.628
  0.4648  2.98  2.78  2.97  2.97 0.534 70.852 2.6364 73.488 ---- ------  0.508
  0.3536  3.16  2.96  3.09  3.09 0.406 64.308 2.6364 66.945 ---- ------  0.394
  0.2530  3.31  3.11  3.21  3.21 0.290 55.943 2.6364 58.580 ---- ------  0.287
  0.1643  3.45  3.25  3.31  3.31 0.189 45.781 2.6364 48.417 ---- ------  0.189
  0.0894  3.56  3.36  3.40  3.40 0.103 34.034 2.6364 36.671 ---- ------  0.104
  0.0316  3.59  3.45  3.46  3.46 0.036 20.301 2.6275 22.929 ---- ------  0.037
 ------------------------------------------------------------------------------
 Note: Barrel flows full at section 3 when depth there=   3.587

 Testing for flow type 0 at upstream head =   4.000

 Type 0 flow drowned by control at section 2.

 Flows for water levels at section 43.
    Road flow submergence at section 43.

 Upstream head=   4.0000 Elevation=  680.1000

  Head at Depth at Head at Depth at Drop    Flow Flow    Flow   
  section section  section section  section type through over   
    2       2       3 & 43    3     1 to 43      barrel  roadway 
  ------- -------- ------- -------- ------- ----  ------ -------
    3.512    3.512   2.047    2.247  1.9526    2 92.0046 19.9850
    3.526    3.526   2.333    2.533  1.6672    3 90.8372 19.9850
    3.521    3.521   2.603    2.803  1.3972    3 91.2312 19.9850
    3.553    3.553   2.856    3.056  1.1436    3 88.4521 19.9850
    3.614    3.614   3.093    3.292  0.9075   41 82.4250 19.9850
    3.698    3.698   3.310    3.510  0.6903   41 73.3223 19.9850
    3.327    3.587   3.506    3.587  0.4940    4 58.4964 19.9850
    3.568    3.587   3.679    3.587  0.3208    4 47.1487 19.9850
    3.770    3.587   3.825    3.587  0.1746    4 34.7929 19.9155
    3.922    3.587   3.938    3.587  0.0617    4 20.6963 17.1103
    4.000    3.587   4.000    3.587  0.0000    4 0.00000 0.00000
 ----------------------------------------------------------------
   Notes: Barrel flows full at section 3 when depth there=   3.587
          Barrel flows full at section 2 when depth there=>   3.587

 Fit of flow through barrel versus square root of drop is a piecewise
 cubic Hermite polynomial.  Cubic spline fit was not variation
 limited at the following drop values:
         1.6672
         1.3972

 Flows for water levels at section 4.
    Road submergence at section 43.

 Upstream Head=   4.0000  Free Drop=   1.4986

 Partial Depth Head  Head  Head  Drop  Flow   Flow   Total  Loss Energy Energy
 free    at    at    at    at    sec   in     over   flow   coef loss   loss  
 drop    sec 3 sec 3 sec44 sec 4 1->4  barrel road          3->4 3->4   1->4  
 ------- ----- ----- ----- ----- ----- ------ ------ ------ ---- ------ ------
  1.0000  2.25  2.05  2.50  2.50 1.499 92.005 19.985 111.99 ---- ------  1.262
  0.8538  2.59  2.39  2.72  2.72 1.280 90.880 19.985 110.86 ---- ------  1.116
  0.7155  2.84  2.64  2.93  2.93 1.072 91.160 19.985 111.15 ---- ------  0.960
  0.5857  3.08  2.88  3.12  3.12 0.878 87.907 19.985 107.89 ---- ------  0.808
  0.4648  3.31  3.11  3.30  3.30 0.696 81.816 19.985 101.80 ---- ------  0.659
  0.3536  3.52  3.32  3.47  3.47 0.530 72.430 19.985 92.415 ---- ------  0.514
  0.2530  3.59  3.52  3.62  3.62 0.379 57.267 19.985 77.252 ---- ------  0.377
  0.1643  3.59  3.68  3.75  3.75 0.246 47.106 19.985 67.091 ---- ------  0.249
  0.0894  3.59  3.82  3.87  3.87 0.134 35.374 19.933 55.307 ---- ------  0.138
  0.0316  3.59  3.93  3.95  3.95 0.047 21.952 17.684 39.636 ---- ------  0.051
 ------------------------------------------------------------------------------
 Note: Barrel flows full at section 3 when depth there=   3.587

 Testing for flow type 0 at upstream head =   4.500

 Type 0 flow drowned by control at section 2.

 Type 6 limits:
    Depth at section 1=   5.880
    Piezometric depth at section 3=   2.841

 Flows for water levels at section 43.
    Road flow submergence at section 43.

 Upstream head=   4.5000 Elevation=  680.6000

  Head at Depth at Head at Depth at Drop    Flow Flow    Flow   
  section section  section section  section type through over   
    2       2       3 & 43    3     1 to 43      barrel  roadway 
  ------- -------- ------- -------- ------- ----  ------ -------
    1.059    3.587   2.256    3.587  2.2441   62 106.793 48.1391
    1.637    3.587   2.584    3.587  1.9160   42 103.471 48.1391
    2.177    3.587   2.894    3.587  1.6057   42 98.7295 48.1391
    2.672    3.587   3.186    3.587  1.3143   42 92.6124 48.1391
    3.100    3.587   3.457    3.587  1.0430    4 84.4676 48.1391
    3.445    3.587   3.707    3.587  0.7934    4 73.6790 48.1391
    3.756    3.587   3.932    3.587  0.5677    4 62.3335 48.1391
    4.029    3.587   4.131    3.587  0.3687    4 50.2483 48.1391
    4.256    3.587   4.299    3.587  0.2007    4 37.0890 46.7718
    4.420    3.587   4.429    3.587  0.0710    4 22.0686 36.6641
    4.500    3.587   4.500    3.587  0.0000    4 0.00000 0.00000
 ----------------------------------------------------------------
   Notes: Barrel flows full at section 3 when depth there=   3.587
          Barrel flows full at section 2 when depth there=>   3.587

 Fit of flow through barrel versus square root of drop is a 
 variation-limited cubic spline.

 Flows for water levels at section 4.
    Road submergence at section 43.

 Upstream Head=   4.5000  Free Drop=   1.9905

 Partial Depth Head  Head  Head  Drop  Flow   Flow   Total  Loss Energy Energy
 free    at    at    at    at    sec   in     over   flow   coef loss   loss  
 drop    sec 3 sec 3 sec44 sec 4 1->4  barrel road          3->4 3->4   1->4  
 ------- ----- ----- ----- ----- ----- ------ ------ ------ ---- ------ ------
  1.0000  3.59  2.26  2.51  2.51 1.990 106.79 48.139 154.93 ---- ------  1.486
  0.8538  3.59  2.50  2.80  2.80 1.699 104.48 48.139 152.61 ---- ------  1.375
  0.7155  3.59  2.79  3.08  3.08 1.424 100.58 48.139 148.72 ---- ------  1.224
  0.5857  3.59  3.08  3.33  3.33 1.166 94.986 48.139 143.12 ---- ------  1.050
  0.4648  3.59  3.37  3.57  3.57 0.925 87.472 48.139 135.61 ---- ------  0.866
  0.3536  3.59  3.62  3.80  3.80 0.704 77.837 48.139 125.98 ---- ------  0.681
  0.2530  3.59  3.85  4.00  4.00 0.504 66.862 48.139 115.00 ---- ------  0.502
  0.1643  3.59  4.05  4.17  4.17 0.327 55.712 48.139 103.85 ---- ------  0.336
  0.0894  3.59  4.24  4.32  4.32 0.178 42.239 47.756 89.995 ---- ------  0.190
  0.0316  3.59  4.39  4.44  4.44 0.063 27.220 41.957 69.176 ---- ------  0.072
 ------------------------------------------------------------------------------
 Note: Barrel flows full at section 3 when depth there=   3.587

 Testing for flow type 0 at upstream head =   5.000

 Type 0 flow drowned by control at section 2.

 *WRN:536* No expansion of flow in departure reach.  Free flow becomes type 7.

 Flows for water levels at section 43.
    Road flow submergence at section 43.

 Upstream head=   5.0000 Elevation=  681.1000

  Head at Depth at Head at Depth at Drop    Flow Flow    Flow   
  section section  section section  section type through over   
    2       2       3 & 43    3     1 to 43      barrel  roadway 
  ------- -------- ------- -------- ------- ----  ------ -------
    1.375    3.587   2.475    3.587  2.5252   62 123.426 85.0509
    1.988    3.587   2.844    3.587  2.1560   42 116.890 85.0509
    2.553    3.587   3.193    3.587  1.8069   42 109.414 85.0509
    3.043    3.587   3.521    3.587  1.4789    4 100.178 85.0509
    3.464    3.587   3.826    3.587  1.1736    4 89.2498 85.0509
    3.850    3.587   4.107    3.587  0.8928    4 77.8549 85.0509
    4.197    3.587   4.361    3.587  0.6388    4 65.8725 85.0509
    4.501    3.587   4.585    3.587  0.4149    4 53.1097 84.7842
    4.750    3.587   4.774    3.587  0.2259    4 39.2111 80.4999
    4.922    3.587   4.920    3.587  0.0799    4 23.3388 60.9215
    5.000    3.587   5.000    3.587  0.0000    4 0.00000 0.00000
 ----------------------------------------------------------------
   Notes: Barrel flows full at section 3 when depth there=   3.587
          Barrel flows full at section 2 when depth there=>   3.587

 Fit of flow through barrel versus square root of drop is a 
 variation-limited cubic spline.

 *WRN:**** Flow Type 7 indicates that the downstream section
           of the departure reach drowns all other control points. This is
           non-standard but not unusual.  However, Type 7 flow requires
           several unverified assumptions. Please check results carefully.

 Flows for water levels at section 4.
    Road submergence at section 43.

 Upstream Head=   5.0000  Free Drop=   2.4631

 Partial Depth Head  Head  Head  Drop  Flow   Flow   Total  Loss Energy Energy
 free    at    at    at    at    sec   in     over   flow   coef loss   loss  
 drop    sec 3 sec 3 sec44 sec 4 1->4  barrel road          3->4 3->4   1->4  
 ------- ----- ----- ----- ----- ----- ------ ------ ------ ---- ------ ------
  1.0000  3.59  2.72  2.54  2.54 2.463 119.18 85.051 204.23 ---- ------  1.552
  0.8538  3.59  2.80  2.90  2.90 2.103 117.69 85.051 202.74 ---- ------  1.543
  0.7155  3.59  3.02  3.24  3.24 1.762 113.42 85.051 198.47 ---- ------  1.431
  0.5857  3.59  3.30  3.56  3.56 1.443 106.60 85.051 191.65 ---- ------  1.261
  0.4648  3.59  3.60  3.86  3.86 1.145 97.618 85.051 182.67 ---- ------  1.059
  0.3536  3.59  3.89  4.13  4.13 0.871 86.770 85.051 171.82 ---- ------  0.841
  0.2530  3.59  4.16  4.38  4.38 0.623 75.441 85.051 160.49 ---- ------  0.625
  0.1643  3.59  4.40  4.60  4.60 0.405 63.665 85.051 148.72 ---- ------  0.424
  0.0894  3.59  4.65  4.78  4.78 0.220 48.883 84.296 133.18 ---- ------  0.245
  0.0316  3.59  4.84  4.92  4.92 0.078 32.687 75.547 108.23 ---- ------  0.098
 ------------------------------------------------------------------------------
 Note: Barrel flows full at section 3 when depth there=   3.587

 Testing for flow type 0 at upstream head =   5.380

 Type 0 flow drowned by control at section 2.

 *WRN:536* No expansion of flow in departure reach.  Free flow becomes type 7.

 Flows for water levels at section 43.
    Road flow submergence at section 43.

 Upstream head=   5.3799 Elevation=  681.4799

  Head at Depth at Head at Depth at Drop    Flow Flow    Flow   
  section section  section section  section type through over   
    2       2       3 & 43    3     1 to 43      barrel  roadway 
  ------- -------- ------- -------- ------- ----  ------ -------
    1.724    3.587   2.641    3.587  2.7387    6 136.007 118.085
    2.277    3.587   3.042    3.587  2.3384   42 125.681 118.085
    2.800    3.587   3.420    3.587  1.9597    4 115.063 118.085
    3.290    3.587   3.776    3.587  1.6040    4 104.109 118.085
    3.745    3.587   4.107    3.587  1.2728    4 92.7545 118.085
    4.162    3.587   4.412    3.587  0.9683    4 80.9160 118.085
    4.537    3.587   4.687    3.587  0.6928    4 68.4677 118.085
    4.865    3.587   4.930    3.587  0.4500    4 55.2092 117.315
    5.129    3.587   5.135    3.587  0.2450    4 40.7699 110.472
    5.306    3.587   5.293    3.587  0.0866    4 24.2733 82.5636
    5.380    3.587   5.380    3.587  0.0000    4 0.00000 0.00000
 ----------------------------------------------------------------
   Notes: Barrel flows full at section 3 when depth there=   3.587
          Barrel flows full at section 2 when depth there=>   3.587

 Fit of flow through barrel versus square root of drop is a 
 variation-limited cubic spline.

 *WRN:**** Flow Type 7 indicates that the downstream section
           of the departure reach drowns all other control points. This is
           non-standard but not unusual.  However, Type 7 flow requires
           several unverified assumptions. Please check results carefully.

 Flows for water levels at section 4.
    Road submergence at section 43.

 Upstream Head=   5.3799  Free Drop=   2.5500

 Partial Depth Head  Head  Head  Drop  Flow   Flow   Total  Loss Energy Energy
 free    at    at    at    at    sec   in     over   flow   coef loss   loss  
 drop    sec 3 sec 3 sec44 sec 4 1->4  barrel road          3->4 3->4   1->4  
 ------- ----- ----- ----- ----- ----- ------ ------ ------ ---- ------ ------
  1.0000  3.59  3.06  2.83  2.83 2.550 125.24 118.08 243.33 ---- ------  1.615
  0.8538  3.59  3.13  3.20  3.20 2.177 123.27 118.08 241.35 ---- ------  1.610
  0.7155  3.59  3.33  3.56  3.56 1.825 117.79 118.08 235.87 ---- ------  1.499
  0.5857  3.59  3.60  3.89  3.89 1.493 109.79 118.08 227.87 ---- ------  1.324
  0.4648  3.59  3.90  4.19  4.19 1.185 100.11 118.08 218.20 ---- ------  1.110
  0.3536  3.59  4.19  4.48  4.48 0.902 89.562 118.08 207.65 ---- ------  0.884
  0.2530  3.59  4.47  4.73  4.73 0.645 78.442 118.08 196.53 ---- ------  0.660
  0.1643  3.59  4.72  4.96  4.96 0.419 66.997 118.08 185.08 ---- ------  0.452
  0.0894  3.59  4.98  5.15  5.15 0.228 51.728 116.65 168.38 ---- ------  0.266
  0.0316  3.59  5.19  5.30  5.30 0.081 35.698 105.39 141.08 ---- ------  0.113
 ------------------------------------------------------------------------------
 Note: Barrel flows full at section 3 when depth there=   3.587

 Testing for flow type 0 at upstream head =   5.500

 Type 0 flow drowned by control at section 2.

 *WRN:536* No expansion of flow in departure reach.  Free flow becomes type 7.

 Flows for water levels at section 43.
    Road flow submergence at section 43.

 Upstream head=   5.5000 Elevation=  681.6000

  Head at Depth at Head at Depth at Drop    Flow Flow    Flow   
  section section  section section  section type through over   
    2       2       3 & 43    3     1 to 43      barrel  roadway 
  ------- -------- ------- -------- ------- ----  ------ -------
    1.658    3.587   2.616    3.587  2.8835    6 139.476 129.443
    2.241    3.587   3.038    3.587  2.4620   42 128.887 129.443
    2.791    3.587   3.437    3.587  2.0633    4 117.999 129.443
    3.307    3.587   3.811    3.587  1.6888    4 106.765 129.443
    3.786    3.587   4.160    3.587  1.3401    4 95.1221 129.443
    4.225    3.587   4.481    3.587  1.0195    4 82.9823 129.443
    4.619    3.587   4.771    3.587  0.7295    4 70.2174 129.443
    4.964    3.587   5.026    3.587  0.4738    4 56.6219 128.607
    5.242    3.587   5.242    3.587  0.2579    4 41.8157 121.202
    5.426    3.587   5.409    3.587  0.0912    4 24.8991 91.0738
    5.500    3.587   5.500    3.587  0.0000    4 0.00000 0.00000
 ----------------------------------------------------------------
   Notes: Barrel flows full at section 3 when depth there=   3.587
          Barrel flows full at section 2 when depth there=>   3.587

 Fit of flow through barrel versus square root of drop is a 
 variation-limited cubic spline.

 *WRN:**** Flow Type 7 indicates that the downstream section
           of the departure reach drowns all other control points. This is
           non-standard but not unusual.  However, Type 7 flow requires
           several unverified assumptions. Please check results carefully.

 Flows for water levels at section 4.
    Road submergence at section 43.

 Upstream Head=   5.5000  Free Drop=   2.5853

 Partial Depth Head  Head  Head  Drop  Flow   Flow   Total  Loss Energy Energy
 free    at    at    at    at    sec   in     over   flow   coef loss   loss  
 drop    sec 3 sec 3 sec44 sec 4 1->4  barrel road          3->4 3->4   1->4  
 ------- ----- ----- ----- ----- ----- ------ ------ ------ ---- ------ ------
  1.0000  3.59  3.14  2.91  2.91 2.585 126.31 129.44 255.76 ---- ------  1.642
  0.8538  3.59  3.21  3.29  3.29 2.207 124.33 129.44 253.77 ---- ------  1.638
  0.7155  3.59  3.41  3.65  3.65 1.850 118.81 129.44 248.26 ---- ------  1.525
  0.5857  3.59  3.68  3.99  3.99 1.514 110.79 129.44 240.24 ---- ------  1.348
  0.4648  3.59  3.98  4.30  4.30 1.202 101.13 129.44 230.58 ---- ------  1.130
  0.3536  3.59  4.28  4.59  4.59 0.914 90.598 129.44 220.04 ---- ------  0.900
  0.2530  3.59  4.56  4.85  4.85 0.654 79.513 129.44 208.96 ---- ------  0.673
  0.1643  3.59  4.81  5.08  5.08 0.425 68.152 129.44 197.59 ---- ------  0.462
  0.0894  3.59  5.09  5.27  5.27 0.231 52.734 127.80 180.53 ---- ------  0.274
  0.0316  3.59  5.30  5.42  5.42 0.082 36.765 115.97 152.74 ---- ------  0.118
 ------------------------------------------------------------------------------
 Note: Barrel flows full at section 3 when depth there=   3.587

 Testing for flow type 0 at upstream head =   6.000

 Type 0 flow drowned by control at section 2.

 *WRN:536* No expansion of flow in departure reach.  Free flow becomes type 7.

 Flows for water levels at section 43.
    Road flow submergence at section 43.

 Upstream head=   6.0000 Elevation=  682.1000

  Head at Depth at Head at Depth at Drop    Flow Flow    Flow   
  section section  section section  section type through over   
    2       2       3 & 43    3     1 to 43      barrel  roadway 
  ------- -------- ------- -------- ------- ----  ------ -------
    1.378    3.587   2.506    3.587  3.4936    6 153.225 180.570
    2.083    3.587   3.017    3.587  2.9829   42 141.593 180.570
    2.749    3.587   3.500    3.587  2.4998    4 129.634 180.570
    3.374    3.587   3.954    3.587  2.0460    4 117.295 180.570
    3.953    3.587   4.376    3.587  1.6237    4 104.506 180.570
    4.485    3.587   4.765    3.587  1.2352    4 91.1726 180.570
    4.962    3.587   5.116    3.587  0.8838    4 77.1531 180.570
    5.379    3.587   5.426    3.587  0.5741    4 62.2226 179.493
    5.713    3.587   5.688    3.587  0.3125    4 45.9634 169.789
    5.927    3.587   5.890    3.587  0.1105    4 27.3843 130.284
    6.000    3.587   6.000    3.587  0.0000    4 0.00000 0.00000
 ----------------------------------------------------------------
   Notes: Barrel flows full at section 3 when depth there=   3.587
          Barrel flows full at section 2 when depth there=>   3.587

 Fit of flow through barrel versus square root of drop is a 
 variation-limited cubic spline.

 *WRN:**** Flow Type 7 indicates that the downstream section
           of the departure reach drowns all other control points. This is
           non-standard but not unusual.  However, Type 7 flow requires
           several unverified assumptions. Please check results carefully.

 Flows for water levels at section 4.
    Road submergence at section 43.

 Upstream Head=   6.0000  Free Drop=   2.7346

 Partial Depth Head  Head  Head  Drop  Flow   Flow   Total  Loss Energy Energy
 free    at    at    at    at    sec   in     over   flow   coef loss   loss  
 drop    sec 3 sec 3 sec44 sec 4 1->4  barrel road          3->4 3->4   1->4  
 ------- ----- ----- ----- ----- ----- ------ ------ ------ ---- ------ ------
  1.0000  3.59  3.44  3.27  3.27 2.735 131.21 180.57 311.78 ---- ------  1.765
  0.8538  3.59  3.52  3.67  3.67 2.335 129.11 180.57 309.68 ---- ------  1.764
  0.7155  3.59  3.73  4.04  4.04 1.957 123.45 180.57 304.02 ---- ------  1.645
  0.5857  3.59  4.03  4.40  4.40 1.602 115.20 180.57 295.77 ---- ------  1.448
  0.4648  3.59  4.34  4.73  4.73 1.271 105.54 180.57 286.11 ---- ------  1.216
  0.3536  3.59  4.66  5.03  5.03 0.967 95.056 180.57 275.63 ---- ------  0.972
  0.2530  3.59  4.95  5.31  5.31 0.692 84.112 180.57 264.68 ---- ------  0.733
  0.1643  3.59  5.21  5.55  5.55 0.449 72.981 180.57 253.55 ---- ------  0.511
  0.0894  3.59  5.52  5.76  5.76 0.245 56.992 178.12 235.11 ---- ------  0.312
  0.0316  3.59  5.75  5.91  5.91 0.086 41.277 164.40 205.67 ---- ------  0.145
 ------------------------------------------------------------------------------
 Note: Barrel flows full at section 3 when depth there=   3.587

 *WRN:553* (Piezometric head)/(weir height)=    4.34 > 4.  Weir
          flow may be INVALID.

 Testing for flow type 0 at upstream head =   6.500

 Type 0 flow drowned by control at section 2.

 *WRN:536* No expansion of flow in departure reach.  Free flow becomes type 7.

 Flows for water levels at section 43.
    Road flow submergence at section 43.

 Upstream head=   6.5000 Elevation=  682.6000

  Head at Depth at Head at Depth at Drop    Flow Flow    Flow   
  section section  section section  section type through over   
    2       2       3 & 43    3     1 to 43      barrel  roadway 
  ------- -------- ------- -------- ------- ----  ------ -------
    1.082    3.587   2.396    3.587  4.1039    6 165.831 229.520
    1.912    3.587   2.996    3.587  3.5040   42 153.243 229.520
    2.695    3.587   3.564    3.587  2.9365    4 140.301 229.520
    3.429    3.587   4.097    3.587  2.4035    4 126.947 229.520
    4.110    3.587   4.593    3.587  1.9073    4 113.108 229.520
    4.734    3.587   5.049    3.587  1.4509    4 98.6790 229.520
    5.296    3.587   5.462    3.587  1.0382    4 83.5082 229.520
    5.786    3.587   5.826    3.587  0.6743    4 67.3524 228.204
    6.178    3.587   6.133    3.587  0.3671    4 49.7598 216.290
    6.426    3.587   6.370    3.587  0.1298    4 29.6571 168.131
    6.500    3.587   6.500    3.587  0.0000    4 0.00000 0.00000
 ----------------------------------------------------------------
   Notes: Barrel flows full at section 3 when depth there=   3.587
          Barrel flows full at section 2 when depth there=>   3.587

 Fit of flow through barrel versus square root of drop is a 
 variation-limited cubic spline.

 *WRN:**** Flow Type 7 indicates that the downstream section
           of the departure reach drowns all other control points. This is
           non-standard but not unusual.  However, Type 7 flow requires
           several unverified assumptions. Please check results carefully.

 Flows for water levels at section 4.
    Road submergence at section 43.

 Upstream Head=   6.5000  Free Drop=   2.9324

 Partial Depth Head  Head  Head  Drop  Flow   Flow   Total  Loss Energy Energy
 free    at    at    at    at    sec   in     over   flow   coef loss   loss  
 drop    sec 3 sec 3 sec44 sec 4 1->4  barrel road          3->4 3->4   1->4  
 ------- ----- ----- ----- ----- ----- ------ ------ ------ ---- ------ ------
  1.0000  3.59  3.68  3.57  3.57 2.932 137.52 229.52 367.04 ---- ------  1.937
  0.8538  3.59  3.77  4.00  4.00 2.504 135.28 229.52 364.80 ---- ------  1.940
  0.7155  3.59  4.02  4.40  4.40 2.098 129.06 229.52 358.58 ---- ------  1.797
  0.5857  3.59  4.34  4.78  4.78 1.717 120.46 229.52 349.98 ---- ------  1.579
  0.4648  3.59  4.68  5.14  5.14 1.363 110.54 229.52 340.06 ---- ------  1.325
  0.3536  3.59  5.01  5.46  5.46 1.037 99.853 229.52 329.37 ---- ------  1.061
  0.2530  3.59  5.33  5.76  5.76 0.742 88.769 229.52 318.29 ---- ------  0.804
  0.1643  3.59  5.60  6.02  6.02 0.482 77.574 229.52 307.09 ---- ------  0.566
  0.0894  3.59  5.96  6.24  6.24 0.262 60.098 225.66 285.76 ---- ------  0.352
  0.0316  3.59  6.21  6.41  6.41 0.093 44.142 208.89 253.03 ---- ------  0.171
 ------------------------------------------------------------------------------
 Note: Barrel flows full at section 3 when depth there=   3.587

 *WRN:553* (Piezometric head)/(weir height)=    5.03 > 4.  Weir
          flow may be INVALID.

 Testing for flow type 0 at upstream head =   7.000

 Type 0 flow drowned by control at section 2.

 *WRN:536* No expansion of flow in departure reach.  Free flow becomes type 7.

 Flows for water levels at section 43.
    Road flow submergence at section 43.

 Upstream head=   7.0000 Elevation=  683.1000

  Head at Depth at Head at Depth at Drop    Flow Flow    Flow   
  section section  section section  section type through over   
    2       2       3 & 43    3     1 to 43      barrel  roadway 
  ------- -------- ------- -------- ------- ----  ------ -------
    0.820    3.587   2.295    3.587  4.7050    6 177.375 291.570
    1.771    3.587   2.983    3.587  4.0172   42 163.913 291.570
    2.669    3.587   3.633    3.587  3.3666    4 150.071 291.570
    3.510    3.587   4.244    3.587  2.7555    4 135.790 291.570
    4.291    3.587   4.813    3.587  2.1867    4 120.989 291.570
    5.007    3.587   5.337    3.587  1.6635    4 105.558 291.570
    5.652    3.587   5.810    3.587  1.1903    4 89.3353 291.570
    6.213    3.587   6.227    3.587  0.7731    4 72.0602 290.064
    6.660    3.587   6.579    3.587  0.4208    4 53.2502 275.825
    6.940    3.587   6.851    3.587  0.1488    4 31.7602 219.824
    7.000    3.587   7.000    3.587  0.0000    4 0.00000 0.00000
 ----------------------------------------------------------------
   Notes: Barrel flows full at section 3 when depth there=   3.587
          Barrel flows full at section 2 when depth there=>   3.587

 Fit of flow through barrel versus square root of drop is a 
 variation-limited cubic spline.

 *WRN:**** Flow Type 7 indicates that the downstream section
           of the departure reach drowns all other control points. This is
           non-standard but not unusual.  However, Type 7 flow requires
           several unverified assumptions. Please check results carefully.

 Flows for water levels at section 4.
    Road submergence at section 43.

 Upstream Head=   7.0000  Free Drop=   3.1199

 Partial Depth Head  Head  Head  Drop  Flow   Flow   Total  Loss Energy Energy
 free    at    at    at    at    sec   in     over   flow   coef loss   loss  
 drop    sec 3 sec 3 sec44 sec 4 1->4  barrel road          3->4 3->4   1->4  
 ------- ----- ----- ----- ----- ----- ------ ------ ------ ---- ------ ------
  1.0000  3.59  3.93  3.88  3.88 3.120 143.30 291.57 434.87 ---- ------  2.097
  0.8538  3.59  4.04  4.34  4.34 2.664 140.73 291.57 432.30 ---- ------  2.091
  0.7155  3.59  4.30  4.77  4.77 2.232 134.32 291.57 425.89 ---- ------  1.936
  0.5857  3.59  4.64  5.17  5.17 1.827 125.57 291.57 417.15 ---- ------  1.702
  0.4648  3.59  5.01  5.55  5.55 1.450 115.53 291.57 407.10 ---- ------  1.431
  0.3536  3.59  5.36  5.90  5.90 1.103 104.78 291.57 396.35 ---- ------  1.152
  0.2530  3.59  5.69  6.21  6.21 0.789 93.671 291.57 385.24 ---- ------  0.880
  0.1643  3.59  5.99  6.49  6.49 0.513 82.379 291.57 373.95 ---- ------  0.628
  0.0894  3.59  6.38  6.72  6.72 0.279 64.632 287.41 352.04 ---- ------  0.401
  0.0316  3.59  6.65  6.90  6.90 0.099 48.888 270.01 318.90 ---- ------  0.209
 ------------------------------------------------------------------------------
 Note: Barrel flows full at section 3 when depth there=   3.587

 *WRN:553* (Piezometric head)/(weir height)=    5.71 > 4.  Weir
          flow may be INVALID.

 Testing for flow type 0 at upstream head =   7.500

 Type 0 flow drowned by control at section 2.

 *WRN:536* No expansion of flow in departure reach.  Free flow becomes type 7.

 Flows for water levels at section 43.
    Road flow submergence at section 43.

 Upstream head=   7.5000 Elevation=  683.6000

  Head at Depth at Head at Depth at Drop    Flow Flow    Flow   
  section section  section section  section type through over   
    2       2       3 & 43    3     1 to 43      barrel  roadway 
  ------- -------- ------- -------- ------- ----  ------ -------
    0.613    3.587   2.230    3.587  5.2698    6 187.571 360.134
    1.678    3.587   3.001    3.587  4.4994   42 173.336 360.134
    2.684    3.587   3.729    3.587  3.7708    4 158.701 360.134
    3.627    3.587   4.414    3.587  3.0863    4 143.601 360.134
    4.502    3.587   5.051    3.587  2.4492    4 127.952 360.134
    5.304    3.587   5.637    3.587  1.8632    4 111.637 360.134
    6.026    3.587   6.167    3.587  1.3332    4 94.4857 360.134
    6.655    3.587   6.634    3.587  0.8659    4 76.2233 358.391
    7.154    3.587   7.029    3.587  0.4713    4 56.3404 341.855
    7.460    3.587   7.333    3.587  0.1666    4 33.6273 276.988
    7.500    3.587   7.500    3.587  0.0000    4 0.00000 0.00000
 ----------------------------------------------------------------
   Notes: Barrel flows full at section 3 when depth there=   3.587
          Barrel flows full at section 2 when depth there=>   3.587

 Fit of flow through barrel versus square root of drop is a 
 variation-limited cubic spline.

 *WRN:**** Flow Type 7 indicates that the downstream section
           of the departure reach drowns all other control points. This is
           non-standard but not unusual.  However, Type 7 flow requires
           several unverified assumptions. Please check results carefully.

 Flows for water levels at section 4.
    Road submergence at section 43.

 Upstream Head=   7.5000  Free Drop=   3.3210

 Partial Depth Head  Head  Head  Drop  Flow   Flow   Total  Loss Energy Energy
 free    at    at    at    at    sec   in     over   flow   coef loss   loss  
 drop    sec 3 sec 3 sec44 sec 4 1->4  barrel road          3->4 3->4   1->4  
 ------- ----- ----- ----- ----- ----- ------ ------ ------ ---- ------ ------
  1.0000  3.59  4.18  4.18  4.18 3.321 148.89 360.13 509.03 ---- ------  2.253
  0.8538  3.59  4.30  4.66  4.66 2.836 146.28 360.13 506.41 ---- ------  2.249
  0.7155  3.59  4.58  5.12  5.12 2.376 139.71 360.13 499.85 ---- ------  2.082
  0.5857  3.59  4.94  5.56  5.56 1.945 130.83 360.13 490.96 ---- ------  1.833
  0.4648  3.59  5.32  5.96  5.96 1.543 120.67 360.13 480.80 ---- ------  1.546
  0.3536  3.59  5.70  6.33  6.33 1.174 109.82 360.13 469.95 ---- ------  1.250
  0.2530  3.59  6.05  6.66  6.66 0.840 98.640 360.13 458.77 ---- ------  0.962
  0.1643  3.59  6.36  6.95  6.95 0.546 87.453 360.13 447.59 ---- ------  0.697
  0.0894  3.59  6.78  7.20  7.20 0.297 69.370 355.78 425.15 ---- ------  0.456
  0.0316  3.59  7.07  7.39  7.39 0.105 53.710 338.03 391.74 ---- ------  0.253
 ------------------------------------------------------------------------------
 Note: Barrel flows full at section 3 when depth there=   3.587

 *WRN:553* (Piezometric head)/(weir height)=    6.40 > 4.  Weir
          flow may be INVALID.

 Testing for flow type 0 at upstream head =   8.000

 Type 0 flow drowned by control at section 2.

 *WRN:536* No expansion of flow in departure reach.  Free flow becomes type 7.

 Flows for water levels at section 43.
    Road flow submergence at section 43.

 Upstream head=   8.0000 Elevation=  684.1000

  Head at Depth at Head at Depth at Drop    Flow Flow    Flow   
  section section  section section  section type through over   
    2       2       3 & 43    3     1 to 43      barrel  roadway 
  ------- -------- ------- -------- ------- ----  ------ -------
    0.448    3.587   2.191    3.587  5.8089    6 196.814 435.252
    1.623    3.587   3.040    3.587  4.9597   42 181.879 435.252
    2.731    3.587   3.843    3.587  4.1565    4 166.524 435.252
    3.771    3.587   4.598    3.587  3.4021    4 150.682 435.252
    4.736    3.587   5.300    3.587  2.6997    4 134.265 435.252
    5.620    3.587   5.946    3.587  2.0538    4 117.150 435.252
    6.416    3.587   6.530    3.587  1.4696    4 99.1574 435.252
    7.109    3.587   7.045    3.587  0.9545    4 80.0014 433.251
    7.658    3.587   7.480    3.587  0.5196    4 59.1483 414.590
    7.989    3.587   7.816    3.587  0.1837    4 35.3308 341.011
    8.000    3.587   8.000    3.587  0.0000    4 0.00000 0.00000
 ----------------------------------------------------------------
   Notes: Barrel flows full at section 3 when depth there=   3.587
          Barrel flows full at section 2 when depth there=>   3.587

 Fit of flow through barrel versus square root of drop is a 
 variation-limited cubic spline.

 *WRN:**** Flow Type 7 indicates that the downstream section
           of the departure reach drowns all other control points. This is
           non-standard but not unusual.  However, Type 7 flow requires
           several unverified assumptions. Please check results carefully.

 Flows for water levels at section 4.
    Road submergence at section 43.

 Upstream Head=   8.0000  Free Drop=   3.5293

 Partial Depth Head  Head  Head  Drop  Flow   Flow   Total  Loss Energy Energy
 free    at    at    at    at    sec   in     over   flow   coef loss   loss  
 drop    sec 3 sec 3 sec44 sec 4 1->4  barrel road          3->4 3->4   1->4  
 ------- ----- ----- ----- ----- ----- ------ ------ ------ ---- ------ ------
  1.0000  3.59  4.42  4.47  4.47 3.529 154.49 435.25 589.75 ---- ------  2.417
  0.8538  3.59  4.55  4.99  4.99 3.013 151.77 435.25 587.03 ---- ------  2.411
  0.7155  3.59  4.85  5.47  5.47 2.525 145.09 435.25 580.35 ---- ------  2.233
  0.5857  3.59  5.23  5.93  5.93 2.067 136.09 435.25 571.34 ---- ------  1.969
  0.4648  3.59  5.63  6.36  6.36 1.640 125.81 435.25 561.07 ---- ------  1.666
  0.3536  3.59  6.03  6.75  6.75 1.248 114.87 435.25 550.12 ---- ------  1.354
  0.2530  3.59  6.40  7.11  7.11 0.893 103.59 435.25 538.85 ---- ------  1.051
  0.1643  3.59  6.73  7.42  7.42 0.580 92.361 435.25 527.61 ---- ------  0.770
  0.0894  3.59  7.18  7.68  7.68 0.316 74.368 431.15 505.52 ---- ------  0.516
  0.0316  3.59  7.49  7.89  7.89 0.112 58.785 413.95 472.74 ---- ------  0.303
 ------------------------------------------------------------------------------
 Note: Barrel flows full at section 3 when depth there=   3.587

 *WRN:553* (Piezometric head)/(weir height)=    7.77 > 4.  Weir
          flow may be INVALID.

 Testing for flow type 0 at upstream head =   9.000

 Type 0 flow drowned by control at section 2.

 *WRN:536* No expansion of flow in departure reach.  Free flow becomes type 7.

 Flows for water levels at section 43.
    Road flow submergence at section 43.

 Upstream head=   9.0000 Elevation=  685.1000

  Head at Depth at Head at Depth at Drop    Flow Flow    Flow   
  section section  section section  section type through over   
    2       2       3 & 43    3     1 to 43      barrel  roadway 
  ------- -------- ------- -------- ------- ----  ------ -------
    0.142    3.587   2.118    3.587  6.8819    6 214.040 604.310
    1.534    3.587   3.124    3.587  5.8758   42 197.802 604.310
    2.848    3.587   4.076    3.587  4.9243    4 181.107 604.310
    4.080    3.587   4.970    3.587  4.0304    4 163.883 604.310
    5.224    3.587   5.802    3.587  3.1984    4 146.035 604.310
    6.273    3.587   6.567    3.587  2.4331    4 127.429 604.310
    7.217    3.587   7.259    3.587  1.7410    4 107.871 604.310
    8.039    3.587   7.869    3.587  1.1308    4 87.0514 601.925
    8.688    3.587   8.384    3.587  0.6155    4 64.3944 579.421
    9.075    3.587   8.782    3.587  0.2176    4 38.5388 494.040
    9.000    3.587   9.000    3.587  0.0000    4 0.00000 0.00000
 ----------------------------------------------------------------
   Notes: Barrel flows full at section 3 when depth there=   3.587
          Barrel flows full at section 2 when depth there=>   3.587

 Fit of flow through barrel versus square root of drop is a 
 variation-limited cubic spline.

 *WRN:**** Flow Type 7 indicates that the downstream section
           of the departure reach drowns all other control points. This is
           non-standard but not unusual.  However, Type 7 flow requires
           several unverified assumptions. Please check results carefully.

 Flows for water levels at section 4.
    Road submergence at section 43.

 Upstream Head=   9.0000  Free Drop=   3.9489

 Partial Depth Head  Head  Head  Drop  Flow   Flow   Total  Loss Energy Energy
 free    at    at    at    at    sec   in     over   flow   coef loss   loss  
 drop    sec 3 sec 3 sec44 sec 4 1->4  barrel road          3->4 3->4   1->4  
 ------- ----- ----- ----- ----- ----- ------ ------ ------ ---- ------ ------
  1.0000  3.59  4.91  5.05  5.05 3.949 165.17 604.31 769.48 ---- ------  2.745
  0.8538  3.59  5.04  5.63  5.63 3.372 162.40 604.31 766.71 ---- ------  2.738
  0.7155  3.59  5.37  6.17  6.17 2.826 155.56 604.31 759.87 ---- ------  2.541
  0.5857  3.59  5.79  6.69  6.69 2.313 146.35 604.31 750.66 ---- ------  2.250
  0.4648  3.59  6.23  7.16  7.16 1.835 135.86 604.31 740.17 ---- ------  1.917
  0.3536  3.59  6.67  7.60  7.60 1.396 124.68 604.31 728.99 ---- ------  1.574
  0.2530  3.59  7.08  8.00  8.00 0.999 113.23 604.31 717.54 ---- ------  1.240
  0.1643  3.59  7.45  8.35  8.35 0.649 101.88 604.31 706.19 ---- ------  0.931
  0.0894  3.59  7.92  8.65  8.65 0.353 84.919 601.10 686.02 ---- ------  0.653
  0.0316  3.59  8.28  8.88  8.88 0.125 69.557 588.88 658.44 ---- ------  0.422
 ------------------------------------------------------------------------------
 Note: Barrel flows full at section 3 when depth there=   3.587
  
  
  
 FEQX                                                                            

 Processing:TABLE#= 1003 NEWBETAM SAVE22 NOOUT EXTEND

 Processing:STATION=     0.000

 Processing:NAVM=0

 Processing:NSUB    1     0.080

 TabId= 1003 SAVE22   NOOUT    NEWBETAM EXTEND           
 STATION=     0.000
 NAVM=    0  Hor. scale factor=     1.000 Vert. shift=     0.000
  Vert. scale factor=     1.000 Hor. shift=     0.000
 NSUB    1 0.080
  OVERLAND FLOW, R.B.                                                            
        5.7    679.42    1
        7.0    679.70    1
       17.0    680.20    1
      116.0    683.10    1
      200.0    685.00    1
      320.0    681.10    1
      472.0    687.80   -1

 *WRN:502* UNEXPECTED SLOPE AT LEFT END.
   SLOPE EXPECTED TO BE < 0  AT LEFT BOUNDARY

 *WRN:554* Extending left end of cross section by    8.380

 Elements for section ID: 1003

 TABID= 1003
 TYPE=  -25
 STATION= 0.00000E+00
 ELEVATION= 6.79420E+02

   Depth Top Wid    Area Sqr(Cv)   Beta       J  Alpha   CritQ     Ma     Mq  AVER n   dkh/dy  dbta/dy  dalp/dy   dma/dy   dmq/dy
   0.000 0.000+0 0.000+0 0.000+0  1.067 0.000+0  1.185 0.000+0  1.000  1.000  0.0000   0.000   0.0000^  0.0000^  0.0000   0.0000 
   0.080 3.772-1 1.509-2 1.800-1  1.067 4.025-4  1.185 1.658-2  1.000  1.000  0.0800   3.355   0.0000^  0.0000^  0.0000   0.0000 
   0.280 1.320+0 1.848-1 9.564-1  1.067 1.725-2  1.185 3.800-1  1.000  1.000  0.0800   5.031   0.0000^  0.0000^  0.0000   0.0000 
   0.780 1.132+1 3.345+0 5.251+0  1.087 6.913-1  1.255 9.798+0  1.000  1.000  0.0800  11.273   0.0468   0.1197^  0.0000   0.0000 
   1.230 2.668+1 1.190+1 1.136+1  1.095 3.861+0  1.273 4.289+1  1.000  1.000  0.0800  16.580   0.0000^  0.0000^  0.0000   0.0000 
   1.680 4.204+1 2.736+1 1.955+1  1.085 1.243+1  1.243 1.195+2  1.000  1.000  0.0800  17.754   0.0000^  0.0000^  0.0000   0.0000 
   2.080 7.708+1 5.118+1 2.693+1  1.114 2.768+1  1.322 2.280+2  1.000  1.000  0.0800  22.032   0.0452^  0.1826   0.0000   0.0000 
   2.480 1.121+2 8.902+1 3.769+1  1.120 5.525+1  1.348 4.235+2  1.000  1.000  0.0800  30.192   0.0000^  0.0000^  0.0000   0.0000 
   2.880 1.472+2 1.409+2 5.047+1  1.111 1.008+2  1.327 7.340+2  1.000  1.000  0.0800  33.780  -0.0250  -0.0713   0.0000   0.0000 
   3.280 1.822+2 2.067+2 6.471+1  1.102 1.698+2  1.299 1.177+3  1.000  1.000  0.0800  37.293  -0.0227  -0.0688   0.0000   0.0000 
   3.680 2.172+2 2.866+2 8.012+1  1.094 2.680+2  1.274 1.769+3  1.000  1.000  0.0800  39.415  -0.0154  -0.0497   0.0000   0.0000 
   4.155 2.636+2 4.008+2 9.933+1  1.089 4.304+2  1.257 2.674+3  1.000  1.000  0.0800  41.876  -0.0076  -0.0268   0.0000   0.0000 
   4.630 3.100+2 5.371+2 1.201+2  1.086 6.523+2  1.246 3.833+3  1.000  1.000  0.0800  45.548  -0.0060  -0.0201   0.0000   0.0000 
   5.105 3.564+2 6.954+2 1.422+2  1.083 9.442+2  1.238 5.273+3  1.000  1.000  0.0800  46.484  -0.0036  -0.0129   0.0000   0.0000 
   5.580 4.028+2 8.757+2 1.654+2  1.081 1.316+3  1.231 7.018+3  1.000  1.000  0.0800  54.674  -0.0089  -0.0249   0.0000   0.0000 
   6.047 4.134+2 1.066+3 1.932+2  1.074 1.769+3  1.212 9.157+3  1.000  1.000  0.0800  60.398  -0.0192  -0.0516   0.0000   0.0000 
   6.513 4.240+2 1.261+3 2.204+2  1.064 2.312+3  1.186 1.166+4  1.000  1.000  0.0800  57.397  -0.0196  -0.0549   0.0000   0.0000 
   6.980 4.346+2 1.462+3 2.472+2  1.056 2.947+3  1.163 1.444+4  1.000  1.000  0.0800  57.035  -0.0157  -0.0452   0.0000   0.0000 
   7.447 4.451+2 1.667+3 2.736+2  1.050 3.677+3  1.144 1.749+4  1.000  1.000  0.0800  56.210  -0.0123  -0.0363   0.0000   0.0000 
   7.913 4.557+2 1.877+3 2.997+2  1.045 4.504+3  1.129 2.077+4  1.000  1.000  0.0800  55.613  -0.0091  -0.0274   0.0000   0.0000 
   8.380 4.663+2 2.092+3 3.255+2  1.041 5.430+3  1.118 2.429+4  1.000  1.000  0.0800  55.348  -0.0079  -0.0239   0.0000   0.0000 

 Note: A caret (^) following a derivative indicates imposition of variation limitation at that point.  Continuity of
        second derivative is lost at these points.  Otherwise both the first and second derivative is continuous.

 Saving TabId= 1003  Internal table number=   26
  
  Estimates of critical flow:
      Depth      Beta   dBetadY     Alpha  DAlphadY     Qbeta    Qalpha     Qcrit
    0.00000  1.066669  0.000000  1.185188  0.000000       0.0       0.0       0.0
    0.08002  1.066669 -0.000001  1.185188  0.000001       0.0       0.0       0.0
    0.28003  1.066668  0.000000  1.185187  0.000000       0.4       0.4       0.4
    0.78003  1.087435 -0.072213  1.255357 -0.240879       9.8       9.1      10.3
    1.23004  1.095287 -0.020716  1.273316 -0.053356      42.9      39.8      45.1
    1.67999  1.084659 -0.020188  1.242688 -0.061527     119.5     111.4     125.2
    2.08002  1.113784  0.054208  1.321920  0.174949     228.0     210.5     236.7
    2.47998  1.119805 -0.012189  1.348163 -0.018172     423.5     386.6     450.1
    2.88000  1.111275 -0.025353  1.327075 -0.071018     734.0     670.4     782.2
    3.27997  1.101566 -0.022211  1.298521 -0.067725    1177.3    1080.8    1249.7
    3.67999  1.093757 -0.016877  1.274230 -0.053419    1768.5    1632.7    1868.3
    4.15497  1.088620 -0.007623  1.256867 -0.026615    2673.9    2481.8    2804.6
    4.63000  1.085522 -0.005765  1.246194 -0.019463    3832.5    3569.3    4011.4
    5.10504  1.083006 -0.004880  1.237843 -0.015955    5273.0    4923.0    5511.5
    5.58002  1.080861 -0.004167  1.230893 -0.013403    7017.7    6564.9    7326.4
    6.04669  1.073907 -0.020025  1.212243 -0.053897    9157.4    8581.3    9715.3
    6.51337  1.064481 -0.019359  1.186380 -0.054092   11656.8   10970.5   12347.8
    6.98004  1.056251 -0.015795  1.163040 -0.045441   14444.6   13665.6   15214.1
    7.44666  1.049727 -0.012251  1.144054 -0.036078   17489.6   16631.3   18306.6
    7.91333  1.044718 -0.009330  1.129155 -0.028041   20774.1   19845.3   21620.5
    8.38000  1.040918 -0.007051  1.117630 -0.021609   24285.7   23291.2   25151.4
  
  
  
  
 CHANRAT                                                                         

 Processing:TABID=   503

 Processing:TYPE=   13

 Processing:LABEL=U OF I E-W ACCESS ROAD, RB

 TABID= 503  TYPE=   13

 Adaptive Simpson's rule for steady flow.

 Integration error tolerance=  0.100

 Normal depth deviation-absolute=  0.0050
 Normal depth deviation-relative=  0.0050

 Minimum flow target=     0.200

 LABEL=U OF I E-W ACCESS ROAD, RB                        

 XSTAB= 1003
 BOTSLP=    0.0000
 LENGTH=      51.0 Middle elevation=  679.4200

 HEAD SEQUENCE DEFINITION                                                        

 NFRAC=   11
 POWER=      1.50
       0.25
       0.50
       0.75
       1.00
       1.25
       1.50
       1.75
       2.00
       2.50
       3.00
       3.50
       4.00
       4.50
       5.00
       6.00
      -1.00

 Checking cross section table for possible critical flow
      problems.
 Table tests OK.

 Input complete. begin computations

 Datum for heads is:    679.42

 Upstream Head=   0.2500  Free Drop=   0.1632
    Ups WS Elevation= 679.6700
  PartialFD  Dns Head      Flow    QdrErr  RelError
   1.000000    0.0868   0.02035    0.1000
   0.853815    0.1107   0.02029    0.1000     0.000
   0.715542    0.1333   0.02018    0.1000    -0.001
   0.585662    0.1544   0.01987    0.1000    -0.002
   0.464758    0.1742   0.01924    0.1000    -0.003
   0.353553    0.1923   0.01817    0.1000    -0.004
   0.252982    0.2087   0.01656    0.1000    -0.006
   0.164317    0.2232   0.01427    0.1000    -0.009
   0.089443    0.2354   0.01115    0.1000    -0.015
   0.031623    0.2448   0.00693    0.1000    -0.036
   Free flow interpolation between head=   0.2500 and    0.5000
   has estimated maximum relative error of 0.694

 Upstream Head=   0.5000  Free Drop=   0.2503
    Ups WS Elevation= 679.9200
  PartialFD  Dns Head      Flow    QdrErr  RelError
   1.000000    0.2497   0.28539    0.1000
   0.853815    0.2863   0.28467    0.1000     0.000
   0.715542    0.3209   0.28368    0.1000     0.000
   0.585662    0.3534   0.27948    0.1000    -0.001
   0.464758    0.3837   0.27120    0.1000    -0.003
   0.353553    0.4115   0.25661    0.1000    -0.004
   0.252982    0.4367   0.23430    0.1000    -0.006
   0.164317    0.4589   0.20223    0.1000    -0.009
   0.089443    0.4776   0.15820    0.1000    -0.015
   0.031623    0.4921   0.09841    0.1000    -0.036
   Free flow interpolation between head=   0.5000 and    0.7500
   has estimated maximum relative error of 0.137

 Upstream Head=   0.7500  Free Drop=   0.3536
    Ups WS Elevation= 680.1700
  PartialFD  Dns Head      Flow    QdrErr  RelError
   1.000000    0.3964   1.14400    0.1000
   0.853815    0.4481   1.14141    0.1000     0.000
   0.715542    0.4970   1.12802    0.1000    -0.001
   0.585662    0.5429   1.10139    0.1000    -0.002
   0.464758    0.5856   1.05616    0.1000    -0.003
   0.353553    0.6250   0.98623    0.1000    -0.003
   0.252982    0.6605   0.88879    0.1000    -0.006
   0.164317    0.6919   0.75779    0.1000    -0.008
   0.089443    0.7184   0.58649    0.1000    -0.014
   0.031623    0.7388   0.36178    0.1000    -0.035
   Free flow interpolation between head=   0.7500 and    1.0000
   has estimated maximum relative error of 0.131

 Upstream Head=   1.0000  Free Drop=   0.4487
    Ups WS Elevation= 680.4200
  PartialFD  Dns Head      Flow    QdrErr  RelError
   1.000000    0.5513   3.25783    0.1000
   0.853815    0.6169   3.24316    0.1000     0.000
   0.715542    0.6789   3.21226    0.1000    -0.001
   0.585662    0.7372   3.14859    0.1000    -0.002
   0.464758    0.7914   3.04812    0.1000    -0.002
   0.353553    0.8414   2.88055    0.1000    -0.005
   0.252982    0.8865   2.63161    0.1000    -0.006
   0.164317    0.9263   2.27079    0.1000    -0.009
   0.089443    0.9599   1.77603    0.1000    -0.015
   0.031623    0.9858   1.10469    0.1000    -0.036
   Free flow interpolation between head=   1.0000 and    1.2500
   has estimated maximum relative error of 0.055

 Upstream Head=   1.2500  Free Drop=   0.5334
    Ups WS Elevation= 680.6700
  PartialFD  Dns Head      Flow    QdrErr  RelError
   1.000000    0.7166   7.48701    0.1000
   0.853815    0.7946   7.47013    0.1000     0.000
   0.715542    0.8683   7.39382    0.1000    -0.001
   0.585662    0.9376   7.23416    0.1000    -0.002
   0.464758    1.0021   6.95462    0.1000    -0.003
   0.353553    1.0614   6.51327    0.1000    -0.004
   0.252982    1.1151   5.88938    0.1000    -0.005
   0.164317    1.1624   5.03917    0.1000    -0.008
   0.089443    1.2023   3.91458    0.1000    -0.014
   0.031623    1.2331   2.43298    0.1000    -0.035
   Free flow interpolation between head=   1.2500 and    1.5000
   has estimated maximum relative error of 0.050

 Upstream Head=   1.5000  Free Drop=   0.6076
    Ups WS Elevation= 680.9200
  PartialFD  Dns Head      Flow    QdrErr  RelError
   1.000000    0.8924   15.1555    0.1000
   0.853815    0.9812   15.1199    0.1000     0.000
   0.715542    1.0652   14.9381    0.1000    -0.001
   0.585662    1.1441   14.6236    0.1000    -0.002
   0.464758    1.2176   14.0948    0.1000    -0.002
   0.353553    1.2852   13.2688    0.1000    -0.005
   0.252982    1.3463   12.0754    0.1000    -0.006
   0.164317    1.4002   10.3828    0.1000    -0.009
   0.089443    1.4457   8.09576    0.1000    -0.015
   0.031623    1.4808   5.02358    0.1000    -0.036
   Free flow interpolation between head=   1.5000 and    1.7500
   has estimated maximum relative error of 0.028

 Upstream Head=   1.7500  Free Drop=   0.6808
    Ups WS Elevation= 681.1700
  PartialFD  Dns Head      Flow    QdrErr  RelError
   1.000000    1.0692   27.2318    0.1000
   0.853815    1.1687   27.1637    0.1000     0.000
   0.715542    1.2629   26.8669    0.1000    -0.001
   0.585662    1.3513   26.2735    0.1000    -0.002
   0.464758    1.4336   25.2412    0.1000    -0.003
   0.353553    1.5093   23.6045    0.1000    -0.005
   0.252982    1.5778   21.3373    0.1000    -0.006
   0.164317    1.6381   18.2309    0.1000    -0.008
   0.089443    1.6891   14.1398    0.1000    -0.014
   0.031623    1.7285   8.73864    0.1000    -0.036
   Free flow interpolation between head=   1.7500 and    2.0000
   has estimated maximum relative error of 0.018

 Upstream Head=   2.0000  Free Drop=   0.7598
    Ups WS Elevation= 681.4200
  PartialFD  Dns Head      Flow    QdrErr  RelError
   1.000000    1.2402   44.0560    0.1000
   0.853815    1.3512   43.9460    0.1000     0.000
   0.715542    1.4563   43.3744    0.1000    -0.001
   0.585662    1.5550   42.2830    0.1000    -0.002
   0.464758    1.6469   40.4735    0.1000    -0.003
   0.353553    1.7314   37.7082    0.1000    -0.005
   0.252982    1.8078   33.9646    0.1000    -0.006
   0.164317    1.8751   28.9237    0.1000    -0.008
   0.089443    1.9320   22.3644    0.1000    -0.014
   0.031623    1.9760   13.7866    0.1000    -0.035
   Free flow interpolation between head=   2.0000 and    2.5000
   has estimated maximum relative error of 0.085

 Upstream Head=   2.5000  Free Drop=   0.8967
    Ups WS Elevation= 681.9200
  PartialFD  Dns Head      Flow    QdrErr  RelError
   1.000000    1.6033   102.501    0.1000
   0.853815    1.7344   102.072    0.1000     0.000
   0.715542    1.8584   100.833    0.1000    -0.001
   0.585662    1.9748   98.5677    0.1000    -0.002
   0.464758    2.0833   94.9413    0.1000    -0.002
   0.353553    2.1830   89.4579    0.1000    -0.004
   0.252982    2.2732   81.1922    0.1000    -0.004
   0.164317    2.3527   69.7457    0.1000    -0.008
   0.089443    2.4198   54.3576    0.1000    -0.015
   0.031623    2.4716   33.7481    0.1000    -0.036
   Free flow interpolation between head=   2.5000 and    3.0000
   has estimated maximum relative error of 0.057

 Upstream Head=   3.0000  Free Drop=   0.9471
    Ups WS Elevation= 682.4200
  PartialFD  Dns Head      Flow    QdrErr  RelError
   1.000000    2.0529   219.112    0.1000
   0.853815    2.1914   218.560    0.1000     0.000
   0.715542    2.3223   216.002    0.1000    -0.001
   0.585662    2.4453   210.994    0.1000    -0.002
   0.464758    2.5598   202.726    0.1000    -0.003
   0.353553    2.6652   190.023    0.1000    -0.004
   0.252982    2.7604   171.699    0.1000    -0.004
   0.164317    2.8444   147.007    0.1000    -0.008
   0.089443    2.9153   114.447    0.1000    -0.014
   0.031623    2.9701   70.9674    0.1000    -0.036
   Free flow interpolation between head=   3.0000 and    3.5000
   has estimated maximum relative error of 0.038

 Upstream Head=   3.5000  Free Drop=   1.0288
    Ups WS Elevation= 682.9200
  PartialFD  Dns Head      Flow    QdrErr  RelError
   1.000000    2.4712   418.301    0.1000
   0.853815    2.6216   416.984    0.1000     0.000
   0.715542    2.7639   411.419    0.1000    -0.001
   0.585662    2.8975   400.972    0.1000    -0.002
   0.464758    3.0219   384.090    0.1000    -0.003
   0.353553    3.1363   358.893    0.1000    -0.004
   0.252982    3.2397   323.404    0.1000    -0.006
   0.164317    3.3310   276.277    0.1000    -0.008
   0.089443    3.4080   214.284    0.1000    -0.015
   0.031623    3.4675   132.436    0.1000    -0.036
   Free flow interpolation between head=   3.5000 and    4.0000
   has estimated maximum relative error of 0.025

 Upstream Head=   4.0000  Free Drop=   1.1347
    Ups WS Elevation= 683.4200
  PartialFD  Dns Head      Flow    QdrErr  RelError
   1.000000    2.8653   720.290    0.1000
   0.853815    3.0311   717.930    0.1000    -0.001
   0.715542    3.1880   707.697    0.1000    -0.001
   0.585662    3.3354   689.102    0.1000    -0.002
   0.464758    3.4726   658.947    0.1000    -0.003
   0.353553    3.5988   614.797    0.1000    -0.004
   0.252982    3.7129   553.192    0.1000    -0.006
   0.164317    3.8135   471.455    0.1000    -0.008
   0.089443    3.8985   364.864    0.1000    -0.014
   0.031623    3.9641   225.120    0.1000    -0.035
   Free flow interpolation between head=   4.0000 and    4.5000
   has estimated maximum relative error of 0.019

 Upstream Head=   4.5000  Free Drop=   1.2458
    Ups WS Elevation= 683.9200
  PartialFD  Dns Head      Flow    QdrErr  RelError
   1.000000    3.2542   1144.07    0.1000
   0.853815    3.4363   1140.06    0.1000    -0.001
   0.715542    3.6086   1123.11    0.1000    -0.001
   0.585662    3.7704   1092.69    0.1000    -0.002
   0.464758    3.9210   1043.91    0.1000    -0.003
   0.353553    4.0595   973.283    0.1000    -0.004
   0.252982    4.1848   875.682    0.1000    -0.006
   0.164317    4.2953   746.331    0.1000    -0.008
   0.089443    4.3886   577.664    0.1000    -0.014
   0.031623    4.4606   356.474    0.1000    -0.035
   Free flow interpolation between head=   4.5000 and    5.0000
   has estimated maximum relative error of 0.014

 Upstream Head=   5.0000  Free Drop=   1.3528
    Ups WS Elevation= 684.4200
  PartialFD  Dns Head      Flow    QdrErr  RelError
   1.000000    3.6472   1713.43    0.1000
   0.853815    3.8450   1708.67    0.1000    -0.001
   0.715542    4.0320   1683.10    0.1000    -0.001
   0.585662    4.2077   1637.70    0.1000    -0.002
   0.464758    4.3713   1564.94    0.1000    -0.003
   0.353553    4.5217   1459.28    0.1000    -0.004
   0.252982    4.6578   1313.27    0.1000    -0.006
   0.164317    4.7777   1119.37    0.1000    -0.008
   0.089443    4.8790   866.528    0.1000    -0.014
   0.031623    4.9572   534.824    0.1000    -0.035
   Free flow interpolation between head=   5.0000 and    6.0000
   has estimated maximum relative error of 0.045

 Upstream Head=   6.0000  Free Drop=   1.5248
    Ups WS Elevation= 685.4200
  PartialFD  Dns Head      Flow    QdrErr  RelError
   1.000000    4.4752   3422.66    0.1000
   0.853815    4.6981   3410.05    0.1000     0.000
   0.715542    4.9089   3358.40    0.1000    -0.001
   0.585662    5.1070   3269.24    0.1000    -0.002
   0.464758    5.2913   3126.75    0.1000    -0.003
   0.353553    5.4609   2921.94    0.1000    -0.004
   0.252982    5.6142   2642.43    0.1000    -0.005
   0.164317    5.7494   2262.00    0.1000    -0.008
   0.089443    5.8636   1759.03    0.1000    -0.015
   0.031623    5.9518   1089.87    0.1000    -0.036

 Maximum estimated relative error=   0.694 is in free flow
      between heads=   0.250 and    0.500

 Estimated root-mean-square error=   0.074
  
  
  
 FEQX                                                                            

 Processing:TABLE#= 1004 NEWBETAM SAVE22 NOOUT EXTEND

 Processing:STATION=     0.000

 Processing:NAVM=0

 Processing:NSUB    1     0.080

 TabId= 1004 SAVE22   NOOUT    NEWBETAM EXTEND           
 STATION=     0.000
 NAVM=    0  Hor. scale factor=     1.000 Vert. shift=     0.000
  Vert. scale factor=     1.000 Hor. shift=     0.000
 NSUB    1 0.080
  OVERLAND FLOW, L.B.                                                            
     -450.0    684.00    1
     -300.0    682.00    1
     -217.0    680.40    1
     -207.0    679.70    1
      -23.0    679.50    1
       -7.0    679.43   -1

 *WRN:503* UNEXPECTED SLOPE AT RIGHT END.
   SLOPE EXPECTED TO BE > 0 AT RIGHT BOUNDARY

 *WRN:555* Extending right end of cross section by    4.570

 Elements for section ID: 1004

 TABID= 1004
 TYPE=  -25
 STATION= 0.00000E+00
 ELEVATION= 6.79430E+02

   Depth Top Wid    Area Sqr(Cv)   Beta       J  Alpha   CritQ     Ma     Mq  AVER n   dkh/dy  dbta/dy  dalp/dy   dma/dy   dmq/dy
   0.000 0.000+0 0.000+0 0.000+0  1.067 0.000+0  1.185 0.000+0  1.000  1.000  0.0000   0.000   0.0000^  0.0000^  0.0000   0.0000 
   0.070 1.600+1 5.601-1 1.056+0  1.067 1.307-2  1.185 5.757-1  1.000  1.000  0.0800  26.368   0.0000^  0.0000^  0.0000   0.0000 
   0.270 2.000+2 2.216+1 9.758+0  1.077 1.672+0  1.221 4.014+1  1.000  1.000  0.0800  56.460   0.0000^  0.0000^  0.0000   0.0000 
   0.620 2.050+2 9.304+1 3.199+1  1.011 2.178+1  1.031 3.511+2  1.000  1.000  0.0800  62.275  -0.0417^ -0.1302^  0.0000   0.0000 
   0.970 2.100+2 1.657+2 5.132+1  1.006 6.700+1  1.016 8.313+2  1.000  1.000  0.0800  50.702   0.0000^  0.0000^  0.0000   0.0000 
   1.370 2.308+2 2.538+2 7.097+1  1.010 1.506+2  1.026 1.515+3  1.000  1.000  0.0800  48.280   0.0065   0.0110   0.0000   0.0000 
   1.770 2.515+2 3.503+2 9.019+1  1.016 2.712+2  1.041 2.348+3  1.000  1.000  0.0800  47.712   0.0155   0.0410   0.0000   0.0000 
   2.170 2.722+2 4.550+2 1.092+2  1.021 4.319+2  1.053 3.332+3  1.000  1.000  0.0800  47.916   0.0094   0.0251   0.0000   0.0000 
   2.570 2.930+2 5.681+2 1.283+2  1.025 6.363+2  1.063 4.471+3  1.000  1.000  0.0800  46.070   0.0108   0.0284   0.0000   0.0000 
   2.970 3.230+2 6.913+2 1.462+2  1.030 8.877+2  1.076 5.739+3  1.000  1.000  0.0800  45.111   0.0136   0.0351   0.0000   0.0000 
   3.370 3.530+2 8.265+2 1.647+2  1.035 1.191+3  1.090 7.159+3  1.000  1.000  0.0800  47.113   0.0132   0.0351   0.0000   0.0000 
   3.770 3.830+2 9.737+2 1.838+2  1.040 1.551+3  1.104 8.758+3  1.000  1.000  0.0800  48.180   0.0112   0.0308   0.0000   0.0000 
   4.170 4.130+2 1.133+3 2.033+2  1.044 1.971+3  1.115 1.055+4  1.000  1.000  0.0800  49.592   0.0091   0.0258   0.0000   0.0000 
   4.570 4.430+2 1.304+3 2.233+2  1.047 2.458+3  1.125 1.254+4  1.000  1.000  0.0800  50.178   0.0082   0.0236   0.0000   0.0000 

 Note: A caret (^) following a derivative indicates imposition of variation limitation at that point.  Continuity of
        second derivative is lost at these points.  Otherwise both the first and second derivative is continuous.

 Saving TabId= 1004  Internal table number=   28
  
  Estimates of critical flow:
      Depth      Beta   dBetadY     Alpha  DAlphadY     Qbeta    Qalpha     Qcrit
    0.00000  1.066669  0.000000  1.185188  0.000000       0.0       0.0       0.0
    0.07001  1.066669 -0.000002  1.185188  0.000000       0.6       0.5       0.6
    0.27002  1.077130 -0.096181  1.220649 -0.325650      40.1      37.6      41.9
    0.62006  1.010683 -0.034452  1.031324 -0.104861     351.1     346.3     355.7
    0.97003  1.005821 -0.003913  1.016133 -0.013463     831.3     826.1     834.9
    1.37006  1.010481  0.015407  1.026305  0.037401    1515.5    1506.3    1510.6
    1.77002  1.016192  0.012929  1.040689  0.033458    2347.7    2325.4    2345.6
    2.16998  1.020866  0.010567  1.052960  0.028084    3332.5    3289.7    3337.8
    2.57001  1.024734  0.008868  1.063323  0.023926    4471.5    4400.9    4488.3
    2.97003  1.029708  0.013934  1.076137  0.035968    5738.7    5633.4    5738.4
    3.37000  1.035176  0.013053  1.090492  0.034873    7159.3    7003.9    7175.8
    3.77002  1.040023  0.011139  1.103652  0.030731    8758.2    8537.9    8809.3
    4.16998  1.044092  0.009242  1.115031  0.026199   10548.2   10249.0   10646.6
    4.57001  1.047453  0.007608  1.124667  0.022067   12540.0   12148.5   12696.1
  
  
  
 CHANRAT                                                                         

 Processing:TABID=  504

 Processing:TYPE=   13

 Processing:LABEL=OVERLAND U OF I E-W ACCESS ROAD, LB

 TABID= 504  TYPE=   13

 Adaptive Simpson's rule for steady flow.

 Integration error tolerance=  0.100

 Normal depth deviation-absolute=  0.0050
 Normal depth deviation-relative=  0.0050

 Minimum flow target=     0.200

 LABEL=OVERLAND U OF I E-W ACCESS ROAD, LB               

 XSTAB= 1004
 BOTSLP=    0.0000
 LENGTH=      51.0 Middle elevation=  679.4300

 HEAD SEQUENCE DEFINITION                                                        

 NFRAC=   11
 POWER=      1.50
       0.25
       0.50
       0.75
       1.00
       1.25
       1.50
       1.75
       2.00
       2.50
       3.00
       3.50
       4.00
      -1.00

 Checking cross section table for possible critical flow
      problems.
 Table tests OK.

 Input complete. begin computations

 Datum for heads is:    679.43

 Upstream Head=   0.2500  Free Drop=   0.1427
    Ups WS Elevation= 679.6800
  PartialFD  Dns Head      Flow    QdrErr  RelError
   1.000000    0.1073   2.20523    0.1000
   0.853815    0.1282   2.20006    0.1000     0.000
   0.715542    0.1479   2.18240    0.1000    -0.002
   0.585662    0.1664   2.14040    0.1000    -0.002
   0.464758    0.1837   2.06404    0.1000    -0.003
   0.353553    0.1996   1.93913    0.1000    -0.003
   0.252982    0.2139   1.75841    0.1000    -0.006
   0.164317    0.2266   1.50800    0.1000    -0.008
   0.089443    0.2372   1.17309    0.1000    -0.015
   0.031623    0.2455   0.72655    0.1000    -0.036
   Free flow interpolation between head=   0.2500 and    0.5000
   has estimated maximum relative error of 0.443

 Upstream Head=   0.5000  Free Drop=   0.2751
    Ups WS Elevation= 679.9300
  PartialFD  Dns Head      Flow    QdrErr  RelError
   1.000000    0.2249   22.5752    0.1000
   0.853815    0.2651   22.5146    0.1000     0.000
   0.715542    0.3031   22.3625    0.1000    -0.002
   0.585662    0.3389   21.9752    0.1000    -0.002
   0.464758    0.3721   21.2445    0.1000    -0.003
   0.353553    0.4027   20.0184    0.1000    -0.004
   0.252982    0.4304   18.2052    0.1000    -0.006
   0.164317    0.4548   15.6554    0.1000    -0.009
   0.089443    0.4754   12.2078    0.1000    -0.015
   0.031623    0.4913   7.57535    0.1000    -0.036
   Free flow interpolation between head=   0.5000 and    0.7500
   has estimated maximum relative error of 0.090

 Upstream Head=   0.7500  Free Drop=   0.4049
    Ups WS Elevation= 680.1800
  PartialFD  Dns Head      Flow    QdrErr  RelError
   1.000000    0.3451   76.1277    0.1000
   0.853815    0.4043   75.9770    0.1000     0.000
   0.715542    0.4603   75.1514    0.1000    -0.001
   0.585662    0.5129   73.4392    0.1000    -0.002
   0.464758    0.5618   70.4469    0.1000    -0.003
   0.353553    0.6068   65.7062    0.1000    -0.003
   0.252982    0.6476   59.0150    0.1000    -0.005
   0.164317    0.6835   50.1655    0.1000    -0.008
   0.089443    0.7138   38.7313    0.1000    -0.014
   0.031623    0.7372   23.8487    0.1000    -0.035
   Free flow interpolation between head=   0.7500 and    1.0000
   has estimated maximum relative error of 0.037

 Upstream Head=   1.0000  Free Drop=   0.5385
    Ups WS Elevation= 680.4300
  PartialFD  Dns Head      Flow    QdrErr  RelError
   1.000000    0.4615   162.470    0.1000
   0.853815    0.5402   162.044    0.1000     0.000
   0.715542    0.6147   159.758    0.1000    -0.001
   0.585662    0.6846   155.433    0.1000    -0.002
   0.464758    0.7497   148.526    0.1000    -0.003
   0.353553    0.8096   138.209    0.1000    -0.004
   0.252982    0.8638   124.162    0.1000    -0.005
   0.164317    0.9115   105.572    0.1000    -0.008
   0.089443    0.9518   81.4775    0.1000    -0.014
   0.031623    0.9830   50.0533    0.1000    -0.035
   Free flow interpolation between head=   1.0000 and    1.2500
   has estimated maximum relative error of 0.017

 Upstream Head=   1.2500  Free Drop=   0.6814
    Ups WS Elevation= 680.6800
  PartialFD  Dns Head      Flow    QdrErr  RelError
   1.000000    0.5686   280.093    0.1000
   0.853815    0.6682   278.754    0.1000     0.000
   0.715542    0.7624   274.968    0.1000    -0.001
   0.585662    0.8509   267.564    0.1000    -0.002
   0.464758    0.9333   255.458    0.1000    -0.003
   0.353553    1.0091   237.153    0.1000    -0.004
   0.252982    1.0776   212.503    0.1000    -0.005
   0.164317    1.1380   180.280    0.1000    -0.008
   0.089443    1.1891   138.956    0.1000    -0.014
   0.031623    1.2285   85.4541    0.1000    -0.035
   Free flow interpolation between head=   1.2500 and    1.5000
   has estimated maximum relative error of 0.012

 Upstream Head=   1.5000  Free Drop=   0.8124
    Ups WS Elevation= 680.9300
  PartialFD  Dns Head      Flow    QdrErr  RelError
   1.000000    0.6876   428.433    0.1000
   0.853815    0.8063   426.948    0.1000     0.000
   0.715542    0.9187   420.929    0.1000    -0.001
   0.585662    1.0242   409.202    0.1000    -0.002
   0.464758    1.1224   390.533    0.1000    -0.003
   0.353553    1.2128   362.805    0.1000    -0.005
   0.252982    1.2945   325.863    0.1000    -0.006
   0.164317    1.3665   276.742    0.1000    -0.008
   0.089443    1.4273   213.450    0.1000    -0.014
   0.031623    1.4743   131.338    0.1000    -0.035
   Free flow interpolation between head=   1.5000 and    1.7500
   has estimated maximum relative error of 0.008

 Upstream Head=   1.7500  Free Drop=   0.9243
    Ups WS Elevation= 681.1800
  PartialFD  Dns Head      Flow    QdrErr  RelError
   1.000000    0.8257   609.593    0.1000
   0.853815    0.9609   607.434    0.1000    -0.001
   0.715542    1.0887   598.294    0.1000    -0.001
   0.585662    1.2087   581.683    0.1000    -0.002
   0.464758    1.3204   555.194    0.1000    -0.003
   0.353553    1.4232   516.678    0.1000    -0.004
   0.252982    1.5162   463.273    0.1000    -0.005
   0.164317    1.5981   393.587    0.1000    -0.008
   0.089443    1.6673   303.766    0.1000    -0.014
   0.031623    1.7208   187.013    0.1000    -0.035
   Free flow interpolation between head=   1.7500 and    2.0000
   has estimated maximum relative error of 0.006

 Upstream Head=   2.0000  Free Drop=   1.0338
    Ups WS Elevation= 681.4300
  PartialFD  Dns Head      Flow    QdrErr  RelError
   1.000000    0.9662   824.870    0.1000
   0.853815    1.1173   822.029    0.1000    -0.001
   0.715542    1.2602   810.068    0.1000    -0.001
   0.585662    1.3945   787.833    0.1000    -0.002
   0.464758    1.5195   752.204    0.1000    -0.003
   0.353553    1.6345   700.481    0.1000    -0.004
   0.252982    1.7385   628.581    0.1000    -0.004
   0.164317    1.8301   534.289    0.1000    -0.008
   0.089443    1.9075   412.542    0.1000    -0.014
   0.031623    1.9673   254.077    0.1000    -0.035
   Free flow interpolation between head=   2.0000 and    2.5000
   has estimated maximum relative error of 0.017

 Upstream Head=   2.5000  Free Drop=   1.2115
    Ups WS Elevation= 681.9300
  PartialFD  Dns Head      Flow    QdrErr  RelError
   1.000000    1.2885   1362.05    0.1000
   0.853815    1.4656   1357.06    0.1000    -0.001
   0.715542    1.6331   1336.74    0.1000    -0.001
   0.585662    1.7905   1299.62    0.1000    -0.002
   0.464758    1.9369   1240.56    0.1000    -0.003
   0.353553    2.0717   1155.05    0.1000    -0.004
   0.252982    2.1935   1036.83    0.1000    -0.006
   0.164317    2.3009   881.530    0.1000    -0.008
   0.089443    2.3916   680.880    0.1000    -0.014
   0.031623    2.4617   419.482    0.1000    -0.035
   Free flow interpolation between head=   2.5000 and    3.0000
   has estimated maximum relative error of 0.009

 Upstream Head=   3.0000  Free Drop=   1.3703
    Ups WS Elevation= 682.4300
  PartialFD  Dns Head      Flow    QdrErr  RelError
   1.000000    1.6297   2038.55    0.1000
   0.853815    1.8300   2031.34    0.1000    -0.001
   0.715542    2.0195   1999.99    0.1000    -0.001
   0.585662    2.1974   1943.42    0.1000    -0.002
   0.464758    2.3631   1853.72    0.1000    -0.003
   0.353553    2.5155   1724.02    0.1000    -0.004
   0.252982    2.6533   1545.29    0.1000    -0.006
   0.164317    2.7748   1311.80    0.1000    -0.008
   0.089443    2.8774   1011.95    0.1000    -0.014
   0.031623    2.9567   622.921    0.1000    -0.035
   Free flow interpolation between head=   3.0000 and    3.5000
   has estimated maximum relative error of 0.008

 Upstream Head=   3.5000  Free Drop=   1.5157
    Ups WS Elevation= 682.9300
  PartialFD  Dns Head      Flow    QdrErr  RelError
   1.000000    1.9843   2857.33    0.1000
   0.853815    2.2058   2846.38    0.1000     0.000
   0.715542    2.4154   2801.54    0.1000    -0.001
   0.585662    2.6123   2720.43    0.1000    -0.002
   0.464758    2.7956   2593.74    0.1000    -0.003
   0.353553    2.9641   2413.00    0.1000    -0.004
   0.252982    3.1165   2168.29    0.1000    -0.005
   0.164317    3.2509   1842.19    0.1000    -0.008
   0.089443    3.3644   1423.65    0.1000    -0.014
   0.031623    3.4521   877.883    0.1000    -0.035
   Free flow interpolation between head=   3.5000 and    4.0000
   has estimated maximum relative error of 0.006

 Upstream Head=   4.0000  Free Drop=   1.6458
    Ups WS Elevation= 683.4300
  PartialFD  Dns Head      Flow    QdrErr  RelError
   1.000000    2.3542   3839.44    0.1000
   0.853815    2.5948   3825.32    0.1000    -0.001
   0.715542    2.8224   3765.14    0.1000    -0.001
   0.585662    3.0361   3658.71    0.1000    -0.002
   0.464758    3.2351   3492.10    0.1000    -0.003
   0.353553    3.4181   3252.95    0.1000    -0.004
   0.252982    3.5836   2926.99    0.1000    -0.005
   0.164317    3.7296   2491.20    0.1000    -0.008
   0.089443    3.8528   1928.13    0.1000    -0.014
   0.031623    3.9480   1190.15    0.1000    -0.035

 Maximum estimated relative error=   0.443 is in free flow
      between heads=   0.250 and    0.500

 Estimated root-mean-square error=   0.050
  
  
  
  
 FINISH                                                                          
